table_name,page,class_group_as_printed,class,class_footnote,cpr_pct,date_or_month,pct_of_original_balance,wal_years
Declining Balances Tables,141,Class A-1,A-1,,0,Closing Date,100,
Declining Balances Tables,141,Class A-1,A-1,,5,Closing Date,100,
Declining Balances Tables,141,Class A-1,A-1,,10,Closing Date,100,
Declining Balances Tables,141,Class A-1,A-1,,15,Closing Date,100,
Declining Balances Tables,141,Class A-1,A-1,,25,Closing Date,100,
Declining Balances Tables,141,Class A-1,A-1,,35,Closing Date,100,
Declining Balances Tables,141,Class A-1,A-1,,0,"February 25, 2027",55,
Declining Balances Tables,141,Class A-1,A-1,,5,"February 25, 2027",55,
Declining Balances Tables,141,Class A-1,A-1,,10,"February 25, 2027",55,
Declining Balances Tables,141,Class A-1,A-1,,15,"February 25, 2027",55,
Declining Balances Tables,141,Class A-1,A-1,,25,"February 25, 2027",55,
Declining Balances Tables,141,Class A-1,A-1,,35,"February 25, 2027",55,
Declining Balances Tables,141,Class A-1,A-1,,0,"February 25, 2028",37,
Declining Balances Tables,141,Class A-1,A-1,,5,"February 25, 2028",37,
Declining Balances Tables,141,Class A-1,A-1,,10,"February 25, 2028",37,
Declining Balances Tables,141,Class A-1,A-1,,15,"February 25, 2028",37,
Declining Balances Tables,141,Class A-1,A-1,,25,"February 25, 2028",37,
Declining Balances Tables,141,Class A-1,A-1,,35,"February 25, 2028",37,
Declining Balances Tables,141,Class A-1,A-1,,0,"February 25, 2029",19,
Declining Balances Tables,141,Class A-1,A-1,,5,"February 25, 2029",19,
Declining Balances Tables,141,Class A-1,A-1,,10,"February 25, 2029",19,
Declining Balances Tables,141,Class A-1,A-1,,15,"February 25, 2029",19,
Declining Balances Tables,141,Class A-1,A-1,,25,"February 25, 2029",19,
Declining Balances Tables,141,Class A-1,A-1,,35,"February 25, 2029",19,
Declining Balances Tables,141,Class A-1,A-1,,0,"February 25, 2030 and thereafter",0,
Declining Balances Tables,141,Class A-1,A-1,,5,"February 25, 2030 and thereafter",0,
Declining Balances Tables,141,Class A-1,A-1,,10,"February 25, 2030 and thereafter",0,
Declining Balances Tables,141,Class A-1,A-1,,15,"February 25, 2030 and thereafter",0,
Declining Balances Tables,141,Class A-1,A-1,,25,"February 25, 2030 and thereafter",0,
Declining Balances Tables,141,Class A-1,A-1,,35,"February 25, 2030 and thereafter",0,
Declining Balances Tables,141,Class A-1,A-1,,0,Weighted Average Life (years) to Scheduled Maturity Date,,1.60
Declining Balances Tables,141,Class A-1,A-1,,5,Weighted Average Life (years) to Scheduled Maturity Date,,1.59
Declining Balances Tables,141,Class A-1,A-1,,10,Weighted Average Life (years) to Scheduled Maturity Date,,1.59
Declining Balances Tables,141,Class A-1,A-1,,15,Weighted Average Life (years) to Scheduled Maturity Date,,1.59
Declining Balances Tables,141,Class A-1,A-1,,25,Weighted Average Life (years) to Scheduled Maturity Date,,1.59
Declining Balances Tables,141,Class A-1,A-1,,35,Weighted Average Life (years) to Scheduled Maturity Date,,1.59
Declining Balances Tables,141,Class A-1,A-1,,0,Weighted Average Life (years) to Early Redemption Date**,,1.60
Declining Balances Tables,141,Class A-1,A-1,,5,Weighted Average Life (years) to Early Redemption Date**,,1.59
Declining Balances Tables,141,Class A-1,A-1,,10,Weighted Average Life (years) to Early Redemption Date**,,1.59
Declining Balances Tables,141,Class A-1,A-1,,15,Weighted Average Life (years) to Early Redemption Date**,,1.59
Declining Balances Tables,141,Class A-1,A-1,,25,Weighted Average Life (years) to Early Redemption Date**,,1.59
Declining Balances Tables,141,Class A-1,A-1,,35,Weighted Average Life (years) to Early Redemption Date**,,1.59
Declining Balances Tables,142,Class M-1,M-1,,0,Closing Date,100,
Declining Balances Tables,142,Class M-1,M-1,,5,Closing Date,100,
Declining Balances Tables,142,Class M-1,M-1,,10,Closing Date,100,
Declining Balances Tables,142,Class M-1,M-1,,15,Closing Date,100,
Declining Balances Tables,142,Class M-1,M-1,,25,Closing Date,100,
Declining Balances Tables,142,Class M-1,M-1,,35,Closing Date,100,
Declining Balances Tables,142,Class M-1,M-1,,0,"February 25, 2027",97,
Declining Balances Tables,142,Class M-1,M-1,,5,"February 25, 2027",82,
Declining Balances Tables,142,Class M-1,M-1,,10,"February 25, 2027",67,
Declining Balances Tables,142,Class M-1,M-1,,15,"February 25, 2027",53,
Declining Balances Tables,142,Class M-1,M-1,,25,"February 25, 2027",23,
Declining Balances Tables,142,Class M-1,M-1,,35,"February 25, 2027",0,
Declining Balances Tables,142,Class M-1,M-1,,0,"February 25, 2028",93,
Declining Balances Tables,142,Class M-1,M-1,,5,"February 25, 2028",66,
Declining Balances Tables,142,Class M-1,M-1,,10,"February 25, 2028",40,
Declining Balances Tables,142,Class M-1,M-1,,15,"February 25, 2028",16,
Declining Balances Tables,142,Class M-1,M-1,,25,"February 25, 2028",0,
Declining Balances Tables,142,Class M-1,M-1,,35,"February 25, 2028",0,
Declining Balances Tables,142,Class M-1,M-1,,0,"February 25, 2029",90,
Declining Balances Tables,142,Class M-1,M-1,,5,"February 25, 2029",51,
Declining Balances Tables,142,Class M-1,M-1,,10,"February 25, 2029",16,
Declining Balances Tables,142,Class M-1,M-1,,15,"February 25, 2029",0,
Declining Balances Tables,142,Class M-1,M-1,,25,"February 25, 2029",0,
Declining Balances Tables,142,Class M-1,M-1,,35,"February 25, 2029",0,
Declining Balances Tables,142,Class M-1,M-1,,0,"February 25, 2030",86,
Declining Balances Tables,142,Class M-1,M-1,,5,"February 25, 2030",36,
Declining Balances Tables,142,Class M-1,M-1,,10,"February 25, 2030",0,
Declining Balances Tables,142,Class M-1,M-1,,15,"February 25, 2030",0,
Declining Balances Tables,142,Class M-1,M-1,,25,"February 25, 2030",0,
Declining Balances Tables,142,Class M-1,M-1,,35,"February 25, 2030",0,
Declining Balances Tables,142,Class M-1,M-1,,0,"February 25, 2031",82,
Declining Balances Tables,142,Class M-1,M-1,,5,"February 25, 2031",22,
Declining Balances Tables,142,Class M-1,M-1,,10,"February 25, 2031",0,
Declining Balances Tables,142,Class M-1,M-1,,15,"February 25, 2031",0,
Declining Balances Tables,142,Class M-1,M-1,,25,"February 25, 2031",0,
Declining Balances Tables,142,Class M-1,M-1,,35,"February 25, 2031",0,
Declining Balances Tables,142,Class M-1,M-1,,0,"February 25, 2032",77,
Declining Balances Tables,142,Class M-1,M-1,,5,"February 25, 2032",9,
Declining Balances Tables,142,Class M-1,M-1,,10,"February 25, 2032",0,
Declining Balances Tables,142,Class M-1,M-1,,15,"February 25, 2032",0,
Declining Balances Tables,142,Class M-1,M-1,,25,"February 25, 2032",0,
Declining Balances Tables,142,Class M-1,M-1,,35,"February 25, 2032",0,
Declining Balances Tables,142,Class M-1,M-1,,0,"February 25, 2033",72,
Declining Balances Tables,142,Class M-1,M-1,,5,"February 25, 2033",0,
Declining Balances Tables,142,Class M-1,M-1,,10,"February 25, 2033",0,
Declining Balances Tables,142,Class M-1,M-1,,15,"February 25, 2033",0,
Declining Balances Tables,142,Class M-1,M-1,,25,"February 25, 2033",0,
Declining Balances Tables,142,Class M-1,M-1,,35,"February 25, 2033",0,
Declining Balances Tables,142,Class M-1,M-1,,0,"February 25, 2034",67,
Declining Balances Tables,142,Class M-1,M-1,,5,"February 25, 2034",0,
Declining Balances Tables,142,Class M-1,M-1,,10,"February 25, 2034",0,
Declining Balances Tables,142,Class M-1,M-1,,15,"February 25, 2034",0,
Declining Balances Tables,142,Class M-1,M-1,,25,"February 25, 2034",0,
Declining Balances Tables,142,Class M-1,M-1,,35,"February 25, 2034",0,
Declining Balances Tables,142,Class M-1,M-1,,0,"February 25, 2035",62,
Declining Balances Tables,142,Class M-1,M-1,,5,"February 25, 2035",0,
Declining Balances Tables,142,Class M-1,M-1,,10,"February 25, 2035",0,
Declining Balances Tables,142,Class M-1,M-1,,15,"February 25, 2035",0,
Declining Balances Tables,142,Class M-1,M-1,,25,"February 25, 2035",0,
Declining Balances Tables,142,Class M-1,M-1,,35,"February 25, 2035",0,
Declining Balances Tables,142,Class M-1,M-1,,0,"February 25, 2036",56,
Declining Balances Tables,142,Class M-1,M-1,,5,"February 25, 2036",0,
Declining Balances Tables,142,Class M-1,M-1,,10,"February 25, 2036",0,
Declining Balances Tables,142,Class M-1,M-1,,15,"February 25, 2036",0,
Declining Balances Tables,142,Class M-1,M-1,,25,"February 25, 2036",0,
Declining Balances Tables,142,Class M-1,M-1,,35,"February 25, 2036",0,
Declining Balances Tables,142,Class M-1,M-1,,0,"February 25, 2037",50,
Declining Balances Tables,142,Class M-1,M-1,,5,"February 25, 2037",0,
Declining Balances Tables,142,Class M-1,M-1,,10,"February 25, 2037",0,
Declining Balances Tables,142,Class M-1,M-1,,15,"February 25, 2037",0,
Declining Balances Tables,142,Class M-1,M-1,,25,"February 25, 2037",0,
Declining Balances Tables,142,Class M-1,M-1,,35,"February 25, 2037",0,
Declining Balances Tables,142,Class M-1,M-1,,0,"February 25, 2038",43,
Declining Balances Tables,142,Class M-1,M-1,,5,"February 25, 2038",0,
Declining Balances Tables,142,Class M-1,M-1,,10,"February 25, 2038",0,
Declining Balances Tables,142,Class M-1,M-1,,15,"February 25, 2038",0,
Declining Balances Tables,142,Class M-1,M-1,,25,"February 25, 2038",0,
Declining Balances Tables,142,Class M-1,M-1,,35,"February 25, 2038",0,
Declining Balances Tables,142,Class M-1,M-1,,0,"February 25, 2039",36,
Declining Balances Tables,142,Class M-1,M-1,,5,"February 25, 2039",0,
Declining Balances Tables,142,Class M-1,M-1,,10,"February 25, 2039",0,
Declining Balances Tables,142,Class M-1,M-1,,15,"February 25, 2039",0,
Declining Balances Tables,142,Class M-1,M-1,,25,"February 25, 2039",0,
Declining Balances Tables,142,Class M-1,M-1,,35,"February 25, 2039",0,
Declining Balances Tables,142,Class M-1,M-1,,0,"February 25, 2040",29,
Declining Balances Tables,142,Class M-1,M-1,,5,"February 25, 2040",0,
Declining Balances Tables,142,Class M-1,M-1,,10,"February 25, 2040",0,
Declining Balances Tables,142,Class M-1,M-1,,15,"February 25, 2040",0,
Declining Balances Tables,142,Class M-1,M-1,,25,"February 25, 2040",0,
Declining Balances Tables,142,Class M-1,M-1,,35,"February 25, 2040",0,
Declining Balances Tables,142,Class M-1,M-1,,0,"February 25, 2041",21,
Declining Balances Tables,142,Class M-1,M-1,,5,"February 25, 2041",0,
Declining Balances Tables,142,Class M-1,M-1,,10,"February 25, 2041",0,
Declining Balances Tables,142,Class M-1,M-1,,15,"February 25, 2041",0,
Declining Balances Tables,142,Class M-1,M-1,,25,"February 25, 2041",0,
Declining Balances Tables,142,Class M-1,M-1,,35,"February 25, 2041",0,
Declining Balances Tables,142,Class M-1,M-1,,0,"February 25, 2042",12,
Declining Balances Tables,142,Class M-1,M-1,,5,"February 25, 2042",0,
Declining Balances Tables,142,Class M-1,M-1,,10,"February 25, 2042",0,
Declining Balances Tables,142,Class M-1,M-1,,15,"February 25, 2042",0,
Declining Balances Tables,142,Class M-1,M-1,,25,"February 25, 2042",0,
Declining Balances Tables,142,Class M-1,M-1,,35,"February 25, 2042",0,
Declining Balances Tables,142,Class M-1,M-1,,0,"February 25, 2043",3,
Declining Balances Tables,142,Class M-1,M-1,,5,"February 25, 2043",0,
Declining Balances Tables,142,Class M-1,M-1,,10,"February 25, 2043",0,
Declining Balances Tables,142,Class M-1,M-1,,15,"February 25, 2043",0,
Declining Balances Tables,142,Class M-1,M-1,,25,"February 25, 2043",0,
Declining Balances Tables,142,Class M-1,M-1,,35,"February 25, 2043",0,
Declining Balances Tables,142,Class M-1,M-1,,0,"February 25, 2044 and thereafter",0,
Declining Balances Tables,142,Class M-1,M-1,,5,"February 25, 2044 and thereafter",0,
Declining Balances Tables,142,Class M-1,M-1,,10,"February 25, 2044 and thereafter",0,
Declining Balances Tables,142,Class M-1,M-1,,15,"February 25, 2044 and thereafter",0,
Declining Balances Tables,142,Class M-1,M-1,,25,"February 25, 2044 and thereafter",0,
Declining Balances Tables,142,Class M-1,M-1,,35,"February 25, 2044 and thereafter",0,
Declining Balances Tables,142,Class M-1,M-1,,0,Weighted Average Life (years) to Scheduled Maturity Date,,10.31
Declining Balances Tables,142,Class M-1,M-1,,5,Weighted Average Life (years) to Scheduled Maturity Date,,3.20
Declining Balances Tables,142,Class M-1,M-1,,10,Weighted Average Life (years) to Scheduled Maturity Date,,1.75
Declining Balances Tables,142,Class M-1,M-1,,15,Weighted Average Life (years) to Scheduled Maturity Date,,1.18
Declining Balances Tables,142,Class M-1,M-1,,25,Weighted Average Life (years) to Scheduled Maturity Date,,0.68
Declining Balances Tables,142,Class M-1,M-1,,35,Weighted Average Life (years) to Scheduled Maturity Date,,0.46
Declining Balances Tables,142,Class M-1,M-1,,0,Weighted Average Life (years) to Early Redemption Date**,,4.59
Declining Balances Tables,142,Class M-1,M-1,,5,Weighted Average Life (years) to Early Redemption Date**,,3.00
Declining Balances Tables,142,Class M-1,M-1,,10,Weighted Average Life (years) to Early Redemption Date**,,1.75
Declining Balances Tables,142,Class M-1,M-1,,15,Weighted Average Life (years) to Early Redemption Date**,,1.18
Declining Balances Tables,142,Class M-1,M-1,,25,Weighted Average Life (years) to Early Redemption Date**,,0.68
Declining Balances Tables,142,Class M-1,M-1,,35,Weighted Average Life (years) to Early Redemption Date**,,0.46
Declining Balances Tables,143,"Class M-2, M-2R, M-2S, M-2T, M-2U and M-2I",M-2,,0,Closing Date,100,
Declining Balances Tables,143,"Class M-2, M-2R, M-2S, M-2T, M-2U and M-2I",M-2,,5,Closing Date,100,
Declining Balances Tables,143,"Class M-2, M-2R, M-2S, M-2T, M-2U and M-2I",M-2,,10,Closing Date,100,
Declining Balances Tables,143,"Class M-2, M-2R, M-2S, M-2T, M-2U and M-2I",M-2,,15,Closing Date,100,
Declining Balances Tables,143,"Class M-2, M-2R, M-2S, M-2T, M-2U and M-2I",M-2,,25,Closing Date,100,
Declining Balances Tables,143,"Class M-2, M-2R, M-2S, M-2T, M-2U and M-2I",M-2,,35,Closing Date,100,
Declining Balances Tables,143,"Class M-2, M-2R, M-2S, M-2T, M-2U and M-2I",M-2R,,0,Closing Date,100,
Declining Balances Tables,143,"Class M-2, M-2R, M-2S, M-2T, M-2U and M-2I",M-2R,,5,Closing Date,100,
Declining Balances Tables,143,"Class M-2, M-2R, M-2S, M-2T, M-2U and M-2I",M-2R,,10,Closing Date,100,
Declining Balances Tables,143,"Class M-2, M-2R, M-2S, M-2T, M-2U and M-2I",M-2R,,15,Closing Date,100,
Declining Balances Tables,143,"Class M-2, M-2R, M-2S, M-2T, M-2U and M-2I",M-2R,,25,Closing Date,100,
Declining Balances Tables,143,"Class M-2, M-2R, M-2S, M-2T, M-2U and M-2I",M-2R,,35,Closing Date,100,
Declining Balances Tables,143,"Class M-2, M-2R, M-2S, M-2T, M-2U and M-2I",M-2S,,0,Closing Date,100,
Declining Balances Tables,143,"Class M-2, M-2R, M-2S, M-2T, M-2U and M-2I",M-2S,,5,Closing Date,100,
Declining Balances Tables,143,"Class M-2, M-2R, M-2S, M-2T, M-2U and M-2I",M-2S,,10,Closing Date,100,
Declining Balances Tables,143,"Class M-2, M-2R, M-2S, M-2T, M-2U and M-2I",M-2S,,15,Closing Date,100,
Declining Balances Tables,143,"Class M-2, M-2R, M-2S, M-2T, M-2U and M-2I",M-2S,,25,Closing Date,100,
Declining Balances Tables,143,"Class M-2, M-2R, M-2S, M-2T, M-2U and M-2I",M-2S,,35,Closing Date,100,
Declining Balances Tables,143,"Class M-2, M-2R, M-2S, M-2T, M-2U and M-2I",M-2T,,0,Closing Date,100,
Declining Balances Tables,143,"Class M-2, M-2R, M-2S, M-2T, M-2U and M-2I",M-2T,,5,Closing Date,100,
Declining Balances Tables,143,"Class M-2, M-2R, M-2S, M-2T, M-2U and M-2I",M-2T,,10,Closing Date,100,
Declining Balances Tables,143,"Class M-2, M-2R, M-2S, M-2T, M-2U and M-2I",M-2T,,15,Closing Date,100,
Declining Balances Tables,143,"Class M-2, M-2R, M-2S, M-2T, M-2U and M-2I",M-2T,,25,Closing Date,100,
Declining Balances Tables,143,"Class M-2, M-2R, M-2S, M-2T, M-2U and M-2I",M-2T,,35,Closing Date,100,
Declining Balances Tables,143,"Class M-2, M-2R, M-2S, M-2T, M-2U and M-2I",M-2U,,0,Closing Date,100,
Declining Balances Tables,143,"Class M-2, M-2R, M-2S, M-2T, M-2U and M-2I",M-2U,,5,Closing Date,100,
Declining Balances Tables,143,"Class M-2, M-2R, M-2S, M-2T, M-2U and M-2I",M-2U,,10,Closing Date,100,
Declining Balances Tables,143,"Class M-2, M-2R, M-2S, M-2T, M-2U and M-2I",M-2U,,15,Closing Date,100,
Declining Balances Tables,143,"Class M-2, M-2R, M-2S, M-2T, M-2U and M-2I",M-2U,,25,Closing Date,100,
Declining Balances Tables,143,"Class M-2, M-2R, M-2S, M-2T, M-2U and M-2I",M-2U,,35,Closing Date,100,
Declining Balances Tables,143,"Class M-2, M-2R, M-2S, M-2T, M-2U and M-2I",M-2I,,0,Closing Date,100,
Declining Balances Tables,143,"Class M-2, M-2R, M-2S, M-2T, M-2U and M-2I",M-2I,,5,Closing Date,100,
Declining Balances Tables,143,"Class M-2, M-2R, M-2S, M-2T, M-2U and M-2I",M-2I,,10,Closing Date,100,
Declining Balances Tables,143,"Class M-2, M-2R, M-2S, M-2T, M-2U and M-2I",M-2I,,15,Closing Date,100,
Declining Balances Tables,143,"Class M-2, M-2R, M-2S, M-2T, M-2U and M-2I",M-2I,,25,Closing Date,100,
Declining Balances Tables,143,"Class M-2, M-2R, M-2S, M-2T, M-2U and M-2I",M-2I,,35,Closing Date,100,
Declining Balances Tables,143,"Class M-2, M-2R, M-2S, M-2T, M-2U and M-2I",M-2,,0,"February 25, 2027",100,
Declining Balances Tables,143,"Class M-2, M-2R, M-2S, M-2T, M-2U and M-2I",M-2,,5,"February 25, 2027",100,
Declining Balances Tables,143,"Class M-2, M-2R, M-2S, M-2T, M-2U and M-2I",M-2,,10,"February 25, 2027",100,
Declining Balances Tables,143,"Class M-2, M-2R, M-2S, M-2T, M-2U and M-2I",M-2,,15,"February 25, 2027",100,
Declining Balances Tables,143,"Class M-2, M-2R, M-2S, M-2T, M-2U and M-2I",M-2,,25,"February 25, 2027",100,
Declining Balances Tables,143,"Class M-2, M-2R, M-2S, M-2T, M-2U and M-2I",M-2,,35,"February 25, 2027",81,
Declining Balances Tables,143,"Class M-2, M-2R, M-2S, M-2T, M-2U and M-2I",M-2R,,0,"February 25, 2027",100,
Declining Balances Tables,143,"Class M-2, M-2R, M-2S, M-2T, M-2U and M-2I",M-2R,,5,"February 25, 2027",100,
Declining Balances Tables,143,"Class M-2, M-2R, M-2S, M-2T, M-2U and M-2I",M-2R,,10,"February 25, 2027",100,
Declining Balances Tables,143,"Class M-2, M-2R, M-2S, M-2T, M-2U and M-2I",M-2R,,15,"February 25, 2027",100,
Declining Balances Tables,143,"Class M-2, M-2R, M-2S, M-2T, M-2U and M-2I",M-2R,,25,"February 25, 2027",100,
Declining Balances Tables,143,"Class M-2, M-2R, M-2S, M-2T, M-2U and M-2I",M-2R,,35,"February 25, 2027",81,
Declining Balances Tables,143,"Class M-2, M-2R, M-2S, M-2T, M-2U and M-2I",M-2S,,0,"February 25, 2027",100,
Declining Balances Tables,143,"Class M-2, M-2R, M-2S, M-2T, M-2U and M-2I",M-2S,,5,"February 25, 2027",100,
Declining Balances Tables,143,"Class M-2, M-2R, M-2S, M-2T, M-2U and M-2I",M-2S,,10,"February 25, 2027",100,
Declining Balances Tables,143,"Class M-2, M-2R, M-2S, M-2T, M-2U and M-2I",M-2S,,15,"February 25, 2027",100,
Declining Balances Tables,143,"Class M-2, M-2R, M-2S, M-2T, M-2U and M-2I",M-2S,,25,"February 25, 2027",100,
Declining Balances Tables,143,"Class M-2, M-2R, M-2S, M-2T, M-2U and M-2I",M-2S,,35,"February 25, 2027",81,
Declining Balances Tables,143,"Class M-2, M-2R, M-2S, M-2T, M-2U and M-2I",M-2T,,0,"February 25, 2027",100,
Declining Balances Tables,143,"Class M-2, M-2R, M-2S, M-2T, M-2U and M-2I",M-2T,,5,"February 25, 2027",100,
Declining Balances Tables,143,"Class M-2, M-2R, M-2S, M-2T, M-2U and M-2I",M-2T,,10,"February 25, 2027",100,
Declining Balances Tables,143,"Class M-2, M-2R, M-2S, M-2T, M-2U and M-2I",M-2T,,15,"February 25, 2027",100,
Declining Balances Tables,143,"Class M-2, M-2R, M-2S, M-2T, M-2U and M-2I",M-2T,,25,"February 25, 2027",100,
Declining Balances Tables,143,"Class M-2, M-2R, M-2S, M-2T, M-2U and M-2I",M-2T,,35,"February 25, 2027",81,
Declining Balances Tables,143,"Class M-2, M-2R, M-2S, M-2T, M-2U and M-2I",M-2U,,0,"February 25, 2027",100,
Declining Balances Tables,143,"Class M-2, M-2R, M-2S, M-2T, M-2U and M-2I",M-2U,,5,"February 25, 2027",100,
Declining Balances Tables,143,"Class M-2, M-2R, M-2S, M-2T, M-2U and M-2I",M-2U,,10,"February 25, 2027",100,
Declining Balances Tables,143,"Class M-2, M-2R, M-2S, M-2T, M-2U and M-2I",M-2U,,15,"February 25, 2027",100,
Declining Balances Tables,143,"Class M-2, M-2R, M-2S, M-2T, M-2U and M-2I",M-2U,,25,"February 25, 2027",100,
Declining Balances Tables,143,"Class M-2, M-2R, M-2S, M-2T, M-2U and M-2I",M-2U,,35,"February 25, 2027",81,
Declining Balances Tables,143,"Class M-2, M-2R, M-2S, M-2T, M-2U and M-2I",M-2I,,0,"February 25, 2027",100,
Declining Balances Tables,143,"Class M-2, M-2R, M-2S, M-2T, M-2U and M-2I",M-2I,,5,"February 25, 2027",100,
Declining Balances Tables,143,"Class M-2, M-2R, M-2S, M-2T, M-2U and M-2I",M-2I,,10,"February 25, 2027",100,
Declining Balances Tables,143,"Class M-2, M-2R, M-2S, M-2T, M-2U and M-2I",M-2I,,15,"February 25, 2027",100,
Declining Balances Tables,143,"Class M-2, M-2R, M-2S, M-2T, M-2U and M-2I",M-2I,,25,"February 25, 2027",100,
Declining Balances Tables,143,"Class M-2, M-2R, M-2S, M-2T, M-2U and M-2I",M-2I,,35,"February 25, 2027",81,
Declining Balances Tables,143,"Class M-2, M-2R, M-2S, M-2T, M-2U and M-2I",M-2,,0,"February 25, 2028",100,
Declining Balances Tables,143,"Class M-2, M-2R, M-2S, M-2T, M-2U and M-2I",M-2,,5,"February 25, 2028",100,
Declining Balances Tables,143,"Class M-2, M-2R, M-2S, M-2T, M-2U and M-2I",M-2,,10,"February 25, 2028",100,
Declining Balances Tables,143,"Class M-2, M-2R, M-2S, M-2T, M-2U and M-2I",M-2,,15,"February 25, 2028",100,
Declining Balances Tables,143,"Class M-2, M-2R, M-2S, M-2T, M-2U and M-2I",M-2,,25,"February 25, 2028",0,
Declining Balances Tables,143,"Class M-2, M-2R, M-2S, M-2T, M-2U and M-2I",M-2,,35,"February 25, 2028",0,
Declining Balances Tables,143,"Class M-2, M-2R, M-2S, M-2T, M-2U and M-2I",M-2R,,0,"February 25, 2028",100,
Declining Balances Tables,143,"Class M-2, M-2R, M-2S, M-2T, M-2U and M-2I",M-2R,,5,"February 25, 2028",100,
Declining Balances Tables,143,"Class M-2, M-2R, M-2S, M-2T, M-2U and M-2I",M-2R,,10,"February 25, 2028",100,
Declining Balances Tables,143,"Class M-2, M-2R, M-2S, M-2T, M-2U and M-2I",M-2R,,15,"February 25, 2028",100,
Declining Balances Tables,143,"Class M-2, M-2R, M-2S, M-2T, M-2U and M-2I",M-2R,,25,"February 25, 2028",0,
Declining Balances Tables,143,"Class M-2, M-2R, M-2S, M-2T, M-2U and M-2I",M-2R,,35,"February 25, 2028",0,
Declining Balances Tables,143,"Class M-2, M-2R, M-2S, M-2T, M-2U and M-2I",M-2S,,0,"February 25, 2028",100,
Declining Balances Tables,143,"Class M-2, M-2R, M-2S, M-2T, M-2U and M-2I",M-2S,,5,"February 25, 2028",100,
Declining Balances Tables,143,"Class M-2, M-2R, M-2S, M-2T, M-2U and M-2I",M-2S,,10,"February 25, 2028",100,
Declining Balances Tables,143,"Class M-2, M-2R, M-2S, M-2T, M-2U and M-2I",M-2S,,15,"February 25, 2028",100,
Declining Balances Tables,143,"Class M-2, M-2R, M-2S, M-2T, M-2U and M-2I",M-2S,,25,"February 25, 2028",0,
Declining Balances Tables,143,"Class M-2, M-2R, M-2S, M-2T, M-2U and M-2I",M-2S,,35,"February 25, 2028",0,
Declining Balances Tables,143,"Class M-2, M-2R, M-2S, M-2T, M-2U and M-2I",M-2T,,0,"February 25, 2028",100,
Declining Balances Tables,143,"Class M-2, M-2R, M-2S, M-2T, M-2U and M-2I",M-2T,,5,"February 25, 2028",100,
Declining Balances Tables,143,"Class M-2, M-2R, M-2S, M-2T, M-2U and M-2I",M-2T,,10,"February 25, 2028",100,
Declining Balances Tables,143,"Class M-2, M-2R, M-2S, M-2T, M-2U and M-2I",M-2T,,15,"February 25, 2028",100,
Declining Balances Tables,143,"Class M-2, M-2R, M-2S, M-2T, M-2U and M-2I",M-2T,,25,"February 25, 2028",0,
Declining Balances Tables,143,"Class M-2, M-2R, M-2S, M-2T, M-2U and M-2I",M-2T,,35,"February 25, 2028",0,
Declining Balances Tables,143,"Class M-2, M-2R, M-2S, M-2T, M-2U and M-2I",M-2U,,0,"February 25, 2028",100,
Declining Balances Tables,143,"Class M-2, M-2R, M-2S, M-2T, M-2U and M-2I",M-2U,,5,"February 25, 2028",100,
Declining Balances Tables,143,"Class M-2, M-2R, M-2S, M-2T, M-2U and M-2I",M-2U,,10,"February 25, 2028",100,
Declining Balances Tables,143,"Class M-2, M-2R, M-2S, M-2T, M-2U and M-2I",M-2U,,15,"February 25, 2028",100,
Declining Balances Tables,143,"Class M-2, M-2R, M-2S, M-2T, M-2U and M-2I",M-2U,,25,"February 25, 2028",0,
Declining Balances Tables,143,"Class M-2, M-2R, M-2S, M-2T, M-2U and M-2I",M-2U,,35,"February 25, 2028",0,
Declining Balances Tables,143,"Class M-2, M-2R, M-2S, M-2T, M-2U and M-2I",M-2I,,0,"February 25, 2028",100,
Declining Balances Tables,143,"Class M-2, M-2R, M-2S, M-2T, M-2U and M-2I",M-2I,,5,"February 25, 2028",100,
Declining Balances Tables,143,"Class M-2, M-2R, M-2S, M-2T, M-2U and M-2I",M-2I,,10,"February 25, 2028",100,
Declining Balances Tables,143,"Class M-2, M-2R, M-2S, M-2T, M-2U and M-2I",M-2I,,15,"February 25, 2028",100,
Declining Balances Tables,143,"Class M-2, M-2R, M-2S, M-2T, M-2U and M-2I",M-2I,,25,"February 25, 2028",0,
Declining Balances Tables,143,"Class M-2, M-2R, M-2S, M-2T, M-2U and M-2I",M-2I,,35,"February 25, 2028",0,
Declining Balances Tables,143,"Class M-2, M-2R, M-2S, M-2T, M-2U and M-2I",M-2,,0,"February 25, 2029",100,
Declining Balances Tables,143,"Class M-2, M-2R, M-2S, M-2T, M-2U and M-2I",M-2,,5,"February 25, 2029",100,
Declining Balances Tables,143,"Class M-2, M-2R, M-2S, M-2T, M-2U and M-2I",M-2,,10,"February 25, 2029",100,
Declining Balances Tables,143,"Class M-2, M-2R, M-2S, M-2T, M-2U and M-2I",M-2,,15,"February 25, 2029",44,
Declining Balances Tables,143,"Class M-2, M-2R, M-2S, M-2T, M-2U and M-2I",M-2,,25,"February 25, 2029",0,
Declining Balances Tables,143,"Class M-2, M-2R, M-2S, M-2T, M-2U and M-2I",M-2,,35,"February 25, 2029",0,
Declining Balances Tables,143,"Class M-2, M-2R, M-2S, M-2T, M-2U and M-2I",M-2R,,0,"February 25, 2029",100,
Declining Balances Tables,143,"Class M-2, M-2R, M-2S, M-2T, M-2U and M-2I",M-2R,,5,"February 25, 2029",100,
Declining Balances Tables,143,"Class M-2, M-2R, M-2S, M-2T, M-2U and M-2I",M-2R,,10,"February 25, 2029",100,
Declining Balances Tables,143,"Class M-2, M-2R, M-2S, M-2T, M-2U and M-2I",M-2R,,15,"February 25, 2029",44,
Declining Balances Tables,143,"Class M-2, M-2R, M-2S, M-2T, M-2U and M-2I",M-2R,,25,"February 25, 2029",0,
Declining Balances Tables,143,"Class M-2, M-2R, M-2S, M-2T, M-2U and M-2I",M-2R,,35,"February 25, 2029",0,
Declining Balances Tables,143,"Class M-2, M-2R, M-2S, M-2T, M-2U and M-2I",M-2S,,0,"February 25, 2029",100,
Declining Balances Tables,143,"Class M-2, M-2R, M-2S, M-2T, M-2U and M-2I",M-2S,,5,"February 25, 2029",100,
Declining Balances Tables,143,"Class M-2, M-2R, M-2S, M-2T, M-2U and M-2I",M-2S,,10,"February 25, 2029",100,
Declining Balances Tables,143,"Class M-2, M-2R, M-2S, M-2T, M-2U and M-2I",M-2S,,15,"February 25, 2029",44,
Declining Balances Tables,143,"Class M-2, M-2R, M-2S, M-2T, M-2U and M-2I",M-2S,,25,"February 25, 2029",0,
Declining Balances Tables,143,"Class M-2, M-2R, M-2S, M-2T, M-2U and M-2I",M-2S,,35,"February 25, 2029",0,
Declining Balances Tables,143,"Class M-2, M-2R, M-2S, M-2T, M-2U and M-2I",M-2T,,0,"February 25, 2029",100,
Declining Balances Tables,143,"Class M-2, M-2R, M-2S, M-2T, M-2U and M-2I",M-2T,,5,"February 25, 2029",100,
Declining Balances Tables,143,"Class M-2, M-2R, M-2S, M-2T, M-2U and M-2I",M-2T,,10,"February 25, 2029",100,
Declining Balances Tables,143,"Class M-2, M-2R, M-2S, M-2T, M-2U and M-2I",M-2T,,15,"February 25, 2029",44,
Declining Balances Tables,143,"Class M-2, M-2R, M-2S, M-2T, M-2U and M-2I",M-2T,,25,"February 25, 2029",0,
Declining Balances Tables,143,"Class M-2, M-2R, M-2S, M-2T, M-2U and M-2I",M-2T,,35,"February 25, 2029",0,
Declining Balances Tables,143,"Class M-2, M-2R, M-2S, M-2T, M-2U and M-2I",M-2U,,0,"February 25, 2029",100,
Declining Balances Tables,143,"Class M-2, M-2R, M-2S, M-2T, M-2U and M-2I",M-2U,,5,"February 25, 2029",100,
Declining Balances Tables,143,"Class M-2, M-2R, M-2S, M-2T, M-2U and M-2I",M-2U,,10,"February 25, 2029",100,
Declining Balances Tables,143,"Class M-2, M-2R, M-2S, M-2T, M-2U and M-2I",M-2U,,15,"February 25, 2029",44,
Declining Balances Tables,143,"Class M-2, M-2R, M-2S, M-2T, M-2U and M-2I",M-2U,,25,"February 25, 2029",0,
Declining Balances Tables,143,"Class M-2, M-2R, M-2S, M-2T, M-2U and M-2I",M-2U,,35,"February 25, 2029",0,
Declining Balances Tables,143,"Class M-2, M-2R, M-2S, M-2T, M-2U and M-2I",M-2I,,0,"February 25, 2029",100,
Declining Balances Tables,143,"Class M-2, M-2R, M-2S, M-2T, M-2U and M-2I",M-2I,,5,"February 25, 2029",100,
Declining Balances Tables,143,"Class M-2, M-2R, M-2S, M-2T, M-2U and M-2I",M-2I,,10,"February 25, 2029",100,
Declining Balances Tables,143,"Class M-2, M-2R, M-2S, M-2T, M-2U and M-2I",M-2I,,15,"February 25, 2029",44,
Declining Balances Tables,143,"Class M-2, M-2R, M-2S, M-2T, M-2U and M-2I",M-2I,,25,"February 25, 2029",0,
Declining Balances Tables,143,"Class M-2, M-2R, M-2S, M-2T, M-2U and M-2I",M-2I,,35,"February 25, 2029",0,
Declining Balances Tables,143,"Class M-2, M-2R, M-2S, M-2T, M-2U and M-2I",M-2,,0,"February 25, 2030",100,
Declining Balances Tables,143,"Class M-2, M-2R, M-2S, M-2T, M-2U and M-2I",M-2,,5,"February 25, 2030",100,
Declining Balances Tables,143,"Class M-2, M-2R, M-2S, M-2T, M-2U and M-2I",M-2,,10,"February 25, 2030",78,
Declining Balances Tables,143,"Class M-2, M-2R, M-2S, M-2T, M-2U and M-2I",M-2,,15,"February 25, 2030",0,
Declining Balances Tables,143,"Class M-2, M-2R, M-2S, M-2T, M-2U and M-2I",M-2,,25,"February 25, 2030",0,
Declining Balances Tables,143,"Class M-2, M-2R, M-2S, M-2T, M-2U and M-2I",M-2,,35,"February 25, 2030",0,
Declining Balances Tables,143,"Class M-2, M-2R, M-2S, M-2T, M-2U and M-2I",M-2R,,0,"February 25, 2030",100,
Declining Balances Tables,143,"Class M-2, M-2R, M-2S, M-2T, M-2U and M-2I",M-2R,,5,"February 25, 2030",100,
Declining Balances Tables,143,"Class M-2, M-2R, M-2S, M-2T, M-2U and M-2I",M-2R,,10,"February 25, 2030",78,
Declining Balances Tables,143,"Class M-2, M-2R, M-2S, M-2T, M-2U and M-2I",M-2R,,15,"February 25, 2030",0,
Declining Balances Tables,143,"Class M-2, M-2R, M-2S, M-2T, M-2U and M-2I",M-2R,,25,"February 25, 2030",0,
Declining Balances Tables,143,"Class M-2, M-2R, M-2S, M-2T, M-2U and M-2I",M-2R,,35,"February 25, 2030",0,
Declining Balances Tables,143,"Class M-2, M-2R, M-2S, M-2T, M-2U and M-2I",M-2S,,0,"February 25, 2030",100,
Declining Balances Tables,143,"Class M-2, M-2R, M-2S, M-2T, M-2U and M-2I",M-2S,,5,"February 25, 2030",100,
Declining Balances Tables,143,"Class M-2, M-2R, M-2S, M-2T, M-2U and M-2I",M-2S,,10,"February 25, 2030",78,
Declining Balances Tables,143,"Class M-2, M-2R, M-2S, M-2T, M-2U and M-2I",M-2S,,15,"February 25, 2030",0,
Declining Balances Tables,143,"Class M-2, M-2R, M-2S, M-2T, M-2U and M-2I",M-2S,,25,"February 25, 2030",0,
Declining Balances Tables,143,"Class M-2, M-2R, M-2S, M-2T, M-2U and M-2I",M-2S,,35,"February 25, 2030",0,
Declining Balances Tables,143,"Class M-2, M-2R, M-2S, M-2T, M-2U and M-2I",M-2T,,0,"February 25, 2030",100,
Declining Balances Tables,143,"Class M-2, M-2R, M-2S, M-2T, M-2U and M-2I",M-2T,,5,"February 25, 2030",100,
Declining Balances Tables,143,"Class M-2, M-2R, M-2S, M-2T, M-2U and M-2I",M-2T,,10,"February 25, 2030",78,
Declining Balances Tables,143,"Class M-2, M-2R, M-2S, M-2T, M-2U and M-2I",M-2T,,15,"February 25, 2030",0,
Declining Balances Tables,143,"Class M-2, M-2R, M-2S, M-2T, M-2U and M-2I",M-2T,,25,"February 25, 2030",0,
Declining Balances Tables,143,"Class M-2, M-2R, M-2S, M-2T, M-2U and M-2I",M-2T,,35,"February 25, 2030",0,
Declining Balances Tables,143,"Class M-2, M-2R, M-2S, M-2T, M-2U and M-2I",M-2U,,0,"February 25, 2030",100,
Declining Balances Tables,143,"Class M-2, M-2R, M-2S, M-2T, M-2U and M-2I",M-2U,,5,"February 25, 2030",100,
Declining Balances Tables,143,"Class M-2, M-2R, M-2S, M-2T, M-2U and M-2I",M-2U,,10,"February 25, 2030",78,
Declining Balances Tables,143,"Class M-2, M-2R, M-2S, M-2T, M-2U and M-2I",M-2U,,15,"February 25, 2030",0,
Declining Balances Tables,143,"Class M-2, M-2R, M-2S, M-2T, M-2U and M-2I",M-2U,,25,"February 25, 2030",0,
Declining Balances Tables,143,"Class M-2, M-2R, M-2S, M-2T, M-2U and M-2I",M-2U,,35,"February 25, 2030",0,
Declining Balances Tables,143,"Class M-2, M-2R, M-2S, M-2T, M-2U and M-2I",M-2I,,0,"February 25, 2030",100,
Declining Balances Tables,143,"Class M-2, M-2R, M-2S, M-2T, M-2U and M-2I",M-2I,,5,"February 25, 2030",100,
Declining Balances Tables,143,"Class M-2, M-2R, M-2S, M-2T, M-2U and M-2I",M-2I,,10,"February 25, 2030",78,
Declining Balances Tables,143,"Class M-2, M-2R, M-2S, M-2T, M-2U and M-2I",M-2I,,15,"February 25, 2030",0,
Declining Balances Tables,143,"Class M-2, M-2R, M-2S, M-2T, M-2U and M-2I",M-2I,,25,"February 25, 2030",0,
Declining Balances Tables,143,"Class M-2, M-2R, M-2S, M-2T, M-2U and M-2I",M-2I,,35,"February 25, 2030",0,
Declining Balances Tables,143,"Class M-2, M-2R, M-2S, M-2T, M-2U and M-2I",M-2,,0,"February 25, 2031",100,
Declining Balances Tables,143,"Class M-2, M-2R, M-2S, M-2T, M-2U and M-2I",M-2,,5,"February 25, 2031",100,
Declining Balances Tables,143,"Class M-2, M-2R, M-2S, M-2T, M-2U and M-2I",M-2,,10,"February 25, 2031",7,
Declining Balances Tables,143,"Class M-2, M-2R, M-2S, M-2T, M-2U and M-2I",M-2,,15,"February 25, 2031",0,
Declining Balances Tables,143,"Class M-2, M-2R, M-2S, M-2T, M-2U and M-2I",M-2,,25,"February 25, 2031",0,
Declining Balances Tables,143,"Class M-2, M-2R, M-2S, M-2T, M-2U and M-2I",M-2,,35,"February 25, 2031",0,
Declining Balances Tables,143,"Class M-2, M-2R, M-2S, M-2T, M-2U and M-2I",M-2R,,0,"February 25, 2031",100,
Declining Balances Tables,143,"Class M-2, M-2R, M-2S, M-2T, M-2U and M-2I",M-2R,,5,"February 25, 2031",100,
Declining Balances Tables,143,"Class M-2, M-2R, M-2S, M-2T, M-2U and M-2I",M-2R,,10,"February 25, 2031",7,
Declining Balances Tables,143,"Class M-2, M-2R, M-2S, M-2T, M-2U and M-2I",M-2R,,15,"February 25, 2031",0,
Declining Balances Tables,143,"Class M-2, M-2R, M-2S, M-2T, M-2U and M-2I",M-2R,,25,"February 25, 2031",0,
Declining Balances Tables,143,"Class M-2, M-2R, M-2S, M-2T, M-2U and M-2I",M-2R,,35,"February 25, 2031",0,
Declining Balances Tables,143,"Class M-2, M-2R, M-2S, M-2T, M-2U and M-2I",M-2S,,0,"February 25, 2031",100,
Declining Balances Tables,143,"Class M-2, M-2R, M-2S, M-2T, M-2U and M-2I",M-2S,,5,"February 25, 2031",100,
Declining Balances Tables,143,"Class M-2, M-2R, M-2S, M-2T, M-2U and M-2I",M-2S,,10,"February 25, 2031",7,
Declining Balances Tables,143,"Class M-2, M-2R, M-2S, M-2T, M-2U and M-2I",M-2S,,15,"February 25, 2031",0,
Declining Balances Tables,143,"Class M-2, M-2R, M-2S, M-2T, M-2U and M-2I",M-2S,,25,"February 25, 2031",0,
Declining Balances Tables,143,"Class M-2, M-2R, M-2S, M-2T, M-2U and M-2I",M-2S,,35,"February 25, 2031",0,
Declining Balances Tables,143,"Class M-2, M-2R, M-2S, M-2T, M-2U and M-2I",M-2T,,0,"February 25, 2031",100,
Declining Balances Tables,143,"Class M-2, M-2R, M-2S, M-2T, M-2U and M-2I",M-2T,,5,"February 25, 2031",100,
Declining Balances Tables,143,"Class M-2, M-2R, M-2S, M-2T, M-2U and M-2I",M-2T,,10,"February 25, 2031",7,
Declining Balances Tables,143,"Class M-2, M-2R, M-2S, M-2T, M-2U and M-2I",M-2T,,15,"February 25, 2031",0,
Declining Balances Tables,143,"Class M-2, M-2R, M-2S, M-2T, M-2U and M-2I",M-2T,,25,"February 25, 2031",0,
Declining Balances Tables,143,"Class M-2, M-2R, M-2S, M-2T, M-2U and M-2I",M-2T,,35,"February 25, 2031",0,
Declining Balances Tables,143,"Class M-2, M-2R, M-2S, M-2T, M-2U and M-2I",M-2U,,0,"February 25, 2031",100,
Declining Balances Tables,143,"Class M-2, M-2R, M-2S, M-2T, M-2U and M-2I",M-2U,,5,"February 25, 2031",100,
Declining Balances Tables,143,"Class M-2, M-2R, M-2S, M-2T, M-2U and M-2I",M-2U,,10,"February 25, 2031",7,
Declining Balances Tables,143,"Class M-2, M-2R, M-2S, M-2T, M-2U and M-2I",M-2U,,15,"February 25, 2031",0,
Declining Balances Tables,143,"Class M-2, M-2R, M-2S, M-2T, M-2U and M-2I",M-2U,,25,"February 25, 2031",0,
Declining Balances Tables,143,"Class M-2, M-2R, M-2S, M-2T, M-2U and M-2I",M-2U,,35,"February 25, 2031",0,
Declining Balances Tables,143,"Class M-2, M-2R, M-2S, M-2T, M-2U and M-2I",M-2I,,0,"February 25, 2031",100,
Declining Balances Tables,143,"Class M-2, M-2R, M-2S, M-2T, M-2U and M-2I",M-2I,,5,"February 25, 2031",100,
Declining Balances Tables,143,"Class M-2, M-2R, M-2S, M-2T, M-2U and M-2I",M-2I,,10,"February 25, 2031",7,
Declining Balances Tables,143,"Class M-2, M-2R, M-2S, M-2T, M-2U and M-2I",M-2I,,15,"February 25, 2031",0,
Declining Balances Tables,143,"Class M-2, M-2R, M-2S, M-2T, M-2U and M-2I",M-2I,,25,"February 25, 2031",0,
Declining Balances Tables,143,"Class M-2, M-2R, M-2S, M-2T, M-2U and M-2I",M-2I,,35,"February 25, 2031",0,
Declining Balances Tables,143,"Class M-2, M-2R, M-2S, M-2T, M-2U and M-2I",M-2,,0,"February 25, 2032",100,
Declining Balances Tables,143,"Class M-2, M-2R, M-2S, M-2T, M-2U and M-2I",M-2,,5,"February 25, 2032",100,
Declining Balances Tables,143,"Class M-2, M-2R, M-2S, M-2T, M-2U and M-2I",M-2,,10,"February 25, 2032",0,
Declining Balances Tables,143,"Class M-2, M-2R, M-2S, M-2T, M-2U and M-2I",M-2,,15,"February 25, 2032",0,
Declining Balances Tables,143,"Class M-2, M-2R, M-2S, M-2T, M-2U and M-2I",M-2,,25,"February 25, 2032",0,
Declining Balances Tables,143,"Class M-2, M-2R, M-2S, M-2T, M-2U and M-2I",M-2,,35,"February 25, 2032",0,
Declining Balances Tables,143,"Class M-2, M-2R, M-2S, M-2T, M-2U and M-2I",M-2R,,0,"February 25, 2032",100,
Declining Balances Tables,143,"Class M-2, M-2R, M-2S, M-2T, M-2U and M-2I",M-2R,,5,"February 25, 2032",100,
Declining Balances Tables,143,"Class M-2, M-2R, M-2S, M-2T, M-2U and M-2I",M-2R,,10,"February 25, 2032",0,
Declining Balances Tables,143,"Class M-2, M-2R, M-2S, M-2T, M-2U and M-2I",M-2R,,15,"February 25, 2032",0,
Declining Balances Tables,143,"Class M-2, M-2R, M-2S, M-2T, M-2U and M-2I",M-2R,,25,"February 25, 2032",0,
Declining Balances Tables,143,"Class M-2, M-2R, M-2S, M-2T, M-2U and M-2I",M-2R,,35,"February 25, 2032",0,
Declining Balances Tables,143,"Class M-2, M-2R, M-2S, M-2T, M-2U and M-2I",M-2S,,0,"February 25, 2032",100,
Declining Balances Tables,143,"Class M-2, M-2R, M-2S, M-2T, M-2U and M-2I",M-2S,,5,"February 25, 2032",100,
Declining Balances Tables,143,"Class M-2, M-2R, M-2S, M-2T, M-2U and M-2I",M-2S,,10,"February 25, 2032",0,
Declining Balances Tables,143,"Class M-2, M-2R, M-2S, M-2T, M-2U and M-2I",M-2S,,15,"February 25, 2032",0,
Declining Balances Tables,143,"Class M-2, M-2R, M-2S, M-2T, M-2U and M-2I",M-2S,,25,"February 25, 2032",0,
Declining Balances Tables,143,"Class M-2, M-2R, M-2S, M-2T, M-2U and M-2I",M-2S,,35,"February 25, 2032",0,
Declining Balances Tables,143,"Class M-2, M-2R, M-2S, M-2T, M-2U and M-2I",M-2T,,0,"February 25, 2032",100,
Declining Balances Tables,143,"Class M-2, M-2R, M-2S, M-2T, M-2U and M-2I",M-2T,,5,"February 25, 2032",100,
Declining Balances Tables,143,"Class M-2, M-2R, M-2S, M-2T, M-2U and M-2I",M-2T,,10,"February 25, 2032",0,
Declining Balances Tables,143,"Class M-2, M-2R, M-2S, M-2T, M-2U and M-2I",M-2T,,15,"February 25, 2032",0,
Declining Balances Tables,143,"Class M-2, M-2R, M-2S, M-2T, M-2U and M-2I",M-2T,,25,"February 25, 2032",0,
Declining Balances Tables,143,"Class M-2, M-2R, M-2S, M-2T, M-2U and M-2I",M-2T,,35,"February 25, 2032",0,
Declining Balances Tables,143,"Class M-2, M-2R, M-2S, M-2T, M-2U and M-2I",M-2U,,0,"February 25, 2032",100,
Declining Balances Tables,143,"Class M-2, M-2R, M-2S, M-2T, M-2U and M-2I",M-2U,,5,"February 25, 2032",100,
Declining Balances Tables,143,"Class M-2, M-2R, M-2S, M-2T, M-2U and M-2I",M-2U,,10,"February 25, 2032",0,
Declining Balances Tables,143,"Class M-2, M-2R, M-2S, M-2T, M-2U and M-2I",M-2U,,15,"February 25, 2032",0,
Declining Balances Tables,143,"Class M-2, M-2R, M-2S, M-2T, M-2U and M-2I",M-2U,,25,"February 25, 2032",0,
Declining Balances Tables,143,"Class M-2, M-2R, M-2S, M-2T, M-2U and M-2I",M-2U,,35,"February 25, 2032",0,
Declining Balances Tables,143,"Class M-2, M-2R, M-2S, M-2T, M-2U and M-2I",M-2I,,0,"February 25, 2032",100,
Declining Balances Tables,143,"Class M-2, M-2R, M-2S, M-2T, M-2U and M-2I",M-2I,,5,"February 25, 2032",100,
Declining Balances Tables,143,"Class M-2, M-2R, M-2S, M-2T, M-2U and M-2I",M-2I,,10,"February 25, 2032",0,
Declining Balances Tables,143,"Class M-2, M-2R, M-2S, M-2T, M-2U and M-2I",M-2I,,15,"February 25, 2032",0,
Declining Balances Tables,143,"Class M-2, M-2R, M-2S, M-2T, M-2U and M-2I",M-2I,,25,"February 25, 2032",0,
Declining Balances Tables,143,"Class M-2, M-2R, M-2S, M-2T, M-2U and M-2I",M-2I,,35,"February 25, 2032",0,
Declining Balances Tables,143,"Class M-2, M-2R, M-2S, M-2T, M-2U and M-2I",M-2,,0,"February 25, 2033",100,
Declining Balances Tables,143,"Class M-2, M-2R, M-2S, M-2T, M-2U and M-2I",M-2,,5,"February 25, 2033",88,
Declining Balances Tables,143,"Class M-2, M-2R, M-2S, M-2T, M-2U and M-2I",M-2,,10,"February 25, 2033",0,
Declining Balances Tables,143,"Class M-2, M-2R, M-2S, M-2T, M-2U and M-2I",M-2,,15,"February 25, 2033",0,
Declining Balances Tables,143,"Class M-2, M-2R, M-2S, M-2T, M-2U and M-2I",M-2,,25,"February 25, 2033",0,
Declining Balances Tables,143,"Class M-2, M-2R, M-2S, M-2T, M-2U and M-2I",M-2,,35,"February 25, 2033",0,
Declining Balances Tables,143,"Class M-2, M-2R, M-2S, M-2T, M-2U and M-2I",M-2R,,0,"February 25, 2033",100,
Declining Balances Tables,143,"Class M-2, M-2R, M-2S, M-2T, M-2U and M-2I",M-2R,,5,"February 25, 2033",88,
Declining Balances Tables,143,"Class M-2, M-2R, M-2S, M-2T, M-2U and M-2I",M-2R,,10,"February 25, 2033",0,
Declining Balances Tables,143,"Class M-2, M-2R, M-2S, M-2T, M-2U and M-2I",M-2R,,15,"February 25, 2033",0,
Declining Balances Tables,143,"Class M-2, M-2R, M-2S, M-2T, M-2U and M-2I",M-2R,,25,"February 25, 2033",0,
Declining Balances Tables,143,"Class M-2, M-2R, M-2S, M-2T, M-2U and M-2I",M-2R,,35,"February 25, 2033",0,
Declining Balances Tables,143,"Class M-2, M-2R, M-2S, M-2T, M-2U and M-2I",M-2S,,0,"February 25, 2033",100,
Declining Balances Tables,143,"Class M-2, M-2R, M-2S, M-2T, M-2U and M-2I",M-2S,,5,"February 25, 2033",88,
Declining Balances Tables,143,"Class M-2, M-2R, M-2S, M-2T, M-2U and M-2I",M-2S,,10,"February 25, 2033",0,
Declining Balances Tables,143,"Class M-2, M-2R, M-2S, M-2T, M-2U and M-2I",M-2S,,15,"February 25, 2033",0,
Declining Balances Tables,143,"Class M-2, M-2R, M-2S, M-2T, M-2U and M-2I",M-2S,,25,"February 25, 2033",0,
Declining Balances Tables,143,"Class M-2, M-2R, M-2S, M-2T, M-2U and M-2I",M-2S,,35,"February 25, 2033",0,
Declining Balances Tables,143,"Class M-2, M-2R, M-2S, M-2T, M-2U and M-2I",M-2T,,0,"February 25, 2033",100,
Declining Balances Tables,143,"Class M-2, M-2R, M-2S, M-2T, M-2U and M-2I",M-2T,,5,"February 25, 2033",88,
Declining Balances Tables,143,"Class M-2, M-2R, M-2S, M-2T, M-2U and M-2I",M-2T,,10,"February 25, 2033",0,
Declining Balances Tables,143,"Class M-2, M-2R, M-2S, M-2T, M-2U and M-2I",M-2T,,15,"February 25, 2033",0,
Declining Balances Tables,143,"Class M-2, M-2R, M-2S, M-2T, M-2U and M-2I",M-2T,,25,"February 25, 2033",0,
Declining Balances Tables,143,"Class M-2, M-2R, M-2S, M-2T, M-2U and M-2I",M-2T,,35,"February 25, 2033",0,
Declining Balances Tables,143,"Class M-2, M-2R, M-2S, M-2T, M-2U and M-2I",M-2U,,0,"February 25, 2033",100,
Declining Balances Tables,143,"Class M-2, M-2R, M-2S, M-2T, M-2U and M-2I",M-2U,,5,"February 25, 2033",88,
Declining Balances Tables,143,"Class M-2, M-2R, M-2S, M-2T, M-2U and M-2I",M-2U,,10,"February 25, 2033",0,
Declining Balances Tables,143,"Class M-2, M-2R, M-2S, M-2T, M-2U and M-2I",M-2U,,15,"February 25, 2033",0,
Declining Balances Tables,143,"Class M-2, M-2R, M-2S, M-2T, M-2U and M-2I",M-2U,,25,"February 25, 2033",0,
Declining Balances Tables,143,"Class M-2, M-2R, M-2S, M-2T, M-2U and M-2I",M-2U,,35,"February 25, 2033",0,
Declining Balances Tables,143,"Class M-2, M-2R, M-2S, M-2T, M-2U and M-2I",M-2I,,0,"February 25, 2033",100,
Declining Balances Tables,143,"Class M-2, M-2R, M-2S, M-2T, M-2U and M-2I",M-2I,,5,"February 25, 2033",88,
Declining Balances Tables,143,"Class M-2, M-2R, M-2S, M-2T, M-2U and M-2I",M-2I,,10,"February 25, 2033",0,
Declining Balances Tables,143,"Class M-2, M-2R, M-2S, M-2T, M-2U and M-2I",M-2I,,15,"February 25, 2033",0,
Declining Balances Tables,143,"Class M-2, M-2R, M-2S, M-2T, M-2U and M-2I",M-2I,,25,"February 25, 2033",0,
Declining Balances Tables,143,"Class M-2, M-2R, M-2S, M-2T, M-2U and M-2I",M-2I,,35,"February 25, 2033",0,
Declining Balances Tables,143,"Class M-2, M-2R, M-2S, M-2T, M-2U and M-2I",M-2,,0,"February 25, 2034",100,
Declining Balances Tables,143,"Class M-2, M-2R, M-2S, M-2T, M-2U and M-2I",M-2,,5,"February 25, 2034",44,
Declining Balances Tables,143,"Class M-2, M-2R, M-2S, M-2T, M-2U and M-2I",M-2,,10,"February 25, 2034",0,
Declining Balances Tables,143,"Class M-2, M-2R, M-2S, M-2T, M-2U and M-2I",M-2,,15,"February 25, 2034",0,
Declining Balances Tables,143,"Class M-2, M-2R, M-2S, M-2T, M-2U and M-2I",M-2,,25,"February 25, 2034",0,
Declining Balances Tables,143,"Class M-2, M-2R, M-2S, M-2T, M-2U and M-2I",M-2,,35,"February 25, 2034",0,
Declining Balances Tables,143,"Class M-2, M-2R, M-2S, M-2T, M-2U and M-2I",M-2R,,0,"February 25, 2034",100,
Declining Balances Tables,143,"Class M-2, M-2R, M-2S, M-2T, M-2U and M-2I",M-2R,,5,"February 25, 2034",44,
Declining Balances Tables,143,"Class M-2, M-2R, M-2S, M-2T, M-2U and M-2I",M-2R,,10,"February 25, 2034",0,
Declining Balances Tables,143,"Class M-2, M-2R, M-2S, M-2T, M-2U and M-2I",M-2R,,15,"February 25, 2034",0,
Declining Balances Tables,143,"Class M-2, M-2R, M-2S, M-2T, M-2U and M-2I",M-2R,,25,"February 25, 2034",0,
Declining Balances Tables,143,"Class M-2, M-2R, M-2S, M-2T, M-2U and M-2I",M-2R,,35,"February 25, 2034",0,
Declining Balances Tables,143,"Class M-2, M-2R, M-2S, M-2T, M-2U and M-2I",M-2S,,0,"February 25, 2034",100,
Declining Balances Tables,143,"Class M-2, M-2R, M-2S, M-2T, M-2U and M-2I",M-2S,,5,"February 25, 2034",44,
Declining Balances Tables,143,"Class M-2, M-2R, M-2S, M-2T, M-2U and M-2I",M-2S,,10,"February 25, 2034",0,
Declining Balances Tables,143,"Class M-2, M-2R, M-2S, M-2T, M-2U and M-2I",M-2S,,15,"February 25, 2034",0,
Declining Balances Tables,143,"Class M-2, M-2R, M-2S, M-2T, M-2U and M-2I",M-2S,,25,"February 25, 2034",0,
Declining Balances Tables,143,"Class M-2, M-2R, M-2S, M-2T, M-2U and M-2I",M-2S,,35,"February 25, 2034",0,
Declining Balances Tables,143,"Class M-2, M-2R, M-2S, M-2T, M-2U and M-2I",M-2T,,0,"February 25, 2034",100,
Declining Balances Tables,143,"Class M-2, M-2R, M-2S, M-2T, M-2U and M-2I",M-2T,,5,"February 25, 2034",44,
Declining Balances Tables,143,"Class M-2, M-2R, M-2S, M-2T, M-2U and M-2I",M-2T,,10,"February 25, 2034",0,
Declining Balances Tables,143,"Class M-2, M-2R, M-2S, M-2T, M-2U and M-2I",M-2T,,15,"February 25, 2034",0,
Declining Balances Tables,143,"Class M-2, M-2R, M-2S, M-2T, M-2U and M-2I",M-2T,,25,"February 25, 2034",0,
Declining Balances Tables,143,"Class M-2, M-2R, M-2S, M-2T, M-2U and M-2I",M-2T,,35,"February 25, 2034",0,
Declining Balances Tables,143,"Class M-2, M-2R, M-2S, M-2T, M-2U and M-2I",M-2U,,0,"February 25, 2034",100,
Declining Balances Tables,143,"Class M-2, M-2R, M-2S, M-2T, M-2U and M-2I",M-2U,,5,"February 25, 2034",44,
Declining Balances Tables,143,"Class M-2, M-2R, M-2S, M-2T, M-2U and M-2I",M-2U,,10,"February 25, 2034",0,
Declining Balances Tables,143,"Class M-2, M-2R, M-2S, M-2T, M-2U and M-2I",M-2U,,15,"February 25, 2034",0,
Declining Balances Tables,143,"Class M-2, M-2R, M-2S, M-2T, M-2U and M-2I",M-2U,,25,"February 25, 2034",0,
Declining Balances Tables,143,"Class M-2, M-2R, M-2S, M-2T, M-2U and M-2I",M-2U,,35,"February 25, 2034",0,
Declining Balances Tables,143,"Class M-2, M-2R, M-2S, M-2T, M-2U and M-2I",M-2I,,0,"February 25, 2034",100,
Declining Balances Tables,143,"Class M-2, M-2R, M-2S, M-2T, M-2U and M-2I",M-2I,,5,"February 25, 2034",44,
Declining Balances Tables,143,"Class M-2, M-2R, M-2S, M-2T, M-2U and M-2I",M-2I,,10,"February 25, 2034",0,
Declining Balances Tables,143,"Class M-2, M-2R, M-2S, M-2T, M-2U and M-2I",M-2I,,15,"February 25, 2034",0,
Declining Balances Tables,143,"Class M-2, M-2R, M-2S, M-2T, M-2U and M-2I",M-2I,,25,"February 25, 2034",0,
Declining Balances Tables,143,"Class M-2, M-2R, M-2S, M-2T, M-2U and M-2I",M-2I,,35,"February 25, 2034",0,
Declining Balances Tables,143,"Class M-2, M-2R, M-2S, M-2T, M-2U and M-2I",M-2,,0,"February 25, 2035",100,
Declining Balances Tables,143,"Class M-2, M-2R, M-2S, M-2T, M-2U and M-2I",M-2,,5,"February 25, 2035",2,
Declining Balances Tables,143,"Class M-2, M-2R, M-2S, M-2T, M-2U and M-2I",M-2,,10,"February 25, 2035",0,
Declining Balances Tables,143,"Class M-2, M-2R, M-2S, M-2T, M-2U and M-2I",M-2,,15,"February 25, 2035",0,
Declining Balances Tables,143,"Class M-2, M-2R, M-2S, M-2T, M-2U and M-2I",M-2,,25,"February 25, 2035",0,
Declining Balances Tables,143,"Class M-2, M-2R, M-2S, M-2T, M-2U and M-2I",M-2,,35,"February 25, 2035",0,
Declining Balances Tables,143,"Class M-2, M-2R, M-2S, M-2T, M-2U and M-2I",M-2R,,0,"February 25, 2035",100,
Declining Balances Tables,143,"Class M-2, M-2R, M-2S, M-2T, M-2U and M-2I",M-2R,,5,"February 25, 2035",2,
Declining Balances Tables,143,"Class M-2, M-2R, M-2S, M-2T, M-2U and M-2I",M-2R,,10,"February 25, 2035",0,
Declining Balances Tables,143,"Class M-2, M-2R, M-2S, M-2T, M-2U and M-2I",M-2R,,15,"February 25, 2035",0,
Declining Balances Tables,143,"Class M-2, M-2R, M-2S, M-2T, M-2U and M-2I",M-2R,,25,"February 25, 2035",0,
Declining Balances Tables,143,"Class M-2, M-2R, M-2S, M-2T, M-2U and M-2I",M-2R,,35,"February 25, 2035",0,
Declining Balances Tables,143,"Class M-2, M-2R, M-2S, M-2T, M-2U and M-2I",M-2S,,0,"February 25, 2035",100,
Declining Balances Tables,143,"Class M-2, M-2R, M-2S, M-2T, M-2U and M-2I",M-2S,,5,"February 25, 2035",2,
Declining Balances Tables,143,"Class M-2, M-2R, M-2S, M-2T, M-2U and M-2I",M-2S,,10,"February 25, 2035",0,
Declining Balances Tables,143,"Class M-2, M-2R, M-2S, M-2T, M-2U and M-2I",M-2S,,15,"February 25, 2035",0,
Declining Balances Tables,143,"Class M-2, M-2R, M-2S, M-2T, M-2U and M-2I",M-2S,,25,"February 25, 2035",0,
Declining Balances Tables,143,"Class M-2, M-2R, M-2S, M-2T, M-2U and M-2I",M-2S,,35,"February 25, 2035",0,
Declining Balances Tables,143,"Class M-2, M-2R, M-2S, M-2T, M-2U and M-2I",M-2T,,0,"February 25, 2035",100,
Declining Balances Tables,143,"Class M-2, M-2R, M-2S, M-2T, M-2U and M-2I",M-2T,,5,"February 25, 2035",2,
Declining Balances Tables,143,"Class M-2, M-2R, M-2S, M-2T, M-2U and M-2I",M-2T,,10,"February 25, 2035",0,
Declining Balances Tables,143,"Class M-2, M-2R, M-2S, M-2T, M-2U and M-2I",M-2T,,15,"February 25, 2035",0,
Declining Balances Tables,143,"Class M-2, M-2R, M-2S, M-2T, M-2U and M-2I",M-2T,,25,"February 25, 2035",0,
Declining Balances Tables,143,"Class M-2, M-2R, M-2S, M-2T, M-2U and M-2I",M-2T,,35,"February 25, 2035",0,
Declining Balances Tables,143,"Class M-2, M-2R, M-2S, M-2T, M-2U and M-2I",M-2U,,0,"February 25, 2035",100,
Declining Balances Tables,143,"Class M-2, M-2R, M-2S, M-2T, M-2U and M-2I",M-2U,,5,"February 25, 2035",2,
Declining Balances Tables,143,"Class M-2, M-2R, M-2S, M-2T, M-2U and M-2I",M-2U,,10,"February 25, 2035",0,
Declining Balances Tables,143,"Class M-2, M-2R, M-2S, M-2T, M-2U and M-2I",M-2U,,15,"February 25, 2035",0,
Declining Balances Tables,143,"Class M-2, M-2R, M-2S, M-2T, M-2U and M-2I",M-2U,,25,"February 25, 2035",0,
Declining Balances Tables,143,"Class M-2, M-2R, M-2S, M-2T, M-2U and M-2I",M-2U,,35,"February 25, 2035",0,
Declining Balances Tables,143,"Class M-2, M-2R, M-2S, M-2T, M-2U and M-2I",M-2I,,0,"February 25, 2035",100,
Declining Balances Tables,143,"Class M-2, M-2R, M-2S, M-2T, M-2U and M-2I",M-2I,,5,"February 25, 2035",2,
Declining Balances Tables,143,"Class M-2, M-2R, M-2S, M-2T, M-2U and M-2I",M-2I,,10,"February 25, 2035",0,
Declining Balances Tables,143,"Class M-2, M-2R, M-2S, M-2T, M-2U and M-2I",M-2I,,15,"February 25, 2035",0,
Declining Balances Tables,143,"Class M-2, M-2R, M-2S, M-2T, M-2U and M-2I",M-2I,,25,"February 25, 2035",0,
Declining Balances Tables,143,"Class M-2, M-2R, M-2S, M-2T, M-2U and M-2I",M-2I,,35,"February 25, 2035",0,
Declining Balances Tables,143,"Class M-2, M-2R, M-2S, M-2T, M-2U and M-2I",M-2,,0,"February 25, 2036",100,
Declining Balances Tables,143,"Class M-2, M-2R, M-2S, M-2T, M-2U and M-2I",M-2,,5,"February 25, 2036",0,
Declining Balances Tables,143,"Class M-2, M-2R, M-2S, M-2T, M-2U and M-2I",M-2,,10,"February 25, 2036",0,
Declining Balances Tables,143,"Class M-2, M-2R, M-2S, M-2T, M-2U and M-2I",M-2,,15,"February 25, 2036",0,
Declining Balances Tables,143,"Class M-2, M-2R, M-2S, M-2T, M-2U and M-2I",M-2,,25,"February 25, 2036",0,
Declining Balances Tables,143,"Class M-2, M-2R, M-2S, M-2T, M-2U and M-2I",M-2,,35,"February 25, 2036",0,
Declining Balances Tables,143,"Class M-2, M-2R, M-2S, M-2T, M-2U and M-2I",M-2R,,0,"February 25, 2036",100,
Declining Balances Tables,143,"Class M-2, M-2R, M-2S, M-2T, M-2U and M-2I",M-2R,,5,"February 25, 2036",0,
Declining Balances Tables,143,"Class M-2, M-2R, M-2S, M-2T, M-2U and M-2I",M-2R,,10,"February 25, 2036",0,
Declining Balances Tables,143,"Class M-2, M-2R, M-2S, M-2T, M-2U and M-2I",M-2R,,15,"February 25, 2036",0,
Declining Balances Tables,143,"Class M-2, M-2R, M-2S, M-2T, M-2U and M-2I",M-2R,,25,"February 25, 2036",0,
Declining Balances Tables,143,"Class M-2, M-2R, M-2S, M-2T, M-2U and M-2I",M-2R,,35,"February 25, 2036",0,
Declining Balances Tables,143,"Class M-2, M-2R, M-2S, M-2T, M-2U and M-2I",M-2S,,0,"February 25, 2036",100,
Declining Balances Tables,143,"Class M-2, M-2R, M-2S, M-2T, M-2U and M-2I",M-2S,,5,"February 25, 2036",0,
Declining Balances Tables,143,"Class M-2, M-2R, M-2S, M-2T, M-2U and M-2I",M-2S,,10,"February 25, 2036",0,
Declining Balances Tables,143,"Class M-2, M-2R, M-2S, M-2T, M-2U and M-2I",M-2S,,15,"February 25, 2036",0,
Declining Balances Tables,143,"Class M-2, M-2R, M-2S, M-2T, M-2U and M-2I",M-2S,,25,"February 25, 2036",0,
Declining Balances Tables,143,"Class M-2, M-2R, M-2S, M-2T, M-2U and M-2I",M-2S,,35,"February 25, 2036",0,
Declining Balances Tables,143,"Class M-2, M-2R, M-2S, M-2T, M-2U and M-2I",M-2T,,0,"February 25, 2036",100,
Declining Balances Tables,143,"Class M-2, M-2R, M-2S, M-2T, M-2U and M-2I",M-2T,,5,"February 25, 2036",0,
Declining Balances Tables,143,"Class M-2, M-2R, M-2S, M-2T, M-2U and M-2I",M-2T,,10,"February 25, 2036",0,
Declining Balances Tables,143,"Class M-2, M-2R, M-2S, M-2T, M-2U and M-2I",M-2T,,15,"February 25, 2036",0,
Declining Balances Tables,143,"Class M-2, M-2R, M-2S, M-2T, M-2U and M-2I",M-2T,,25,"February 25, 2036",0,
Declining Balances Tables,143,"Class M-2, M-2R, M-2S, M-2T, M-2U and M-2I",M-2T,,35,"February 25, 2036",0,
Declining Balances Tables,143,"Class M-2, M-2R, M-2S, M-2T, M-2U and M-2I",M-2U,,0,"February 25, 2036",100,
Declining Balances Tables,143,"Class M-2, M-2R, M-2S, M-2T, M-2U and M-2I",M-2U,,5,"February 25, 2036",0,
Declining Balances Tables,143,"Class M-2, M-2R, M-2S, M-2T, M-2U and M-2I",M-2U,,10,"February 25, 2036",0,
Declining Balances Tables,143,"Class M-2, M-2R, M-2S, M-2T, M-2U and M-2I",M-2U,,15,"February 25, 2036",0,
Declining Balances Tables,143,"Class M-2, M-2R, M-2S, M-2T, M-2U and M-2I",M-2U,,25,"February 25, 2036",0,
Declining Balances Tables,143,"Class M-2, M-2R, M-2S, M-2T, M-2U and M-2I",M-2U,,35,"February 25, 2036",0,
Declining Balances Tables,143,"Class M-2, M-2R, M-2S, M-2T, M-2U and M-2I",M-2I,,0,"February 25, 2036",100,
Declining Balances Tables,143,"Class M-2, M-2R, M-2S, M-2T, M-2U and M-2I",M-2I,,5,"February 25, 2036",0,
Declining Balances Tables,143,"Class M-2, M-2R, M-2S, M-2T, M-2U and M-2I",M-2I,,10,"February 25, 2036",0,
Declining Balances Tables,143,"Class M-2, M-2R, M-2S, M-2T, M-2U and M-2I",M-2I,,15,"February 25, 2036",0,
Declining Balances Tables,143,"Class M-2, M-2R, M-2S, M-2T, M-2U and M-2I",M-2I,,25,"February 25, 2036",0,
Declining Balances Tables,143,"Class M-2, M-2R, M-2S, M-2T, M-2U and M-2I",M-2I,,35,"February 25, 2036",0,
Declining Balances Tables,143,"Class M-2, M-2R, M-2S, M-2T, M-2U and M-2I",M-2,,0,"February 25, 2037",100,
Declining Balances Tables,143,"Class M-2, M-2R, M-2S, M-2T, M-2U and M-2I",M-2,,5,"February 25, 2037",0,
Declining Balances Tables,143,"Class M-2, M-2R, M-2S, M-2T, M-2U and M-2I",M-2,,10,"February 25, 2037",0,
Declining Balances Tables,143,"Class M-2, M-2R, M-2S, M-2T, M-2U and M-2I",M-2,,15,"February 25, 2037",0,
Declining Balances Tables,143,"Class M-2, M-2R, M-2S, M-2T, M-2U and M-2I",M-2,,25,"February 25, 2037",0,
Declining Balances Tables,143,"Class M-2, M-2R, M-2S, M-2T, M-2U and M-2I",M-2,,35,"February 25, 2037",0,
Declining Balances Tables,143,"Class M-2, M-2R, M-2S, M-2T, M-2U and M-2I",M-2R,,0,"February 25, 2037",100,
Declining Balances Tables,143,"Class M-2, M-2R, M-2S, M-2T, M-2U and M-2I",M-2R,,5,"February 25, 2037",0,
Declining Balances Tables,143,"Class M-2, M-2R, M-2S, M-2T, M-2U and M-2I",M-2R,,10,"February 25, 2037",0,
Declining Balances Tables,143,"Class M-2, M-2R, M-2S, M-2T, M-2U and M-2I",M-2R,,15,"February 25, 2037",0,
Declining Balances Tables,143,"Class M-2, M-2R, M-2S, M-2T, M-2U and M-2I",M-2R,,25,"February 25, 2037",0,
Declining Balances Tables,143,"Class M-2, M-2R, M-2S, M-2T, M-2U and M-2I",M-2R,,35,"February 25, 2037",0,
Declining Balances Tables,143,"Class M-2, M-2R, M-2S, M-2T, M-2U and M-2I",M-2S,,0,"February 25, 2037",100,
Declining Balances Tables,143,"Class M-2, M-2R, M-2S, M-2T, M-2U and M-2I",M-2S,,5,"February 25, 2037",0,
Declining Balances Tables,143,"Class M-2, M-2R, M-2S, M-2T, M-2U and M-2I",M-2S,,10,"February 25, 2037",0,
Declining Balances Tables,143,"Class M-2, M-2R, M-2S, M-2T, M-2U and M-2I",M-2S,,15,"February 25, 2037",0,
Declining Balances Tables,143,"Class M-2, M-2R, M-2S, M-2T, M-2U and M-2I",M-2S,,25,"February 25, 2037",0,
Declining Balances Tables,143,"Class M-2, M-2R, M-2S, M-2T, M-2U and M-2I",M-2S,,35,"February 25, 2037",0,
Declining Balances Tables,143,"Class M-2, M-2R, M-2S, M-2T, M-2U and M-2I",M-2T,,0,"February 25, 2037",100,
Declining Balances Tables,143,"Class M-2, M-2R, M-2S, M-2T, M-2U and M-2I",M-2T,,5,"February 25, 2037",0,
Declining Balances Tables,143,"Class M-2, M-2R, M-2S, M-2T, M-2U and M-2I",M-2T,,10,"February 25, 2037",0,
Declining Balances Tables,143,"Class M-2, M-2R, M-2S, M-2T, M-2U and M-2I",M-2T,,15,"February 25, 2037",0,
Declining Balances Tables,143,"Class M-2, M-2R, M-2S, M-2T, M-2U and M-2I",M-2T,,25,"February 25, 2037",0,
Declining Balances Tables,143,"Class M-2, M-2R, M-2S, M-2T, M-2U and M-2I",M-2T,,35,"February 25, 2037",0,
Declining Balances Tables,143,"Class M-2, M-2R, M-2S, M-2T, M-2U and M-2I",M-2U,,0,"February 25, 2037",100,
Declining Balances Tables,143,"Class M-2, M-2R, M-2S, M-2T, M-2U and M-2I",M-2U,,5,"February 25, 2037",0,
Declining Balances Tables,143,"Class M-2, M-2R, M-2S, M-2T, M-2U and M-2I",M-2U,,10,"February 25, 2037",0,
Declining Balances Tables,143,"Class M-2, M-2R, M-2S, M-2T, M-2U and M-2I",M-2U,,15,"February 25, 2037",0,
Declining Balances Tables,143,"Class M-2, M-2R, M-2S, M-2T, M-2U and M-2I",M-2U,,25,"February 25, 2037",0,
Declining Balances Tables,143,"Class M-2, M-2R, M-2S, M-2T, M-2U and M-2I",M-2U,,35,"February 25, 2037",0,
Declining Balances Tables,143,"Class M-2, M-2R, M-2S, M-2T, M-2U and M-2I",M-2I,,0,"February 25, 2037",100,
Declining Balances Tables,143,"Class M-2, M-2R, M-2S, M-2T, M-2U and M-2I",M-2I,,5,"February 25, 2037",0,
Declining Balances Tables,143,"Class M-2, M-2R, M-2S, M-2T, M-2U and M-2I",M-2I,,10,"February 25, 2037",0,
Declining Balances Tables,143,"Class M-2, M-2R, M-2S, M-2T, M-2U and M-2I",M-2I,,15,"February 25, 2037",0,
Declining Balances Tables,143,"Class M-2, M-2R, M-2S, M-2T, M-2U and M-2I",M-2I,,25,"February 25, 2037",0,
Declining Balances Tables,143,"Class M-2, M-2R, M-2S, M-2T, M-2U and M-2I",M-2I,,35,"February 25, 2037",0,
Declining Balances Tables,143,"Class M-2, M-2R, M-2S, M-2T, M-2U and M-2I",M-2,,0,"February 25, 2038",100,
Declining Balances Tables,143,"Class M-2, M-2R, M-2S, M-2T, M-2U and M-2I",M-2,,5,"February 25, 2038",0,
Declining Balances Tables,143,"Class M-2, M-2R, M-2S, M-2T, M-2U and M-2I",M-2,,10,"February 25, 2038",0,
Declining Balances Tables,143,"Class M-2, M-2R, M-2S, M-2T, M-2U and M-2I",M-2,,15,"February 25, 2038",0,
Declining Balances Tables,143,"Class M-2, M-2R, M-2S, M-2T, M-2U and M-2I",M-2,,25,"February 25, 2038",0,
Declining Balances Tables,143,"Class M-2, M-2R, M-2S, M-2T, M-2U and M-2I",M-2,,35,"February 25, 2038",0,
Declining Balances Tables,143,"Class M-2, M-2R, M-2S, M-2T, M-2U and M-2I",M-2R,,0,"February 25, 2038",100,
Declining Balances Tables,143,"Class M-2, M-2R, M-2S, M-2T, M-2U and M-2I",M-2R,,5,"February 25, 2038",0,
Declining Balances Tables,143,"Class M-2, M-2R, M-2S, M-2T, M-2U and M-2I",M-2R,,10,"February 25, 2038",0,
Declining Balances Tables,143,"Class M-2, M-2R, M-2S, M-2T, M-2U and M-2I",M-2R,,15,"February 25, 2038",0,
Declining Balances Tables,143,"Class M-2, M-2R, M-2S, M-2T, M-2U and M-2I",M-2R,,25,"February 25, 2038",0,
Declining Balances Tables,143,"Class M-2, M-2R, M-2S, M-2T, M-2U and M-2I",M-2R,,35,"February 25, 2038",0,
Declining Balances Tables,143,"Class M-2, M-2R, M-2S, M-2T, M-2U and M-2I",M-2S,,0,"February 25, 2038",100,
Declining Balances Tables,143,"Class M-2, M-2R, M-2S, M-2T, M-2U and M-2I",M-2S,,5,"February 25, 2038",0,
Declining Balances Tables,143,"Class M-2, M-2R, M-2S, M-2T, M-2U and M-2I",M-2S,,10,"February 25, 2038",0,
Declining Balances Tables,143,"Class M-2, M-2R, M-2S, M-2T, M-2U and M-2I",M-2S,,15,"February 25, 2038",0,
Declining Balances Tables,143,"Class M-2, M-2R, M-2S, M-2T, M-2U and M-2I",M-2S,,25,"February 25, 2038",0,
Declining Balances Tables,143,"Class M-2, M-2R, M-2S, M-2T, M-2U and M-2I",M-2S,,35,"February 25, 2038",0,
Declining Balances Tables,143,"Class M-2, M-2R, M-2S, M-2T, M-2U and M-2I",M-2T,,0,"February 25, 2038",100,
Declining Balances Tables,143,"Class M-2, M-2R, M-2S, M-2T, M-2U and M-2I",M-2T,,5,"February 25, 2038",0,
Declining Balances Tables,143,"Class M-2, M-2R, M-2S, M-2T, M-2U and M-2I",M-2T,,10,"February 25, 2038",0,
Declining Balances Tables,143,"Class M-2, M-2R, M-2S, M-2T, M-2U and M-2I",M-2T,,15,"February 25, 2038",0,
Declining Balances Tables,143,"Class M-2, M-2R, M-2S, M-2T, M-2U and M-2I",M-2T,,25,"February 25, 2038",0,
Declining Balances Tables,143,"Class M-2, M-2R, M-2S, M-2T, M-2U and M-2I",M-2T,,35,"February 25, 2038",0,
Declining Balances Tables,143,"Class M-2, M-2R, M-2S, M-2T, M-2U and M-2I",M-2U,,0,"February 25, 2038",100,
Declining Balances Tables,143,"Class M-2, M-2R, M-2S, M-2T, M-2U and M-2I",M-2U,,5,"February 25, 2038",0,
Declining Balances Tables,143,"Class M-2, M-2R, M-2S, M-2T, M-2U and M-2I",M-2U,,10,"February 25, 2038",0,
Declining Balances Tables,143,"Class M-2, M-2R, M-2S, M-2T, M-2U and M-2I",M-2U,,15,"February 25, 2038",0,
Declining Balances Tables,143,"Class M-2, M-2R, M-2S, M-2T, M-2U and M-2I",M-2U,,25,"February 25, 2038",0,
Declining Balances Tables,143,"Class M-2, M-2R, M-2S, M-2T, M-2U and M-2I",M-2U,,35,"February 25, 2038",0,
Declining Balances Tables,143,"Class M-2, M-2R, M-2S, M-2T, M-2U and M-2I",M-2I,,0,"February 25, 2038",100,
Declining Balances Tables,143,"Class M-2, M-2R, M-2S, M-2T, M-2U and M-2I",M-2I,,5,"February 25, 2038",0,
Declining Balances Tables,143,"Class M-2, M-2R, M-2S, M-2T, M-2U and M-2I",M-2I,,10,"February 25, 2038",0,
Declining Balances Tables,143,"Class M-2, M-2R, M-2S, M-2T, M-2U and M-2I",M-2I,,15,"February 25, 2038",0,
Declining Balances Tables,143,"Class M-2, M-2R, M-2S, M-2T, M-2U and M-2I",M-2I,,25,"February 25, 2038",0,
Declining Balances Tables,143,"Class M-2, M-2R, M-2S, M-2T, M-2U and M-2I",M-2I,,35,"February 25, 2038",0,
Declining Balances Tables,143,"Class M-2, M-2R, M-2S, M-2T, M-2U and M-2I",M-2,,0,"February 25, 2039",100,
Declining Balances Tables,143,"Class M-2, M-2R, M-2S, M-2T, M-2U and M-2I",M-2,,5,"February 25, 2039",0,
Declining Balances Tables,143,"Class M-2, M-2R, M-2S, M-2T, M-2U and M-2I",M-2,,10,"February 25, 2039",0,
Declining Balances Tables,143,"Class M-2, M-2R, M-2S, M-2T, M-2U and M-2I",M-2,,15,"February 25, 2039",0,
Declining Balances Tables,143,"Class M-2, M-2R, M-2S, M-2T, M-2U and M-2I",M-2,,25,"February 25, 2039",0,
Declining Balances Tables,143,"Class M-2, M-2R, M-2S, M-2T, M-2U and M-2I",M-2,,35,"February 25, 2039",0,
Declining Balances Tables,143,"Class M-2, M-2R, M-2S, M-2T, M-2U and M-2I",M-2R,,0,"February 25, 2039",100,
Declining Balances Tables,143,"Class M-2, M-2R, M-2S, M-2T, M-2U and M-2I",M-2R,,5,"February 25, 2039",0,
Declining Balances Tables,143,"Class M-2, M-2R, M-2S, M-2T, M-2U and M-2I",M-2R,,10,"February 25, 2039",0,
Declining Balances Tables,143,"Class M-2, M-2R, M-2S, M-2T, M-2U and M-2I",M-2R,,15,"February 25, 2039",0,
Declining Balances Tables,143,"Class M-2, M-2R, M-2S, M-2T, M-2U and M-2I",M-2R,,25,"February 25, 2039",0,
Declining Balances Tables,143,"Class M-2, M-2R, M-2S, M-2T, M-2U and M-2I",M-2R,,35,"February 25, 2039",0,
Declining Balances Tables,143,"Class M-2, M-2R, M-2S, M-2T, M-2U and M-2I",M-2S,,0,"February 25, 2039",100,
Declining Balances Tables,143,"Class M-2, M-2R, M-2S, M-2T, M-2U and M-2I",M-2S,,5,"February 25, 2039",0,
Declining Balances Tables,143,"Class M-2, M-2R, M-2S, M-2T, M-2U and M-2I",M-2S,,10,"February 25, 2039",0,
Declining Balances Tables,143,"Class M-2, M-2R, M-2S, M-2T, M-2U and M-2I",M-2S,,15,"February 25, 2039",0,
Declining Balances Tables,143,"Class M-2, M-2R, M-2S, M-2T, M-2U and M-2I",M-2S,,25,"February 25, 2039",0,
Declining Balances Tables,143,"Class M-2, M-2R, M-2S, M-2T, M-2U and M-2I",M-2S,,35,"February 25, 2039",0,
Declining Balances Tables,143,"Class M-2, M-2R, M-2S, M-2T, M-2U and M-2I",M-2T,,0,"February 25, 2039",100,
Declining Balances Tables,143,"Class M-2, M-2R, M-2S, M-2T, M-2U and M-2I",M-2T,,5,"February 25, 2039",0,
Declining Balances Tables,143,"Class M-2, M-2R, M-2S, M-2T, M-2U and M-2I",M-2T,,10,"February 25, 2039",0,
Declining Balances Tables,143,"Class M-2, M-2R, M-2S, M-2T, M-2U and M-2I",M-2T,,15,"February 25, 2039",0,
Declining Balances Tables,143,"Class M-2, M-2R, M-2S, M-2T, M-2U and M-2I",M-2T,,25,"February 25, 2039",0,
Declining Balances Tables,143,"Class M-2, M-2R, M-2S, M-2T, M-2U and M-2I",M-2T,,35,"February 25, 2039",0,
Declining Balances Tables,143,"Class M-2, M-2R, M-2S, M-2T, M-2U and M-2I",M-2U,,0,"February 25, 2039",100,
Declining Balances Tables,143,"Class M-2, M-2R, M-2S, M-2T, M-2U and M-2I",M-2U,,5,"February 25, 2039",0,
Declining Balances Tables,143,"Class M-2, M-2R, M-2S, M-2T, M-2U and M-2I",M-2U,,10,"February 25, 2039",0,
Declining Balances Tables,143,"Class M-2, M-2R, M-2S, M-2T, M-2U and M-2I",M-2U,,15,"February 25, 2039",0,
Declining Balances Tables,143,"Class M-2, M-2R, M-2S, M-2T, M-2U and M-2I",M-2U,,25,"February 25, 2039",0,
Declining Balances Tables,143,"Class M-2, M-2R, M-2S, M-2T, M-2U and M-2I",M-2U,,35,"February 25, 2039",0,
Declining Balances Tables,143,"Class M-2, M-2R, M-2S, M-2T, M-2U and M-2I",M-2I,,0,"February 25, 2039",100,
Declining Balances Tables,143,"Class M-2, M-2R, M-2S, M-2T, M-2U and M-2I",M-2I,,5,"February 25, 2039",0,
Declining Balances Tables,143,"Class M-2, M-2R, M-2S, M-2T, M-2U and M-2I",M-2I,,10,"February 25, 2039",0,
Declining Balances Tables,143,"Class M-2, M-2R, M-2S, M-2T, M-2U and M-2I",M-2I,,15,"February 25, 2039",0,
Declining Balances Tables,143,"Class M-2, M-2R, M-2S, M-2T, M-2U and M-2I",M-2I,,25,"February 25, 2039",0,
Declining Balances Tables,143,"Class M-2, M-2R, M-2S, M-2T, M-2U and M-2I",M-2I,,35,"February 25, 2039",0,
Declining Balances Tables,143,"Class M-2, M-2R, M-2S, M-2T, M-2U and M-2I",M-2,,0,"February 25, 2040",100,
Declining Balances Tables,143,"Class M-2, M-2R, M-2S, M-2T, M-2U and M-2I",M-2,,5,"February 25, 2040",0,
Declining Balances Tables,143,"Class M-2, M-2R, M-2S, M-2T, M-2U and M-2I",M-2,,10,"February 25, 2040",0,
Declining Balances Tables,143,"Class M-2, M-2R, M-2S, M-2T, M-2U and M-2I",M-2,,15,"February 25, 2040",0,
Declining Balances Tables,143,"Class M-2, M-2R, M-2S, M-2T, M-2U and M-2I",M-2,,25,"February 25, 2040",0,
Declining Balances Tables,143,"Class M-2, M-2R, M-2S, M-2T, M-2U and M-2I",M-2,,35,"February 25, 2040",0,
Declining Balances Tables,143,"Class M-2, M-2R, M-2S, M-2T, M-2U and M-2I",M-2R,,0,"February 25, 2040",100,
Declining Balances Tables,143,"Class M-2, M-2R, M-2S, M-2T, M-2U and M-2I",M-2R,,5,"February 25, 2040",0,
Declining Balances Tables,143,"Class M-2, M-2R, M-2S, M-2T, M-2U and M-2I",M-2R,,10,"February 25, 2040",0,
Declining Balances Tables,143,"Class M-2, M-2R, M-2S, M-2T, M-2U and M-2I",M-2R,,15,"February 25, 2040",0,
Declining Balances Tables,143,"Class M-2, M-2R, M-2S, M-2T, M-2U and M-2I",M-2R,,25,"February 25, 2040",0,
Declining Balances Tables,143,"Class M-2, M-2R, M-2S, M-2T, M-2U and M-2I",M-2R,,35,"February 25, 2040",0,
Declining Balances Tables,143,"Class M-2, M-2R, M-2S, M-2T, M-2U and M-2I",M-2S,,0,"February 25, 2040",100,
Declining Balances Tables,143,"Class M-2, M-2R, M-2S, M-2T, M-2U and M-2I",M-2S,,5,"February 25, 2040",0,
Declining Balances Tables,143,"Class M-2, M-2R, M-2S, M-2T, M-2U and M-2I",M-2S,,10,"February 25, 2040",0,
Declining Balances Tables,143,"Class M-2, M-2R, M-2S, M-2T, M-2U and M-2I",M-2S,,15,"February 25, 2040",0,
Declining Balances Tables,143,"Class M-2, M-2R, M-2S, M-2T, M-2U and M-2I",M-2S,,25,"February 25, 2040",0,
Declining Balances Tables,143,"Class M-2, M-2R, M-2S, M-2T, M-2U and M-2I",M-2S,,35,"February 25, 2040",0,
Declining Balances Tables,143,"Class M-2, M-2R, M-2S, M-2T, M-2U and M-2I",M-2T,,0,"February 25, 2040",100,
Declining Balances Tables,143,"Class M-2, M-2R, M-2S, M-2T, M-2U and M-2I",M-2T,,5,"February 25, 2040",0,
Declining Balances Tables,143,"Class M-2, M-2R, M-2S, M-2T, M-2U and M-2I",M-2T,,10,"February 25, 2040",0,
Declining Balances Tables,143,"Class M-2, M-2R, M-2S, M-2T, M-2U and M-2I",M-2T,,15,"February 25, 2040",0,
Declining Balances Tables,143,"Class M-2, M-2R, M-2S, M-2T, M-2U and M-2I",M-2T,,25,"February 25, 2040",0,
Declining Balances Tables,143,"Class M-2, M-2R, M-2S, M-2T, M-2U and M-2I",M-2T,,35,"February 25, 2040",0,
Declining Balances Tables,143,"Class M-2, M-2R, M-2S, M-2T, M-2U and M-2I",M-2U,,0,"February 25, 2040",100,
Declining Balances Tables,143,"Class M-2, M-2R, M-2S, M-2T, M-2U and M-2I",M-2U,,5,"February 25, 2040",0,
Declining Balances Tables,143,"Class M-2, M-2R, M-2S, M-2T, M-2U and M-2I",M-2U,,10,"February 25, 2040",0,
Declining Balances Tables,143,"Class M-2, M-2R, M-2S, M-2T, M-2U and M-2I",M-2U,,15,"February 25, 2040",0,
Declining Balances Tables,143,"Class M-2, M-2R, M-2S, M-2T, M-2U and M-2I",M-2U,,25,"February 25, 2040",0,
Declining Balances Tables,143,"Class M-2, M-2R, M-2S, M-2T, M-2U and M-2I",M-2U,,35,"February 25, 2040",0,
Declining Balances Tables,143,"Class M-2, M-2R, M-2S, M-2T, M-2U and M-2I",M-2I,,0,"February 25, 2040",100,
Declining Balances Tables,143,"Class M-2, M-2R, M-2S, M-2T, M-2U and M-2I",M-2I,,5,"February 25, 2040",0,
Declining Balances Tables,143,"Class M-2, M-2R, M-2S, M-2T, M-2U and M-2I",M-2I,,10,"February 25, 2040",0,
Declining Balances Tables,143,"Class M-2, M-2R, M-2S, M-2T, M-2U and M-2I",M-2I,,15,"February 25, 2040",0,
Declining Balances Tables,143,"Class M-2, M-2R, M-2S, M-2T, M-2U and M-2I",M-2I,,25,"February 25, 2040",0,
Declining Balances Tables,143,"Class M-2, M-2R, M-2S, M-2T, M-2U and M-2I",M-2I,,35,"February 25, 2040",0,
Declining Balances Tables,143,"Class M-2, M-2R, M-2S, M-2T, M-2U and M-2I",M-2,,0,"February 25, 2041",100,
Declining Balances Tables,143,"Class M-2, M-2R, M-2S, M-2T, M-2U and M-2I",M-2,,5,"February 25, 2041",0,
Declining Balances Tables,143,"Class M-2, M-2R, M-2S, M-2T, M-2U and M-2I",M-2,,10,"February 25, 2041",0,
Declining Balances Tables,143,"Class M-2, M-2R, M-2S, M-2T, M-2U and M-2I",M-2,,15,"February 25, 2041",0,
Declining Balances Tables,143,"Class M-2, M-2R, M-2S, M-2T, M-2U and M-2I",M-2,,25,"February 25, 2041",0,
Declining Balances Tables,143,"Class M-2, M-2R, M-2S, M-2T, M-2U and M-2I",M-2,,35,"February 25, 2041",0,
Declining Balances Tables,143,"Class M-2, M-2R, M-2S, M-2T, M-2U and M-2I",M-2R,,0,"February 25, 2041",100,
Declining Balances Tables,143,"Class M-2, M-2R, M-2S, M-2T, M-2U and M-2I",M-2R,,5,"February 25, 2041",0,
Declining Balances Tables,143,"Class M-2, M-2R, M-2S, M-2T, M-2U and M-2I",M-2R,,10,"February 25, 2041",0,
Declining Balances Tables,143,"Class M-2, M-2R, M-2S, M-2T, M-2U and M-2I",M-2R,,15,"February 25, 2041",0,
Declining Balances Tables,143,"Class M-2, M-2R, M-2S, M-2T, M-2U and M-2I",M-2R,,25,"February 25, 2041",0,
Declining Balances Tables,143,"Class M-2, M-2R, M-2S, M-2T, M-2U and M-2I",M-2R,,35,"February 25, 2041",0,
Declining Balances Tables,143,"Class M-2, M-2R, M-2S, M-2T, M-2U and M-2I",M-2S,,0,"February 25, 2041",100,
Declining Balances Tables,143,"Class M-2, M-2R, M-2S, M-2T, M-2U and M-2I",M-2S,,5,"February 25, 2041",0,
Declining Balances Tables,143,"Class M-2, M-2R, M-2S, M-2T, M-2U and M-2I",M-2S,,10,"February 25, 2041",0,
Declining Balances Tables,143,"Class M-2, M-2R, M-2S, M-2T, M-2U and M-2I",M-2S,,15,"February 25, 2041",0,
Declining Balances Tables,143,"Class M-2, M-2R, M-2S, M-2T, M-2U and M-2I",M-2S,,25,"February 25, 2041",0,
Declining Balances Tables,143,"Class M-2, M-2R, M-2S, M-2T, M-2U and M-2I",M-2S,,35,"February 25, 2041",0,
Declining Balances Tables,143,"Class M-2, M-2R, M-2S, M-2T, M-2U and M-2I",M-2T,,0,"February 25, 2041",100,
Declining Balances Tables,143,"Class M-2, M-2R, M-2S, M-2T, M-2U and M-2I",M-2T,,5,"February 25, 2041",0,
Declining Balances Tables,143,"Class M-2, M-2R, M-2S, M-2T, M-2U and M-2I",M-2T,,10,"February 25, 2041",0,
Declining Balances Tables,143,"Class M-2, M-2R, M-2S, M-2T, M-2U and M-2I",M-2T,,15,"February 25, 2041",0,
Declining Balances Tables,143,"Class M-2, M-2R, M-2S, M-2T, M-2U and M-2I",M-2T,,25,"February 25, 2041",0,
Declining Balances Tables,143,"Class M-2, M-2R, M-2S, M-2T, M-2U and M-2I",M-2T,,35,"February 25, 2041",0,
Declining Balances Tables,143,"Class M-2, M-2R, M-2S, M-2T, M-2U and M-2I",M-2U,,0,"February 25, 2041",100,
Declining Balances Tables,143,"Class M-2, M-2R, M-2S, M-2T, M-2U and M-2I",M-2U,,5,"February 25, 2041",0,
Declining Balances Tables,143,"Class M-2, M-2R, M-2S, M-2T, M-2U and M-2I",M-2U,,10,"February 25, 2041",0,
Declining Balances Tables,143,"Class M-2, M-2R, M-2S, M-2T, M-2U and M-2I",M-2U,,15,"February 25, 2041",0,
Declining Balances Tables,143,"Class M-2, M-2R, M-2S, M-2T, M-2U and M-2I",M-2U,,25,"February 25, 2041",0,
Declining Balances Tables,143,"Class M-2, M-2R, M-2S, M-2T, M-2U and M-2I",M-2U,,35,"February 25, 2041",0,
Declining Balances Tables,143,"Class M-2, M-2R, M-2S, M-2T, M-2U and M-2I",M-2I,,0,"February 25, 2041",100,
Declining Balances Tables,143,"Class M-2, M-2R, M-2S, M-2T, M-2U and M-2I",M-2I,,5,"February 25, 2041",0,
Declining Balances Tables,143,"Class M-2, M-2R, M-2S, M-2T, M-2U and M-2I",M-2I,,10,"February 25, 2041",0,
Declining Balances Tables,143,"Class M-2, M-2R, M-2S, M-2T, M-2U and M-2I",M-2I,,15,"February 25, 2041",0,
Declining Balances Tables,143,"Class M-2, M-2R, M-2S, M-2T, M-2U and M-2I",M-2I,,25,"February 25, 2041",0,
Declining Balances Tables,143,"Class M-2, M-2R, M-2S, M-2T, M-2U and M-2I",M-2I,,35,"February 25, 2041",0,
Declining Balances Tables,143,"Class M-2, M-2R, M-2S, M-2T, M-2U and M-2I",M-2,,0,"February 25, 2042",100,
Declining Balances Tables,143,"Class M-2, M-2R, M-2S, M-2T, M-2U and M-2I",M-2,,5,"February 25, 2042",0,
Declining Balances Tables,143,"Class M-2, M-2R, M-2S, M-2T, M-2U and M-2I",M-2,,10,"February 25, 2042",0,
Declining Balances Tables,143,"Class M-2, M-2R, M-2S, M-2T, M-2U and M-2I",M-2,,15,"February 25, 2042",0,
Declining Balances Tables,143,"Class M-2, M-2R, M-2S, M-2T, M-2U and M-2I",M-2,,25,"February 25, 2042",0,
Declining Balances Tables,143,"Class M-2, M-2R, M-2S, M-2T, M-2U and M-2I",M-2,,35,"February 25, 2042",0,
Declining Balances Tables,143,"Class M-2, M-2R, M-2S, M-2T, M-2U and M-2I",M-2R,,0,"February 25, 2042",100,
Declining Balances Tables,143,"Class M-2, M-2R, M-2S, M-2T, M-2U and M-2I",M-2R,,5,"February 25, 2042",0,
Declining Balances Tables,143,"Class M-2, M-2R, M-2S, M-2T, M-2U and M-2I",M-2R,,10,"February 25, 2042",0,
Declining Balances Tables,143,"Class M-2, M-2R, M-2S, M-2T, M-2U and M-2I",M-2R,,15,"February 25, 2042",0,
Declining Balances Tables,143,"Class M-2, M-2R, M-2S, M-2T, M-2U and M-2I",M-2R,,25,"February 25, 2042",0,
Declining Balances Tables,143,"Class M-2, M-2R, M-2S, M-2T, M-2U and M-2I",M-2R,,35,"February 25, 2042",0,
Declining Balances Tables,143,"Class M-2, M-2R, M-2S, M-2T, M-2U and M-2I",M-2S,,0,"February 25, 2042",100,
Declining Balances Tables,143,"Class M-2, M-2R, M-2S, M-2T, M-2U and M-2I",M-2S,,5,"February 25, 2042",0,
Declining Balances Tables,143,"Class M-2, M-2R, M-2S, M-2T, M-2U and M-2I",M-2S,,10,"February 25, 2042",0,
Declining Balances Tables,143,"Class M-2, M-2R, M-2S, M-2T, M-2U and M-2I",M-2S,,15,"February 25, 2042",0,
Declining Balances Tables,143,"Class M-2, M-2R, M-2S, M-2T, M-2U and M-2I",M-2S,,25,"February 25, 2042",0,
Declining Balances Tables,143,"Class M-2, M-2R, M-2S, M-2T, M-2U and M-2I",M-2S,,35,"February 25, 2042",0,
Declining Balances Tables,143,"Class M-2, M-2R, M-2S, M-2T, M-2U and M-2I",M-2T,,0,"February 25, 2042",100,
Declining Balances Tables,143,"Class M-2, M-2R, M-2S, M-2T, M-2U and M-2I",M-2T,,5,"February 25, 2042",0,
Declining Balances Tables,143,"Class M-2, M-2R, M-2S, M-2T, M-2U and M-2I",M-2T,,10,"February 25, 2042",0,
Declining Balances Tables,143,"Class M-2, M-2R, M-2S, M-2T, M-2U and M-2I",M-2T,,15,"February 25, 2042",0,
Declining Balances Tables,143,"Class M-2, M-2R, M-2S, M-2T, M-2U and M-2I",M-2T,,25,"February 25, 2042",0,
Declining Balances Tables,143,"Class M-2, M-2R, M-2S, M-2T, M-2U and M-2I",M-2T,,35,"February 25, 2042",0,
Declining Balances Tables,143,"Class M-2, M-2R, M-2S, M-2T, M-2U and M-2I",M-2U,,0,"February 25, 2042",100,
Declining Balances Tables,143,"Class M-2, M-2R, M-2S, M-2T, M-2U and M-2I",M-2U,,5,"February 25, 2042",0,
Declining Balances Tables,143,"Class M-2, M-2R, M-2S, M-2T, M-2U and M-2I",M-2U,,10,"February 25, 2042",0,
Declining Balances Tables,143,"Class M-2, M-2R, M-2S, M-2T, M-2U and M-2I",M-2U,,15,"February 25, 2042",0,
Declining Balances Tables,143,"Class M-2, M-2R, M-2S, M-2T, M-2U and M-2I",M-2U,,25,"February 25, 2042",0,
Declining Balances Tables,143,"Class M-2, M-2R, M-2S, M-2T, M-2U and M-2I",M-2U,,35,"February 25, 2042",0,
Declining Balances Tables,143,"Class M-2, M-2R, M-2S, M-2T, M-2U and M-2I",M-2I,,0,"February 25, 2042",100,
Declining Balances Tables,143,"Class M-2, M-2R, M-2S, M-2T, M-2U and M-2I",M-2I,,5,"February 25, 2042",0,
Declining Balances Tables,143,"Class M-2, M-2R, M-2S, M-2T, M-2U and M-2I",M-2I,,10,"February 25, 2042",0,
Declining Balances Tables,143,"Class M-2, M-2R, M-2S, M-2T, M-2U and M-2I",M-2I,,15,"February 25, 2042",0,
Declining Balances Tables,143,"Class M-2, M-2R, M-2S, M-2T, M-2U and M-2I",M-2I,,25,"February 25, 2042",0,
Declining Balances Tables,143,"Class M-2, M-2R, M-2S, M-2T, M-2U and M-2I",M-2I,,35,"February 25, 2042",0,
Declining Balances Tables,143,"Class M-2, M-2R, M-2S, M-2T, M-2U and M-2I",M-2,,0,"February 25, 2043",100,
Declining Balances Tables,143,"Class M-2, M-2R, M-2S, M-2T, M-2U and M-2I",M-2,,5,"February 25, 2043",0,
Declining Balances Tables,143,"Class M-2, M-2R, M-2S, M-2T, M-2U and M-2I",M-2,,10,"February 25, 2043",0,
Declining Balances Tables,143,"Class M-2, M-2R, M-2S, M-2T, M-2U and M-2I",M-2,,15,"February 25, 2043",0,
Declining Balances Tables,143,"Class M-2, M-2R, M-2S, M-2T, M-2U and M-2I",M-2,,25,"February 25, 2043",0,
Declining Balances Tables,143,"Class M-2, M-2R, M-2S, M-2T, M-2U and M-2I",M-2,,35,"February 25, 2043",0,
Declining Balances Tables,143,"Class M-2, M-2R, M-2S, M-2T, M-2U and M-2I",M-2R,,0,"February 25, 2043",100,
Declining Balances Tables,143,"Class M-2, M-2R, M-2S, M-2T, M-2U and M-2I",M-2R,,5,"February 25, 2043",0,
Declining Balances Tables,143,"Class M-2, M-2R, M-2S, M-2T, M-2U and M-2I",M-2R,,10,"February 25, 2043",0,
Declining Balances Tables,143,"Class M-2, M-2R, M-2S, M-2T, M-2U and M-2I",M-2R,,15,"February 25, 2043",0,
Declining Balances Tables,143,"Class M-2, M-2R, M-2S, M-2T, M-2U and M-2I",M-2R,,25,"February 25, 2043",0,
Declining Balances Tables,143,"Class M-2, M-2R, M-2S, M-2T, M-2U and M-2I",M-2R,,35,"February 25, 2043",0,
Declining Balances Tables,143,"Class M-2, M-2R, M-2S, M-2T, M-2U and M-2I",M-2S,,0,"February 25, 2043",100,
Declining Balances Tables,143,"Class M-2, M-2R, M-2S, M-2T, M-2U and M-2I",M-2S,,5,"February 25, 2043",0,
Declining Balances Tables,143,"Class M-2, M-2R, M-2S, M-2T, M-2U and M-2I",M-2S,,10,"February 25, 2043",0,
Declining Balances Tables,143,"Class M-2, M-2R, M-2S, M-2T, M-2U and M-2I",M-2S,,15,"February 25, 2043",0,
Declining Balances Tables,143,"Class M-2, M-2R, M-2S, M-2T, M-2U and M-2I",M-2S,,25,"February 25, 2043",0,
Declining Balances Tables,143,"Class M-2, M-2R, M-2S, M-2T, M-2U and M-2I",M-2S,,35,"February 25, 2043",0,
Declining Balances Tables,143,"Class M-2, M-2R, M-2S, M-2T, M-2U and M-2I",M-2T,,0,"February 25, 2043",100,
Declining Balances Tables,143,"Class M-2, M-2R, M-2S, M-2T, M-2U and M-2I",M-2T,,5,"February 25, 2043",0,
Declining Balances Tables,143,"Class M-2, M-2R, M-2S, M-2T, M-2U and M-2I",M-2T,,10,"February 25, 2043",0,
Declining Balances Tables,143,"Class M-2, M-2R, M-2S, M-2T, M-2U and M-2I",M-2T,,15,"February 25, 2043",0,
Declining Balances Tables,143,"Class M-2, M-2R, M-2S, M-2T, M-2U and M-2I",M-2T,,25,"February 25, 2043",0,
Declining Balances Tables,143,"Class M-2, M-2R, M-2S, M-2T, M-2U and M-2I",M-2T,,35,"February 25, 2043",0,
Declining Balances Tables,143,"Class M-2, M-2R, M-2S, M-2T, M-2U and M-2I",M-2U,,0,"February 25, 2043",100,
Declining Balances Tables,143,"Class M-2, M-2R, M-2S, M-2T, M-2U and M-2I",M-2U,,5,"February 25, 2043",0,
Declining Balances Tables,143,"Class M-2, M-2R, M-2S, M-2T, M-2U and M-2I",M-2U,,10,"February 25, 2043",0,
Declining Balances Tables,143,"Class M-2, M-2R, M-2S, M-2T, M-2U and M-2I",M-2U,,15,"February 25, 2043",0,
Declining Balances Tables,143,"Class M-2, M-2R, M-2S, M-2T, M-2U and M-2I",M-2U,,25,"February 25, 2043",0,
Declining Balances Tables,143,"Class M-2, M-2R, M-2S, M-2T, M-2U and M-2I",M-2U,,35,"February 25, 2043",0,
Declining Balances Tables,143,"Class M-2, M-2R, M-2S, M-2T, M-2U and M-2I",M-2I,,0,"February 25, 2043",100,
Declining Balances Tables,143,"Class M-2, M-2R, M-2S, M-2T, M-2U and M-2I",M-2I,,5,"February 25, 2043",0,
Declining Balances Tables,143,"Class M-2, M-2R, M-2S, M-2T, M-2U and M-2I",M-2I,,10,"February 25, 2043",0,
Declining Balances Tables,143,"Class M-2, M-2R, M-2S, M-2T, M-2U and M-2I",M-2I,,15,"February 25, 2043",0,
Declining Balances Tables,143,"Class M-2, M-2R, M-2S, M-2T, M-2U and M-2I",M-2I,,25,"February 25, 2043",0,
Declining Balances Tables,143,"Class M-2, M-2R, M-2S, M-2T, M-2U and M-2I",M-2I,,35,"February 25, 2043",0,
Declining Balances Tables,143,"Class M-2, M-2R, M-2S, M-2T, M-2U and M-2I",M-2,,0,"February 25, 2044",73,
Declining Balances Tables,143,"Class M-2, M-2R, M-2S, M-2T, M-2U and M-2I",M-2,,5,"February 25, 2044",0,
Declining Balances Tables,143,"Class M-2, M-2R, M-2S, M-2T, M-2U and M-2I",M-2,,10,"February 25, 2044",0,
Declining Balances Tables,143,"Class M-2, M-2R, M-2S, M-2T, M-2U and M-2I",M-2,,15,"February 25, 2044",0,
Declining Balances Tables,143,"Class M-2, M-2R, M-2S, M-2T, M-2U and M-2I",M-2,,25,"February 25, 2044",0,
Declining Balances Tables,143,"Class M-2, M-2R, M-2S, M-2T, M-2U and M-2I",M-2,,35,"February 25, 2044",0,
Declining Balances Tables,143,"Class M-2, M-2R, M-2S, M-2T, M-2U and M-2I",M-2R,,0,"February 25, 2044",73,
Declining Balances Tables,143,"Class M-2, M-2R, M-2S, M-2T, M-2U and M-2I",M-2R,,5,"February 25, 2044",0,
Declining Balances Tables,143,"Class M-2, M-2R, M-2S, M-2T, M-2U and M-2I",M-2R,,10,"February 25, 2044",0,
Declining Balances Tables,143,"Class M-2, M-2R, M-2S, M-2T, M-2U and M-2I",M-2R,,15,"February 25, 2044",0,
Declining Balances Tables,143,"Class M-2, M-2R, M-2S, M-2T, M-2U and M-2I",M-2R,,25,"February 25, 2044",0,
Declining Balances Tables,143,"Class M-2, M-2R, M-2S, M-2T, M-2U and M-2I",M-2R,,35,"February 25, 2044",0,
Declining Balances Tables,143,"Class M-2, M-2R, M-2S, M-2T, M-2U and M-2I",M-2S,,0,"February 25, 2044",73,
Declining Balances Tables,143,"Class M-2, M-2R, M-2S, M-2T, M-2U and M-2I",M-2S,,5,"February 25, 2044",0,
Declining Balances Tables,143,"Class M-2, M-2R, M-2S, M-2T, M-2U and M-2I",M-2S,,10,"February 25, 2044",0,
Declining Balances Tables,143,"Class M-2, M-2R, M-2S, M-2T, M-2U and M-2I",M-2S,,15,"February 25, 2044",0,
Declining Balances Tables,143,"Class M-2, M-2R, M-2S, M-2T, M-2U and M-2I",M-2S,,25,"February 25, 2044",0,
Declining Balances Tables,143,"Class M-2, M-2R, M-2S, M-2T, M-2U and M-2I",M-2S,,35,"February 25, 2044",0,
Declining Balances Tables,143,"Class M-2, M-2R, M-2S, M-2T, M-2U and M-2I",M-2T,,0,"February 25, 2044",73,
Declining Balances Tables,143,"Class M-2, M-2R, M-2S, M-2T, M-2U and M-2I",M-2T,,5,"February 25, 2044",0,
Declining Balances Tables,143,"Class M-2, M-2R, M-2S, M-2T, M-2U and M-2I",M-2T,,10,"February 25, 2044",0,
Declining Balances Tables,143,"Class M-2, M-2R, M-2S, M-2T, M-2U and M-2I",M-2T,,15,"February 25, 2044",0,
Declining Balances Tables,143,"Class M-2, M-2R, M-2S, M-2T, M-2U and M-2I",M-2T,,25,"February 25, 2044",0,
Declining Balances Tables,143,"Class M-2, M-2R, M-2S, M-2T, M-2U and M-2I",M-2T,,35,"February 25, 2044",0,
Declining Balances Tables,143,"Class M-2, M-2R, M-2S, M-2T, M-2U and M-2I",M-2U,,0,"February 25, 2044",73,
Declining Balances Tables,143,"Class M-2, M-2R, M-2S, M-2T, M-2U and M-2I",M-2U,,5,"February 25, 2044",0,
Declining Balances Tables,143,"Class M-2, M-2R, M-2S, M-2T, M-2U and M-2I",M-2U,,10,"February 25, 2044",0,
Declining Balances Tables,143,"Class M-2, M-2R, M-2S, M-2T, M-2U and M-2I",M-2U,,15,"February 25, 2044",0,
Declining Balances Tables,143,"Class M-2, M-2R, M-2S, M-2T, M-2U and M-2I",M-2U,,25,"February 25, 2044",0,
Declining Balances Tables,143,"Class M-2, M-2R, M-2S, M-2T, M-2U and M-2I",M-2U,,35,"February 25, 2044",0,
Declining Balances Tables,143,"Class M-2, M-2R, M-2S, M-2T, M-2U and M-2I",M-2I,,0,"February 25, 2044",73,
Declining Balances Tables,143,"Class M-2, M-2R, M-2S, M-2T, M-2U and M-2I",M-2I,,5,"February 25, 2044",0,
Declining Balances Tables,143,"Class M-2, M-2R, M-2S, M-2T, M-2U and M-2I",M-2I,,10,"February 25, 2044",0,
Declining Balances Tables,143,"Class M-2, M-2R, M-2S, M-2T, M-2U and M-2I",M-2I,,15,"February 25, 2044",0,
Declining Balances Tables,143,"Class M-2, M-2R, M-2S, M-2T, M-2U and M-2I",M-2I,,25,"February 25, 2044",0,
Declining Balances Tables,143,"Class M-2, M-2R, M-2S, M-2T, M-2U and M-2I",M-2I,,35,"February 25, 2044",0,
Declining Balances Tables,143,"Class M-2, M-2R, M-2S, M-2T, M-2U and M-2I",M-2,,0,"February 25, 2045",34,
Declining Balances Tables,143,"Class M-2, M-2R, M-2S, M-2T, M-2U and M-2I",M-2,,5,"February 25, 2045",0,
Declining Balances Tables,143,"Class M-2, M-2R, M-2S, M-2T, M-2U and M-2I",M-2,,10,"February 25, 2045",0,
Declining Balances Tables,143,"Class M-2, M-2R, M-2S, M-2T, M-2U and M-2I",M-2,,15,"February 25, 2045",0,
Declining Balances Tables,143,"Class M-2, M-2R, M-2S, M-2T, M-2U and M-2I",M-2,,25,"February 25, 2045",0,
Declining Balances Tables,143,"Class M-2, M-2R, M-2S, M-2T, M-2U and M-2I",M-2,,35,"February 25, 2045",0,
Declining Balances Tables,143,"Class M-2, M-2R, M-2S, M-2T, M-2U and M-2I",M-2R,,0,"February 25, 2045",34,
Declining Balances Tables,143,"Class M-2, M-2R, M-2S, M-2T, M-2U and M-2I",M-2R,,5,"February 25, 2045",0,
Declining Balances Tables,143,"Class M-2, M-2R, M-2S, M-2T, M-2U and M-2I",M-2R,,10,"February 25, 2045",0,
Declining Balances Tables,143,"Class M-2, M-2R, M-2S, M-2T, M-2U and M-2I",M-2R,,15,"February 25, 2045",0,
Declining Balances Tables,143,"Class M-2, M-2R, M-2S, M-2T, M-2U and M-2I",M-2R,,25,"February 25, 2045",0,
Declining Balances Tables,143,"Class M-2, M-2R, M-2S, M-2T, M-2U and M-2I",M-2R,,35,"February 25, 2045",0,
Declining Balances Tables,143,"Class M-2, M-2R, M-2S, M-2T, M-2U and M-2I",M-2S,,0,"February 25, 2045",34,
Declining Balances Tables,143,"Class M-2, M-2R, M-2S, M-2T, M-2U and M-2I",M-2S,,5,"February 25, 2045",0,
Declining Balances Tables,143,"Class M-2, M-2R, M-2S, M-2T, M-2U and M-2I",M-2S,,10,"February 25, 2045",0,
Declining Balances Tables,143,"Class M-2, M-2R, M-2S, M-2T, M-2U and M-2I",M-2S,,15,"February 25, 2045",0,
Declining Balances Tables,143,"Class M-2, M-2R, M-2S, M-2T, M-2U and M-2I",M-2S,,25,"February 25, 2045",0,
Declining Balances Tables,143,"Class M-2, M-2R, M-2S, M-2T, M-2U and M-2I",M-2S,,35,"February 25, 2045",0,
Declining Balances Tables,143,"Class M-2, M-2R, M-2S, M-2T, M-2U and M-2I",M-2T,,0,"February 25, 2045",34,
Declining Balances Tables,143,"Class M-2, M-2R, M-2S, M-2T, M-2U and M-2I",M-2T,,5,"February 25, 2045",0,
Declining Balances Tables,143,"Class M-2, M-2R, M-2S, M-2T, M-2U and M-2I",M-2T,,10,"February 25, 2045",0,
Declining Balances Tables,143,"Class M-2, M-2R, M-2S, M-2T, M-2U and M-2I",M-2T,,15,"February 25, 2045",0,
Declining Balances Tables,143,"Class M-2, M-2R, M-2S, M-2T, M-2U and M-2I",M-2T,,25,"February 25, 2045",0,
Declining Balances Tables,143,"Class M-2, M-2R, M-2S, M-2T, M-2U and M-2I",M-2T,,35,"February 25, 2045",0,
Declining Balances Tables,143,"Class M-2, M-2R, M-2S, M-2T, M-2U and M-2I",M-2U,,0,"February 25, 2045",34,
Declining Balances Tables,143,"Class M-2, M-2R, M-2S, M-2T, M-2U and M-2I",M-2U,,5,"February 25, 2045",0,
Declining Balances Tables,143,"Class M-2, M-2R, M-2S, M-2T, M-2U and M-2I",M-2U,,10,"February 25, 2045",0,
Declining Balances Tables,143,"Class M-2, M-2R, M-2S, M-2T, M-2U and M-2I",M-2U,,15,"February 25, 2045",0,
Declining Balances Tables,143,"Class M-2, M-2R, M-2S, M-2T, M-2U and M-2I",M-2U,,25,"February 25, 2045",0,
Declining Balances Tables,143,"Class M-2, M-2R, M-2S, M-2T, M-2U and M-2I",M-2U,,35,"February 25, 2045",0,
Declining Balances Tables,143,"Class M-2, M-2R, M-2S, M-2T, M-2U and M-2I",M-2I,,0,"February 25, 2045",34,
Declining Balances Tables,143,"Class M-2, M-2R, M-2S, M-2T, M-2U and M-2I",M-2I,,5,"February 25, 2045",0,
Declining Balances Tables,143,"Class M-2, M-2R, M-2S, M-2T, M-2U and M-2I",M-2I,,10,"February 25, 2045",0,
Declining Balances Tables,143,"Class M-2, M-2R, M-2S, M-2T, M-2U and M-2I",M-2I,,15,"February 25, 2045",0,
Declining Balances Tables,143,"Class M-2, M-2R, M-2S, M-2T, M-2U and M-2I",M-2I,,25,"February 25, 2045",0,
Declining Balances Tables,143,"Class M-2, M-2R, M-2S, M-2T, M-2U and M-2I",M-2I,,35,"February 25, 2045",0,
Declining Balances Tables,143,"Class M-2, M-2R, M-2S, M-2T, M-2U and M-2I",M-2,,0,"February 25, 2046",0,
Declining Balances Tables,143,"Class M-2, M-2R, M-2S, M-2T, M-2U and M-2I",M-2,,5,"February 25, 2046",0,
Declining Balances Tables,143,"Class M-2, M-2R, M-2S, M-2T, M-2U and M-2I",M-2,,10,"February 25, 2046",0,
Declining Balances Tables,143,"Class M-2, M-2R, M-2S, M-2T, M-2U and M-2I",M-2,,15,"February 25, 2046",0,
Declining Balances Tables,143,"Class M-2, M-2R, M-2S, M-2T, M-2U and M-2I",M-2,,25,"February 25, 2046",0,
Declining Balances Tables,143,"Class M-2, M-2R, M-2S, M-2T, M-2U and M-2I",M-2,,35,"February 25, 2046",0,
Declining Balances Tables,143,"Class M-2, M-2R, M-2S, M-2T, M-2U and M-2I",M-2R,,0,"February 25, 2046",0,
Declining Balances Tables,143,"Class M-2, M-2R, M-2S, M-2T, M-2U and M-2I",M-2R,,5,"February 25, 2046",0,
Declining Balances Tables,143,"Class M-2, M-2R, M-2S, M-2T, M-2U and M-2I",M-2R,,10,"February 25, 2046",0,
Declining Balances Tables,143,"Class M-2, M-2R, M-2S, M-2T, M-2U and M-2I",M-2R,,15,"February 25, 2046",0,
Declining Balances Tables,143,"Class M-2, M-2R, M-2S, M-2T, M-2U and M-2I",M-2R,,25,"February 25, 2046",0,
Declining Balances Tables,143,"Class M-2, M-2R, M-2S, M-2T, M-2U and M-2I",M-2R,,35,"February 25, 2046",0,
Declining Balances Tables,143,"Class M-2, M-2R, M-2S, M-2T, M-2U and M-2I",M-2S,,0,"February 25, 2046",0,
Declining Balances Tables,143,"Class M-2, M-2R, M-2S, M-2T, M-2U and M-2I",M-2S,,5,"February 25, 2046",0,
Declining Balances Tables,143,"Class M-2, M-2R, M-2S, M-2T, M-2U and M-2I",M-2S,,10,"February 25, 2046",0,
Declining Balances Tables,143,"Class M-2, M-2R, M-2S, M-2T, M-2U and M-2I",M-2S,,15,"February 25, 2046",0,
Declining Balances Tables,143,"Class M-2, M-2R, M-2S, M-2T, M-2U and M-2I",M-2S,,25,"February 25, 2046",0,
Declining Balances Tables,143,"Class M-2, M-2R, M-2S, M-2T, M-2U and M-2I",M-2S,,35,"February 25, 2046",0,
Declining Balances Tables,143,"Class M-2, M-2R, M-2S, M-2T, M-2U and M-2I",M-2T,,0,"February 25, 2046",0,
Declining Balances Tables,143,"Class M-2, M-2R, M-2S, M-2T, M-2U and M-2I",M-2T,,5,"February 25, 2046",0,
Declining Balances Tables,143,"Class M-2, M-2R, M-2S, M-2T, M-2U and M-2I",M-2T,,10,"February 25, 2046",0,
Declining Balances Tables,143,"Class M-2, M-2R, M-2S, M-2T, M-2U and M-2I",M-2T,,15,"February 25, 2046",0,
Declining Balances Tables,143,"Class M-2, M-2R, M-2S, M-2T, M-2U and M-2I",M-2T,,25,"February 25, 2046",0,
Declining Balances Tables,143,"Class M-2, M-2R, M-2S, M-2T, M-2U and M-2I",M-2T,,35,"February 25, 2046",0,
Declining Balances Tables,143,"Class M-2, M-2R, M-2S, M-2T, M-2U and M-2I",M-2U,,0,"February 25, 2046",0,
Declining Balances Tables,143,"Class M-2, M-2R, M-2S, M-2T, M-2U and M-2I",M-2U,,5,"February 25, 2046",0,
Declining Balances Tables,143,"Class M-2, M-2R, M-2S, M-2T, M-2U and M-2I",M-2U,,10,"February 25, 2046",0,
Declining Balances Tables,143,"Class M-2, M-2R, M-2S, M-2T, M-2U and M-2I",M-2U,,15,"February 25, 2046",0,
Declining Balances Tables,143,"Class M-2, M-2R, M-2S, M-2T, M-2U and M-2I",M-2U,,25,"February 25, 2046",0,
Declining Balances Tables,143,"Class M-2, M-2R, M-2S, M-2T, M-2U and M-2I",M-2U,,35,"February 25, 2046",0,
Declining Balances Tables,143,"Class M-2, M-2R, M-2S, M-2T, M-2U and M-2I",M-2I,,0,"February 25, 2046",0,
Declining Balances Tables,143,"Class M-2, M-2R, M-2S, M-2T, M-2U and M-2I",M-2I,,5,"February 25, 2046",0,
Declining Balances Tables,143,"Class M-2, M-2R, M-2S, M-2T, M-2U and M-2I",M-2I,,10,"February 25, 2046",0,
Declining Balances Tables,143,"Class M-2, M-2R, M-2S, M-2T, M-2U and M-2I",M-2I,,15,"February 25, 2046",0,
Declining Balances Tables,143,"Class M-2, M-2R, M-2S, M-2T, M-2U and M-2I",M-2I,,25,"February 25, 2046",0,
Declining Balances Tables,143,"Class M-2, M-2R, M-2S, M-2T, M-2U and M-2I",M-2I,,35,"February 25, 2046",0,
Declining Balances Tables,143,"Class M-2, M-2R, M-2S, M-2T, M-2U and M-2I",M-2,,0,Weighted Average Life (years) to Scheduled Maturity Date,,18.64
Declining Balances Tables,143,"Class M-2, M-2R, M-2S, M-2T, M-2U and M-2I",M-2,,5,Weighted Average Life (years) to Scheduled Maturity Date,,7.93
Declining Balances Tables,143,"Class M-2, M-2R, M-2S, M-2T, M-2U and M-2I",M-2,,10,Weighted Average Life (years) to Scheduled Maturity Date,,4.46
Declining Balances Tables,143,"Class M-2, M-2R, M-2S, M-2T, M-2U and M-2I",M-2,,15,Weighted Average Life (years) to Scheduled Maturity Date,,3.02
Declining Balances Tables,143,"Class M-2, M-2R, M-2S, M-2T, M-2U and M-2I",M-2,,25,Weighted Average Life (years) to Scheduled Maturity Date,,1.76
Declining Balances Tables,143,"Class M-2, M-2R, M-2S, M-2T, M-2U and M-2I",M-2,,35,Weighted Average Life (years) to Scheduled Maturity Date,,1.18
Declining Balances Tables,143,"Class M-2, M-2R, M-2S, M-2T, M-2U and M-2I",M-2R,,0,Weighted Average Life (years) to Scheduled Maturity Date,,18.64
Declining Balances Tables,143,"Class M-2, M-2R, M-2S, M-2T, M-2U and M-2I",M-2R,,5,Weighted Average Life (years) to Scheduled Maturity Date,,7.93
Declining Balances Tables,143,"Class M-2, M-2R, M-2S, M-2T, M-2U and M-2I",M-2R,,10,Weighted Average Life (years) to Scheduled Maturity Date,,4.46
Declining Balances Tables,143,"Class M-2, M-2R, M-2S, M-2T, M-2U and M-2I",M-2R,,15,Weighted Average Life (years) to Scheduled Maturity Date,,3.02
Declining Balances Tables,143,"Class M-2, M-2R, M-2S, M-2T, M-2U and M-2I",M-2R,,25,Weighted Average Life (years) to Scheduled Maturity Date,,1.76
Declining Balances Tables,143,"Class M-2, M-2R, M-2S, M-2T, M-2U and M-2I",M-2R,,35,Weighted Average Life (years) to Scheduled Maturity Date,,1.18
Declining Balances Tables,143,"Class M-2, M-2R, M-2S, M-2T, M-2U and M-2I",M-2S,,0,Weighted Average Life (years) to Scheduled Maturity Date,,18.64
Declining Balances Tables,143,"Class M-2, M-2R, M-2S, M-2T, M-2U and M-2I",M-2S,,5,Weighted Average Life (years) to Scheduled Maturity Date,,7.93
Declining Balances Tables,143,"Class M-2, M-2R, M-2S, M-2T, M-2U and M-2I",M-2S,,10,Weighted Average Life (years) to Scheduled Maturity Date,,4.46
Declining Balances Tables,143,"Class M-2, M-2R, M-2S, M-2T, M-2U and M-2I",M-2S,,15,Weighted Average Life (years) to Scheduled Maturity Date,,3.02
Declining Balances Tables,143,"Class M-2, M-2R, M-2S, M-2T, M-2U and M-2I",M-2S,,25,Weighted Average Life (years) to Scheduled Maturity Date,,1.76
Declining Balances Tables,143,"Class M-2, M-2R, M-2S, M-2T, M-2U and M-2I",M-2S,,35,Weighted Average Life (years) to Scheduled Maturity Date,,1.18
Declining Balances Tables,143,"Class M-2, M-2R, M-2S, M-2T, M-2U and M-2I",M-2T,,0,Weighted Average Life (years) to Scheduled Maturity Date,,18.64
Declining Balances Tables,143,"Class M-2, M-2R, M-2S, M-2T, M-2U and M-2I",M-2T,,5,Weighted Average Life (years) to Scheduled Maturity Date,,7.93
Declining Balances Tables,143,"Class M-2, M-2R, M-2S, M-2T, M-2U and M-2I",M-2T,,10,Weighted Average Life (years) to Scheduled Maturity Date,,4.46
Declining Balances Tables,143,"Class M-2, M-2R, M-2S, M-2T, M-2U and M-2I",M-2T,,15,Weighted Average Life (years) to Scheduled Maturity Date,,3.02
Declining Balances Tables,143,"Class M-2, M-2R, M-2S, M-2T, M-2U and M-2I",M-2T,,25,Weighted Average Life (years) to Scheduled Maturity Date,,1.76
Declining Balances Tables,143,"Class M-2, M-2R, M-2S, M-2T, M-2U and M-2I",M-2T,,35,Weighted Average Life (years) to Scheduled Maturity Date,,1.18
Declining Balances Tables,143,"Class M-2, M-2R, M-2S, M-2T, M-2U and M-2I",M-2U,,0,Weighted Average Life (years) to Scheduled Maturity Date,,18.64
Declining Balances Tables,143,"Class M-2, M-2R, M-2S, M-2T, M-2U and M-2I",M-2U,,5,Weighted Average Life (years) to Scheduled Maturity Date,,7.93
Declining Balances Tables,143,"Class M-2, M-2R, M-2S, M-2T, M-2U and M-2I",M-2U,,10,Weighted Average Life (years) to Scheduled Maturity Date,,4.46
Declining Balances Tables,143,"Class M-2, M-2R, M-2S, M-2T, M-2U and M-2I",M-2U,,15,Weighted Average Life (years) to Scheduled Maturity Date,,3.02
Declining Balances Tables,143,"Class M-2, M-2R, M-2S, M-2T, M-2U and M-2I",M-2U,,25,Weighted Average Life (years) to Scheduled Maturity Date,,1.76
Declining Balances Tables,143,"Class M-2, M-2R, M-2S, M-2T, M-2U and M-2I",M-2U,,35,Weighted Average Life (years) to Scheduled Maturity Date,,1.18
Declining Balances Tables,143,"Class M-2, M-2R, M-2S, M-2T, M-2U and M-2I",M-2I,,0,Weighted Average Life (years) to Scheduled Maturity Date,,18.64
Declining Balances Tables,143,"Class M-2, M-2R, M-2S, M-2T, M-2U and M-2I",M-2I,,5,Weighted Average Life (years) to Scheduled Maturity Date,,7.93
Declining Balances Tables,143,"Class M-2, M-2R, M-2S, M-2T, M-2U and M-2I",M-2I,,10,Weighted Average Life (years) to Scheduled Maturity Date,,4.46
Declining Balances Tables,143,"Class M-2, M-2R, M-2S, M-2T, M-2U and M-2I",M-2I,,15,Weighted Average Life (years) to Scheduled Maturity Date,,3.02
Declining Balances Tables,143,"Class M-2, M-2R, M-2S, M-2T, M-2U and M-2I",M-2I,,25,Weighted Average Life (years) to Scheduled Maturity Date,,1.76
Declining Balances Tables,143,"Class M-2, M-2R, M-2S, M-2T, M-2U and M-2I",M-2I,,35,Weighted Average Life (years) to Scheduled Maturity Date,,1.18
Declining Balances Tables,143,"Class M-2, M-2R, M-2S, M-2T, M-2U and M-2I",M-2,,0,Weighted Average Life (years) to Early Redemption Date**,,5.02
Declining Balances Tables,143,"Class M-2, M-2R, M-2S, M-2T, M-2U and M-2I",M-2,,5,Weighted Average Life (years) to Early Redemption Date**,,5.02
Declining Balances Tables,143,"Class M-2, M-2R, M-2S, M-2T, M-2U and M-2I",M-2,,10,Weighted Average Life (years) to Early Redemption Date**,,4.45
Declining Balances Tables,143,"Class M-2, M-2R, M-2S, M-2T, M-2U and M-2I",M-2,,15,Weighted Average Life (years) to Early Redemption Date**,,3.02
Declining Balances Tables,143,"Class M-2, M-2R, M-2S, M-2T, M-2U and M-2I",M-2,,25,Weighted Average Life (years) to Early Redemption Date**,,1.76
Declining Balances Tables,143,"Class M-2, M-2R, M-2S, M-2T, M-2U and M-2I",M-2,,35,Weighted Average Life (years) to Early Redemption Date**,,1.18
Declining Balances Tables,143,"Class M-2, M-2R, M-2S, M-2T, M-2U and M-2I",M-2R,,0,Weighted Average Life (years) to Early Redemption Date**,,5.02
Declining Balances Tables,143,"Class M-2, M-2R, M-2S, M-2T, M-2U and M-2I",M-2R,,5,Weighted Average Life (years) to Early Redemption Date**,,5.02
Declining Balances Tables,143,"Class M-2, M-2R, M-2S, M-2T, M-2U and M-2I",M-2R,,10,Weighted Average Life (years) to Early Redemption Date**,,4.45
Declining Balances Tables,143,"Class M-2, M-2R, M-2S, M-2T, M-2U and M-2I",M-2R,,15,Weighted Average Life (years) to Early Redemption Date**,,3.02
Declining Balances Tables,143,"Class M-2, M-2R, M-2S, M-2T, M-2U and M-2I",M-2R,,25,Weighted Average Life (years) to Early Redemption Date**,,1.76
Declining Balances Tables,143,"Class M-2, M-2R, M-2S, M-2T, M-2U and M-2I",M-2R,,35,Weighted Average Life (years) to Early Redemption Date**,,1.18
Declining Balances Tables,143,"Class M-2, M-2R, M-2S, M-2T, M-2U and M-2I",M-2S,,0,Weighted Average Life (years) to Early Redemption Date**,,5.02
Declining Balances Tables,143,"Class M-2, M-2R, M-2S, M-2T, M-2U and M-2I",M-2S,,5,Weighted Average Life (years) to Early Redemption Date**,,5.02
Declining Balances Tables,143,"Class M-2, M-2R, M-2S, M-2T, M-2U and M-2I",M-2S,,10,Weighted Average Life (years) to Early Redemption Date**,,4.45
Declining Balances Tables,143,"Class M-2, M-2R, M-2S, M-2T, M-2U and M-2I",M-2S,,15,Weighted Average Life (years) to Early Redemption Date**,,3.02
Declining Balances Tables,143,"Class M-2, M-2R, M-2S, M-2T, M-2U and M-2I",M-2S,,25,Weighted Average Life (years) to Early Redemption Date**,,1.76
Declining Balances Tables,143,"Class M-2, M-2R, M-2S, M-2T, M-2U and M-2I",M-2S,,35,Weighted Average Life (years) to Early Redemption Date**,,1.18
Declining Balances Tables,143,"Class M-2, M-2R, M-2S, M-2T, M-2U and M-2I",M-2T,,0,Weighted Average Life (years) to Early Redemption Date**,,5.02
Declining Balances Tables,143,"Class M-2, M-2R, M-2S, M-2T, M-2U and M-2I",M-2T,,5,Weighted Average Life (years) to Early Redemption Date**,,5.02
Declining Balances Tables,143,"Class M-2, M-2R, M-2S, M-2T, M-2U and M-2I",M-2T,,10,Weighted Average Life (years) to Early Redemption Date**,,4.45
Declining Balances Tables,143,"Class M-2, M-2R, M-2S, M-2T, M-2U and M-2I",M-2T,,15,Weighted Average Life (years) to Early Redemption Date**,,3.02
Declining Balances Tables,143,"Class M-2, M-2R, M-2S, M-2T, M-2U and M-2I",M-2T,,25,Weighted Average Life (years) to Early Redemption Date**,,1.76
Declining Balances Tables,143,"Class M-2, M-2R, M-2S, M-2T, M-2U and M-2I",M-2T,,35,Weighted Average Life (years) to Early Redemption Date**,,1.18
Declining Balances Tables,143,"Class M-2, M-2R, M-2S, M-2T, M-2U and M-2I",M-2U,,0,Weighted Average Life (years) to Early Redemption Date**,,5.02
Declining Balances Tables,143,"Class M-2, M-2R, M-2S, M-2T, M-2U and M-2I",M-2U,,5,Weighted Average Life (years) to Early Redemption Date**,,5.02
Declining Balances Tables,143,"Class M-2, M-2R, M-2S, M-2T, M-2U and M-2I",M-2U,,10,Weighted Average Life (years) to Early Redemption Date**,,4.45
Declining Balances Tables,143,"Class M-2, M-2R, M-2S, M-2T, M-2U and M-2I",M-2U,,15,Weighted Average Life (years) to Early Redemption Date**,,3.02
Declining Balances Tables,143,"Class M-2, M-2R, M-2S, M-2T, M-2U and M-2I",M-2U,,25,Weighted Average Life (years) to Early Redemption Date**,,1.76
Declining Balances Tables,143,"Class M-2, M-2R, M-2S, M-2T, M-2U and M-2I",M-2U,,35,Weighted Average Life (years) to Early Redemption Date**,,1.18
Declining Balances Tables,143,"Class M-2, M-2R, M-2S, M-2T, M-2U and M-2I",M-2I,,0,Weighted Average Life (years) to Early Redemption Date**,,5.02
Declining Balances Tables,143,"Class M-2, M-2R, M-2S, M-2T, M-2U and M-2I",M-2I,,5,Weighted Average Life (years) to Early Redemption Date**,,5.02
Declining Balances Tables,143,"Class M-2, M-2R, M-2S, M-2T, M-2U and M-2I",M-2I,,10,Weighted Average Life (years) to Early Redemption Date**,,4.45
Declining Balances Tables,143,"Class M-2, M-2R, M-2S, M-2T, M-2U and M-2I",M-2I,,15,Weighted Average Life (years) to Early Redemption Date**,,3.02
Declining Balances Tables,143,"Class M-2, M-2R, M-2S, M-2T, M-2U and M-2I",M-2I,,25,Weighted Average Life (years) to Early Redemption Date**,,1.76
Declining Balances Tables,143,"Class M-2, M-2R, M-2S, M-2T, M-2U and M-2I",M-2I,,35,Weighted Average Life (years) to Early Redemption Date**,,1.18
Declining Balances Tables,144,"Class M-2A, M-2AR, M-2AS, M-2AT, M-2AU and M-2AI",M-2A,,0,Closing Date,100,
Declining Balances Tables,144,"Class M-2A, M-2AR, M-2AS, M-2AT, M-2AU and M-2AI",M-2A,,5,Closing Date,100,
Declining Balances Tables,144,"Class M-2A, M-2AR, M-2AS, M-2AT, M-2AU and M-2AI",M-2A,,10,Closing Date,100,
Declining Balances Tables,144,"Class M-2A, M-2AR, M-2AS, M-2AT, M-2AU and M-2AI",M-2A,,15,Closing Date,100,
Declining Balances Tables,144,"Class M-2A, M-2AR, M-2AS, M-2AT, M-2AU and M-2AI",M-2A,,25,Closing Date,100,
Declining Balances Tables,144,"Class M-2A, M-2AR, M-2AS, M-2AT, M-2AU and M-2AI",M-2A,,35,Closing Date,100,
Declining Balances Tables,144,"Class M-2A, M-2AR, M-2AS, M-2AT, M-2AU and M-2AI",M-2AR,,0,Closing Date,100,
Declining Balances Tables,144,"Class M-2A, M-2AR, M-2AS, M-2AT, M-2AU and M-2AI",M-2AR,,5,Closing Date,100,
Declining Balances Tables,144,"Class M-2A, M-2AR, M-2AS, M-2AT, M-2AU and M-2AI",M-2AR,,10,Closing Date,100,
Declining Balances Tables,144,"Class M-2A, M-2AR, M-2AS, M-2AT, M-2AU and M-2AI",M-2AR,,15,Closing Date,100,
Declining Balances Tables,144,"Class M-2A, M-2AR, M-2AS, M-2AT, M-2AU and M-2AI",M-2AR,,25,Closing Date,100,
Declining Balances Tables,144,"Class M-2A, M-2AR, M-2AS, M-2AT, M-2AU and M-2AI",M-2AR,,35,Closing Date,100,
Declining Balances Tables,144,"Class M-2A, M-2AR, M-2AS, M-2AT, M-2AU and M-2AI",M-2AS,,0,Closing Date,100,
Declining Balances Tables,144,"Class M-2A, M-2AR, M-2AS, M-2AT, M-2AU and M-2AI",M-2AS,,5,Closing Date,100,
Declining Balances Tables,144,"Class M-2A, M-2AR, M-2AS, M-2AT, M-2AU and M-2AI",M-2AS,,10,Closing Date,100,
Declining Balances Tables,144,"Class M-2A, M-2AR, M-2AS, M-2AT, M-2AU and M-2AI",M-2AS,,15,Closing Date,100,
Declining Balances Tables,144,"Class M-2A, M-2AR, M-2AS, M-2AT, M-2AU and M-2AI",M-2AS,,25,Closing Date,100,
Declining Balances Tables,144,"Class M-2A, M-2AR, M-2AS, M-2AT, M-2AU and M-2AI",M-2AS,,35,Closing Date,100,
Declining Balances Tables,144,"Class M-2A, M-2AR, M-2AS, M-2AT, M-2AU and M-2AI",M-2AT,,0,Closing Date,100,
Declining Balances Tables,144,"Class M-2A, M-2AR, M-2AS, M-2AT, M-2AU and M-2AI",M-2AT,,5,Closing Date,100,
Declining Balances Tables,144,"Class M-2A, M-2AR, M-2AS, M-2AT, M-2AU and M-2AI",M-2AT,,10,Closing Date,100,
Declining Balances Tables,144,"Class M-2A, M-2AR, M-2AS, M-2AT, M-2AU and M-2AI",M-2AT,,15,Closing Date,100,
Declining Balances Tables,144,"Class M-2A, M-2AR, M-2AS, M-2AT, M-2AU and M-2AI",M-2AT,,25,Closing Date,100,
Declining Balances Tables,144,"Class M-2A, M-2AR, M-2AS, M-2AT, M-2AU and M-2AI",M-2AT,,35,Closing Date,100,
Declining Balances Tables,144,"Class M-2A, M-2AR, M-2AS, M-2AT, M-2AU and M-2AI",M-2AU,,0,Closing Date,100,
Declining Balances Tables,144,"Class M-2A, M-2AR, M-2AS, M-2AT, M-2AU and M-2AI",M-2AU,,5,Closing Date,100,
Declining Balances Tables,144,"Class M-2A, M-2AR, M-2AS, M-2AT, M-2AU and M-2AI",M-2AU,,10,Closing Date,100,
Declining Balances Tables,144,"Class M-2A, M-2AR, M-2AS, M-2AT, M-2AU and M-2AI",M-2AU,,15,Closing Date,100,
Declining Balances Tables,144,"Class M-2A, M-2AR, M-2AS, M-2AT, M-2AU and M-2AI",M-2AU,,25,Closing Date,100,
Declining Balances Tables,144,"Class M-2A, M-2AR, M-2AS, M-2AT, M-2AU and M-2AI",M-2AU,,35,Closing Date,100,
Declining Balances Tables,144,"Class M-2A, M-2AR, M-2AS, M-2AT, M-2AU and M-2AI",M-2AI,,0,Closing Date,100,
Declining Balances Tables,144,"Class M-2A, M-2AR, M-2AS, M-2AT, M-2AU and M-2AI",M-2AI,,5,Closing Date,100,
Declining Balances Tables,144,"Class M-2A, M-2AR, M-2AS, M-2AT, M-2AU and M-2AI",M-2AI,,10,Closing Date,100,
Declining Balances Tables,144,"Class M-2A, M-2AR, M-2AS, M-2AT, M-2AU and M-2AI",M-2AI,,15,Closing Date,100,
Declining Balances Tables,144,"Class M-2A, M-2AR, M-2AS, M-2AT, M-2AU and M-2AI",M-2AI,,25,Closing Date,100,
Declining Balances Tables,144,"Class M-2A, M-2AR, M-2AS, M-2AT, M-2AU and M-2AI",M-2AI,,35,Closing Date,100,
Declining Balances Tables,144,"Class M-2A, M-2AR, M-2AS, M-2AT, M-2AU and M-2AI",M-2A,,0,"February 25, 2027",100,
Declining Balances Tables,144,"Class M-2A, M-2AR, M-2AS, M-2AT, M-2AU and M-2AI",M-2A,,5,"February 25, 2027",100,
Declining Balances Tables,144,"Class M-2A, M-2AR, M-2AS, M-2AT, M-2AU and M-2AI",M-2A,,10,"February 25, 2027",100,
Declining Balances Tables,144,"Class M-2A, M-2AR, M-2AS, M-2AT, M-2AU and M-2AI",M-2A,,15,"February 25, 2027",100,
Declining Balances Tables,144,"Class M-2A, M-2AR, M-2AS, M-2AT, M-2AU and M-2AI",M-2A,,25,"February 25, 2027",100,
Declining Balances Tables,144,"Class M-2A, M-2AR, M-2AS, M-2AT, M-2AU and M-2AI",M-2A,,35,"February 25, 2027",62,
Declining Balances Tables,144,"Class M-2A, M-2AR, M-2AS, M-2AT, M-2AU and M-2AI",M-2AR,,0,"February 25, 2027",100,
Declining Balances Tables,144,"Class M-2A, M-2AR, M-2AS, M-2AT, M-2AU and M-2AI",M-2AR,,5,"February 25, 2027",100,
Declining Balances Tables,144,"Class M-2A, M-2AR, M-2AS, M-2AT, M-2AU and M-2AI",M-2AR,,10,"February 25, 2027",100,
Declining Balances Tables,144,"Class M-2A, M-2AR, M-2AS, M-2AT, M-2AU and M-2AI",M-2AR,,15,"February 25, 2027",100,
Declining Balances Tables,144,"Class M-2A, M-2AR, M-2AS, M-2AT, M-2AU and M-2AI",M-2AR,,25,"February 25, 2027",100,
Declining Balances Tables,144,"Class M-2A, M-2AR, M-2AS, M-2AT, M-2AU and M-2AI",M-2AR,,35,"February 25, 2027",62,
Declining Balances Tables,144,"Class M-2A, M-2AR, M-2AS, M-2AT, M-2AU and M-2AI",M-2AS,,0,"February 25, 2027",100,
Declining Balances Tables,144,"Class M-2A, M-2AR, M-2AS, M-2AT, M-2AU and M-2AI",M-2AS,,5,"February 25, 2027",100,
Declining Balances Tables,144,"Class M-2A, M-2AR, M-2AS, M-2AT, M-2AU and M-2AI",M-2AS,,10,"February 25, 2027",100,
Declining Balances Tables,144,"Class M-2A, M-2AR, M-2AS, M-2AT, M-2AU and M-2AI",M-2AS,,15,"February 25, 2027",100,
Declining Balances Tables,144,"Class M-2A, M-2AR, M-2AS, M-2AT, M-2AU and M-2AI",M-2AS,,25,"February 25, 2027",100,
Declining Balances Tables,144,"Class M-2A, M-2AR, M-2AS, M-2AT, M-2AU and M-2AI",M-2AS,,35,"February 25, 2027",62,
Declining Balances Tables,144,"Class M-2A, M-2AR, M-2AS, M-2AT, M-2AU and M-2AI",M-2AT,,0,"February 25, 2027",100,
Declining Balances Tables,144,"Class M-2A, M-2AR, M-2AS, M-2AT, M-2AU and M-2AI",M-2AT,,5,"February 25, 2027",100,
Declining Balances Tables,144,"Class M-2A, M-2AR, M-2AS, M-2AT, M-2AU and M-2AI",M-2AT,,10,"February 25, 2027",100,
Declining Balances Tables,144,"Class M-2A, M-2AR, M-2AS, M-2AT, M-2AU and M-2AI",M-2AT,,15,"February 25, 2027",100,
Declining Balances Tables,144,"Class M-2A, M-2AR, M-2AS, M-2AT, M-2AU and M-2AI",M-2AT,,25,"February 25, 2027",100,
Declining Balances Tables,144,"Class M-2A, M-2AR, M-2AS, M-2AT, M-2AU and M-2AI",M-2AT,,35,"February 25, 2027",62,
Declining Balances Tables,144,"Class M-2A, M-2AR, M-2AS, M-2AT, M-2AU and M-2AI",M-2AU,,0,"February 25, 2027",100,
Declining Balances Tables,144,"Class M-2A, M-2AR, M-2AS, M-2AT, M-2AU and M-2AI",M-2AU,,5,"February 25, 2027",100,
Declining Balances Tables,144,"Class M-2A, M-2AR, M-2AS, M-2AT, M-2AU and M-2AI",M-2AU,,10,"February 25, 2027",100,
Declining Balances Tables,144,"Class M-2A, M-2AR, M-2AS, M-2AT, M-2AU and M-2AI",M-2AU,,15,"February 25, 2027",100,
Declining Balances Tables,144,"Class M-2A, M-2AR, M-2AS, M-2AT, M-2AU and M-2AI",M-2AU,,25,"February 25, 2027",100,
Declining Balances Tables,144,"Class M-2A, M-2AR, M-2AS, M-2AT, M-2AU and M-2AI",M-2AU,,35,"February 25, 2027",62,
Declining Balances Tables,144,"Class M-2A, M-2AR, M-2AS, M-2AT, M-2AU and M-2AI",M-2AI,,0,"February 25, 2027",100,
Declining Balances Tables,144,"Class M-2A, M-2AR, M-2AS, M-2AT, M-2AU and M-2AI",M-2AI,,5,"February 25, 2027",100,
Declining Balances Tables,144,"Class M-2A, M-2AR, M-2AS, M-2AT, M-2AU and M-2AI",M-2AI,,10,"February 25, 2027",100,
Declining Balances Tables,144,"Class M-2A, M-2AR, M-2AS, M-2AT, M-2AU and M-2AI",M-2AI,,15,"February 25, 2027",100,
Declining Balances Tables,144,"Class M-2A, M-2AR, M-2AS, M-2AT, M-2AU and M-2AI",M-2AI,,25,"February 25, 2027",100,
Declining Balances Tables,144,"Class M-2A, M-2AR, M-2AS, M-2AT, M-2AU and M-2AI",M-2AI,,35,"February 25, 2027",62,
Declining Balances Tables,144,"Class M-2A, M-2AR, M-2AS, M-2AT, M-2AU and M-2AI",M-2A,,0,"February 25, 2028",100,
Declining Balances Tables,144,"Class M-2A, M-2AR, M-2AS, M-2AT, M-2AU and M-2AI",M-2A,,5,"February 25, 2028",100,
Declining Balances Tables,144,"Class M-2A, M-2AR, M-2AS, M-2AT, M-2AU and M-2AI",M-2A,,10,"February 25, 2028",100,
Declining Balances Tables,144,"Class M-2A, M-2AR, M-2AS, M-2AT, M-2AU and M-2AI",M-2A,,15,"February 25, 2028",100,
Declining Balances Tables,144,"Class M-2A, M-2AR, M-2AS, M-2AT, M-2AU and M-2AI",M-2A,,25,"February 25, 2028",0,
Declining Balances Tables,144,"Class M-2A, M-2AR, M-2AS, M-2AT, M-2AU and M-2AI",M-2A,,35,"February 25, 2028",0,
Declining Balances Tables,144,"Class M-2A, M-2AR, M-2AS, M-2AT, M-2AU and M-2AI",M-2AR,,0,"February 25, 2028",100,
Declining Balances Tables,144,"Class M-2A, M-2AR, M-2AS, M-2AT, M-2AU and M-2AI",M-2AR,,5,"February 25, 2028",100,
Declining Balances Tables,144,"Class M-2A, M-2AR, M-2AS, M-2AT, M-2AU and M-2AI",M-2AR,,10,"February 25, 2028",100,
Declining Balances Tables,144,"Class M-2A, M-2AR, M-2AS, M-2AT, M-2AU and M-2AI",M-2AR,,15,"February 25, 2028",100,
Declining Balances Tables,144,"Class M-2A, M-2AR, M-2AS, M-2AT, M-2AU and M-2AI",M-2AR,,25,"February 25, 2028",0,
Declining Balances Tables,144,"Class M-2A, M-2AR, M-2AS, M-2AT, M-2AU and M-2AI",M-2AR,,35,"February 25, 2028",0,
Declining Balances Tables,144,"Class M-2A, M-2AR, M-2AS, M-2AT, M-2AU and M-2AI",M-2AS,,0,"February 25, 2028",100,
Declining Balances Tables,144,"Class M-2A, M-2AR, M-2AS, M-2AT, M-2AU and M-2AI",M-2AS,,5,"February 25, 2028",100,
Declining Balances Tables,144,"Class M-2A, M-2AR, M-2AS, M-2AT, M-2AU and M-2AI",M-2AS,,10,"February 25, 2028",100,
Declining Balances Tables,144,"Class M-2A, M-2AR, M-2AS, M-2AT, M-2AU and M-2AI",M-2AS,,15,"February 25, 2028",100,
Declining Balances Tables,144,"Class M-2A, M-2AR, M-2AS, M-2AT, M-2AU and M-2AI",M-2AS,,25,"February 25, 2028",0,
Declining Balances Tables,144,"Class M-2A, M-2AR, M-2AS, M-2AT, M-2AU and M-2AI",M-2AS,,35,"February 25, 2028",0,
Declining Balances Tables,144,"Class M-2A, M-2AR, M-2AS, M-2AT, M-2AU and M-2AI",M-2AT,,0,"February 25, 2028",100,
Declining Balances Tables,144,"Class M-2A, M-2AR, M-2AS, M-2AT, M-2AU and M-2AI",M-2AT,,5,"February 25, 2028",100,
Declining Balances Tables,144,"Class M-2A, M-2AR, M-2AS, M-2AT, M-2AU and M-2AI",M-2AT,,10,"February 25, 2028",100,
Declining Balances Tables,144,"Class M-2A, M-2AR, M-2AS, M-2AT, M-2AU and M-2AI",M-2AT,,15,"February 25, 2028",100,
Declining Balances Tables,144,"Class M-2A, M-2AR, M-2AS, M-2AT, M-2AU and M-2AI",M-2AT,,25,"February 25, 2028",0,
Declining Balances Tables,144,"Class M-2A, M-2AR, M-2AS, M-2AT, M-2AU and M-2AI",M-2AT,,35,"February 25, 2028",0,
Declining Balances Tables,144,"Class M-2A, M-2AR, M-2AS, M-2AT, M-2AU and M-2AI",M-2AU,,0,"February 25, 2028",100,
Declining Balances Tables,144,"Class M-2A, M-2AR, M-2AS, M-2AT, M-2AU and M-2AI",M-2AU,,5,"February 25, 2028",100,
Declining Balances Tables,144,"Class M-2A, M-2AR, M-2AS, M-2AT, M-2AU and M-2AI",M-2AU,,10,"February 25, 2028",100,
Declining Balances Tables,144,"Class M-2A, M-2AR, M-2AS, M-2AT, M-2AU and M-2AI",M-2AU,,15,"February 25, 2028",100,
Declining Balances Tables,144,"Class M-2A, M-2AR, M-2AS, M-2AT, M-2AU and M-2AI",M-2AU,,25,"February 25, 2028",0,
Declining Balances Tables,144,"Class M-2A, M-2AR, M-2AS, M-2AT, M-2AU and M-2AI",M-2AU,,35,"February 25, 2028",0,
Declining Balances Tables,144,"Class M-2A, M-2AR, M-2AS, M-2AT, M-2AU and M-2AI",M-2AI,,0,"February 25, 2028",100,
Declining Balances Tables,144,"Class M-2A, M-2AR, M-2AS, M-2AT, M-2AU and M-2AI",M-2AI,,5,"February 25, 2028",100,
Declining Balances Tables,144,"Class M-2A, M-2AR, M-2AS, M-2AT, M-2AU and M-2AI",M-2AI,,10,"February 25, 2028",100,
Declining Balances Tables,144,"Class M-2A, M-2AR, M-2AS, M-2AT, M-2AU and M-2AI",M-2AI,,15,"February 25, 2028",100,
Declining Balances Tables,144,"Class M-2A, M-2AR, M-2AS, M-2AT, M-2AU and M-2AI",M-2AI,,25,"February 25, 2028",0,
Declining Balances Tables,144,"Class M-2A, M-2AR, M-2AS, M-2AT, M-2AU and M-2AI",M-2AI,,35,"February 25, 2028",0,
Declining Balances Tables,144,"Class M-2A, M-2AR, M-2AS, M-2AT, M-2AU and M-2AI",M-2A,,0,"February 25, 2029",100,
Declining Balances Tables,144,"Class M-2A, M-2AR, M-2AS, M-2AT, M-2AU and M-2AI",M-2A,,5,"February 25, 2029",100,
Declining Balances Tables,144,"Class M-2A, M-2AR, M-2AS, M-2AT, M-2AU and M-2AI",M-2A,,10,"February 25, 2029",100,
Declining Balances Tables,144,"Class M-2A, M-2AR, M-2AS, M-2AT, M-2AU and M-2AI",M-2A,,15,"February 25, 2029",0,
Declining Balances Tables,144,"Class M-2A, M-2AR, M-2AS, M-2AT, M-2AU and M-2AI",M-2A,,25,"February 25, 2029",0,
Declining Balances Tables,144,"Class M-2A, M-2AR, M-2AS, M-2AT, M-2AU and M-2AI",M-2A,,35,"February 25, 2029",0,
Declining Balances Tables,144,"Class M-2A, M-2AR, M-2AS, M-2AT, M-2AU and M-2AI",M-2AR,,0,"February 25, 2029",100,
Declining Balances Tables,144,"Class M-2A, M-2AR, M-2AS, M-2AT, M-2AU and M-2AI",M-2AR,,5,"February 25, 2029",100,
Declining Balances Tables,144,"Class M-2A, M-2AR, M-2AS, M-2AT, M-2AU and M-2AI",M-2AR,,10,"February 25, 2029",100,
Declining Balances Tables,144,"Class M-2A, M-2AR, M-2AS, M-2AT, M-2AU and M-2AI",M-2AR,,15,"February 25, 2029",0,
Declining Balances Tables,144,"Class M-2A, M-2AR, M-2AS, M-2AT, M-2AU and M-2AI",M-2AR,,25,"February 25, 2029",0,
Declining Balances Tables,144,"Class M-2A, M-2AR, M-2AS, M-2AT, M-2AU and M-2AI",M-2AR,,35,"February 25, 2029",0,
Declining Balances Tables,144,"Class M-2A, M-2AR, M-2AS, M-2AT, M-2AU and M-2AI",M-2AS,,0,"February 25, 2029",100,
Declining Balances Tables,144,"Class M-2A, M-2AR, M-2AS, M-2AT, M-2AU and M-2AI",M-2AS,,5,"February 25, 2029",100,
Declining Balances Tables,144,"Class M-2A, M-2AR, M-2AS, M-2AT, M-2AU and M-2AI",M-2AS,,10,"February 25, 2029",100,
Declining Balances Tables,144,"Class M-2A, M-2AR, M-2AS, M-2AT, M-2AU and M-2AI",M-2AS,,15,"February 25, 2029",0,
Declining Balances Tables,144,"Class M-2A, M-2AR, M-2AS, M-2AT, M-2AU and M-2AI",M-2AS,,25,"February 25, 2029",0,
Declining Balances Tables,144,"Class M-2A, M-2AR, M-2AS, M-2AT, M-2AU and M-2AI",M-2AS,,35,"February 25, 2029",0,
Declining Balances Tables,144,"Class M-2A, M-2AR, M-2AS, M-2AT, M-2AU and M-2AI",M-2AT,,0,"February 25, 2029",100,
Declining Balances Tables,144,"Class M-2A, M-2AR, M-2AS, M-2AT, M-2AU and M-2AI",M-2AT,,5,"February 25, 2029",100,
Declining Balances Tables,144,"Class M-2A, M-2AR, M-2AS, M-2AT, M-2AU and M-2AI",M-2AT,,10,"February 25, 2029",100,
Declining Balances Tables,144,"Class M-2A, M-2AR, M-2AS, M-2AT, M-2AU and M-2AI",M-2AT,,15,"February 25, 2029",0,
Declining Balances Tables,144,"Class M-2A, M-2AR, M-2AS, M-2AT, M-2AU and M-2AI",M-2AT,,25,"February 25, 2029",0,
Declining Balances Tables,144,"Class M-2A, M-2AR, M-2AS, M-2AT, M-2AU and M-2AI",M-2AT,,35,"February 25, 2029",0,
Declining Balances Tables,144,"Class M-2A, M-2AR, M-2AS, M-2AT, M-2AU and M-2AI",M-2AU,,0,"February 25, 2029",100,
Declining Balances Tables,144,"Class M-2A, M-2AR, M-2AS, M-2AT, M-2AU and M-2AI",M-2AU,,5,"February 25, 2029",100,
Declining Balances Tables,144,"Class M-2A, M-2AR, M-2AS, M-2AT, M-2AU and M-2AI",M-2AU,,10,"February 25, 2029",100,
Declining Balances Tables,144,"Class M-2A, M-2AR, M-2AS, M-2AT, M-2AU and M-2AI",M-2AU,,15,"February 25, 2029",0,
Declining Balances Tables,144,"Class M-2A, M-2AR, M-2AS, M-2AT, M-2AU and M-2AI",M-2AU,,25,"February 25, 2029",0,
Declining Balances Tables,144,"Class M-2A, M-2AR, M-2AS, M-2AT, M-2AU and M-2AI",M-2AU,,35,"February 25, 2029",0,
Declining Balances Tables,144,"Class M-2A, M-2AR, M-2AS, M-2AT, M-2AU and M-2AI",M-2AI,,0,"February 25, 2029",100,
Declining Balances Tables,144,"Class M-2A, M-2AR, M-2AS, M-2AT, M-2AU and M-2AI",M-2AI,,5,"February 25, 2029",100,
Declining Balances Tables,144,"Class M-2A, M-2AR, M-2AS, M-2AT, M-2AU and M-2AI",M-2AI,,10,"February 25, 2029",100,
Declining Balances Tables,144,"Class M-2A, M-2AR, M-2AS, M-2AT, M-2AU and M-2AI",M-2AI,,15,"February 25, 2029",0,
Declining Balances Tables,144,"Class M-2A, M-2AR, M-2AS, M-2AT, M-2AU and M-2AI",M-2AI,,25,"February 25, 2029",0,
Declining Balances Tables,144,"Class M-2A, M-2AR, M-2AS, M-2AT, M-2AU and M-2AI",M-2AI,,35,"February 25, 2029",0,
Declining Balances Tables,144,"Class M-2A, M-2AR, M-2AS, M-2AT, M-2AU and M-2AI",M-2A,,0,"February 25, 2030",100,
Declining Balances Tables,144,"Class M-2A, M-2AR, M-2AS, M-2AT, M-2AU and M-2AI",M-2A,,5,"February 25, 2030",100,
Declining Balances Tables,144,"Class M-2A, M-2AR, M-2AS, M-2AT, M-2AU and M-2AI",M-2A,,10,"February 25, 2030",57,
Declining Balances Tables,144,"Class M-2A, M-2AR, M-2AS, M-2AT, M-2AU and M-2AI",M-2A,,15,"February 25, 2030",0,
Declining Balances Tables,144,"Class M-2A, M-2AR, M-2AS, M-2AT, M-2AU and M-2AI",M-2A,,25,"February 25, 2030",0,
Declining Balances Tables,144,"Class M-2A, M-2AR, M-2AS, M-2AT, M-2AU and M-2AI",M-2A,,35,"February 25, 2030",0,
Declining Balances Tables,144,"Class M-2A, M-2AR, M-2AS, M-2AT, M-2AU and M-2AI",M-2AR,,0,"February 25, 2030",100,
Declining Balances Tables,144,"Class M-2A, M-2AR, M-2AS, M-2AT, M-2AU and M-2AI",M-2AR,,5,"February 25, 2030",100,
Declining Balances Tables,144,"Class M-2A, M-2AR, M-2AS, M-2AT, M-2AU and M-2AI",M-2AR,,10,"February 25, 2030",57,
Declining Balances Tables,144,"Class M-2A, M-2AR, M-2AS, M-2AT, M-2AU and M-2AI",M-2AR,,15,"February 25, 2030",0,
Declining Balances Tables,144,"Class M-2A, M-2AR, M-2AS, M-2AT, M-2AU and M-2AI",M-2AR,,25,"February 25, 2030",0,
Declining Balances Tables,144,"Class M-2A, M-2AR, M-2AS, M-2AT, M-2AU and M-2AI",M-2AR,,35,"February 25, 2030",0,
Declining Balances Tables,144,"Class M-2A, M-2AR, M-2AS, M-2AT, M-2AU and M-2AI",M-2AS,,0,"February 25, 2030",100,
Declining Balances Tables,144,"Class M-2A, M-2AR, M-2AS, M-2AT, M-2AU and M-2AI",M-2AS,,5,"February 25, 2030",100,
Declining Balances Tables,144,"Class M-2A, M-2AR, M-2AS, M-2AT, M-2AU and M-2AI",M-2AS,,10,"February 25, 2030",57,
Declining Balances Tables,144,"Class M-2A, M-2AR, M-2AS, M-2AT, M-2AU and M-2AI",M-2AS,,15,"February 25, 2030",0,
Declining Balances Tables,144,"Class M-2A, M-2AR, M-2AS, M-2AT, M-2AU and M-2AI",M-2AS,,25,"February 25, 2030",0,
Declining Balances Tables,144,"Class M-2A, M-2AR, M-2AS, M-2AT, M-2AU and M-2AI",M-2AS,,35,"February 25, 2030",0,
Declining Balances Tables,144,"Class M-2A, M-2AR, M-2AS, M-2AT, M-2AU and M-2AI",M-2AT,,0,"February 25, 2030",100,
Declining Balances Tables,144,"Class M-2A, M-2AR, M-2AS, M-2AT, M-2AU and M-2AI",M-2AT,,5,"February 25, 2030",100,
Declining Balances Tables,144,"Class M-2A, M-2AR, M-2AS, M-2AT, M-2AU and M-2AI",M-2AT,,10,"February 25, 2030",57,
Declining Balances Tables,144,"Class M-2A, M-2AR, M-2AS, M-2AT, M-2AU and M-2AI",M-2AT,,15,"February 25, 2030",0,
Declining Balances Tables,144,"Class M-2A, M-2AR, M-2AS, M-2AT, M-2AU and M-2AI",M-2AT,,25,"February 25, 2030",0,
Declining Balances Tables,144,"Class M-2A, M-2AR, M-2AS, M-2AT, M-2AU and M-2AI",M-2AT,,35,"February 25, 2030",0,
Declining Balances Tables,144,"Class M-2A, M-2AR, M-2AS, M-2AT, M-2AU and M-2AI",M-2AU,,0,"February 25, 2030",100,
Declining Balances Tables,144,"Class M-2A, M-2AR, M-2AS, M-2AT, M-2AU and M-2AI",M-2AU,,5,"February 25, 2030",100,
Declining Balances Tables,144,"Class M-2A, M-2AR, M-2AS, M-2AT, M-2AU and M-2AI",M-2AU,,10,"February 25, 2030",57,
Declining Balances Tables,144,"Class M-2A, M-2AR, M-2AS, M-2AT, M-2AU and M-2AI",M-2AU,,15,"February 25, 2030",0,
Declining Balances Tables,144,"Class M-2A, M-2AR, M-2AS, M-2AT, M-2AU and M-2AI",M-2AU,,25,"February 25, 2030",0,
Declining Balances Tables,144,"Class M-2A, M-2AR, M-2AS, M-2AT, M-2AU and M-2AI",M-2AU,,35,"February 25, 2030",0,
Declining Balances Tables,144,"Class M-2A, M-2AR, M-2AS, M-2AT, M-2AU and M-2AI",M-2AI,,0,"February 25, 2030",100,
Declining Balances Tables,144,"Class M-2A, M-2AR, M-2AS, M-2AT, M-2AU and M-2AI",M-2AI,,5,"February 25, 2030",100,
Declining Balances Tables,144,"Class M-2A, M-2AR, M-2AS, M-2AT, M-2AU and M-2AI",M-2AI,,10,"February 25, 2030",57,
Declining Balances Tables,144,"Class M-2A, M-2AR, M-2AS, M-2AT, M-2AU and M-2AI",M-2AI,,15,"February 25, 2030",0,
Declining Balances Tables,144,"Class M-2A, M-2AR, M-2AS, M-2AT, M-2AU and M-2AI",M-2AI,,25,"February 25, 2030",0,
Declining Balances Tables,144,"Class M-2A, M-2AR, M-2AS, M-2AT, M-2AU and M-2AI",M-2AI,,35,"February 25, 2030",0,
Declining Balances Tables,144,"Class M-2A, M-2AR, M-2AS, M-2AT, M-2AU and M-2AI",M-2A,,0,"February 25, 2031",100,
Declining Balances Tables,144,"Class M-2A, M-2AR, M-2AS, M-2AT, M-2AU and M-2AI",M-2A,,5,"February 25, 2031",100,
Declining Balances Tables,144,"Class M-2A, M-2AR, M-2AS, M-2AT, M-2AU and M-2AI",M-2A,,10,"February 25, 2031",0,
Declining Balances Tables,144,"Class M-2A, M-2AR, M-2AS, M-2AT, M-2AU and M-2AI",M-2A,,15,"February 25, 2031",0,
Declining Balances Tables,144,"Class M-2A, M-2AR, M-2AS, M-2AT, M-2AU and M-2AI",M-2A,,25,"February 25, 2031",0,
Declining Balances Tables,144,"Class M-2A, M-2AR, M-2AS, M-2AT, M-2AU and M-2AI",M-2A,,35,"February 25, 2031",0,
Declining Balances Tables,144,"Class M-2A, M-2AR, M-2AS, M-2AT, M-2AU and M-2AI",M-2AR,,0,"February 25, 2031",100,
Declining Balances Tables,144,"Class M-2A, M-2AR, M-2AS, M-2AT, M-2AU and M-2AI",M-2AR,,5,"February 25, 2031",100,
Declining Balances Tables,144,"Class M-2A, M-2AR, M-2AS, M-2AT, M-2AU and M-2AI",M-2AR,,10,"February 25, 2031",0,
Declining Balances Tables,144,"Class M-2A, M-2AR, M-2AS, M-2AT, M-2AU and M-2AI",M-2AR,,15,"February 25, 2031",0,
Declining Balances Tables,144,"Class M-2A, M-2AR, M-2AS, M-2AT, M-2AU and M-2AI",M-2AR,,25,"February 25, 2031",0,
Declining Balances Tables,144,"Class M-2A, M-2AR, M-2AS, M-2AT, M-2AU and M-2AI",M-2AR,,35,"February 25, 2031",0,
Declining Balances Tables,144,"Class M-2A, M-2AR, M-2AS, M-2AT, M-2AU and M-2AI",M-2AS,,0,"February 25, 2031",100,
Declining Balances Tables,144,"Class M-2A, M-2AR, M-2AS, M-2AT, M-2AU and M-2AI",M-2AS,,5,"February 25, 2031",100,
Declining Balances Tables,144,"Class M-2A, M-2AR, M-2AS, M-2AT, M-2AU and M-2AI",M-2AS,,10,"February 25, 2031",0,
Declining Balances Tables,144,"Class M-2A, M-2AR, M-2AS, M-2AT, M-2AU and M-2AI",M-2AS,,15,"February 25, 2031",0,
Declining Balances Tables,144,"Class M-2A, M-2AR, M-2AS, M-2AT, M-2AU and M-2AI",M-2AS,,25,"February 25, 2031",0,
Declining Balances Tables,144,"Class M-2A, M-2AR, M-2AS, M-2AT, M-2AU and M-2AI",M-2AS,,35,"February 25, 2031",0,
Declining Balances Tables,144,"Class M-2A, M-2AR, M-2AS, M-2AT, M-2AU and M-2AI",M-2AT,,0,"February 25, 2031",100,
Declining Balances Tables,144,"Class M-2A, M-2AR, M-2AS, M-2AT, M-2AU and M-2AI",M-2AT,,5,"February 25, 2031",100,
Declining Balances Tables,144,"Class M-2A, M-2AR, M-2AS, M-2AT, M-2AU and M-2AI",M-2AT,,10,"February 25, 2031",0,
Declining Balances Tables,144,"Class M-2A, M-2AR, M-2AS, M-2AT, M-2AU and M-2AI",M-2AT,,15,"February 25, 2031",0,
Declining Balances Tables,144,"Class M-2A, M-2AR, M-2AS, M-2AT, M-2AU and M-2AI",M-2AT,,25,"February 25, 2031",0,
Declining Balances Tables,144,"Class M-2A, M-2AR, M-2AS, M-2AT, M-2AU and M-2AI",M-2AT,,35,"February 25, 2031",0,
Declining Balances Tables,144,"Class M-2A, M-2AR, M-2AS, M-2AT, M-2AU and M-2AI",M-2AU,,0,"February 25, 2031",100,
Declining Balances Tables,144,"Class M-2A, M-2AR, M-2AS, M-2AT, M-2AU and M-2AI",M-2AU,,5,"February 25, 2031",100,
Declining Balances Tables,144,"Class M-2A, M-2AR, M-2AS, M-2AT, M-2AU and M-2AI",M-2AU,,10,"February 25, 2031",0,
Declining Balances Tables,144,"Class M-2A, M-2AR, M-2AS, M-2AT, M-2AU and M-2AI",M-2AU,,15,"February 25, 2031",0,
Declining Balances Tables,144,"Class M-2A, M-2AR, M-2AS, M-2AT, M-2AU and M-2AI",M-2AU,,25,"February 25, 2031",0,
Declining Balances Tables,144,"Class M-2A, M-2AR, M-2AS, M-2AT, M-2AU and M-2AI",M-2AU,,35,"February 25, 2031",0,
Declining Balances Tables,144,"Class M-2A, M-2AR, M-2AS, M-2AT, M-2AU and M-2AI",M-2AI,,0,"February 25, 2031",100,
Declining Balances Tables,144,"Class M-2A, M-2AR, M-2AS, M-2AT, M-2AU and M-2AI",M-2AI,,5,"February 25, 2031",100,
Declining Balances Tables,144,"Class M-2A, M-2AR, M-2AS, M-2AT, M-2AU and M-2AI",M-2AI,,10,"February 25, 2031",0,
Declining Balances Tables,144,"Class M-2A, M-2AR, M-2AS, M-2AT, M-2AU and M-2AI",M-2AI,,15,"February 25, 2031",0,
Declining Balances Tables,144,"Class M-2A, M-2AR, M-2AS, M-2AT, M-2AU and M-2AI",M-2AI,,25,"February 25, 2031",0,
Declining Balances Tables,144,"Class M-2A, M-2AR, M-2AS, M-2AT, M-2AU and M-2AI",M-2AI,,35,"February 25, 2031",0,
Declining Balances Tables,144,"Class M-2A, M-2AR, M-2AS, M-2AT, M-2AU and M-2AI",M-2A,,0,"February 25, 2032",100,
Declining Balances Tables,144,"Class M-2A, M-2AR, M-2AS, M-2AT, M-2AU and M-2AI",M-2A,,5,"February 25, 2032",100,
Declining Balances Tables,144,"Class M-2A, M-2AR, M-2AS, M-2AT, M-2AU and M-2AI",M-2A,,10,"February 25, 2032",0,
Declining Balances Tables,144,"Class M-2A, M-2AR, M-2AS, M-2AT, M-2AU and M-2AI",M-2A,,15,"February 25, 2032",0,
Declining Balances Tables,144,"Class M-2A, M-2AR, M-2AS, M-2AT, M-2AU and M-2AI",M-2A,,25,"February 25, 2032",0,
Declining Balances Tables,144,"Class M-2A, M-2AR, M-2AS, M-2AT, M-2AU and M-2AI",M-2A,,35,"February 25, 2032",0,
Declining Balances Tables,144,"Class M-2A, M-2AR, M-2AS, M-2AT, M-2AU and M-2AI",M-2AR,,0,"February 25, 2032",100,
Declining Balances Tables,144,"Class M-2A, M-2AR, M-2AS, M-2AT, M-2AU and M-2AI",M-2AR,,5,"February 25, 2032",100,
Declining Balances Tables,144,"Class M-2A, M-2AR, M-2AS, M-2AT, M-2AU and M-2AI",M-2AR,,10,"February 25, 2032",0,
Declining Balances Tables,144,"Class M-2A, M-2AR, M-2AS, M-2AT, M-2AU and M-2AI",M-2AR,,15,"February 25, 2032",0,
Declining Balances Tables,144,"Class M-2A, M-2AR, M-2AS, M-2AT, M-2AU and M-2AI",M-2AR,,25,"February 25, 2032",0,
Declining Balances Tables,144,"Class M-2A, M-2AR, M-2AS, M-2AT, M-2AU and M-2AI",M-2AR,,35,"February 25, 2032",0,
Declining Balances Tables,144,"Class M-2A, M-2AR, M-2AS, M-2AT, M-2AU and M-2AI",M-2AS,,0,"February 25, 2032",100,
Declining Balances Tables,144,"Class M-2A, M-2AR, M-2AS, M-2AT, M-2AU and M-2AI",M-2AS,,5,"February 25, 2032",100,
Declining Balances Tables,144,"Class M-2A, M-2AR, M-2AS, M-2AT, M-2AU and M-2AI",M-2AS,,10,"February 25, 2032",0,
Declining Balances Tables,144,"Class M-2A, M-2AR, M-2AS, M-2AT, M-2AU and M-2AI",M-2AS,,15,"February 25, 2032",0,
Declining Balances Tables,144,"Class M-2A, M-2AR, M-2AS, M-2AT, M-2AU and M-2AI",M-2AS,,25,"February 25, 2032",0,
Declining Balances Tables,144,"Class M-2A, M-2AR, M-2AS, M-2AT, M-2AU and M-2AI",M-2AS,,35,"February 25, 2032",0,
Declining Balances Tables,144,"Class M-2A, M-2AR, M-2AS, M-2AT, M-2AU and M-2AI",M-2AT,,0,"February 25, 2032",100,
Declining Balances Tables,144,"Class M-2A, M-2AR, M-2AS, M-2AT, M-2AU and M-2AI",M-2AT,,5,"February 25, 2032",100,
Declining Balances Tables,144,"Class M-2A, M-2AR, M-2AS, M-2AT, M-2AU and M-2AI",M-2AT,,10,"February 25, 2032",0,
Declining Balances Tables,144,"Class M-2A, M-2AR, M-2AS, M-2AT, M-2AU and M-2AI",M-2AT,,15,"February 25, 2032",0,
Declining Balances Tables,144,"Class M-2A, M-2AR, M-2AS, M-2AT, M-2AU and M-2AI",M-2AT,,25,"February 25, 2032",0,
Declining Balances Tables,144,"Class M-2A, M-2AR, M-2AS, M-2AT, M-2AU and M-2AI",M-2AT,,35,"February 25, 2032",0,
Declining Balances Tables,144,"Class M-2A, M-2AR, M-2AS, M-2AT, M-2AU and M-2AI",M-2AU,,0,"February 25, 2032",100,
Declining Balances Tables,144,"Class M-2A, M-2AR, M-2AS, M-2AT, M-2AU and M-2AI",M-2AU,,5,"February 25, 2032",100,
Declining Balances Tables,144,"Class M-2A, M-2AR, M-2AS, M-2AT, M-2AU and M-2AI",M-2AU,,10,"February 25, 2032",0,
Declining Balances Tables,144,"Class M-2A, M-2AR, M-2AS, M-2AT, M-2AU and M-2AI",M-2AU,,15,"February 25, 2032",0,
Declining Balances Tables,144,"Class M-2A, M-2AR, M-2AS, M-2AT, M-2AU and M-2AI",M-2AU,,25,"February 25, 2032",0,
Declining Balances Tables,144,"Class M-2A, M-2AR, M-2AS, M-2AT, M-2AU and M-2AI",M-2AU,,35,"February 25, 2032",0,
Declining Balances Tables,144,"Class M-2A, M-2AR, M-2AS, M-2AT, M-2AU and M-2AI",M-2AI,,0,"February 25, 2032",100,
Declining Balances Tables,144,"Class M-2A, M-2AR, M-2AS, M-2AT, M-2AU and M-2AI",M-2AI,,5,"February 25, 2032",100,
Declining Balances Tables,144,"Class M-2A, M-2AR, M-2AS, M-2AT, M-2AU and M-2AI",M-2AI,,10,"February 25, 2032",0,
Declining Balances Tables,144,"Class M-2A, M-2AR, M-2AS, M-2AT, M-2AU and M-2AI",M-2AI,,15,"February 25, 2032",0,
Declining Balances Tables,144,"Class M-2A, M-2AR, M-2AS, M-2AT, M-2AU and M-2AI",M-2AI,,25,"February 25, 2032",0,
Declining Balances Tables,144,"Class M-2A, M-2AR, M-2AS, M-2AT, M-2AU and M-2AI",M-2AI,,35,"February 25, 2032",0,
Declining Balances Tables,144,"Class M-2A, M-2AR, M-2AS, M-2AT, M-2AU and M-2AI",M-2A,,0,"February 25, 2033",100,
Declining Balances Tables,144,"Class M-2A, M-2AR, M-2AS, M-2AT, M-2AU and M-2AI",M-2A,,5,"February 25, 2033",75,
Declining Balances Tables,144,"Class M-2A, M-2AR, M-2AS, M-2AT, M-2AU and M-2AI",M-2A,,10,"February 25, 2033",0,
Declining Balances Tables,144,"Class M-2A, M-2AR, M-2AS, M-2AT, M-2AU and M-2AI",M-2A,,15,"February 25, 2033",0,
Declining Balances Tables,144,"Class M-2A, M-2AR, M-2AS, M-2AT, M-2AU and M-2AI",M-2A,,25,"February 25, 2033",0,
Declining Balances Tables,144,"Class M-2A, M-2AR, M-2AS, M-2AT, M-2AU and M-2AI",M-2A,,35,"February 25, 2033",0,
Declining Balances Tables,144,"Class M-2A, M-2AR, M-2AS, M-2AT, M-2AU and M-2AI",M-2AR,,0,"February 25, 2033",100,
Declining Balances Tables,144,"Class M-2A, M-2AR, M-2AS, M-2AT, M-2AU and M-2AI",M-2AR,,5,"February 25, 2033",75,
Declining Balances Tables,144,"Class M-2A, M-2AR, M-2AS, M-2AT, M-2AU and M-2AI",M-2AR,,10,"February 25, 2033",0,
Declining Balances Tables,144,"Class M-2A, M-2AR, M-2AS, M-2AT, M-2AU and M-2AI",M-2AR,,15,"February 25, 2033",0,
Declining Balances Tables,144,"Class M-2A, M-2AR, M-2AS, M-2AT, M-2AU and M-2AI",M-2AR,,25,"February 25, 2033",0,
Declining Balances Tables,144,"Class M-2A, M-2AR, M-2AS, M-2AT, M-2AU and M-2AI",M-2AR,,35,"February 25, 2033",0,
Declining Balances Tables,144,"Class M-2A, M-2AR, M-2AS, M-2AT, M-2AU and M-2AI",M-2AS,,0,"February 25, 2033",100,
Declining Balances Tables,144,"Class M-2A, M-2AR, M-2AS, M-2AT, M-2AU and M-2AI",M-2AS,,5,"February 25, 2033",75,
Declining Balances Tables,144,"Class M-2A, M-2AR, M-2AS, M-2AT, M-2AU and M-2AI",M-2AS,,10,"February 25, 2033",0,
Declining Balances Tables,144,"Class M-2A, M-2AR, M-2AS, M-2AT, M-2AU and M-2AI",M-2AS,,15,"February 25, 2033",0,
Declining Balances Tables,144,"Class M-2A, M-2AR, M-2AS, M-2AT, M-2AU and M-2AI",M-2AS,,25,"February 25, 2033",0,
Declining Balances Tables,144,"Class M-2A, M-2AR, M-2AS, M-2AT, M-2AU and M-2AI",M-2AS,,35,"February 25, 2033",0,
Declining Balances Tables,144,"Class M-2A, M-2AR, M-2AS, M-2AT, M-2AU and M-2AI",M-2AT,,0,"February 25, 2033",100,
Declining Balances Tables,144,"Class M-2A, M-2AR, M-2AS, M-2AT, M-2AU and M-2AI",M-2AT,,5,"February 25, 2033",75,
Declining Balances Tables,144,"Class M-2A, M-2AR, M-2AS, M-2AT, M-2AU and M-2AI",M-2AT,,10,"February 25, 2033",0,
Declining Balances Tables,144,"Class M-2A, M-2AR, M-2AS, M-2AT, M-2AU and M-2AI",M-2AT,,15,"February 25, 2033",0,
Declining Balances Tables,144,"Class M-2A, M-2AR, M-2AS, M-2AT, M-2AU and M-2AI",M-2AT,,25,"February 25, 2033",0,
Declining Balances Tables,144,"Class M-2A, M-2AR, M-2AS, M-2AT, M-2AU and M-2AI",M-2AT,,35,"February 25, 2033",0,
Declining Balances Tables,144,"Class M-2A, M-2AR, M-2AS, M-2AT, M-2AU and M-2AI",M-2AU,,0,"February 25, 2033",100,
Declining Balances Tables,144,"Class M-2A, M-2AR, M-2AS, M-2AT, M-2AU and M-2AI",M-2AU,,5,"February 25, 2033",75,
Declining Balances Tables,144,"Class M-2A, M-2AR, M-2AS, M-2AT, M-2AU and M-2AI",M-2AU,,10,"February 25, 2033",0,
Declining Balances Tables,144,"Class M-2A, M-2AR, M-2AS, M-2AT, M-2AU and M-2AI",M-2AU,,15,"February 25, 2033",0,
Declining Balances Tables,144,"Class M-2A, M-2AR, M-2AS, M-2AT, M-2AU and M-2AI",M-2AU,,25,"February 25, 2033",0,
Declining Balances Tables,144,"Class M-2A, M-2AR, M-2AS, M-2AT, M-2AU and M-2AI",M-2AU,,35,"February 25, 2033",0,
Declining Balances Tables,144,"Class M-2A, M-2AR, M-2AS, M-2AT, M-2AU and M-2AI",M-2AI,,0,"February 25, 2033",100,
Declining Balances Tables,144,"Class M-2A, M-2AR, M-2AS, M-2AT, M-2AU and M-2AI",M-2AI,,5,"February 25, 2033",75,
Declining Balances Tables,144,"Class M-2A, M-2AR, M-2AS, M-2AT, M-2AU and M-2AI",M-2AI,,10,"February 25, 2033",0,
Declining Balances Tables,144,"Class M-2A, M-2AR, M-2AS, M-2AT, M-2AU and M-2AI",M-2AI,,15,"February 25, 2033",0,
Declining Balances Tables,144,"Class M-2A, M-2AR, M-2AS, M-2AT, M-2AU and M-2AI",M-2AI,,25,"February 25, 2033",0,
Declining Balances Tables,144,"Class M-2A, M-2AR, M-2AS, M-2AT, M-2AU and M-2AI",M-2AI,,35,"February 25, 2033",0,
Declining Balances Tables,144,"Class M-2A, M-2AR, M-2AS, M-2AT, M-2AU and M-2AI",M-2A,,0,"February 25, 2034",100,
Declining Balances Tables,144,"Class M-2A, M-2AR, M-2AS, M-2AT, M-2AU and M-2AI",M-2A,,5,"February 25, 2034",0,
Declining Balances Tables,144,"Class M-2A, M-2AR, M-2AS, M-2AT, M-2AU and M-2AI",M-2A,,10,"February 25, 2034",0,
Declining Balances Tables,144,"Class M-2A, M-2AR, M-2AS, M-2AT, M-2AU and M-2AI",M-2A,,15,"February 25, 2034",0,
Declining Balances Tables,144,"Class M-2A, M-2AR, M-2AS, M-2AT, M-2AU and M-2AI",M-2A,,25,"February 25, 2034",0,
Declining Balances Tables,144,"Class M-2A, M-2AR, M-2AS, M-2AT, M-2AU and M-2AI",M-2A,,35,"February 25, 2034",0,
Declining Balances Tables,144,"Class M-2A, M-2AR, M-2AS, M-2AT, M-2AU and M-2AI",M-2AR,,0,"February 25, 2034",100,
Declining Balances Tables,144,"Class M-2A, M-2AR, M-2AS, M-2AT, M-2AU and M-2AI",M-2AR,,5,"February 25, 2034",0,
Declining Balances Tables,144,"Class M-2A, M-2AR, M-2AS, M-2AT, M-2AU and M-2AI",M-2AR,,10,"February 25, 2034",0,
Declining Balances Tables,144,"Class M-2A, M-2AR, M-2AS, M-2AT, M-2AU and M-2AI",M-2AR,,15,"February 25, 2034",0,
Declining Balances Tables,144,"Class M-2A, M-2AR, M-2AS, M-2AT, M-2AU and M-2AI",M-2AR,,25,"February 25, 2034",0,
Declining Balances Tables,144,"Class M-2A, M-2AR, M-2AS, M-2AT, M-2AU and M-2AI",M-2AR,,35,"February 25, 2034",0,
Declining Balances Tables,144,"Class M-2A, M-2AR, M-2AS, M-2AT, M-2AU and M-2AI",M-2AS,,0,"February 25, 2034",100,
Declining Balances Tables,144,"Class M-2A, M-2AR, M-2AS, M-2AT, M-2AU and M-2AI",M-2AS,,5,"February 25, 2034",0,
Declining Balances Tables,144,"Class M-2A, M-2AR, M-2AS, M-2AT, M-2AU and M-2AI",M-2AS,,10,"February 25, 2034",0,
Declining Balances Tables,144,"Class M-2A, M-2AR, M-2AS, M-2AT, M-2AU and M-2AI",M-2AS,,15,"February 25, 2034",0,
Declining Balances Tables,144,"Class M-2A, M-2AR, M-2AS, M-2AT, M-2AU and M-2AI",M-2AS,,25,"February 25, 2034",0,
Declining Balances Tables,144,"Class M-2A, M-2AR, M-2AS, M-2AT, M-2AU and M-2AI",M-2AS,,35,"February 25, 2034",0,
Declining Balances Tables,144,"Class M-2A, M-2AR, M-2AS, M-2AT, M-2AU and M-2AI",M-2AT,,0,"February 25, 2034",100,
Declining Balances Tables,144,"Class M-2A, M-2AR, M-2AS, M-2AT, M-2AU and M-2AI",M-2AT,,5,"February 25, 2034",0,
Declining Balances Tables,144,"Class M-2A, M-2AR, M-2AS, M-2AT, M-2AU and M-2AI",M-2AT,,10,"February 25, 2034",0,
Declining Balances Tables,144,"Class M-2A, M-2AR, M-2AS, M-2AT, M-2AU and M-2AI",M-2AT,,15,"February 25, 2034",0,
Declining Balances Tables,144,"Class M-2A, M-2AR, M-2AS, M-2AT, M-2AU and M-2AI",M-2AT,,25,"February 25, 2034",0,
Declining Balances Tables,144,"Class M-2A, M-2AR, M-2AS, M-2AT, M-2AU and M-2AI",M-2AT,,35,"February 25, 2034",0,
Declining Balances Tables,144,"Class M-2A, M-2AR, M-2AS, M-2AT, M-2AU and M-2AI",M-2AU,,0,"February 25, 2034",100,
Declining Balances Tables,144,"Class M-2A, M-2AR, M-2AS, M-2AT, M-2AU and M-2AI",M-2AU,,5,"February 25, 2034",0,
Declining Balances Tables,144,"Class M-2A, M-2AR, M-2AS, M-2AT, M-2AU and M-2AI",M-2AU,,10,"February 25, 2034",0,
Declining Balances Tables,144,"Class M-2A, M-2AR, M-2AS, M-2AT, M-2AU and M-2AI",M-2AU,,15,"February 25, 2034",0,
Declining Balances Tables,144,"Class M-2A, M-2AR, M-2AS, M-2AT, M-2AU and M-2AI",M-2AU,,25,"February 25, 2034",0,
Declining Balances Tables,144,"Class M-2A, M-2AR, M-2AS, M-2AT, M-2AU and M-2AI",M-2AU,,35,"February 25, 2034",0,
Declining Balances Tables,144,"Class M-2A, M-2AR, M-2AS, M-2AT, M-2AU and M-2AI",M-2AI,,0,"February 25, 2034",100,
Declining Balances Tables,144,"Class M-2A, M-2AR, M-2AS, M-2AT, M-2AU and M-2AI",M-2AI,,5,"February 25, 2034",0,
Declining Balances Tables,144,"Class M-2A, M-2AR, M-2AS, M-2AT, M-2AU and M-2AI",M-2AI,,10,"February 25, 2034",0,
Declining Balances Tables,144,"Class M-2A, M-2AR, M-2AS, M-2AT, M-2AU and M-2AI",M-2AI,,15,"February 25, 2034",0,
Declining Balances Tables,144,"Class M-2A, M-2AR, M-2AS, M-2AT, M-2AU and M-2AI",M-2AI,,25,"February 25, 2034",0,
Declining Balances Tables,144,"Class M-2A, M-2AR, M-2AS, M-2AT, M-2AU and M-2AI",M-2AI,,35,"February 25, 2034",0,
Declining Balances Tables,144,"Class M-2A, M-2AR, M-2AS, M-2AT, M-2AU and M-2AI",M-2A,,0,"February 25, 2035",100,
Declining Balances Tables,144,"Class M-2A, M-2AR, M-2AS, M-2AT, M-2AU and M-2AI",M-2A,,5,"February 25, 2035",0,
Declining Balances Tables,144,"Class M-2A, M-2AR, M-2AS, M-2AT, M-2AU and M-2AI",M-2A,,10,"February 25, 2035",0,
Declining Balances Tables,144,"Class M-2A, M-2AR, M-2AS, M-2AT, M-2AU and M-2AI",M-2A,,15,"February 25, 2035",0,
Declining Balances Tables,144,"Class M-2A, M-2AR, M-2AS, M-2AT, M-2AU and M-2AI",M-2A,,25,"February 25, 2035",0,
Declining Balances Tables,144,"Class M-2A, M-2AR, M-2AS, M-2AT, M-2AU and M-2AI",M-2A,,35,"February 25, 2035",0,
Declining Balances Tables,144,"Class M-2A, M-2AR, M-2AS, M-2AT, M-2AU and M-2AI",M-2AR,,0,"February 25, 2035",100,
Declining Balances Tables,144,"Class M-2A, M-2AR, M-2AS, M-2AT, M-2AU and M-2AI",M-2AR,,5,"February 25, 2035",0,
Declining Balances Tables,144,"Class M-2A, M-2AR, M-2AS, M-2AT, M-2AU and M-2AI",M-2AR,,10,"February 25, 2035",0,
Declining Balances Tables,144,"Class M-2A, M-2AR, M-2AS, M-2AT, M-2AU and M-2AI",M-2AR,,15,"February 25, 2035",0,
Declining Balances Tables,144,"Class M-2A, M-2AR, M-2AS, M-2AT, M-2AU and M-2AI",M-2AR,,25,"February 25, 2035",0,
Declining Balances Tables,144,"Class M-2A, M-2AR, M-2AS, M-2AT, M-2AU and M-2AI",M-2AR,,35,"February 25, 2035",0,
Declining Balances Tables,144,"Class M-2A, M-2AR, M-2AS, M-2AT, M-2AU and M-2AI",M-2AS,,0,"February 25, 2035",100,
Declining Balances Tables,144,"Class M-2A, M-2AR, M-2AS, M-2AT, M-2AU and M-2AI",M-2AS,,5,"February 25, 2035",0,
Declining Balances Tables,144,"Class M-2A, M-2AR, M-2AS, M-2AT, M-2AU and M-2AI",M-2AS,,10,"February 25, 2035",0,
Declining Balances Tables,144,"Class M-2A, M-2AR, M-2AS, M-2AT, M-2AU and M-2AI",M-2AS,,15,"February 25, 2035",0,
Declining Balances Tables,144,"Class M-2A, M-2AR, M-2AS, M-2AT, M-2AU and M-2AI",M-2AS,,25,"February 25, 2035",0,
Declining Balances Tables,144,"Class M-2A, M-2AR, M-2AS, M-2AT, M-2AU and M-2AI",M-2AS,,35,"February 25, 2035",0,
Declining Balances Tables,144,"Class M-2A, M-2AR, M-2AS, M-2AT, M-2AU and M-2AI",M-2AT,,0,"February 25, 2035",100,
Declining Balances Tables,144,"Class M-2A, M-2AR, M-2AS, M-2AT, M-2AU and M-2AI",M-2AT,,5,"February 25, 2035",0,
Declining Balances Tables,144,"Class M-2A, M-2AR, M-2AS, M-2AT, M-2AU and M-2AI",M-2AT,,10,"February 25, 2035",0,
Declining Balances Tables,144,"Class M-2A, M-2AR, M-2AS, M-2AT, M-2AU and M-2AI",M-2AT,,15,"February 25, 2035",0,
Declining Balances Tables,144,"Class M-2A, M-2AR, M-2AS, M-2AT, M-2AU and M-2AI",M-2AT,,25,"February 25, 2035",0,
Declining Balances Tables,144,"Class M-2A, M-2AR, M-2AS, M-2AT, M-2AU and M-2AI",M-2AT,,35,"February 25, 2035",0,
Declining Balances Tables,144,"Class M-2A, M-2AR, M-2AS, M-2AT, M-2AU and M-2AI",M-2AU,,0,"February 25, 2035",100,
Declining Balances Tables,144,"Class M-2A, M-2AR, M-2AS, M-2AT, M-2AU and M-2AI",M-2AU,,5,"February 25, 2035",0,
Declining Balances Tables,144,"Class M-2A, M-2AR, M-2AS, M-2AT, M-2AU and M-2AI",M-2AU,,10,"February 25, 2035",0,
Declining Balances Tables,144,"Class M-2A, M-2AR, M-2AS, M-2AT, M-2AU and M-2AI",M-2AU,,15,"February 25, 2035",0,
Declining Balances Tables,144,"Class M-2A, M-2AR, M-2AS, M-2AT, M-2AU and M-2AI",M-2AU,,25,"February 25, 2035",0,
Declining Balances Tables,144,"Class M-2A, M-2AR, M-2AS, M-2AT, M-2AU and M-2AI",M-2AU,,35,"February 25, 2035",0,
Declining Balances Tables,144,"Class M-2A, M-2AR, M-2AS, M-2AT, M-2AU and M-2AI",M-2AI,,0,"February 25, 2035",100,
Declining Balances Tables,144,"Class M-2A, M-2AR, M-2AS, M-2AT, M-2AU and M-2AI",M-2AI,,5,"February 25, 2035",0,
Declining Balances Tables,144,"Class M-2A, M-2AR, M-2AS, M-2AT, M-2AU and M-2AI",M-2AI,,10,"February 25, 2035",0,
Declining Balances Tables,144,"Class M-2A, M-2AR, M-2AS, M-2AT, M-2AU and M-2AI",M-2AI,,15,"February 25, 2035",0,
Declining Balances Tables,144,"Class M-2A, M-2AR, M-2AS, M-2AT, M-2AU and M-2AI",M-2AI,,25,"February 25, 2035",0,
Declining Balances Tables,144,"Class M-2A, M-2AR, M-2AS, M-2AT, M-2AU and M-2AI",M-2AI,,35,"February 25, 2035",0,
Declining Balances Tables,144,"Class M-2A, M-2AR, M-2AS, M-2AT, M-2AU and M-2AI",M-2A,,0,"February 25, 2036",100,
Declining Balances Tables,144,"Class M-2A, M-2AR, M-2AS, M-2AT, M-2AU and M-2AI",M-2A,,5,"February 25, 2036",0,
Declining Balances Tables,144,"Class M-2A, M-2AR, M-2AS, M-2AT, M-2AU and M-2AI",M-2A,,10,"February 25, 2036",0,
Declining Balances Tables,144,"Class M-2A, M-2AR, M-2AS, M-2AT, M-2AU and M-2AI",M-2A,,15,"February 25, 2036",0,
Declining Balances Tables,144,"Class M-2A, M-2AR, M-2AS, M-2AT, M-2AU and M-2AI",M-2A,,25,"February 25, 2036",0,
Declining Balances Tables,144,"Class M-2A, M-2AR, M-2AS, M-2AT, M-2AU and M-2AI",M-2A,,35,"February 25, 2036",0,
Declining Balances Tables,144,"Class M-2A, M-2AR, M-2AS, M-2AT, M-2AU and M-2AI",M-2AR,,0,"February 25, 2036",100,
Declining Balances Tables,144,"Class M-2A, M-2AR, M-2AS, M-2AT, M-2AU and M-2AI",M-2AR,,5,"February 25, 2036",0,
Declining Balances Tables,144,"Class M-2A, M-2AR, M-2AS, M-2AT, M-2AU and M-2AI",M-2AR,,10,"February 25, 2036",0,
Declining Balances Tables,144,"Class M-2A, M-2AR, M-2AS, M-2AT, M-2AU and M-2AI",M-2AR,,15,"February 25, 2036",0,
Declining Balances Tables,144,"Class M-2A, M-2AR, M-2AS, M-2AT, M-2AU and M-2AI",M-2AR,,25,"February 25, 2036",0,
Declining Balances Tables,144,"Class M-2A, M-2AR, M-2AS, M-2AT, M-2AU and M-2AI",M-2AR,,35,"February 25, 2036",0,
Declining Balances Tables,144,"Class M-2A, M-2AR, M-2AS, M-2AT, M-2AU and M-2AI",M-2AS,,0,"February 25, 2036",100,
Declining Balances Tables,144,"Class M-2A, M-2AR, M-2AS, M-2AT, M-2AU and M-2AI",M-2AS,,5,"February 25, 2036",0,
Declining Balances Tables,144,"Class M-2A, M-2AR, M-2AS, M-2AT, M-2AU and M-2AI",M-2AS,,10,"February 25, 2036",0,
Declining Balances Tables,144,"Class M-2A, M-2AR, M-2AS, M-2AT, M-2AU and M-2AI",M-2AS,,15,"February 25, 2036",0,
Declining Balances Tables,144,"Class M-2A, M-2AR, M-2AS, M-2AT, M-2AU and M-2AI",M-2AS,,25,"February 25, 2036",0,
Declining Balances Tables,144,"Class M-2A, M-2AR, M-2AS, M-2AT, M-2AU and M-2AI",M-2AS,,35,"February 25, 2036",0,
Declining Balances Tables,144,"Class M-2A, M-2AR, M-2AS, M-2AT, M-2AU and M-2AI",M-2AT,,0,"February 25, 2036",100,
Declining Balances Tables,144,"Class M-2A, M-2AR, M-2AS, M-2AT, M-2AU and M-2AI",M-2AT,,5,"February 25, 2036",0,
Declining Balances Tables,144,"Class M-2A, M-2AR, M-2AS, M-2AT, M-2AU and M-2AI",M-2AT,,10,"February 25, 2036",0,
Declining Balances Tables,144,"Class M-2A, M-2AR, M-2AS, M-2AT, M-2AU and M-2AI",M-2AT,,15,"February 25, 2036",0,
Declining Balances Tables,144,"Class M-2A, M-2AR, M-2AS, M-2AT, M-2AU and M-2AI",M-2AT,,25,"February 25, 2036",0,
Declining Balances Tables,144,"Class M-2A, M-2AR, M-2AS, M-2AT, M-2AU and M-2AI",M-2AT,,35,"February 25, 2036",0,
Declining Balances Tables,144,"Class M-2A, M-2AR, M-2AS, M-2AT, M-2AU and M-2AI",M-2AU,,0,"February 25, 2036",100,
Declining Balances Tables,144,"Class M-2A, M-2AR, M-2AS, M-2AT, M-2AU and M-2AI",M-2AU,,5,"February 25, 2036",0,
Declining Balances Tables,144,"Class M-2A, M-2AR, M-2AS, M-2AT, M-2AU and M-2AI",M-2AU,,10,"February 25, 2036",0,
Declining Balances Tables,144,"Class M-2A, M-2AR, M-2AS, M-2AT, M-2AU and M-2AI",M-2AU,,15,"February 25, 2036",0,
Declining Balances Tables,144,"Class M-2A, M-2AR, M-2AS, M-2AT, M-2AU and M-2AI",M-2AU,,25,"February 25, 2036",0,
Declining Balances Tables,144,"Class M-2A, M-2AR, M-2AS, M-2AT, M-2AU and M-2AI",M-2AU,,35,"February 25, 2036",0,
Declining Balances Tables,144,"Class M-2A, M-2AR, M-2AS, M-2AT, M-2AU and M-2AI",M-2AI,,0,"February 25, 2036",100,
Declining Balances Tables,144,"Class M-2A, M-2AR, M-2AS, M-2AT, M-2AU and M-2AI",M-2AI,,5,"February 25, 2036",0,
Declining Balances Tables,144,"Class M-2A, M-2AR, M-2AS, M-2AT, M-2AU and M-2AI",M-2AI,,10,"February 25, 2036",0,
Declining Balances Tables,144,"Class M-2A, M-2AR, M-2AS, M-2AT, M-2AU and M-2AI",M-2AI,,15,"February 25, 2036",0,
Declining Balances Tables,144,"Class M-2A, M-2AR, M-2AS, M-2AT, M-2AU and M-2AI",M-2AI,,25,"February 25, 2036",0,
Declining Balances Tables,144,"Class M-2A, M-2AR, M-2AS, M-2AT, M-2AU and M-2AI",M-2AI,,35,"February 25, 2036",0,
Declining Balances Tables,144,"Class M-2A, M-2AR, M-2AS, M-2AT, M-2AU and M-2AI",M-2A,,0,"February 25, 2037",100,
Declining Balances Tables,144,"Class M-2A, M-2AR, M-2AS, M-2AT, M-2AU and M-2AI",M-2A,,5,"February 25, 2037",0,
Declining Balances Tables,144,"Class M-2A, M-2AR, M-2AS, M-2AT, M-2AU and M-2AI",M-2A,,10,"February 25, 2037",0,
Declining Balances Tables,144,"Class M-2A, M-2AR, M-2AS, M-2AT, M-2AU and M-2AI",M-2A,,15,"February 25, 2037",0,
Declining Balances Tables,144,"Class M-2A, M-2AR, M-2AS, M-2AT, M-2AU and M-2AI",M-2A,,25,"February 25, 2037",0,
Declining Balances Tables,144,"Class M-2A, M-2AR, M-2AS, M-2AT, M-2AU and M-2AI",M-2A,,35,"February 25, 2037",0,
Declining Balances Tables,144,"Class M-2A, M-2AR, M-2AS, M-2AT, M-2AU and M-2AI",M-2AR,,0,"February 25, 2037",100,
Declining Balances Tables,144,"Class M-2A, M-2AR, M-2AS, M-2AT, M-2AU and M-2AI",M-2AR,,5,"February 25, 2037",0,
Declining Balances Tables,144,"Class M-2A, M-2AR, M-2AS, M-2AT, M-2AU and M-2AI",M-2AR,,10,"February 25, 2037",0,
Declining Balances Tables,144,"Class M-2A, M-2AR, M-2AS, M-2AT, M-2AU and M-2AI",M-2AR,,15,"February 25, 2037",0,
Declining Balances Tables,144,"Class M-2A, M-2AR, M-2AS, M-2AT, M-2AU and M-2AI",M-2AR,,25,"February 25, 2037",0,
Declining Balances Tables,144,"Class M-2A, M-2AR, M-2AS, M-2AT, M-2AU and M-2AI",M-2AR,,35,"February 25, 2037",0,
Declining Balances Tables,144,"Class M-2A, M-2AR, M-2AS, M-2AT, M-2AU and M-2AI",M-2AS,,0,"February 25, 2037",100,
Declining Balances Tables,144,"Class M-2A, M-2AR, M-2AS, M-2AT, M-2AU and M-2AI",M-2AS,,5,"February 25, 2037",0,
Declining Balances Tables,144,"Class M-2A, M-2AR, M-2AS, M-2AT, M-2AU and M-2AI",M-2AS,,10,"February 25, 2037",0,
Declining Balances Tables,144,"Class M-2A, M-2AR, M-2AS, M-2AT, M-2AU and M-2AI",M-2AS,,15,"February 25, 2037",0,
Declining Balances Tables,144,"Class M-2A, M-2AR, M-2AS, M-2AT, M-2AU and M-2AI",M-2AS,,25,"February 25, 2037",0,
Declining Balances Tables,144,"Class M-2A, M-2AR, M-2AS, M-2AT, M-2AU and M-2AI",M-2AS,,35,"February 25, 2037",0,
Declining Balances Tables,144,"Class M-2A, M-2AR, M-2AS, M-2AT, M-2AU and M-2AI",M-2AT,,0,"February 25, 2037",100,
Declining Balances Tables,144,"Class M-2A, M-2AR, M-2AS, M-2AT, M-2AU and M-2AI",M-2AT,,5,"February 25, 2037",0,
Declining Balances Tables,144,"Class M-2A, M-2AR, M-2AS, M-2AT, M-2AU and M-2AI",M-2AT,,10,"February 25, 2037",0,
Declining Balances Tables,144,"Class M-2A, M-2AR, M-2AS, M-2AT, M-2AU and M-2AI",M-2AT,,15,"February 25, 2037",0,
Declining Balances Tables,144,"Class M-2A, M-2AR, M-2AS, M-2AT, M-2AU and M-2AI",M-2AT,,25,"February 25, 2037",0,
Declining Balances Tables,144,"Class M-2A, M-2AR, M-2AS, M-2AT, M-2AU and M-2AI",M-2AT,,35,"February 25, 2037",0,
Declining Balances Tables,144,"Class M-2A, M-2AR, M-2AS, M-2AT, M-2AU and M-2AI",M-2AU,,0,"February 25, 2037",100,
Declining Balances Tables,144,"Class M-2A, M-2AR, M-2AS, M-2AT, M-2AU and M-2AI",M-2AU,,5,"February 25, 2037",0,
Declining Balances Tables,144,"Class M-2A, M-2AR, M-2AS, M-2AT, M-2AU and M-2AI",M-2AU,,10,"February 25, 2037",0,
Declining Balances Tables,144,"Class M-2A, M-2AR, M-2AS, M-2AT, M-2AU and M-2AI",M-2AU,,15,"February 25, 2037",0,
Declining Balances Tables,144,"Class M-2A, M-2AR, M-2AS, M-2AT, M-2AU and M-2AI",M-2AU,,25,"February 25, 2037",0,
Declining Balances Tables,144,"Class M-2A, M-2AR, M-2AS, M-2AT, M-2AU and M-2AI",M-2AU,,35,"February 25, 2037",0,
Declining Balances Tables,144,"Class M-2A, M-2AR, M-2AS, M-2AT, M-2AU and M-2AI",M-2AI,,0,"February 25, 2037",100,
Declining Balances Tables,144,"Class M-2A, M-2AR, M-2AS, M-2AT, M-2AU and M-2AI",M-2AI,,5,"February 25, 2037",0,
Declining Balances Tables,144,"Class M-2A, M-2AR, M-2AS, M-2AT, M-2AU and M-2AI",M-2AI,,10,"February 25, 2037",0,
Declining Balances Tables,144,"Class M-2A, M-2AR, M-2AS, M-2AT, M-2AU and M-2AI",M-2AI,,15,"February 25, 2037",0,
Declining Balances Tables,144,"Class M-2A, M-2AR, M-2AS, M-2AT, M-2AU and M-2AI",M-2AI,,25,"February 25, 2037",0,
Declining Balances Tables,144,"Class M-2A, M-2AR, M-2AS, M-2AT, M-2AU and M-2AI",M-2AI,,35,"February 25, 2037",0,
Declining Balances Tables,144,"Class M-2A, M-2AR, M-2AS, M-2AT, M-2AU and M-2AI",M-2A,,0,"February 25, 2038",100,
Declining Balances Tables,144,"Class M-2A, M-2AR, M-2AS, M-2AT, M-2AU and M-2AI",M-2A,,5,"February 25, 2038",0,
Declining Balances Tables,144,"Class M-2A, M-2AR, M-2AS, M-2AT, M-2AU and M-2AI",M-2A,,10,"February 25, 2038",0,
Declining Balances Tables,144,"Class M-2A, M-2AR, M-2AS, M-2AT, M-2AU and M-2AI",M-2A,,15,"February 25, 2038",0,
Declining Balances Tables,144,"Class M-2A, M-2AR, M-2AS, M-2AT, M-2AU and M-2AI",M-2A,,25,"February 25, 2038",0,
Declining Balances Tables,144,"Class M-2A, M-2AR, M-2AS, M-2AT, M-2AU and M-2AI",M-2A,,35,"February 25, 2038",0,
Declining Balances Tables,144,"Class M-2A, M-2AR, M-2AS, M-2AT, M-2AU and M-2AI",M-2AR,,0,"February 25, 2038",100,
Declining Balances Tables,144,"Class M-2A, M-2AR, M-2AS, M-2AT, M-2AU and M-2AI",M-2AR,,5,"February 25, 2038",0,
Declining Balances Tables,144,"Class M-2A, M-2AR, M-2AS, M-2AT, M-2AU and M-2AI",M-2AR,,10,"February 25, 2038",0,
Declining Balances Tables,144,"Class M-2A, M-2AR, M-2AS, M-2AT, M-2AU and M-2AI",M-2AR,,15,"February 25, 2038",0,
Declining Balances Tables,144,"Class M-2A, M-2AR, M-2AS, M-2AT, M-2AU and M-2AI",M-2AR,,25,"February 25, 2038",0,
Declining Balances Tables,144,"Class M-2A, M-2AR, M-2AS, M-2AT, M-2AU and M-2AI",M-2AR,,35,"February 25, 2038",0,
Declining Balances Tables,144,"Class M-2A, M-2AR, M-2AS, M-2AT, M-2AU and M-2AI",M-2AS,,0,"February 25, 2038",100,
Declining Balances Tables,144,"Class M-2A, M-2AR, M-2AS, M-2AT, M-2AU and M-2AI",M-2AS,,5,"February 25, 2038",0,
Declining Balances Tables,144,"Class M-2A, M-2AR, M-2AS, M-2AT, M-2AU and M-2AI",M-2AS,,10,"February 25, 2038",0,
Declining Balances Tables,144,"Class M-2A, M-2AR, M-2AS, M-2AT, M-2AU and M-2AI",M-2AS,,15,"February 25, 2038",0,
Declining Balances Tables,144,"Class M-2A, M-2AR, M-2AS, M-2AT, M-2AU and M-2AI",M-2AS,,25,"February 25, 2038",0,
Declining Balances Tables,144,"Class M-2A, M-2AR, M-2AS, M-2AT, M-2AU and M-2AI",M-2AS,,35,"February 25, 2038",0,
Declining Balances Tables,144,"Class M-2A, M-2AR, M-2AS, M-2AT, M-2AU and M-2AI",M-2AT,,0,"February 25, 2038",100,
Declining Balances Tables,144,"Class M-2A, M-2AR, M-2AS, M-2AT, M-2AU and M-2AI",M-2AT,,5,"February 25, 2038",0,
Declining Balances Tables,144,"Class M-2A, M-2AR, M-2AS, M-2AT, M-2AU and M-2AI",M-2AT,,10,"February 25, 2038",0,
Declining Balances Tables,144,"Class M-2A, M-2AR, M-2AS, M-2AT, M-2AU and M-2AI",M-2AT,,15,"February 25, 2038",0,
Declining Balances Tables,144,"Class M-2A, M-2AR, M-2AS, M-2AT, M-2AU and M-2AI",M-2AT,,25,"February 25, 2038",0,
Declining Balances Tables,144,"Class M-2A, M-2AR, M-2AS, M-2AT, M-2AU and M-2AI",M-2AT,,35,"February 25, 2038",0,
Declining Balances Tables,144,"Class M-2A, M-2AR, M-2AS, M-2AT, M-2AU and M-2AI",M-2AU,,0,"February 25, 2038",100,
Declining Balances Tables,144,"Class M-2A, M-2AR, M-2AS, M-2AT, M-2AU and M-2AI",M-2AU,,5,"February 25, 2038",0,
Declining Balances Tables,144,"Class M-2A, M-2AR, M-2AS, M-2AT, M-2AU and M-2AI",M-2AU,,10,"February 25, 2038",0,
Declining Balances Tables,144,"Class M-2A, M-2AR, M-2AS, M-2AT, M-2AU and M-2AI",M-2AU,,15,"February 25, 2038",0,
Declining Balances Tables,144,"Class M-2A, M-2AR, M-2AS, M-2AT, M-2AU and M-2AI",M-2AU,,25,"February 25, 2038",0,
Declining Balances Tables,144,"Class M-2A, M-2AR, M-2AS, M-2AT, M-2AU and M-2AI",M-2AU,,35,"February 25, 2038",0,
Declining Balances Tables,144,"Class M-2A, M-2AR, M-2AS, M-2AT, M-2AU and M-2AI",M-2AI,,0,"February 25, 2038",100,
Declining Balances Tables,144,"Class M-2A, M-2AR, M-2AS, M-2AT, M-2AU and M-2AI",M-2AI,,5,"February 25, 2038",0,
Declining Balances Tables,144,"Class M-2A, M-2AR, M-2AS, M-2AT, M-2AU and M-2AI",M-2AI,,10,"February 25, 2038",0,
Declining Balances Tables,144,"Class M-2A, M-2AR, M-2AS, M-2AT, M-2AU and M-2AI",M-2AI,,15,"February 25, 2038",0,
Declining Balances Tables,144,"Class M-2A, M-2AR, M-2AS, M-2AT, M-2AU and M-2AI",M-2AI,,25,"February 25, 2038",0,
Declining Balances Tables,144,"Class M-2A, M-2AR, M-2AS, M-2AT, M-2AU and M-2AI",M-2AI,,35,"February 25, 2038",0,
Declining Balances Tables,144,"Class M-2A, M-2AR, M-2AS, M-2AT, M-2AU and M-2AI",M-2A,,0,"February 25, 2039",100,
Declining Balances Tables,144,"Class M-2A, M-2AR, M-2AS, M-2AT, M-2AU and M-2AI",M-2A,,5,"February 25, 2039",0,
Declining Balances Tables,144,"Class M-2A, M-2AR, M-2AS, M-2AT, M-2AU and M-2AI",M-2A,,10,"February 25, 2039",0,
Declining Balances Tables,144,"Class M-2A, M-2AR, M-2AS, M-2AT, M-2AU and M-2AI",M-2A,,15,"February 25, 2039",0,
Declining Balances Tables,144,"Class M-2A, M-2AR, M-2AS, M-2AT, M-2AU and M-2AI",M-2A,,25,"February 25, 2039",0,
Declining Balances Tables,144,"Class M-2A, M-2AR, M-2AS, M-2AT, M-2AU and M-2AI",M-2A,,35,"February 25, 2039",0,
Declining Balances Tables,144,"Class M-2A, M-2AR, M-2AS, M-2AT, M-2AU and M-2AI",M-2AR,,0,"February 25, 2039",100,
Declining Balances Tables,144,"Class M-2A, M-2AR, M-2AS, M-2AT, M-2AU and M-2AI",M-2AR,,5,"February 25, 2039",0,
Declining Balances Tables,144,"Class M-2A, M-2AR, M-2AS, M-2AT, M-2AU and M-2AI",M-2AR,,10,"February 25, 2039",0,
Declining Balances Tables,144,"Class M-2A, M-2AR, M-2AS, M-2AT, M-2AU and M-2AI",M-2AR,,15,"February 25, 2039",0,
Declining Balances Tables,144,"Class M-2A, M-2AR, M-2AS, M-2AT, M-2AU and M-2AI",M-2AR,,25,"February 25, 2039",0,
Declining Balances Tables,144,"Class M-2A, M-2AR, M-2AS, M-2AT, M-2AU and M-2AI",M-2AR,,35,"February 25, 2039",0,
Declining Balances Tables,144,"Class M-2A, M-2AR, M-2AS, M-2AT, M-2AU and M-2AI",M-2AS,,0,"February 25, 2039",100,
Declining Balances Tables,144,"Class M-2A, M-2AR, M-2AS, M-2AT, M-2AU and M-2AI",M-2AS,,5,"February 25, 2039",0,
Declining Balances Tables,144,"Class M-2A, M-2AR, M-2AS, M-2AT, M-2AU and M-2AI",M-2AS,,10,"February 25, 2039",0,
Declining Balances Tables,144,"Class M-2A, M-2AR, M-2AS, M-2AT, M-2AU and M-2AI",M-2AS,,15,"February 25, 2039",0,
Declining Balances Tables,144,"Class M-2A, M-2AR, M-2AS, M-2AT, M-2AU and M-2AI",M-2AS,,25,"February 25, 2039",0,
Declining Balances Tables,144,"Class M-2A, M-2AR, M-2AS, M-2AT, M-2AU and M-2AI",M-2AS,,35,"February 25, 2039",0,
Declining Balances Tables,144,"Class M-2A, M-2AR, M-2AS, M-2AT, M-2AU and M-2AI",M-2AT,,0,"February 25, 2039",100,
Declining Balances Tables,144,"Class M-2A, M-2AR, M-2AS, M-2AT, M-2AU and M-2AI",M-2AT,,5,"February 25, 2039",0,
Declining Balances Tables,144,"Class M-2A, M-2AR, M-2AS, M-2AT, M-2AU and M-2AI",M-2AT,,10,"February 25, 2039",0,
Declining Balances Tables,144,"Class M-2A, M-2AR, M-2AS, M-2AT, M-2AU and M-2AI",M-2AT,,15,"February 25, 2039",0,
Declining Balances Tables,144,"Class M-2A, M-2AR, M-2AS, M-2AT, M-2AU and M-2AI",M-2AT,,25,"February 25, 2039",0,
Declining Balances Tables,144,"Class M-2A, M-2AR, M-2AS, M-2AT, M-2AU and M-2AI",M-2AT,,35,"February 25, 2039",0,
Declining Balances Tables,144,"Class M-2A, M-2AR, M-2AS, M-2AT, M-2AU and M-2AI",M-2AU,,0,"February 25, 2039",100,
Declining Balances Tables,144,"Class M-2A, M-2AR, M-2AS, M-2AT, M-2AU and M-2AI",M-2AU,,5,"February 25, 2039",0,
Declining Balances Tables,144,"Class M-2A, M-2AR, M-2AS, M-2AT, M-2AU and M-2AI",M-2AU,,10,"February 25, 2039",0,
Declining Balances Tables,144,"Class M-2A, M-2AR, M-2AS, M-2AT, M-2AU and M-2AI",M-2AU,,15,"February 25, 2039",0,
Declining Balances Tables,144,"Class M-2A, M-2AR, M-2AS, M-2AT, M-2AU and M-2AI",M-2AU,,25,"February 25, 2039",0,
Declining Balances Tables,144,"Class M-2A, M-2AR, M-2AS, M-2AT, M-2AU and M-2AI",M-2AU,,35,"February 25, 2039",0,
Declining Balances Tables,144,"Class M-2A, M-2AR, M-2AS, M-2AT, M-2AU and M-2AI",M-2AI,,0,"February 25, 2039",100,
Declining Balances Tables,144,"Class M-2A, M-2AR, M-2AS, M-2AT, M-2AU and M-2AI",M-2AI,,5,"February 25, 2039",0,
Declining Balances Tables,144,"Class M-2A, M-2AR, M-2AS, M-2AT, M-2AU and M-2AI",M-2AI,,10,"February 25, 2039",0,
Declining Balances Tables,144,"Class M-2A, M-2AR, M-2AS, M-2AT, M-2AU and M-2AI",M-2AI,,15,"February 25, 2039",0,
Declining Balances Tables,144,"Class M-2A, M-2AR, M-2AS, M-2AT, M-2AU and M-2AI",M-2AI,,25,"February 25, 2039",0,
Declining Balances Tables,144,"Class M-2A, M-2AR, M-2AS, M-2AT, M-2AU and M-2AI",M-2AI,,35,"February 25, 2039",0,
Declining Balances Tables,144,"Class M-2A, M-2AR, M-2AS, M-2AT, M-2AU and M-2AI",M-2A,,0,"February 25, 2040",100,
Declining Balances Tables,144,"Class M-2A, M-2AR, M-2AS, M-2AT, M-2AU and M-2AI",M-2A,,5,"February 25, 2040",0,
Declining Balances Tables,144,"Class M-2A, M-2AR, M-2AS, M-2AT, M-2AU and M-2AI",M-2A,,10,"February 25, 2040",0,
Declining Balances Tables,144,"Class M-2A, M-2AR, M-2AS, M-2AT, M-2AU and M-2AI",M-2A,,15,"February 25, 2040",0,
Declining Balances Tables,144,"Class M-2A, M-2AR, M-2AS, M-2AT, M-2AU and M-2AI",M-2A,,25,"February 25, 2040",0,
Declining Balances Tables,144,"Class M-2A, M-2AR, M-2AS, M-2AT, M-2AU and M-2AI",M-2A,,35,"February 25, 2040",0,
Declining Balances Tables,144,"Class M-2A, M-2AR, M-2AS, M-2AT, M-2AU and M-2AI",M-2AR,,0,"February 25, 2040",100,
Declining Balances Tables,144,"Class M-2A, M-2AR, M-2AS, M-2AT, M-2AU and M-2AI",M-2AR,,5,"February 25, 2040",0,
Declining Balances Tables,144,"Class M-2A, M-2AR, M-2AS, M-2AT, M-2AU and M-2AI",M-2AR,,10,"February 25, 2040",0,
Declining Balances Tables,144,"Class M-2A, M-2AR, M-2AS, M-2AT, M-2AU and M-2AI",M-2AR,,15,"February 25, 2040",0,
Declining Balances Tables,144,"Class M-2A, M-2AR, M-2AS, M-2AT, M-2AU and M-2AI",M-2AR,,25,"February 25, 2040",0,
Declining Balances Tables,144,"Class M-2A, M-2AR, M-2AS, M-2AT, M-2AU and M-2AI",M-2AR,,35,"February 25, 2040",0,
Declining Balances Tables,144,"Class M-2A, M-2AR, M-2AS, M-2AT, M-2AU and M-2AI",M-2AS,,0,"February 25, 2040",100,
Declining Balances Tables,144,"Class M-2A, M-2AR, M-2AS, M-2AT, M-2AU and M-2AI",M-2AS,,5,"February 25, 2040",0,
Declining Balances Tables,144,"Class M-2A, M-2AR, M-2AS, M-2AT, M-2AU and M-2AI",M-2AS,,10,"February 25, 2040",0,
Declining Balances Tables,144,"Class M-2A, M-2AR, M-2AS, M-2AT, M-2AU and M-2AI",M-2AS,,15,"February 25, 2040",0,
Declining Balances Tables,144,"Class M-2A, M-2AR, M-2AS, M-2AT, M-2AU and M-2AI",M-2AS,,25,"February 25, 2040",0,
Declining Balances Tables,144,"Class M-2A, M-2AR, M-2AS, M-2AT, M-2AU and M-2AI",M-2AS,,35,"February 25, 2040",0,
Declining Balances Tables,144,"Class M-2A, M-2AR, M-2AS, M-2AT, M-2AU and M-2AI",M-2AT,,0,"February 25, 2040",100,
Declining Balances Tables,144,"Class M-2A, M-2AR, M-2AS, M-2AT, M-2AU and M-2AI",M-2AT,,5,"February 25, 2040",0,
Declining Balances Tables,144,"Class M-2A, M-2AR, M-2AS, M-2AT, M-2AU and M-2AI",M-2AT,,10,"February 25, 2040",0,
Declining Balances Tables,144,"Class M-2A, M-2AR, M-2AS, M-2AT, M-2AU and M-2AI",M-2AT,,15,"February 25, 2040",0,
Declining Balances Tables,144,"Class M-2A, M-2AR, M-2AS, M-2AT, M-2AU and M-2AI",M-2AT,,25,"February 25, 2040",0,
Declining Balances Tables,144,"Class M-2A, M-2AR, M-2AS, M-2AT, M-2AU and M-2AI",M-2AT,,35,"February 25, 2040",0,
Declining Balances Tables,144,"Class M-2A, M-2AR, M-2AS, M-2AT, M-2AU and M-2AI",M-2AU,,0,"February 25, 2040",100,
Declining Balances Tables,144,"Class M-2A, M-2AR, M-2AS, M-2AT, M-2AU and M-2AI",M-2AU,,5,"February 25, 2040",0,
Declining Balances Tables,144,"Class M-2A, M-2AR, M-2AS, M-2AT, M-2AU and M-2AI",M-2AU,,10,"February 25, 2040",0,
Declining Balances Tables,144,"Class M-2A, M-2AR, M-2AS, M-2AT, M-2AU and M-2AI",M-2AU,,15,"February 25, 2040",0,
Declining Balances Tables,144,"Class M-2A, M-2AR, M-2AS, M-2AT, M-2AU and M-2AI",M-2AU,,25,"February 25, 2040",0,
Declining Balances Tables,144,"Class M-2A, M-2AR, M-2AS, M-2AT, M-2AU and M-2AI",M-2AU,,35,"February 25, 2040",0,
Declining Balances Tables,144,"Class M-2A, M-2AR, M-2AS, M-2AT, M-2AU and M-2AI",M-2AI,,0,"February 25, 2040",100,
Declining Balances Tables,144,"Class M-2A, M-2AR, M-2AS, M-2AT, M-2AU and M-2AI",M-2AI,,5,"February 25, 2040",0,
Declining Balances Tables,144,"Class M-2A, M-2AR, M-2AS, M-2AT, M-2AU and M-2AI",M-2AI,,10,"February 25, 2040",0,
Declining Balances Tables,144,"Class M-2A, M-2AR, M-2AS, M-2AT, M-2AU and M-2AI",M-2AI,,15,"February 25, 2040",0,
Declining Balances Tables,144,"Class M-2A, M-2AR, M-2AS, M-2AT, M-2AU and M-2AI",M-2AI,,25,"February 25, 2040",0,
Declining Balances Tables,144,"Class M-2A, M-2AR, M-2AS, M-2AT, M-2AU and M-2AI",M-2AI,,35,"February 25, 2040",0,
Declining Balances Tables,144,"Class M-2A, M-2AR, M-2AS, M-2AT, M-2AU and M-2AI",M-2A,,0,"February 25, 2041",100,
Declining Balances Tables,144,"Class M-2A, M-2AR, M-2AS, M-2AT, M-2AU and M-2AI",M-2A,,5,"February 25, 2041",0,
Declining Balances Tables,144,"Class M-2A, M-2AR, M-2AS, M-2AT, M-2AU and M-2AI",M-2A,,10,"February 25, 2041",0,
Declining Balances Tables,144,"Class M-2A, M-2AR, M-2AS, M-2AT, M-2AU and M-2AI",M-2A,,15,"February 25, 2041",0,
Declining Balances Tables,144,"Class M-2A, M-2AR, M-2AS, M-2AT, M-2AU and M-2AI",M-2A,,25,"February 25, 2041",0,
Declining Balances Tables,144,"Class M-2A, M-2AR, M-2AS, M-2AT, M-2AU and M-2AI",M-2A,,35,"February 25, 2041",0,
Declining Balances Tables,144,"Class M-2A, M-2AR, M-2AS, M-2AT, M-2AU and M-2AI",M-2AR,,0,"February 25, 2041",100,
Declining Balances Tables,144,"Class M-2A, M-2AR, M-2AS, M-2AT, M-2AU and M-2AI",M-2AR,,5,"February 25, 2041",0,
Declining Balances Tables,144,"Class M-2A, M-2AR, M-2AS, M-2AT, M-2AU and M-2AI",M-2AR,,10,"February 25, 2041",0,
Declining Balances Tables,144,"Class M-2A, M-2AR, M-2AS, M-2AT, M-2AU and M-2AI",M-2AR,,15,"February 25, 2041",0,
Declining Balances Tables,144,"Class M-2A, M-2AR, M-2AS, M-2AT, M-2AU and M-2AI",M-2AR,,25,"February 25, 2041",0,
Declining Balances Tables,144,"Class M-2A, M-2AR, M-2AS, M-2AT, M-2AU and M-2AI",M-2AR,,35,"February 25, 2041",0,
Declining Balances Tables,144,"Class M-2A, M-2AR, M-2AS, M-2AT, M-2AU and M-2AI",M-2AS,,0,"February 25, 2041",100,
Declining Balances Tables,144,"Class M-2A, M-2AR, M-2AS, M-2AT, M-2AU and M-2AI",M-2AS,,5,"February 25, 2041",0,
Declining Balances Tables,144,"Class M-2A, M-2AR, M-2AS, M-2AT, M-2AU and M-2AI",M-2AS,,10,"February 25, 2041",0,
Declining Balances Tables,144,"Class M-2A, M-2AR, M-2AS, M-2AT, M-2AU and M-2AI",M-2AS,,15,"February 25, 2041",0,
Declining Balances Tables,144,"Class M-2A, M-2AR, M-2AS, M-2AT, M-2AU and M-2AI",M-2AS,,25,"February 25, 2041",0,
Declining Balances Tables,144,"Class M-2A, M-2AR, M-2AS, M-2AT, M-2AU and M-2AI",M-2AS,,35,"February 25, 2041",0,
Declining Balances Tables,144,"Class M-2A, M-2AR, M-2AS, M-2AT, M-2AU and M-2AI",M-2AT,,0,"February 25, 2041",100,
Declining Balances Tables,144,"Class M-2A, M-2AR, M-2AS, M-2AT, M-2AU and M-2AI",M-2AT,,5,"February 25, 2041",0,
Declining Balances Tables,144,"Class M-2A, M-2AR, M-2AS, M-2AT, M-2AU and M-2AI",M-2AT,,10,"February 25, 2041",0,
Declining Balances Tables,144,"Class M-2A, M-2AR, M-2AS, M-2AT, M-2AU and M-2AI",M-2AT,,15,"February 25, 2041",0,
Declining Balances Tables,144,"Class M-2A, M-2AR, M-2AS, M-2AT, M-2AU and M-2AI",M-2AT,,25,"February 25, 2041",0,
Declining Balances Tables,144,"Class M-2A, M-2AR, M-2AS, M-2AT, M-2AU and M-2AI",M-2AT,,35,"February 25, 2041",0,
Declining Balances Tables,144,"Class M-2A, M-2AR, M-2AS, M-2AT, M-2AU and M-2AI",M-2AU,,0,"February 25, 2041",100,
Declining Balances Tables,144,"Class M-2A, M-2AR, M-2AS, M-2AT, M-2AU and M-2AI",M-2AU,,5,"February 25, 2041",0,
Declining Balances Tables,144,"Class M-2A, M-2AR, M-2AS, M-2AT, M-2AU and M-2AI",M-2AU,,10,"February 25, 2041",0,
Declining Balances Tables,144,"Class M-2A, M-2AR, M-2AS, M-2AT, M-2AU and M-2AI",M-2AU,,15,"February 25, 2041",0,
Declining Balances Tables,144,"Class M-2A, M-2AR, M-2AS, M-2AT, M-2AU and M-2AI",M-2AU,,25,"February 25, 2041",0,
Declining Balances Tables,144,"Class M-2A, M-2AR, M-2AS, M-2AT, M-2AU and M-2AI",M-2AU,,35,"February 25, 2041",0,
Declining Balances Tables,144,"Class M-2A, M-2AR, M-2AS, M-2AT, M-2AU and M-2AI",M-2AI,,0,"February 25, 2041",100,
Declining Balances Tables,144,"Class M-2A, M-2AR, M-2AS, M-2AT, M-2AU and M-2AI",M-2AI,,5,"February 25, 2041",0,
Declining Balances Tables,144,"Class M-2A, M-2AR, M-2AS, M-2AT, M-2AU and M-2AI",M-2AI,,10,"February 25, 2041",0,
Declining Balances Tables,144,"Class M-2A, M-2AR, M-2AS, M-2AT, M-2AU and M-2AI",M-2AI,,15,"February 25, 2041",0,
Declining Balances Tables,144,"Class M-2A, M-2AR, M-2AS, M-2AT, M-2AU and M-2AI",M-2AI,,25,"February 25, 2041",0,
Declining Balances Tables,144,"Class M-2A, M-2AR, M-2AS, M-2AT, M-2AU and M-2AI",M-2AI,,35,"February 25, 2041",0,
Declining Balances Tables,144,"Class M-2A, M-2AR, M-2AS, M-2AT, M-2AU and M-2AI",M-2A,,0,"February 25, 2042",100,
Declining Balances Tables,144,"Class M-2A, M-2AR, M-2AS, M-2AT, M-2AU and M-2AI",M-2A,,5,"February 25, 2042",0,
Declining Balances Tables,144,"Class M-2A, M-2AR, M-2AS, M-2AT, M-2AU and M-2AI",M-2A,,10,"February 25, 2042",0,
Declining Balances Tables,144,"Class M-2A, M-2AR, M-2AS, M-2AT, M-2AU and M-2AI",M-2A,,15,"February 25, 2042",0,
Declining Balances Tables,144,"Class M-2A, M-2AR, M-2AS, M-2AT, M-2AU and M-2AI",M-2A,,25,"February 25, 2042",0,
Declining Balances Tables,144,"Class M-2A, M-2AR, M-2AS, M-2AT, M-2AU and M-2AI",M-2A,,35,"February 25, 2042",0,
Declining Balances Tables,144,"Class M-2A, M-2AR, M-2AS, M-2AT, M-2AU and M-2AI",M-2AR,,0,"February 25, 2042",100,
Declining Balances Tables,144,"Class M-2A, M-2AR, M-2AS, M-2AT, M-2AU and M-2AI",M-2AR,,5,"February 25, 2042",0,
Declining Balances Tables,144,"Class M-2A, M-2AR, M-2AS, M-2AT, M-2AU and M-2AI",M-2AR,,10,"February 25, 2042",0,
Declining Balances Tables,144,"Class M-2A, M-2AR, M-2AS, M-2AT, M-2AU and M-2AI",M-2AR,,15,"February 25, 2042",0,
Declining Balances Tables,144,"Class M-2A, M-2AR, M-2AS, M-2AT, M-2AU and M-2AI",M-2AR,,25,"February 25, 2042",0,
Declining Balances Tables,144,"Class M-2A, M-2AR, M-2AS, M-2AT, M-2AU and M-2AI",M-2AR,,35,"February 25, 2042",0,
Declining Balances Tables,144,"Class M-2A, M-2AR, M-2AS, M-2AT, M-2AU and M-2AI",M-2AS,,0,"February 25, 2042",100,
Declining Balances Tables,144,"Class M-2A, M-2AR, M-2AS, M-2AT, M-2AU and M-2AI",M-2AS,,5,"February 25, 2042",0,
Declining Balances Tables,144,"Class M-2A, M-2AR, M-2AS, M-2AT, M-2AU and M-2AI",M-2AS,,10,"February 25, 2042",0,
Declining Balances Tables,144,"Class M-2A, M-2AR, M-2AS, M-2AT, M-2AU and M-2AI",M-2AS,,15,"February 25, 2042",0,
Declining Balances Tables,144,"Class M-2A, M-2AR, M-2AS, M-2AT, M-2AU and M-2AI",M-2AS,,25,"February 25, 2042",0,
Declining Balances Tables,144,"Class M-2A, M-2AR, M-2AS, M-2AT, M-2AU and M-2AI",M-2AS,,35,"February 25, 2042",0,
Declining Balances Tables,144,"Class M-2A, M-2AR, M-2AS, M-2AT, M-2AU and M-2AI",M-2AT,,0,"February 25, 2042",100,
Declining Balances Tables,144,"Class M-2A, M-2AR, M-2AS, M-2AT, M-2AU and M-2AI",M-2AT,,5,"February 25, 2042",0,
Declining Balances Tables,144,"Class M-2A, M-2AR, M-2AS, M-2AT, M-2AU and M-2AI",M-2AT,,10,"February 25, 2042",0,
Declining Balances Tables,144,"Class M-2A, M-2AR, M-2AS, M-2AT, M-2AU and M-2AI",M-2AT,,15,"February 25, 2042",0,
Declining Balances Tables,144,"Class M-2A, M-2AR, M-2AS, M-2AT, M-2AU and M-2AI",M-2AT,,25,"February 25, 2042",0,
Declining Balances Tables,144,"Class M-2A, M-2AR, M-2AS, M-2AT, M-2AU and M-2AI",M-2AT,,35,"February 25, 2042",0,
Declining Balances Tables,144,"Class M-2A, M-2AR, M-2AS, M-2AT, M-2AU and M-2AI",M-2AU,,0,"February 25, 2042",100,
Declining Balances Tables,144,"Class M-2A, M-2AR, M-2AS, M-2AT, M-2AU and M-2AI",M-2AU,,5,"February 25, 2042",0,
Declining Balances Tables,144,"Class M-2A, M-2AR, M-2AS, M-2AT, M-2AU and M-2AI",M-2AU,,10,"February 25, 2042",0,
Declining Balances Tables,144,"Class M-2A, M-2AR, M-2AS, M-2AT, M-2AU and M-2AI",M-2AU,,15,"February 25, 2042",0,
Declining Balances Tables,144,"Class M-2A, M-2AR, M-2AS, M-2AT, M-2AU and M-2AI",M-2AU,,25,"February 25, 2042",0,
Declining Balances Tables,144,"Class M-2A, M-2AR, M-2AS, M-2AT, M-2AU and M-2AI",M-2AU,,35,"February 25, 2042",0,
Declining Balances Tables,144,"Class M-2A, M-2AR, M-2AS, M-2AT, M-2AU and M-2AI",M-2AI,,0,"February 25, 2042",100,
Declining Balances Tables,144,"Class M-2A, M-2AR, M-2AS, M-2AT, M-2AU and M-2AI",M-2AI,,5,"February 25, 2042",0,
Declining Balances Tables,144,"Class M-2A, M-2AR, M-2AS, M-2AT, M-2AU and M-2AI",M-2AI,,10,"February 25, 2042",0,
Declining Balances Tables,144,"Class M-2A, M-2AR, M-2AS, M-2AT, M-2AU and M-2AI",M-2AI,,15,"February 25, 2042",0,
Declining Balances Tables,144,"Class M-2A, M-2AR, M-2AS, M-2AT, M-2AU and M-2AI",M-2AI,,25,"February 25, 2042",0,
Declining Balances Tables,144,"Class M-2A, M-2AR, M-2AS, M-2AT, M-2AU and M-2AI",M-2AI,,35,"February 25, 2042",0,
Declining Balances Tables,144,"Class M-2A, M-2AR, M-2AS, M-2AT, M-2AU and M-2AI",M-2A,,0,"February 25, 2043",100,
Declining Balances Tables,144,"Class M-2A, M-2AR, M-2AS, M-2AT, M-2AU and M-2AI",M-2A,,5,"February 25, 2043",0,
Declining Balances Tables,144,"Class M-2A, M-2AR, M-2AS, M-2AT, M-2AU and M-2AI",M-2A,,10,"February 25, 2043",0,
Declining Balances Tables,144,"Class M-2A, M-2AR, M-2AS, M-2AT, M-2AU and M-2AI",M-2A,,15,"February 25, 2043",0,
Declining Balances Tables,144,"Class M-2A, M-2AR, M-2AS, M-2AT, M-2AU and M-2AI",M-2A,,25,"February 25, 2043",0,
Declining Balances Tables,144,"Class M-2A, M-2AR, M-2AS, M-2AT, M-2AU and M-2AI",M-2A,,35,"February 25, 2043",0,
Declining Balances Tables,144,"Class M-2A, M-2AR, M-2AS, M-2AT, M-2AU and M-2AI",M-2AR,,0,"February 25, 2043",100,
Declining Balances Tables,144,"Class M-2A, M-2AR, M-2AS, M-2AT, M-2AU and M-2AI",M-2AR,,5,"February 25, 2043",0,
Declining Balances Tables,144,"Class M-2A, M-2AR, M-2AS, M-2AT, M-2AU and M-2AI",M-2AR,,10,"February 25, 2043",0,
Declining Balances Tables,144,"Class M-2A, M-2AR, M-2AS, M-2AT, M-2AU and M-2AI",M-2AR,,15,"February 25, 2043",0,
Declining Balances Tables,144,"Class M-2A, M-2AR, M-2AS, M-2AT, M-2AU and M-2AI",M-2AR,,25,"February 25, 2043",0,
Declining Balances Tables,144,"Class M-2A, M-2AR, M-2AS, M-2AT, M-2AU and M-2AI",M-2AR,,35,"February 25, 2043",0,
Declining Balances Tables,144,"Class M-2A, M-2AR, M-2AS, M-2AT, M-2AU and M-2AI",M-2AS,,0,"February 25, 2043",100,
Declining Balances Tables,144,"Class M-2A, M-2AR, M-2AS, M-2AT, M-2AU and M-2AI",M-2AS,,5,"February 25, 2043",0,
Declining Balances Tables,144,"Class M-2A, M-2AR, M-2AS, M-2AT, M-2AU and M-2AI",M-2AS,,10,"February 25, 2043",0,
Declining Balances Tables,144,"Class M-2A, M-2AR, M-2AS, M-2AT, M-2AU and M-2AI",M-2AS,,15,"February 25, 2043",0,
Declining Balances Tables,144,"Class M-2A, M-2AR, M-2AS, M-2AT, M-2AU and M-2AI",M-2AS,,25,"February 25, 2043",0,
Declining Balances Tables,144,"Class M-2A, M-2AR, M-2AS, M-2AT, M-2AU and M-2AI",M-2AS,,35,"February 25, 2043",0,
Declining Balances Tables,144,"Class M-2A, M-2AR, M-2AS, M-2AT, M-2AU and M-2AI",M-2AT,,0,"February 25, 2043",100,
Declining Balances Tables,144,"Class M-2A, M-2AR, M-2AS, M-2AT, M-2AU and M-2AI",M-2AT,,5,"February 25, 2043",0,
Declining Balances Tables,144,"Class M-2A, M-2AR, M-2AS, M-2AT, M-2AU and M-2AI",M-2AT,,10,"February 25, 2043",0,
Declining Balances Tables,144,"Class M-2A, M-2AR, M-2AS, M-2AT, M-2AU and M-2AI",M-2AT,,15,"February 25, 2043",0,
Declining Balances Tables,144,"Class M-2A, M-2AR, M-2AS, M-2AT, M-2AU and M-2AI",M-2AT,,25,"February 25, 2043",0,
Declining Balances Tables,144,"Class M-2A, M-2AR, M-2AS, M-2AT, M-2AU and M-2AI",M-2AT,,35,"February 25, 2043",0,
Declining Balances Tables,144,"Class M-2A, M-2AR, M-2AS, M-2AT, M-2AU and M-2AI",M-2AU,,0,"February 25, 2043",100,
Declining Balances Tables,144,"Class M-2A, M-2AR, M-2AS, M-2AT, M-2AU and M-2AI",M-2AU,,5,"February 25, 2043",0,
Declining Balances Tables,144,"Class M-2A, M-2AR, M-2AS, M-2AT, M-2AU and M-2AI",M-2AU,,10,"February 25, 2043",0,
Declining Balances Tables,144,"Class M-2A, M-2AR, M-2AS, M-2AT, M-2AU and M-2AI",M-2AU,,15,"February 25, 2043",0,
Declining Balances Tables,144,"Class M-2A, M-2AR, M-2AS, M-2AT, M-2AU and M-2AI",M-2AU,,25,"February 25, 2043",0,
Declining Balances Tables,144,"Class M-2A, M-2AR, M-2AS, M-2AT, M-2AU and M-2AI",M-2AU,,35,"February 25, 2043",0,
Declining Balances Tables,144,"Class M-2A, M-2AR, M-2AS, M-2AT, M-2AU and M-2AI",M-2AI,,0,"February 25, 2043",100,
Declining Balances Tables,144,"Class M-2A, M-2AR, M-2AS, M-2AT, M-2AU and M-2AI",M-2AI,,5,"February 25, 2043",0,
Declining Balances Tables,144,"Class M-2A, M-2AR, M-2AS, M-2AT, M-2AU and M-2AI",M-2AI,,10,"February 25, 2043",0,
Declining Balances Tables,144,"Class M-2A, M-2AR, M-2AS, M-2AT, M-2AU and M-2AI",M-2AI,,15,"February 25, 2043",0,
Declining Balances Tables,144,"Class M-2A, M-2AR, M-2AS, M-2AT, M-2AU and M-2AI",M-2AI,,25,"February 25, 2043",0,
Declining Balances Tables,144,"Class M-2A, M-2AR, M-2AS, M-2AT, M-2AU and M-2AI",M-2AI,,35,"February 25, 2043",0,
Declining Balances Tables,144,"Class M-2A, M-2AR, M-2AS, M-2AT, M-2AU and M-2AI",M-2A,,0,"February 25, 2044",46,
Declining Balances Tables,144,"Class M-2A, M-2AR, M-2AS, M-2AT, M-2AU and M-2AI",M-2A,,5,"February 25, 2044",0,
Declining Balances Tables,144,"Class M-2A, M-2AR, M-2AS, M-2AT, M-2AU and M-2AI",M-2A,,10,"February 25, 2044",0,
Declining Balances Tables,144,"Class M-2A, M-2AR, M-2AS, M-2AT, M-2AU and M-2AI",M-2A,,15,"February 25, 2044",0,
Declining Balances Tables,144,"Class M-2A, M-2AR, M-2AS, M-2AT, M-2AU and M-2AI",M-2A,,25,"February 25, 2044",0,
Declining Balances Tables,144,"Class M-2A, M-2AR, M-2AS, M-2AT, M-2AU and M-2AI",M-2A,,35,"February 25, 2044",0,
Declining Balances Tables,144,"Class M-2A, M-2AR, M-2AS, M-2AT, M-2AU and M-2AI",M-2AR,,0,"February 25, 2044",46,
Declining Balances Tables,144,"Class M-2A, M-2AR, M-2AS, M-2AT, M-2AU and M-2AI",M-2AR,,5,"February 25, 2044",0,
Declining Balances Tables,144,"Class M-2A, M-2AR, M-2AS, M-2AT, M-2AU and M-2AI",M-2AR,,10,"February 25, 2044",0,
Declining Balances Tables,144,"Class M-2A, M-2AR, M-2AS, M-2AT, M-2AU and M-2AI",M-2AR,,15,"February 25, 2044",0,
Declining Balances Tables,144,"Class M-2A, M-2AR, M-2AS, M-2AT, M-2AU and M-2AI",M-2AR,,25,"February 25, 2044",0,
Declining Balances Tables,144,"Class M-2A, M-2AR, M-2AS, M-2AT, M-2AU and M-2AI",M-2AR,,35,"February 25, 2044",0,
Declining Balances Tables,144,"Class M-2A, M-2AR, M-2AS, M-2AT, M-2AU and M-2AI",M-2AS,,0,"February 25, 2044",46,
Declining Balances Tables,144,"Class M-2A, M-2AR, M-2AS, M-2AT, M-2AU and M-2AI",M-2AS,,5,"February 25, 2044",0,
Declining Balances Tables,144,"Class M-2A, M-2AR, M-2AS, M-2AT, M-2AU and M-2AI",M-2AS,,10,"February 25, 2044",0,
Declining Balances Tables,144,"Class M-2A, M-2AR, M-2AS, M-2AT, M-2AU and M-2AI",M-2AS,,15,"February 25, 2044",0,
Declining Balances Tables,144,"Class M-2A, M-2AR, M-2AS, M-2AT, M-2AU and M-2AI",M-2AS,,25,"February 25, 2044",0,
Declining Balances Tables,144,"Class M-2A, M-2AR, M-2AS, M-2AT, M-2AU and M-2AI",M-2AS,,35,"February 25, 2044",0,
Declining Balances Tables,144,"Class M-2A, M-2AR, M-2AS, M-2AT, M-2AU and M-2AI",M-2AT,,0,"February 25, 2044",46,
Declining Balances Tables,144,"Class M-2A, M-2AR, M-2AS, M-2AT, M-2AU and M-2AI",M-2AT,,5,"February 25, 2044",0,
Declining Balances Tables,144,"Class M-2A, M-2AR, M-2AS, M-2AT, M-2AU and M-2AI",M-2AT,,10,"February 25, 2044",0,
Declining Balances Tables,144,"Class M-2A, M-2AR, M-2AS, M-2AT, M-2AU and M-2AI",M-2AT,,15,"February 25, 2044",0,
Declining Balances Tables,144,"Class M-2A, M-2AR, M-2AS, M-2AT, M-2AU and M-2AI",M-2AT,,25,"February 25, 2044",0,
Declining Balances Tables,144,"Class M-2A, M-2AR, M-2AS, M-2AT, M-2AU and M-2AI",M-2AT,,35,"February 25, 2044",0,
Declining Balances Tables,144,"Class M-2A, M-2AR, M-2AS, M-2AT, M-2AU and M-2AI",M-2AU,,0,"February 25, 2044",46,
Declining Balances Tables,144,"Class M-2A, M-2AR, M-2AS, M-2AT, M-2AU and M-2AI",M-2AU,,5,"February 25, 2044",0,
Declining Balances Tables,144,"Class M-2A, M-2AR, M-2AS, M-2AT, M-2AU and M-2AI",M-2AU,,10,"February 25, 2044",0,
Declining Balances Tables,144,"Class M-2A, M-2AR, M-2AS, M-2AT, M-2AU and M-2AI",M-2AU,,15,"February 25, 2044",0,
Declining Balances Tables,144,"Class M-2A, M-2AR, M-2AS, M-2AT, M-2AU and M-2AI",M-2AU,,25,"February 25, 2044",0,
Declining Balances Tables,144,"Class M-2A, M-2AR, M-2AS, M-2AT, M-2AU and M-2AI",M-2AU,,35,"February 25, 2044",0,
Declining Balances Tables,144,"Class M-2A, M-2AR, M-2AS, M-2AT, M-2AU and M-2AI",M-2AI,,0,"February 25, 2044",46,
Declining Balances Tables,144,"Class M-2A, M-2AR, M-2AS, M-2AT, M-2AU and M-2AI",M-2AI,,5,"February 25, 2044",0,
Declining Balances Tables,144,"Class M-2A, M-2AR, M-2AS, M-2AT, M-2AU and M-2AI",M-2AI,,10,"February 25, 2044",0,
Declining Balances Tables,144,"Class M-2A, M-2AR, M-2AS, M-2AT, M-2AU and M-2AI",M-2AI,,15,"February 25, 2044",0,
Declining Balances Tables,144,"Class M-2A, M-2AR, M-2AS, M-2AT, M-2AU and M-2AI",M-2AI,,25,"February 25, 2044",0,
Declining Balances Tables,144,"Class M-2A, M-2AR, M-2AS, M-2AT, M-2AU and M-2AI",M-2AI,,35,"February 25, 2044",0,
Declining Balances Tables,144,"Class M-2A, M-2AR, M-2AS, M-2AT, M-2AU and M-2AI",M-2A,,0,"February 25, 2045 and thereafter",0,
Declining Balances Tables,144,"Class M-2A, M-2AR, M-2AS, M-2AT, M-2AU and M-2AI",M-2A,,5,"February 25, 2045 and thereafter",0,
Declining Balances Tables,144,"Class M-2A, M-2AR, M-2AS, M-2AT, M-2AU and M-2AI",M-2A,,10,"February 25, 2045 and thereafter",0,
Declining Balances Tables,144,"Class M-2A, M-2AR, M-2AS, M-2AT, M-2AU and M-2AI",M-2A,,15,"February 25, 2045 and thereafter",0,
Declining Balances Tables,144,"Class M-2A, M-2AR, M-2AS, M-2AT, M-2AU and M-2AI",M-2A,,25,"February 25, 2045 and thereafter",0,
Declining Balances Tables,144,"Class M-2A, M-2AR, M-2AS, M-2AT, M-2AU and M-2AI",M-2A,,35,"February 25, 2045 and thereafter",0,
Declining Balances Tables,144,"Class M-2A, M-2AR, M-2AS, M-2AT, M-2AU and M-2AI",M-2AR,,0,"February 25, 2045 and thereafter",0,
Declining Balances Tables,144,"Class M-2A, M-2AR, M-2AS, M-2AT, M-2AU and M-2AI",M-2AR,,5,"February 25, 2045 and thereafter",0,
Declining Balances Tables,144,"Class M-2A, M-2AR, M-2AS, M-2AT, M-2AU and M-2AI",M-2AR,,10,"February 25, 2045 and thereafter",0,
Declining Balances Tables,144,"Class M-2A, M-2AR, M-2AS, M-2AT, M-2AU and M-2AI",M-2AR,,15,"February 25, 2045 and thereafter",0,
Declining Balances Tables,144,"Class M-2A, M-2AR, M-2AS, M-2AT, M-2AU and M-2AI",M-2AR,,25,"February 25, 2045 and thereafter",0,
Declining Balances Tables,144,"Class M-2A, M-2AR, M-2AS, M-2AT, M-2AU and M-2AI",M-2AR,,35,"February 25, 2045 and thereafter",0,
Declining Balances Tables,144,"Class M-2A, M-2AR, M-2AS, M-2AT, M-2AU and M-2AI",M-2AS,,0,"February 25, 2045 and thereafter",0,
Declining Balances Tables,144,"Class M-2A, M-2AR, M-2AS, M-2AT, M-2AU and M-2AI",M-2AS,,5,"February 25, 2045 and thereafter",0,
Declining Balances Tables,144,"Class M-2A, M-2AR, M-2AS, M-2AT, M-2AU and M-2AI",M-2AS,,10,"February 25, 2045 and thereafter",0,
Declining Balances Tables,144,"Class M-2A, M-2AR, M-2AS, M-2AT, M-2AU and M-2AI",M-2AS,,15,"February 25, 2045 and thereafter",0,
Declining Balances Tables,144,"Class M-2A, M-2AR, M-2AS, M-2AT, M-2AU and M-2AI",M-2AS,,25,"February 25, 2045 and thereafter",0,
Declining Balances Tables,144,"Class M-2A, M-2AR, M-2AS, M-2AT, M-2AU and M-2AI",M-2AS,,35,"February 25, 2045 and thereafter",0,
Declining Balances Tables,144,"Class M-2A, M-2AR, M-2AS, M-2AT, M-2AU and M-2AI",M-2AT,,0,"February 25, 2045 and thereafter",0,
Declining Balances Tables,144,"Class M-2A, M-2AR, M-2AS, M-2AT, M-2AU and M-2AI",M-2AT,,5,"February 25, 2045 and thereafter",0,
Declining Balances Tables,144,"Class M-2A, M-2AR, M-2AS, M-2AT, M-2AU and M-2AI",M-2AT,,10,"February 25, 2045 and thereafter",0,
Declining Balances Tables,144,"Class M-2A, M-2AR, M-2AS, M-2AT, M-2AU and M-2AI",M-2AT,,15,"February 25, 2045 and thereafter",0,
Declining Balances Tables,144,"Class M-2A, M-2AR, M-2AS, M-2AT, M-2AU and M-2AI",M-2AT,,25,"February 25, 2045 and thereafter",0,
Declining Balances Tables,144,"Class M-2A, M-2AR, M-2AS, M-2AT, M-2AU and M-2AI",M-2AT,,35,"February 25, 2045 and thereafter",0,
Declining Balances Tables,144,"Class M-2A, M-2AR, M-2AS, M-2AT, M-2AU and M-2AI",M-2AU,,0,"February 25, 2045 and thereafter",0,
Declining Balances Tables,144,"Class M-2A, M-2AR, M-2AS, M-2AT, M-2AU and M-2AI",M-2AU,,5,"February 25, 2045 and thereafter",0,
Declining Balances Tables,144,"Class M-2A, M-2AR, M-2AS, M-2AT, M-2AU and M-2AI",M-2AU,,10,"February 25, 2045 and thereafter",0,
Declining Balances Tables,144,"Class M-2A, M-2AR, M-2AS, M-2AT, M-2AU and M-2AI",M-2AU,,15,"February 25, 2045 and thereafter",0,
Declining Balances Tables,144,"Class M-2A, M-2AR, M-2AS, M-2AT, M-2AU and M-2AI",M-2AU,,25,"February 25, 2045 and thereafter",0,
Declining Balances Tables,144,"Class M-2A, M-2AR, M-2AS, M-2AT, M-2AU and M-2AI",M-2AU,,35,"February 25, 2045 and thereafter",0,
Declining Balances Tables,144,"Class M-2A, M-2AR, M-2AS, M-2AT, M-2AU and M-2AI",M-2AI,,0,"February 25, 2045 and thereafter",0,
Declining Balances Tables,144,"Class M-2A, M-2AR, M-2AS, M-2AT, M-2AU and M-2AI",M-2AI,,5,"February 25, 2045 and thereafter",0,
Declining Balances Tables,144,"Class M-2A, M-2AR, M-2AS, M-2AT, M-2AU and M-2AI",M-2AI,,10,"February 25, 2045 and thereafter",0,
Declining Balances Tables,144,"Class M-2A, M-2AR, M-2AS, M-2AT, M-2AU and M-2AI",M-2AI,,15,"February 25, 2045 and thereafter",0,
Declining Balances Tables,144,"Class M-2A, M-2AR, M-2AS, M-2AT, M-2AU and M-2AI",M-2AI,,25,"February 25, 2045 and thereafter",0,
Declining Balances Tables,144,"Class M-2A, M-2AR, M-2AS, M-2AT, M-2AU and M-2AI",M-2AI,,35,"February 25, 2045 and thereafter",0,
Declining Balances Tables,144,"Class M-2A, M-2AR, M-2AS, M-2AT, M-2AU and M-2AI",M-2A,,0,Weighted Average Life (years) to Scheduled Maturity Date,,18.00
Declining Balances Tables,144,"Class M-2A, M-2AR, M-2AS, M-2AT, M-2AU and M-2AI",M-2A,,5,Weighted Average Life (years) to Scheduled Maturity Date,,7.35
Declining Balances Tables,144,"Class M-2A, M-2AR, M-2AS, M-2AT, M-2AU and M-2AI",M-2A,,10,Weighted Average Life (years) to Scheduled Maturity Date,,4.11
Declining Balances Tables,144,"Class M-2A, M-2AR, M-2AS, M-2AT, M-2AU and M-2AI",M-2A,,15,Weighted Average Life (years) to Scheduled Maturity Date,,2.78
Declining Balances Tables,144,"Class M-2A, M-2AR, M-2AS, M-2AT, M-2AU and M-2AI",M-2A,,25,Weighted Average Life (years) to Scheduled Maturity Date,,1.62
Declining Balances Tables,144,"Class M-2A, M-2AR, M-2AS, M-2AT, M-2AU and M-2AI",M-2A,,35,Weighted Average Life (years) to Scheduled Maturity Date,,1.09
Declining Balances Tables,144,"Class M-2A, M-2AR, M-2AS, M-2AT, M-2AU and M-2AI",M-2AR,,0,Weighted Average Life (years) to Scheduled Maturity Date,,18.00
Declining Balances Tables,144,"Class M-2A, M-2AR, M-2AS, M-2AT, M-2AU and M-2AI",M-2AR,,5,Weighted Average Life (years) to Scheduled Maturity Date,,7.35
Declining Balances Tables,144,"Class M-2A, M-2AR, M-2AS, M-2AT, M-2AU and M-2AI",M-2AR,,10,Weighted Average Life (years) to Scheduled Maturity Date,,4.11
Declining Balances Tables,144,"Class M-2A, M-2AR, M-2AS, M-2AT, M-2AU and M-2AI",M-2AR,,15,Weighted Average Life (years) to Scheduled Maturity Date,,2.78
Declining Balances Tables,144,"Class M-2A, M-2AR, M-2AS, M-2AT, M-2AU and M-2AI",M-2AR,,25,Weighted Average Life (years) to Scheduled Maturity Date,,1.62
Declining Balances Tables,144,"Class M-2A, M-2AR, M-2AS, M-2AT, M-2AU and M-2AI",M-2AR,,35,Weighted Average Life (years) to Scheduled Maturity Date,,1.09
Declining Balances Tables,144,"Class M-2A, M-2AR, M-2AS, M-2AT, M-2AU and M-2AI",M-2AS,,0,Weighted Average Life (years) to Scheduled Maturity Date,,18.00
Declining Balances Tables,144,"Class M-2A, M-2AR, M-2AS, M-2AT, M-2AU and M-2AI",M-2AS,,5,Weighted Average Life (years) to Scheduled Maturity Date,,7.35
Declining Balances Tables,144,"Class M-2A, M-2AR, M-2AS, M-2AT, M-2AU and M-2AI",M-2AS,,10,Weighted Average Life (years) to Scheduled Maturity Date,,4.11
Declining Balances Tables,144,"Class M-2A, M-2AR, M-2AS, M-2AT, M-2AU and M-2AI",M-2AS,,15,Weighted Average Life (years) to Scheduled Maturity Date,,2.78
Declining Balances Tables,144,"Class M-2A, M-2AR, M-2AS, M-2AT, M-2AU and M-2AI",M-2AS,,25,Weighted Average Life (years) to Scheduled Maturity Date,,1.62
Declining Balances Tables,144,"Class M-2A, M-2AR, M-2AS, M-2AT, M-2AU and M-2AI",M-2AS,,35,Weighted Average Life (years) to Scheduled Maturity Date,,1.09
Declining Balances Tables,144,"Class M-2A, M-2AR, M-2AS, M-2AT, M-2AU and M-2AI",M-2AT,,0,Weighted Average Life (years) to Scheduled Maturity Date,,18.00
Declining Balances Tables,144,"Class M-2A, M-2AR, M-2AS, M-2AT, M-2AU and M-2AI",M-2AT,,5,Weighted Average Life (years) to Scheduled Maturity Date,,7.35
Declining Balances Tables,144,"Class M-2A, M-2AR, M-2AS, M-2AT, M-2AU and M-2AI",M-2AT,,10,Weighted Average Life (years) to Scheduled Maturity Date,,4.11
Declining Balances Tables,144,"Class M-2A, M-2AR, M-2AS, M-2AT, M-2AU and M-2AI",M-2AT,,15,Weighted Average Life (years) to Scheduled Maturity Date,,2.78
Declining Balances Tables,144,"Class M-2A, M-2AR, M-2AS, M-2AT, M-2AU and M-2AI",M-2AT,,25,Weighted Average Life (years) to Scheduled Maturity Date,,1.62
Declining Balances Tables,144,"Class M-2A, M-2AR, M-2AS, M-2AT, M-2AU and M-2AI",M-2AT,,35,Weighted Average Life (years) to Scheduled Maturity Date,,1.09
Declining Balances Tables,144,"Class M-2A, M-2AR, M-2AS, M-2AT, M-2AU and M-2AI",M-2AU,,0,Weighted Average Life (years) to Scheduled Maturity Date,,18.00
Declining Balances Tables,144,"Class M-2A, M-2AR, M-2AS, M-2AT, M-2AU and M-2AI",M-2AU,,5,Weighted Average Life (years) to Scheduled Maturity Date,,7.35
Declining Balances Tables,144,"Class M-2A, M-2AR, M-2AS, M-2AT, M-2AU and M-2AI",M-2AU,,10,Weighted Average Life (years) to Scheduled Maturity Date,,4.11
Declining Balances Tables,144,"Class M-2A, M-2AR, M-2AS, M-2AT, M-2AU and M-2AI",M-2AU,,15,Weighted Average Life (years) to Scheduled Maturity Date,,2.78
Declining Balances Tables,144,"Class M-2A, M-2AR, M-2AS, M-2AT, M-2AU and M-2AI",M-2AU,,25,Weighted Average Life (years) to Scheduled Maturity Date,,1.62
Declining Balances Tables,144,"Class M-2A, M-2AR, M-2AS, M-2AT, M-2AU and M-2AI",M-2AU,,35,Weighted Average Life (years) to Scheduled Maturity Date,,1.09
Declining Balances Tables,144,"Class M-2A, M-2AR, M-2AS, M-2AT, M-2AU and M-2AI",M-2AI,,0,Weighted Average Life (years) to Scheduled Maturity Date,,18.00
Declining Balances Tables,144,"Class M-2A, M-2AR, M-2AS, M-2AT, M-2AU and M-2AI",M-2AI,,5,Weighted Average Life (years) to Scheduled Maturity Date,,7.35
Declining Balances Tables,144,"Class M-2A, M-2AR, M-2AS, M-2AT, M-2AU and M-2AI",M-2AI,,10,Weighted Average Life (years) to Scheduled Maturity Date,,4.11
Declining Balances Tables,144,"Class M-2A, M-2AR, M-2AS, M-2AT, M-2AU and M-2AI",M-2AI,,15,Weighted Average Life (years) to Scheduled Maturity Date,,2.78
Declining Balances Tables,144,"Class M-2A, M-2AR, M-2AS, M-2AT, M-2AU and M-2AI",M-2AI,,25,Weighted Average Life (years) to Scheduled Maturity Date,,1.62
Declining Balances Tables,144,"Class M-2A, M-2AR, M-2AS, M-2AT, M-2AU and M-2AI",M-2AI,,35,Weighted Average Life (years) to Scheduled Maturity Date,,1.09
Declining Balances Tables,144,"Class M-2A, M-2AR, M-2AS, M-2AT, M-2AU and M-2AI",M-2A,,0,Weighted Average Life (years) to Early Redemption Date**,,5.02
Declining Balances Tables,144,"Class M-2A, M-2AR, M-2AS, M-2AT, M-2AU and M-2AI",M-2A,,5,Weighted Average Life (years) to Early Redemption Date**,,5.02
Declining Balances Tables,144,"Class M-2A, M-2AR, M-2AS, M-2AT, M-2AU and M-2AI",M-2A,,10,Weighted Average Life (years) to Early Redemption Date**,,4.11
Declining Balances Tables,144,"Class M-2A, M-2AR, M-2AS, M-2AT, M-2AU and M-2AI",M-2A,,15,Weighted Average Life (years) to Early Redemption Date**,,2.78
Declining Balances Tables,144,"Class M-2A, M-2AR, M-2AS, M-2AT, M-2AU and M-2AI",M-2A,,25,Weighted Average Life (years) to Early Redemption Date**,,1.62
Declining Balances Tables,144,"Class M-2A, M-2AR, M-2AS, M-2AT, M-2AU and M-2AI",M-2A,,35,Weighted Average Life (years) to Early Redemption Date**,,1.09
Declining Balances Tables,144,"Class M-2A, M-2AR, M-2AS, M-2AT, M-2AU and M-2AI",M-2AR,,0,Weighted Average Life (years) to Early Redemption Date**,,5.02
Declining Balances Tables,144,"Class M-2A, M-2AR, M-2AS, M-2AT, M-2AU and M-2AI",M-2AR,,5,Weighted Average Life (years) to Early Redemption Date**,,5.02
Declining Balances Tables,144,"Class M-2A, M-2AR, M-2AS, M-2AT, M-2AU and M-2AI",M-2AR,,10,Weighted Average Life (years) to Early Redemption Date**,,4.11
Declining Balances Tables,144,"Class M-2A, M-2AR, M-2AS, M-2AT, M-2AU and M-2AI",M-2AR,,15,Weighted Average Life (years) to Early Redemption Date**,,2.78
Declining Balances Tables,144,"Class M-2A, M-2AR, M-2AS, M-2AT, M-2AU and M-2AI",M-2AR,,25,Weighted Average Life (years) to Early Redemption Date**,,1.62
Declining Balances Tables,144,"Class M-2A, M-2AR, M-2AS, M-2AT, M-2AU and M-2AI",M-2AR,,35,Weighted Average Life (years) to Early Redemption Date**,,1.09
Declining Balances Tables,144,"Class M-2A, M-2AR, M-2AS, M-2AT, M-2AU and M-2AI",M-2AS,,0,Weighted Average Life (years) to Early Redemption Date**,,5.02
Declining Balances Tables,144,"Class M-2A, M-2AR, M-2AS, M-2AT, M-2AU and M-2AI",M-2AS,,5,Weighted Average Life (years) to Early Redemption Date**,,5.02
Declining Balances Tables,144,"Class M-2A, M-2AR, M-2AS, M-2AT, M-2AU and M-2AI",M-2AS,,10,Weighted Average Life (years) to Early Redemption Date**,,4.11
Declining Balances Tables,144,"Class M-2A, M-2AR, M-2AS, M-2AT, M-2AU and M-2AI",M-2AS,,15,Weighted Average Life (years) to Early Redemption Date**,,2.78
Declining Balances Tables,144,"Class M-2A, M-2AR, M-2AS, M-2AT, M-2AU and M-2AI",M-2AS,,25,Weighted Average Life (years) to Early Redemption Date**,,1.62
Declining Balances Tables,144,"Class M-2A, M-2AR, M-2AS, M-2AT, M-2AU and M-2AI",M-2AS,,35,Weighted Average Life (years) to Early Redemption Date**,,1.09
Declining Balances Tables,144,"Class M-2A, M-2AR, M-2AS, M-2AT, M-2AU and M-2AI",M-2AT,,0,Weighted Average Life (years) to Early Redemption Date**,,5.02
Declining Balances Tables,144,"Class M-2A, M-2AR, M-2AS, M-2AT, M-2AU and M-2AI",M-2AT,,5,Weighted Average Life (years) to Early Redemption Date**,,5.02
Declining Balances Tables,144,"Class M-2A, M-2AR, M-2AS, M-2AT, M-2AU and M-2AI",M-2AT,,10,Weighted Average Life (years) to Early Redemption Date**,,4.11
Declining Balances Tables,144,"Class M-2A, M-2AR, M-2AS, M-2AT, M-2AU and M-2AI",M-2AT,,15,Weighted Average Life (years) to Early Redemption Date**,,2.78
Declining Balances Tables,144,"Class M-2A, M-2AR, M-2AS, M-2AT, M-2AU and M-2AI",M-2AT,,25,Weighted Average Life (years) to Early Redemption Date**,,1.62
Declining Balances Tables,144,"Class M-2A, M-2AR, M-2AS, M-2AT, M-2AU and M-2AI",M-2AT,,35,Weighted Average Life (years) to Early Redemption Date**,,1.09
Declining Balances Tables,144,"Class M-2A, M-2AR, M-2AS, M-2AT, M-2AU and M-2AI",M-2AU,,0,Weighted Average Life (years) to Early Redemption Date**,,5.02
Declining Balances Tables,144,"Class M-2A, M-2AR, M-2AS, M-2AT, M-2AU and M-2AI",M-2AU,,5,Weighted Average Life (years) to Early Redemption Date**,,5.02
Declining Balances Tables,144,"Class M-2A, M-2AR, M-2AS, M-2AT, M-2AU and M-2AI",M-2AU,,10,Weighted Average Life (years) to Early Redemption Date**,,4.11
Declining Balances Tables,144,"Class M-2A, M-2AR, M-2AS, M-2AT, M-2AU and M-2AI",M-2AU,,15,Weighted Average Life (years) to Early Redemption Date**,,2.78
Declining Balances Tables,144,"Class M-2A, M-2AR, M-2AS, M-2AT, M-2AU and M-2AI",M-2AU,,25,Weighted Average Life (years) to Early Redemption Date**,,1.62
Declining Balances Tables,144,"Class M-2A, M-2AR, M-2AS, M-2AT, M-2AU and M-2AI",M-2AU,,35,Weighted Average Life (years) to Early Redemption Date**,,1.09
Declining Balances Tables,144,"Class M-2A, M-2AR, M-2AS, M-2AT, M-2AU and M-2AI",M-2AI,,0,Weighted Average Life (years) to Early Redemption Date**,,5.02
Declining Balances Tables,144,"Class M-2A, M-2AR, M-2AS, M-2AT, M-2AU and M-2AI",M-2AI,,5,Weighted Average Life (years) to Early Redemption Date**,,5.02
Declining Balances Tables,144,"Class M-2A, M-2AR, M-2AS, M-2AT, M-2AU and M-2AI",M-2AI,,10,Weighted Average Life (years) to Early Redemption Date**,,4.11
Declining Balances Tables,144,"Class M-2A, M-2AR, M-2AS, M-2AT, M-2AU and M-2AI",M-2AI,,15,Weighted Average Life (years) to Early Redemption Date**,,2.78
Declining Balances Tables,144,"Class M-2A, M-2AR, M-2AS, M-2AT, M-2AU and M-2AI",M-2AI,,25,Weighted Average Life (years) to Early Redemption Date**,,1.62
Declining Balances Tables,144,"Class M-2A, M-2AR, M-2AS, M-2AT, M-2AU and M-2AI",M-2AI,,35,Weighted Average Life (years) to Early Redemption Date**,,1.09
Declining Balances Tables,145,"Class M-2B, M-2BR, M-2BS, M-2BT, M-2BU, M-2BI, M-2RB*, M-2SB*, M-2TB* and M-2UB*",M-2B,,0,Closing Date,100,
Declining Balances Tables,145,"Class M-2B, M-2BR, M-2BS, M-2BT, M-2BU, M-2BI, M-2RB*, M-2SB*, M-2TB* and M-2UB*",M-2B,,5,Closing Date,100,
Declining Balances Tables,145,"Class M-2B, M-2BR, M-2BS, M-2BT, M-2BU, M-2BI, M-2RB*, M-2SB*, M-2TB* and M-2UB*",M-2B,,10,Closing Date,100,
Declining Balances Tables,145,"Class M-2B, M-2BR, M-2BS, M-2BT, M-2BU, M-2BI, M-2RB*, M-2SB*, M-2TB* and M-2UB*",M-2B,,15,Closing Date,100,
Declining Balances Tables,145,"Class M-2B, M-2BR, M-2BS, M-2BT, M-2BU, M-2BI, M-2RB*, M-2SB*, M-2TB* and M-2UB*",M-2B,,25,Closing Date,100,
Declining Balances Tables,145,"Class M-2B, M-2BR, M-2BS, M-2BT, M-2BU, M-2BI, M-2RB*, M-2SB*, M-2TB* and M-2UB*",M-2B,,35,Closing Date,100,
Declining Balances Tables,145,"Class M-2B, M-2BR, M-2BS, M-2BT, M-2BU, M-2BI, M-2RB*, M-2SB*, M-2TB* and M-2UB*",M-2BR,,0,Closing Date,100,
Declining Balances Tables,145,"Class M-2B, M-2BR, M-2BS, M-2BT, M-2BU, M-2BI, M-2RB*, M-2SB*, M-2TB* and M-2UB*",M-2BR,,5,Closing Date,100,
Declining Balances Tables,145,"Class M-2B, M-2BR, M-2BS, M-2BT, M-2BU, M-2BI, M-2RB*, M-2SB*, M-2TB* and M-2UB*",M-2BR,,10,Closing Date,100,
Declining Balances Tables,145,"Class M-2B, M-2BR, M-2BS, M-2BT, M-2BU, M-2BI, M-2RB*, M-2SB*, M-2TB* and M-2UB*",M-2BR,,15,Closing Date,100,
Declining Balances Tables,145,"Class M-2B, M-2BR, M-2BS, M-2BT, M-2BU, M-2BI, M-2RB*, M-2SB*, M-2TB* and M-2UB*",M-2BR,,25,Closing Date,100,
Declining Balances Tables,145,"Class M-2B, M-2BR, M-2BS, M-2BT, M-2BU, M-2BI, M-2RB*, M-2SB*, M-2TB* and M-2UB*",M-2BR,,35,Closing Date,100,
Declining Balances Tables,145,"Class M-2B, M-2BR, M-2BS, M-2BT, M-2BU, M-2BI, M-2RB*, M-2SB*, M-2TB* and M-2UB*",M-2BS,,0,Closing Date,100,
Declining Balances Tables,145,"Class M-2B, M-2BR, M-2BS, M-2BT, M-2BU, M-2BI, M-2RB*, M-2SB*, M-2TB* and M-2UB*",M-2BS,,5,Closing Date,100,
Declining Balances Tables,145,"Class M-2B, M-2BR, M-2BS, M-2BT, M-2BU, M-2BI, M-2RB*, M-2SB*, M-2TB* and M-2UB*",M-2BS,,10,Closing Date,100,
Declining Balances Tables,145,"Class M-2B, M-2BR, M-2BS, M-2BT, M-2BU, M-2BI, M-2RB*, M-2SB*, M-2TB* and M-2UB*",M-2BS,,15,Closing Date,100,
Declining Balances Tables,145,"Class M-2B, M-2BR, M-2BS, M-2BT, M-2BU, M-2BI, M-2RB*, M-2SB*, M-2TB* and M-2UB*",M-2BS,,25,Closing Date,100,
Declining Balances Tables,145,"Class M-2B, M-2BR, M-2BS, M-2BT, M-2BU, M-2BI, M-2RB*, M-2SB*, M-2TB* and M-2UB*",M-2BS,,35,Closing Date,100,
Declining Balances Tables,145,"Class M-2B, M-2BR, M-2BS, M-2BT, M-2BU, M-2BI, M-2RB*, M-2SB*, M-2TB* and M-2UB*",M-2BT,,0,Closing Date,100,
Declining Balances Tables,145,"Class M-2B, M-2BR, M-2BS, M-2BT, M-2BU, M-2BI, M-2RB*, M-2SB*, M-2TB* and M-2UB*",M-2BT,,5,Closing Date,100,
Declining Balances Tables,145,"Class M-2B, M-2BR, M-2BS, M-2BT, M-2BU, M-2BI, M-2RB*, M-2SB*, M-2TB* and M-2UB*",M-2BT,,10,Closing Date,100,
Declining Balances Tables,145,"Class M-2B, M-2BR, M-2BS, M-2BT, M-2BU, M-2BI, M-2RB*, M-2SB*, M-2TB* and M-2UB*",M-2BT,,15,Closing Date,100,
Declining Balances Tables,145,"Class M-2B, M-2BR, M-2BS, M-2BT, M-2BU, M-2BI, M-2RB*, M-2SB*, M-2TB* and M-2UB*",M-2BT,,25,Closing Date,100,
Declining Balances Tables,145,"Class M-2B, M-2BR, M-2BS, M-2BT, M-2BU, M-2BI, M-2RB*, M-2SB*, M-2TB* and M-2UB*",M-2BT,,35,Closing Date,100,
Declining Balances Tables,145,"Class M-2B, M-2BR, M-2BS, M-2BT, M-2BU, M-2BI, M-2RB*, M-2SB*, M-2TB* and M-2UB*",M-2BU,,0,Closing Date,100,
Declining Balances Tables,145,"Class M-2B, M-2BR, M-2BS, M-2BT, M-2BU, M-2BI, M-2RB*, M-2SB*, M-2TB* and M-2UB*",M-2BU,,5,Closing Date,100,
Declining Balances Tables,145,"Class M-2B, M-2BR, M-2BS, M-2BT, M-2BU, M-2BI, M-2RB*, M-2SB*, M-2TB* and M-2UB*",M-2BU,,10,Closing Date,100,
Declining Balances Tables,145,"Class M-2B, M-2BR, M-2BS, M-2BT, M-2BU, M-2BI, M-2RB*, M-2SB*, M-2TB* and M-2UB*",M-2BU,,15,Closing Date,100,
Declining Balances Tables,145,"Class M-2B, M-2BR, M-2BS, M-2BT, M-2BU, M-2BI, M-2RB*, M-2SB*, M-2TB* and M-2UB*",M-2BU,,25,Closing Date,100,
Declining Balances Tables,145,"Class M-2B, M-2BR, M-2BS, M-2BT, M-2BU, M-2BI, M-2RB*, M-2SB*, M-2TB* and M-2UB*",M-2BU,,35,Closing Date,100,
Declining Balances Tables,145,"Class M-2B, M-2BR, M-2BS, M-2BT, M-2BU, M-2BI, M-2RB*, M-2SB*, M-2TB* and M-2UB*",M-2BI,,0,Closing Date,100,
Declining Balances Tables,145,"Class M-2B, M-2BR, M-2BS, M-2BT, M-2BU, M-2BI, M-2RB*, M-2SB*, M-2TB* and M-2UB*",M-2BI,,5,Closing Date,100,
Declining Balances Tables,145,"Class M-2B, M-2BR, M-2BS, M-2BT, M-2BU, M-2BI, M-2RB*, M-2SB*, M-2TB* and M-2UB*",M-2BI,,10,Closing Date,100,
Declining Balances Tables,145,"Class M-2B, M-2BR, M-2BS, M-2BT, M-2BU, M-2BI, M-2RB*, M-2SB*, M-2TB* and M-2UB*",M-2BI,,15,Closing Date,100,
Declining Balances Tables,145,"Class M-2B, M-2BR, M-2BS, M-2BT, M-2BU, M-2BI, M-2RB*, M-2SB*, M-2TB* and M-2UB*",M-2BI,,25,Closing Date,100,
Declining Balances Tables,145,"Class M-2B, M-2BR, M-2BS, M-2BT, M-2BU, M-2BI, M-2RB*, M-2SB*, M-2TB* and M-2UB*",M-2BI,,35,Closing Date,100,
Declining Balances Tables,145,"Class M-2B, M-2BR, M-2BS, M-2BT, M-2BU, M-2BI, M-2RB*, M-2SB*, M-2TB* and M-2UB*",M-2RB,*,0,Closing Date,100,
Declining Balances Tables,145,"Class M-2B, M-2BR, M-2BS, M-2BT, M-2BU, M-2BI, M-2RB*, M-2SB*, M-2TB* and M-2UB*",M-2RB,*,5,Closing Date,100,
Declining Balances Tables,145,"Class M-2B, M-2BR, M-2BS, M-2BT, M-2BU, M-2BI, M-2RB*, M-2SB*, M-2TB* and M-2UB*",M-2RB,*,10,Closing Date,100,
Declining Balances Tables,145,"Class M-2B, M-2BR, M-2BS, M-2BT, M-2BU, M-2BI, M-2RB*, M-2SB*, M-2TB* and M-2UB*",M-2RB,*,15,Closing Date,100,
Declining Balances Tables,145,"Class M-2B, M-2BR, M-2BS, M-2BT, M-2BU, M-2BI, M-2RB*, M-2SB*, M-2TB* and M-2UB*",M-2RB,*,25,Closing Date,100,
Declining Balances Tables,145,"Class M-2B, M-2BR, M-2BS, M-2BT, M-2BU, M-2BI, M-2RB*, M-2SB*, M-2TB* and M-2UB*",M-2RB,*,35,Closing Date,100,
Declining Balances Tables,145,"Class M-2B, M-2BR, M-2BS, M-2BT, M-2BU, M-2BI, M-2RB*, M-2SB*, M-2TB* and M-2UB*",M-2SB,*,0,Closing Date,100,
Declining Balances Tables,145,"Class M-2B, M-2BR, M-2BS, M-2BT, M-2BU, M-2BI, M-2RB*, M-2SB*, M-2TB* and M-2UB*",M-2SB,*,5,Closing Date,100,
Declining Balances Tables,145,"Class M-2B, M-2BR, M-2BS, M-2BT, M-2BU, M-2BI, M-2RB*, M-2SB*, M-2TB* and M-2UB*",M-2SB,*,10,Closing Date,100,
Declining Balances Tables,145,"Class M-2B, M-2BR, M-2BS, M-2BT, M-2BU, M-2BI, M-2RB*, M-2SB*, M-2TB* and M-2UB*",M-2SB,*,15,Closing Date,100,
Declining Balances Tables,145,"Class M-2B, M-2BR, M-2BS, M-2BT, M-2BU, M-2BI, M-2RB*, M-2SB*, M-2TB* and M-2UB*",M-2SB,*,25,Closing Date,100,
Declining Balances Tables,145,"Class M-2B, M-2BR, M-2BS, M-2BT, M-2BU, M-2BI, M-2RB*, M-2SB*, M-2TB* and M-2UB*",M-2SB,*,35,Closing Date,100,
Declining Balances Tables,145,"Class M-2B, M-2BR, M-2BS, M-2BT, M-2BU, M-2BI, M-2RB*, M-2SB*, M-2TB* and M-2UB*",M-2TB,*,0,Closing Date,100,
Declining Balances Tables,145,"Class M-2B, M-2BR, M-2BS, M-2BT, M-2BU, M-2BI, M-2RB*, M-2SB*, M-2TB* and M-2UB*",M-2TB,*,5,Closing Date,100,
Declining Balances Tables,145,"Class M-2B, M-2BR, M-2BS, M-2BT, M-2BU, M-2BI, M-2RB*, M-2SB*, M-2TB* and M-2UB*",M-2TB,*,10,Closing Date,100,
Declining Balances Tables,145,"Class M-2B, M-2BR, M-2BS, M-2BT, M-2BU, M-2BI, M-2RB*, M-2SB*, M-2TB* and M-2UB*",M-2TB,*,15,Closing Date,100,
Declining Balances Tables,145,"Class M-2B, M-2BR, M-2BS, M-2BT, M-2BU, M-2BI, M-2RB*, M-2SB*, M-2TB* and M-2UB*",M-2TB,*,25,Closing Date,100,
Declining Balances Tables,145,"Class M-2B, M-2BR, M-2BS, M-2BT, M-2BU, M-2BI, M-2RB*, M-2SB*, M-2TB* and M-2UB*",M-2TB,*,35,Closing Date,100,
Declining Balances Tables,145,"Class M-2B, M-2BR, M-2BS, M-2BT, M-2BU, M-2BI, M-2RB*, M-2SB*, M-2TB* and M-2UB*",M-2UB,*,0,Closing Date,100,
Declining Balances Tables,145,"Class M-2B, M-2BR, M-2BS, M-2BT, M-2BU, M-2BI, M-2RB*, M-2SB*, M-2TB* and M-2UB*",M-2UB,*,5,Closing Date,100,
Declining Balances Tables,145,"Class M-2B, M-2BR, M-2BS, M-2BT, M-2BU, M-2BI, M-2RB*, M-2SB*, M-2TB* and M-2UB*",M-2UB,*,10,Closing Date,100,
Declining Balances Tables,145,"Class M-2B, M-2BR, M-2BS, M-2BT, M-2BU, M-2BI, M-2RB*, M-2SB*, M-2TB* and M-2UB*",M-2UB,*,15,Closing Date,100,
Declining Balances Tables,145,"Class M-2B, M-2BR, M-2BS, M-2BT, M-2BU, M-2BI, M-2RB*, M-2SB*, M-2TB* and M-2UB*",M-2UB,*,25,Closing Date,100,
Declining Balances Tables,145,"Class M-2B, M-2BR, M-2BS, M-2BT, M-2BU, M-2BI, M-2RB*, M-2SB*, M-2TB* and M-2UB*",M-2UB,*,35,Closing Date,100,
Declining Balances Tables,145,"Class M-2B, M-2BR, M-2BS, M-2BT, M-2BU, M-2BI, M-2RB*, M-2SB*, M-2TB* and M-2UB*",M-2B,,0,"February 25, 2027",100,
Declining Balances Tables,145,"Class M-2B, M-2BR, M-2BS, M-2BT, M-2BU, M-2BI, M-2RB*, M-2SB*, M-2TB* and M-2UB*",M-2B,,5,"February 25, 2027",100,
Declining Balances Tables,145,"Class M-2B, M-2BR, M-2BS, M-2BT, M-2BU, M-2BI, M-2RB*, M-2SB*, M-2TB* and M-2UB*",M-2B,,10,"February 25, 2027",100,
Declining Balances Tables,145,"Class M-2B, M-2BR, M-2BS, M-2BT, M-2BU, M-2BI, M-2RB*, M-2SB*, M-2TB* and M-2UB*",M-2B,,15,"February 25, 2027",100,
Declining Balances Tables,145,"Class M-2B, M-2BR, M-2BS, M-2BT, M-2BU, M-2BI, M-2RB*, M-2SB*, M-2TB* and M-2UB*",M-2B,,25,"February 25, 2027",100,
Declining Balances Tables,145,"Class M-2B, M-2BR, M-2BS, M-2BT, M-2BU, M-2BI, M-2RB*, M-2SB*, M-2TB* and M-2UB*",M-2B,,35,"February 25, 2027",100,
Declining Balances Tables,145,"Class M-2B, M-2BR, M-2BS, M-2BT, M-2BU, M-2BI, M-2RB*, M-2SB*, M-2TB* and M-2UB*",M-2BR,,0,"February 25, 2027",100,
Declining Balances Tables,145,"Class M-2B, M-2BR, M-2BS, M-2BT, M-2BU, M-2BI, M-2RB*, M-2SB*, M-2TB* and M-2UB*",M-2BR,,5,"February 25, 2027",100,
Declining Balances Tables,145,"Class M-2B, M-2BR, M-2BS, M-2BT, M-2BU, M-2BI, M-2RB*, M-2SB*, M-2TB* and M-2UB*",M-2BR,,10,"February 25, 2027",100,
Declining Balances Tables,145,"Class M-2B, M-2BR, M-2BS, M-2BT, M-2BU, M-2BI, M-2RB*, M-2SB*, M-2TB* and M-2UB*",M-2BR,,15,"February 25, 2027",100,
Declining Balances Tables,145,"Class M-2B, M-2BR, M-2BS, M-2BT, M-2BU, M-2BI, M-2RB*, M-2SB*, M-2TB* and M-2UB*",M-2BR,,25,"February 25, 2027",100,
Declining Balances Tables,145,"Class M-2B, M-2BR, M-2BS, M-2BT, M-2BU, M-2BI, M-2RB*, M-2SB*, M-2TB* and M-2UB*",M-2BR,,35,"February 25, 2027",100,
Declining Balances Tables,145,"Class M-2B, M-2BR, M-2BS, M-2BT, M-2BU, M-2BI, M-2RB*, M-2SB*, M-2TB* and M-2UB*",M-2BS,,0,"February 25, 2027",100,
Declining Balances Tables,145,"Class M-2B, M-2BR, M-2BS, M-2BT, M-2BU, M-2BI, M-2RB*, M-2SB*, M-2TB* and M-2UB*",M-2BS,,5,"February 25, 2027",100,
Declining Balances Tables,145,"Class M-2B, M-2BR, M-2BS, M-2BT, M-2BU, M-2BI, M-2RB*, M-2SB*, M-2TB* and M-2UB*",M-2BS,,10,"February 25, 2027",100,
Declining Balances Tables,145,"Class M-2B, M-2BR, M-2BS, M-2BT, M-2BU, M-2BI, M-2RB*, M-2SB*, M-2TB* and M-2UB*",M-2BS,,15,"February 25, 2027",100,
Declining Balances Tables,145,"Class M-2B, M-2BR, M-2BS, M-2BT, M-2BU, M-2BI, M-2RB*, M-2SB*, M-2TB* and M-2UB*",M-2BS,,25,"February 25, 2027",100,
Declining Balances Tables,145,"Class M-2B, M-2BR, M-2BS, M-2BT, M-2BU, M-2BI, M-2RB*, M-2SB*, M-2TB* and M-2UB*",M-2BS,,35,"February 25, 2027",100,
Declining Balances Tables,145,"Class M-2B, M-2BR, M-2BS, M-2BT, M-2BU, M-2BI, M-2RB*, M-2SB*, M-2TB* and M-2UB*",M-2BT,,0,"February 25, 2027",100,
Declining Balances Tables,145,"Class M-2B, M-2BR, M-2BS, M-2BT, M-2BU, M-2BI, M-2RB*, M-2SB*, M-2TB* and M-2UB*",M-2BT,,5,"February 25, 2027",100,
Declining Balances Tables,145,"Class M-2B, M-2BR, M-2BS, M-2BT, M-2BU, M-2BI, M-2RB*, M-2SB*, M-2TB* and M-2UB*",M-2BT,,10,"February 25, 2027",100,
Declining Balances Tables,145,"Class M-2B, M-2BR, M-2BS, M-2BT, M-2BU, M-2BI, M-2RB*, M-2SB*, M-2TB* and M-2UB*",M-2BT,,15,"February 25, 2027",100,
Declining Balances Tables,145,"Class M-2B, M-2BR, M-2BS, M-2BT, M-2BU, M-2BI, M-2RB*, M-2SB*, M-2TB* and M-2UB*",M-2BT,,25,"February 25, 2027",100,
Declining Balances Tables,145,"Class M-2B, M-2BR, M-2BS, M-2BT, M-2BU, M-2BI, M-2RB*, M-2SB*, M-2TB* and M-2UB*",M-2BT,,35,"February 25, 2027",100,
Declining Balances Tables,145,"Class M-2B, M-2BR, M-2BS, M-2BT, M-2BU, M-2BI, M-2RB*, M-2SB*, M-2TB* and M-2UB*",M-2BU,,0,"February 25, 2027",100,
Declining Balances Tables,145,"Class M-2B, M-2BR, M-2BS, M-2BT, M-2BU, M-2BI, M-2RB*, M-2SB*, M-2TB* and M-2UB*",M-2BU,,5,"February 25, 2027",100,
Declining Balances Tables,145,"Class M-2B, M-2BR, M-2BS, M-2BT, M-2BU, M-2BI, M-2RB*, M-2SB*, M-2TB* and M-2UB*",M-2BU,,10,"February 25, 2027",100,
Declining Balances Tables,145,"Class M-2B, M-2BR, M-2BS, M-2BT, M-2BU, M-2BI, M-2RB*, M-2SB*, M-2TB* and M-2UB*",M-2BU,,15,"February 25, 2027",100,
Declining Balances Tables,145,"Class M-2B, M-2BR, M-2BS, M-2BT, M-2BU, M-2BI, M-2RB*, M-2SB*, M-2TB* and M-2UB*",M-2BU,,25,"February 25, 2027",100,
Declining Balances Tables,145,"Class M-2B, M-2BR, M-2BS, M-2BT, M-2BU, M-2BI, M-2RB*, M-2SB*, M-2TB* and M-2UB*",M-2BU,,35,"February 25, 2027",100,
Declining Balances Tables,145,"Class M-2B, M-2BR, M-2BS, M-2BT, M-2BU, M-2BI, M-2RB*, M-2SB*, M-2TB* and M-2UB*",M-2BI,,0,"February 25, 2027",100,
Declining Balances Tables,145,"Class M-2B, M-2BR, M-2BS, M-2BT, M-2BU, M-2BI, M-2RB*, M-2SB*, M-2TB* and M-2UB*",M-2BI,,5,"February 25, 2027",100,
Declining Balances Tables,145,"Class M-2B, M-2BR, M-2BS, M-2BT, M-2BU, M-2BI, M-2RB*, M-2SB*, M-2TB* and M-2UB*",M-2BI,,10,"February 25, 2027",100,
Declining Balances Tables,145,"Class M-2B, M-2BR, M-2BS, M-2BT, M-2BU, M-2BI, M-2RB*, M-2SB*, M-2TB* and M-2UB*",M-2BI,,15,"February 25, 2027",100,
Declining Balances Tables,145,"Class M-2B, M-2BR, M-2BS, M-2BT, M-2BU, M-2BI, M-2RB*, M-2SB*, M-2TB* and M-2UB*",M-2BI,,25,"February 25, 2027",100,
Declining Balances Tables,145,"Class M-2B, M-2BR, M-2BS, M-2BT, M-2BU, M-2BI, M-2RB*, M-2SB*, M-2TB* and M-2UB*",M-2BI,,35,"February 25, 2027",100,
Declining Balances Tables,145,"Class M-2B, M-2BR, M-2BS, M-2BT, M-2BU, M-2BI, M-2RB*, M-2SB*, M-2TB* and M-2UB*",M-2RB,*,0,"February 25, 2027",100,
Declining Balances Tables,145,"Class M-2B, M-2BR, M-2BS, M-2BT, M-2BU, M-2BI, M-2RB*, M-2SB*, M-2TB* and M-2UB*",M-2RB,*,5,"February 25, 2027",100,
Declining Balances Tables,145,"Class M-2B, M-2BR, M-2BS, M-2BT, M-2BU, M-2BI, M-2RB*, M-2SB*, M-2TB* and M-2UB*",M-2RB,*,10,"February 25, 2027",100,
Declining Balances Tables,145,"Class M-2B, M-2BR, M-2BS, M-2BT, M-2BU, M-2BI, M-2RB*, M-2SB*, M-2TB* and M-2UB*",M-2RB,*,15,"February 25, 2027",100,
Declining Balances Tables,145,"Class M-2B, M-2BR, M-2BS, M-2BT, M-2BU, M-2BI, M-2RB*, M-2SB*, M-2TB* and M-2UB*",M-2RB,*,25,"February 25, 2027",100,
Declining Balances Tables,145,"Class M-2B, M-2BR, M-2BS, M-2BT, M-2BU, M-2BI, M-2RB*, M-2SB*, M-2TB* and M-2UB*",M-2RB,*,35,"February 25, 2027",100,
Declining Balances Tables,145,"Class M-2B, M-2BR, M-2BS, M-2BT, M-2BU, M-2BI, M-2RB*, M-2SB*, M-2TB* and M-2UB*",M-2SB,*,0,"February 25, 2027",100,
Declining Balances Tables,145,"Class M-2B, M-2BR, M-2BS, M-2BT, M-2BU, M-2BI, M-2RB*, M-2SB*, M-2TB* and M-2UB*",M-2SB,*,5,"February 25, 2027",100,
Declining Balances Tables,145,"Class M-2B, M-2BR, M-2BS, M-2BT, M-2BU, M-2BI, M-2RB*, M-2SB*, M-2TB* and M-2UB*",M-2SB,*,10,"February 25, 2027",100,
Declining Balances Tables,145,"Class M-2B, M-2BR, M-2BS, M-2BT, M-2BU, M-2BI, M-2RB*, M-2SB*, M-2TB* and M-2UB*",M-2SB,*,15,"February 25, 2027",100,
Declining Balances Tables,145,"Class M-2B, M-2BR, M-2BS, M-2BT, M-2BU, M-2BI, M-2RB*, M-2SB*, M-2TB* and M-2UB*",M-2SB,*,25,"February 25, 2027",100,
Declining Balances Tables,145,"Class M-2B, M-2BR, M-2BS, M-2BT, M-2BU, M-2BI, M-2RB*, M-2SB*, M-2TB* and M-2UB*",M-2SB,*,35,"February 25, 2027",100,
Declining Balances Tables,145,"Class M-2B, M-2BR, M-2BS, M-2BT, M-2BU, M-2BI, M-2RB*, M-2SB*, M-2TB* and M-2UB*",M-2TB,*,0,"February 25, 2027",100,
Declining Balances Tables,145,"Class M-2B, M-2BR, M-2BS, M-2BT, M-2BU, M-2BI, M-2RB*, M-2SB*, M-2TB* and M-2UB*",M-2TB,*,5,"February 25, 2027",100,
Declining Balances Tables,145,"Class M-2B, M-2BR, M-2BS, M-2BT, M-2BU, M-2BI, M-2RB*, M-2SB*, M-2TB* and M-2UB*",M-2TB,*,10,"February 25, 2027",100,
Declining Balances Tables,145,"Class M-2B, M-2BR, M-2BS, M-2BT, M-2BU, M-2BI, M-2RB*, M-2SB*, M-2TB* and M-2UB*",M-2TB,*,15,"February 25, 2027",100,
Declining Balances Tables,145,"Class M-2B, M-2BR, M-2BS, M-2BT, M-2BU, M-2BI, M-2RB*, M-2SB*, M-2TB* and M-2UB*",M-2TB,*,25,"February 25, 2027",100,
Declining Balances Tables,145,"Class M-2B, M-2BR, M-2BS, M-2BT, M-2BU, M-2BI, M-2RB*, M-2SB*, M-2TB* and M-2UB*",M-2TB,*,35,"February 25, 2027",100,
Declining Balances Tables,145,"Class M-2B, M-2BR, M-2BS, M-2BT, M-2BU, M-2BI, M-2RB*, M-2SB*, M-2TB* and M-2UB*",M-2UB,*,0,"February 25, 2027",100,
Declining Balances Tables,145,"Class M-2B, M-2BR, M-2BS, M-2BT, M-2BU, M-2BI, M-2RB*, M-2SB*, M-2TB* and M-2UB*",M-2UB,*,5,"February 25, 2027",100,
Declining Balances Tables,145,"Class M-2B, M-2BR, M-2BS, M-2BT, M-2BU, M-2BI, M-2RB*, M-2SB*, M-2TB* and M-2UB*",M-2UB,*,10,"February 25, 2027",100,
Declining Balances Tables,145,"Class M-2B, M-2BR, M-2BS, M-2BT, M-2BU, M-2BI, M-2RB*, M-2SB*, M-2TB* and M-2UB*",M-2UB,*,15,"February 25, 2027",100,
Declining Balances Tables,145,"Class M-2B, M-2BR, M-2BS, M-2BT, M-2BU, M-2BI, M-2RB*, M-2SB*, M-2TB* and M-2UB*",M-2UB,*,25,"February 25, 2027",100,
Declining Balances Tables,145,"Class M-2B, M-2BR, M-2BS, M-2BT, M-2BU, M-2BI, M-2RB*, M-2SB*, M-2TB* and M-2UB*",M-2UB,*,35,"February 25, 2027",100,
Declining Balances Tables,145,"Class M-2B, M-2BR, M-2BS, M-2BT, M-2BU, M-2BI, M-2RB*, M-2SB*, M-2TB* and M-2UB*",M-2B,,0,"February 25, 2028",100,
Declining Balances Tables,145,"Class M-2B, M-2BR, M-2BS, M-2BT, M-2BU, M-2BI, M-2RB*, M-2SB*, M-2TB* and M-2UB*",M-2B,,5,"February 25, 2028",100,
Declining Balances Tables,145,"Class M-2B, M-2BR, M-2BS, M-2BT, M-2BU, M-2BI, M-2RB*, M-2SB*, M-2TB* and M-2UB*",M-2B,,10,"February 25, 2028",100,
Declining Balances Tables,145,"Class M-2B, M-2BR, M-2BS, M-2BT, M-2BU, M-2BI, M-2RB*, M-2SB*, M-2TB* and M-2UB*",M-2B,,15,"February 25, 2028",100,
Declining Balances Tables,145,"Class M-2B, M-2BR, M-2BS, M-2BT, M-2BU, M-2BI, M-2RB*, M-2SB*, M-2TB* and M-2UB*",M-2B,,25,"February 25, 2028",0,
Declining Balances Tables,145,"Class M-2B, M-2BR, M-2BS, M-2BT, M-2BU, M-2BI, M-2RB*, M-2SB*, M-2TB* and M-2UB*",M-2B,,35,"February 25, 2028",0,
Declining Balances Tables,145,"Class M-2B, M-2BR, M-2BS, M-2BT, M-2BU, M-2BI, M-2RB*, M-2SB*, M-2TB* and M-2UB*",M-2BR,,0,"February 25, 2028",100,
Declining Balances Tables,145,"Class M-2B, M-2BR, M-2BS, M-2BT, M-2BU, M-2BI, M-2RB*, M-2SB*, M-2TB* and M-2UB*",M-2BR,,5,"February 25, 2028",100,
Declining Balances Tables,145,"Class M-2B, M-2BR, M-2BS, M-2BT, M-2BU, M-2BI, M-2RB*, M-2SB*, M-2TB* and M-2UB*",M-2BR,,10,"February 25, 2028",100,
Declining Balances Tables,145,"Class M-2B, M-2BR, M-2BS, M-2BT, M-2BU, M-2BI, M-2RB*, M-2SB*, M-2TB* and M-2UB*",M-2BR,,15,"February 25, 2028",100,
Declining Balances Tables,145,"Class M-2B, M-2BR, M-2BS, M-2BT, M-2BU, M-2BI, M-2RB*, M-2SB*, M-2TB* and M-2UB*",M-2BR,,25,"February 25, 2028",0,
Declining Balances Tables,145,"Class M-2B, M-2BR, M-2BS, M-2BT, M-2BU, M-2BI, M-2RB*, M-2SB*, M-2TB* and M-2UB*",M-2BR,,35,"February 25, 2028",0,
Declining Balances Tables,145,"Class M-2B, M-2BR, M-2BS, M-2BT, M-2BU, M-2BI, M-2RB*, M-2SB*, M-2TB* and M-2UB*",M-2BS,,0,"February 25, 2028",100,
Declining Balances Tables,145,"Class M-2B, M-2BR, M-2BS, M-2BT, M-2BU, M-2BI, M-2RB*, M-2SB*, M-2TB* and M-2UB*",M-2BS,,5,"February 25, 2028",100,
Declining Balances Tables,145,"Class M-2B, M-2BR, M-2BS, M-2BT, M-2BU, M-2BI, M-2RB*, M-2SB*, M-2TB* and M-2UB*",M-2BS,,10,"February 25, 2028",100,
Declining Balances Tables,145,"Class M-2B, M-2BR, M-2BS, M-2BT, M-2BU, M-2BI, M-2RB*, M-2SB*, M-2TB* and M-2UB*",M-2BS,,15,"February 25, 2028",100,
Declining Balances Tables,145,"Class M-2B, M-2BR, M-2BS, M-2BT, M-2BU, M-2BI, M-2RB*, M-2SB*, M-2TB* and M-2UB*",M-2BS,,25,"February 25, 2028",0,
Declining Balances Tables,145,"Class M-2B, M-2BR, M-2BS, M-2BT, M-2BU, M-2BI, M-2RB*, M-2SB*, M-2TB* and M-2UB*",M-2BS,,35,"February 25, 2028",0,
Declining Balances Tables,145,"Class M-2B, M-2BR, M-2BS, M-2BT, M-2BU, M-2BI, M-2RB*, M-2SB*, M-2TB* and M-2UB*",M-2BT,,0,"February 25, 2028",100,
Declining Balances Tables,145,"Class M-2B, M-2BR, M-2BS, M-2BT, M-2BU, M-2BI, M-2RB*, M-2SB*, M-2TB* and M-2UB*",M-2BT,,5,"February 25, 2028",100,
Declining Balances Tables,145,"Class M-2B, M-2BR, M-2BS, M-2BT, M-2BU, M-2BI, M-2RB*, M-2SB*, M-2TB* and M-2UB*",M-2BT,,10,"February 25, 2028",100,
Declining Balances Tables,145,"Class M-2B, M-2BR, M-2BS, M-2BT, M-2BU, M-2BI, M-2RB*, M-2SB*, M-2TB* and M-2UB*",M-2BT,,15,"February 25, 2028",100,
Declining Balances Tables,145,"Class M-2B, M-2BR, M-2BS, M-2BT, M-2BU, M-2BI, M-2RB*, M-2SB*, M-2TB* and M-2UB*",M-2BT,,25,"February 25, 2028",0,
Declining Balances Tables,145,"Class M-2B, M-2BR, M-2BS, M-2BT, M-2BU, M-2BI, M-2RB*, M-2SB*, M-2TB* and M-2UB*",M-2BT,,35,"February 25, 2028",0,
Declining Balances Tables,145,"Class M-2B, M-2BR, M-2BS, M-2BT, M-2BU, M-2BI, M-2RB*, M-2SB*, M-2TB* and M-2UB*",M-2BU,,0,"February 25, 2028",100,
Declining Balances Tables,145,"Class M-2B, M-2BR, M-2BS, M-2BT, M-2BU, M-2BI, M-2RB*, M-2SB*, M-2TB* and M-2UB*",M-2BU,,5,"February 25, 2028",100,
Declining Balances Tables,145,"Class M-2B, M-2BR, M-2BS, M-2BT, M-2BU, M-2BI, M-2RB*, M-2SB*, M-2TB* and M-2UB*",M-2BU,,10,"February 25, 2028",100,
Declining Balances Tables,145,"Class M-2B, M-2BR, M-2BS, M-2BT, M-2BU, M-2BI, M-2RB*, M-2SB*, M-2TB* and M-2UB*",M-2BU,,15,"February 25, 2028",100,
Declining Balances Tables,145,"Class M-2B, M-2BR, M-2BS, M-2BT, M-2BU, M-2BI, M-2RB*, M-2SB*, M-2TB* and M-2UB*",M-2BU,,25,"February 25, 2028",0,
Declining Balances Tables,145,"Class M-2B, M-2BR, M-2BS, M-2BT, M-2BU, M-2BI, M-2RB*, M-2SB*, M-2TB* and M-2UB*",M-2BU,,35,"February 25, 2028",0,
Declining Balances Tables,145,"Class M-2B, M-2BR, M-2BS, M-2BT, M-2BU, M-2BI, M-2RB*, M-2SB*, M-2TB* and M-2UB*",M-2BI,,0,"February 25, 2028",100,
Declining Balances Tables,145,"Class M-2B, M-2BR, M-2BS, M-2BT, M-2BU, M-2BI, M-2RB*, M-2SB*, M-2TB* and M-2UB*",M-2BI,,5,"February 25, 2028",100,
Declining Balances Tables,145,"Class M-2B, M-2BR, M-2BS, M-2BT, M-2BU, M-2BI, M-2RB*, M-2SB*, M-2TB* and M-2UB*",M-2BI,,10,"February 25, 2028",100,
Declining Balances Tables,145,"Class M-2B, M-2BR, M-2BS, M-2BT, M-2BU, M-2BI, M-2RB*, M-2SB*, M-2TB* and M-2UB*",M-2BI,,15,"February 25, 2028",100,
Declining Balances Tables,145,"Class M-2B, M-2BR, M-2BS, M-2BT, M-2BU, M-2BI, M-2RB*, M-2SB*, M-2TB* and M-2UB*",M-2BI,,25,"February 25, 2028",0,
Declining Balances Tables,145,"Class M-2B, M-2BR, M-2BS, M-2BT, M-2BU, M-2BI, M-2RB*, M-2SB*, M-2TB* and M-2UB*",M-2BI,,35,"February 25, 2028",0,
Declining Balances Tables,145,"Class M-2B, M-2BR, M-2BS, M-2BT, M-2BU, M-2BI, M-2RB*, M-2SB*, M-2TB* and M-2UB*",M-2RB,*,0,"February 25, 2028",100,
Declining Balances Tables,145,"Class M-2B, M-2BR, M-2BS, M-2BT, M-2BU, M-2BI, M-2RB*, M-2SB*, M-2TB* and M-2UB*",M-2RB,*,5,"February 25, 2028",100,
Declining Balances Tables,145,"Class M-2B, M-2BR, M-2BS, M-2BT, M-2BU, M-2BI, M-2RB*, M-2SB*, M-2TB* and M-2UB*",M-2RB,*,10,"February 25, 2028",100,
Declining Balances Tables,145,"Class M-2B, M-2BR, M-2BS, M-2BT, M-2BU, M-2BI, M-2RB*, M-2SB*, M-2TB* and M-2UB*",M-2RB,*,15,"February 25, 2028",100,
Declining Balances Tables,145,"Class M-2B, M-2BR, M-2BS, M-2BT, M-2BU, M-2BI, M-2RB*, M-2SB*, M-2TB* and M-2UB*",M-2RB,*,25,"February 25, 2028",0,
Declining Balances Tables,145,"Class M-2B, M-2BR, M-2BS, M-2BT, M-2BU, M-2BI, M-2RB*, M-2SB*, M-2TB* and M-2UB*",M-2RB,*,35,"February 25, 2028",0,
Declining Balances Tables,145,"Class M-2B, M-2BR, M-2BS, M-2BT, M-2BU, M-2BI, M-2RB*, M-2SB*, M-2TB* and M-2UB*",M-2SB,*,0,"February 25, 2028",100,
Declining Balances Tables,145,"Class M-2B, M-2BR, M-2BS, M-2BT, M-2BU, M-2BI, M-2RB*, M-2SB*, M-2TB* and M-2UB*",M-2SB,*,5,"February 25, 2028",100,
Declining Balances Tables,145,"Class M-2B, M-2BR, M-2BS, M-2BT, M-2BU, M-2BI, M-2RB*, M-2SB*, M-2TB* and M-2UB*",M-2SB,*,10,"February 25, 2028",100,
Declining Balances Tables,145,"Class M-2B, M-2BR, M-2BS, M-2BT, M-2BU, M-2BI, M-2RB*, M-2SB*, M-2TB* and M-2UB*",M-2SB,*,15,"February 25, 2028",100,
Declining Balances Tables,145,"Class M-2B, M-2BR, M-2BS, M-2BT, M-2BU, M-2BI, M-2RB*, M-2SB*, M-2TB* and M-2UB*",M-2SB,*,25,"February 25, 2028",0,
Declining Balances Tables,145,"Class M-2B, M-2BR, M-2BS, M-2BT, M-2BU, M-2BI, M-2RB*, M-2SB*, M-2TB* and M-2UB*",M-2SB,*,35,"February 25, 2028",0,
Declining Balances Tables,145,"Class M-2B, M-2BR, M-2BS, M-2BT, M-2BU, M-2BI, M-2RB*, M-2SB*, M-2TB* and M-2UB*",M-2TB,*,0,"February 25, 2028",100,
Declining Balances Tables,145,"Class M-2B, M-2BR, M-2BS, M-2BT, M-2BU, M-2BI, M-2RB*, M-2SB*, M-2TB* and M-2UB*",M-2TB,*,5,"February 25, 2028",100,
Declining Balances Tables,145,"Class M-2B, M-2BR, M-2BS, M-2BT, M-2BU, M-2BI, M-2RB*, M-2SB*, M-2TB* and M-2UB*",M-2TB,*,10,"February 25, 2028",100,
Declining Balances Tables,145,"Class M-2B, M-2BR, M-2BS, M-2BT, M-2BU, M-2BI, M-2RB*, M-2SB*, M-2TB* and M-2UB*",M-2TB,*,15,"February 25, 2028",100,
Declining Balances Tables,145,"Class M-2B, M-2BR, M-2BS, M-2BT, M-2BU, M-2BI, M-2RB*, M-2SB*, M-2TB* and M-2UB*",M-2TB,*,25,"February 25, 2028",0,
Declining Balances Tables,145,"Class M-2B, M-2BR, M-2BS, M-2BT, M-2BU, M-2BI, M-2RB*, M-2SB*, M-2TB* and M-2UB*",M-2TB,*,35,"February 25, 2028",0,
Declining Balances Tables,145,"Class M-2B, M-2BR, M-2BS, M-2BT, M-2BU, M-2BI, M-2RB*, M-2SB*, M-2TB* and M-2UB*",M-2UB,*,0,"February 25, 2028",100,
Declining Balances Tables,145,"Class M-2B, M-2BR, M-2BS, M-2BT, M-2BU, M-2BI, M-2RB*, M-2SB*, M-2TB* and M-2UB*",M-2UB,*,5,"February 25, 2028",100,
Declining Balances Tables,145,"Class M-2B, M-2BR, M-2BS, M-2BT, M-2BU, M-2BI, M-2RB*, M-2SB*, M-2TB* and M-2UB*",M-2UB,*,10,"February 25, 2028",100,
Declining Balances Tables,145,"Class M-2B, M-2BR, M-2BS, M-2BT, M-2BU, M-2BI, M-2RB*, M-2SB*, M-2TB* and M-2UB*",M-2UB,*,15,"February 25, 2028",100,
Declining Balances Tables,145,"Class M-2B, M-2BR, M-2BS, M-2BT, M-2BU, M-2BI, M-2RB*, M-2SB*, M-2TB* and M-2UB*",M-2UB,*,25,"February 25, 2028",0,
Declining Balances Tables,145,"Class M-2B, M-2BR, M-2BS, M-2BT, M-2BU, M-2BI, M-2RB*, M-2SB*, M-2TB* and M-2UB*",M-2UB,*,35,"February 25, 2028",0,
Declining Balances Tables,145,"Class M-2B, M-2BR, M-2BS, M-2BT, M-2BU, M-2BI, M-2RB*, M-2SB*, M-2TB* and M-2UB*",M-2B,,0,"February 25, 2029",100,
Declining Balances Tables,145,"Class M-2B, M-2BR, M-2BS, M-2BT, M-2BU, M-2BI, M-2RB*, M-2SB*, M-2TB* and M-2UB*",M-2B,,5,"February 25, 2029",100,
Declining Balances Tables,145,"Class M-2B, M-2BR, M-2BS, M-2BT, M-2BU, M-2BI, M-2RB*, M-2SB*, M-2TB* and M-2UB*",M-2B,,10,"February 25, 2029",100,
Declining Balances Tables,145,"Class M-2B, M-2BR, M-2BS, M-2BT, M-2BU, M-2BI, M-2RB*, M-2SB*, M-2TB* and M-2UB*",M-2B,,15,"February 25, 2029",89,
Declining Balances Tables,145,"Class M-2B, M-2BR, M-2BS, M-2BT, M-2BU, M-2BI, M-2RB*, M-2SB*, M-2TB* and M-2UB*",M-2B,,25,"February 25, 2029",0,
Declining Balances Tables,145,"Class M-2B, M-2BR, M-2BS, M-2BT, M-2BU, M-2BI, M-2RB*, M-2SB*, M-2TB* and M-2UB*",M-2B,,35,"February 25, 2029",0,
Declining Balances Tables,145,"Class M-2B, M-2BR, M-2BS, M-2BT, M-2BU, M-2BI, M-2RB*, M-2SB*, M-2TB* and M-2UB*",M-2BR,,0,"February 25, 2029",100,
Declining Balances Tables,145,"Class M-2B, M-2BR, M-2BS, M-2BT, M-2BU, M-2BI, M-2RB*, M-2SB*, M-2TB* and M-2UB*",M-2BR,,5,"February 25, 2029",100,
Declining Balances Tables,145,"Class M-2B, M-2BR, M-2BS, M-2BT, M-2BU, M-2BI, M-2RB*, M-2SB*, M-2TB* and M-2UB*",M-2BR,,10,"February 25, 2029",100,
Declining Balances Tables,145,"Class M-2B, M-2BR, M-2BS, M-2BT, M-2BU, M-2BI, M-2RB*, M-2SB*, M-2TB* and M-2UB*",M-2BR,,15,"February 25, 2029",89,
Declining Balances Tables,145,"Class M-2B, M-2BR, M-2BS, M-2BT, M-2BU, M-2BI, M-2RB*, M-2SB*, M-2TB* and M-2UB*",M-2BR,,25,"February 25, 2029",0,
Declining Balances Tables,145,"Class M-2B, M-2BR, M-2BS, M-2BT, M-2BU, M-2BI, M-2RB*, M-2SB*, M-2TB* and M-2UB*",M-2BR,,35,"February 25, 2029",0,
Declining Balances Tables,145,"Class M-2B, M-2BR, M-2BS, M-2BT, M-2BU, M-2BI, M-2RB*, M-2SB*, M-2TB* and M-2UB*",M-2BS,,0,"February 25, 2029",100,
Declining Balances Tables,145,"Class M-2B, M-2BR, M-2BS, M-2BT, M-2BU, M-2BI, M-2RB*, M-2SB*, M-2TB* and M-2UB*",M-2BS,,5,"February 25, 2029",100,
Declining Balances Tables,145,"Class M-2B, M-2BR, M-2BS, M-2BT, M-2BU, M-2BI, M-2RB*, M-2SB*, M-2TB* and M-2UB*",M-2BS,,10,"February 25, 2029",100,
Declining Balances Tables,145,"Class M-2B, M-2BR, M-2BS, M-2BT, M-2BU, M-2BI, M-2RB*, M-2SB*, M-2TB* and M-2UB*",M-2BS,,15,"February 25, 2029",89,
Declining Balances Tables,145,"Class M-2B, M-2BR, M-2BS, M-2BT, M-2BU, M-2BI, M-2RB*, M-2SB*, M-2TB* and M-2UB*",M-2BS,,25,"February 25, 2029",0,
Declining Balances Tables,145,"Class M-2B, M-2BR, M-2BS, M-2BT, M-2BU, M-2BI, M-2RB*, M-2SB*, M-2TB* and M-2UB*",M-2BS,,35,"February 25, 2029",0,
Declining Balances Tables,145,"Class M-2B, M-2BR, M-2BS, M-2BT, M-2BU, M-2BI, M-2RB*, M-2SB*, M-2TB* and M-2UB*",M-2BT,,0,"February 25, 2029",100,
Declining Balances Tables,145,"Class M-2B, M-2BR, M-2BS, M-2BT, M-2BU, M-2BI, M-2RB*, M-2SB*, M-2TB* and M-2UB*",M-2BT,,5,"February 25, 2029",100,
Declining Balances Tables,145,"Class M-2B, M-2BR, M-2BS, M-2BT, M-2BU, M-2BI, M-2RB*, M-2SB*, M-2TB* and M-2UB*",M-2BT,,10,"February 25, 2029",100,
Declining Balances Tables,145,"Class M-2B, M-2BR, M-2BS, M-2BT, M-2BU, M-2BI, M-2RB*, M-2SB*, M-2TB* and M-2UB*",M-2BT,,15,"February 25, 2029",89,
Declining Balances Tables,145,"Class M-2B, M-2BR, M-2BS, M-2BT, M-2BU, M-2BI, M-2RB*, M-2SB*, M-2TB* and M-2UB*",M-2BT,,25,"February 25, 2029",0,
Declining Balances Tables,145,"Class M-2B, M-2BR, M-2BS, M-2BT, M-2BU, M-2BI, M-2RB*, M-2SB*, M-2TB* and M-2UB*",M-2BT,,35,"February 25, 2029",0,
Declining Balances Tables,145,"Class M-2B, M-2BR, M-2BS, M-2BT, M-2BU, M-2BI, M-2RB*, M-2SB*, M-2TB* and M-2UB*",M-2BU,,0,"February 25, 2029",100,
Declining Balances Tables,145,"Class M-2B, M-2BR, M-2BS, M-2BT, M-2BU, M-2BI, M-2RB*, M-2SB*, M-2TB* and M-2UB*",M-2BU,,5,"February 25, 2029",100,
Declining Balances Tables,145,"Class M-2B, M-2BR, M-2BS, M-2BT, M-2BU, M-2BI, M-2RB*, M-2SB*, M-2TB* and M-2UB*",M-2BU,,10,"February 25, 2029",100,
Declining Balances Tables,145,"Class M-2B, M-2BR, M-2BS, M-2BT, M-2BU, M-2BI, M-2RB*, M-2SB*, M-2TB* and M-2UB*",M-2BU,,15,"February 25, 2029",89,
Declining Balances Tables,145,"Class M-2B, M-2BR, M-2BS, M-2BT, M-2BU, M-2BI, M-2RB*, M-2SB*, M-2TB* and M-2UB*",M-2BU,,25,"February 25, 2029",0,
Declining Balances Tables,145,"Class M-2B, M-2BR, M-2BS, M-2BT, M-2BU, M-2BI, M-2RB*, M-2SB*, M-2TB* and M-2UB*",M-2BU,,35,"February 25, 2029",0,
Declining Balances Tables,145,"Class M-2B, M-2BR, M-2BS, M-2BT, M-2BU, M-2BI, M-2RB*, M-2SB*, M-2TB* and M-2UB*",M-2BI,,0,"February 25, 2029",100,
Declining Balances Tables,145,"Class M-2B, M-2BR, M-2BS, M-2BT, M-2BU, M-2BI, M-2RB*, M-2SB*, M-2TB* and M-2UB*",M-2BI,,5,"February 25, 2029",100,
Declining Balances Tables,145,"Class M-2B, M-2BR, M-2BS, M-2BT, M-2BU, M-2BI, M-2RB*, M-2SB*, M-2TB* and M-2UB*",M-2BI,,10,"February 25, 2029",100,
Declining Balances Tables,145,"Class M-2B, M-2BR, M-2BS, M-2BT, M-2BU, M-2BI, M-2RB*, M-2SB*, M-2TB* and M-2UB*",M-2BI,,15,"February 25, 2029",89,
Declining Balances Tables,145,"Class M-2B, M-2BR, M-2BS, M-2BT, M-2BU, M-2BI, M-2RB*, M-2SB*, M-2TB* and M-2UB*",M-2BI,,25,"February 25, 2029",0,
Declining Balances Tables,145,"Class M-2B, M-2BR, M-2BS, M-2BT, M-2BU, M-2BI, M-2RB*, M-2SB*, M-2TB* and M-2UB*",M-2BI,,35,"February 25, 2029",0,
Declining Balances Tables,145,"Class M-2B, M-2BR, M-2BS, M-2BT, M-2BU, M-2BI, M-2RB*, M-2SB*, M-2TB* and M-2UB*",M-2RB,*,0,"February 25, 2029",100,
Declining Balances Tables,145,"Class M-2B, M-2BR, M-2BS, M-2BT, M-2BU, M-2BI, M-2RB*, M-2SB*, M-2TB* and M-2UB*",M-2RB,*,5,"February 25, 2029",100,
Declining Balances Tables,145,"Class M-2B, M-2BR, M-2BS, M-2BT, M-2BU, M-2BI, M-2RB*, M-2SB*, M-2TB* and M-2UB*",M-2RB,*,10,"February 25, 2029",100,
Declining Balances Tables,145,"Class M-2B, M-2BR, M-2BS, M-2BT, M-2BU, M-2BI, M-2RB*, M-2SB*, M-2TB* and M-2UB*",M-2RB,*,15,"February 25, 2029",89,
Declining Balances Tables,145,"Class M-2B, M-2BR, M-2BS, M-2BT, M-2BU, M-2BI, M-2RB*, M-2SB*, M-2TB* and M-2UB*",M-2RB,*,25,"February 25, 2029",0,
Declining Balances Tables,145,"Class M-2B, M-2BR, M-2BS, M-2BT, M-2BU, M-2BI, M-2RB*, M-2SB*, M-2TB* and M-2UB*",M-2RB,*,35,"February 25, 2029",0,
Declining Balances Tables,145,"Class M-2B, M-2BR, M-2BS, M-2BT, M-2BU, M-2BI, M-2RB*, M-2SB*, M-2TB* and M-2UB*",M-2SB,*,0,"February 25, 2029",100,
Declining Balances Tables,145,"Class M-2B, M-2BR, M-2BS, M-2BT, M-2BU, M-2BI, M-2RB*, M-2SB*, M-2TB* and M-2UB*",M-2SB,*,5,"February 25, 2029",100,
Declining Balances Tables,145,"Class M-2B, M-2BR, M-2BS, M-2BT, M-2BU, M-2BI, M-2RB*, M-2SB*, M-2TB* and M-2UB*",M-2SB,*,10,"February 25, 2029",100,
Declining Balances Tables,145,"Class M-2B, M-2BR, M-2BS, M-2BT, M-2BU, M-2BI, M-2RB*, M-2SB*, M-2TB* and M-2UB*",M-2SB,*,15,"February 25, 2029",89,
Declining Balances Tables,145,"Class M-2B, M-2BR, M-2BS, M-2BT, M-2BU, M-2BI, M-2RB*, M-2SB*, M-2TB* and M-2UB*",M-2SB,*,25,"February 25, 2029",0,
Declining Balances Tables,145,"Class M-2B, M-2BR, M-2BS, M-2BT, M-2BU, M-2BI, M-2RB*, M-2SB*, M-2TB* and M-2UB*",M-2SB,*,35,"February 25, 2029",0,
Declining Balances Tables,145,"Class M-2B, M-2BR, M-2BS, M-2BT, M-2BU, M-2BI, M-2RB*, M-2SB*, M-2TB* and M-2UB*",M-2TB,*,0,"February 25, 2029",100,
Declining Balances Tables,145,"Class M-2B, M-2BR, M-2BS, M-2BT, M-2BU, M-2BI, M-2RB*, M-2SB*, M-2TB* and M-2UB*",M-2TB,*,5,"February 25, 2029",100,
Declining Balances Tables,145,"Class M-2B, M-2BR, M-2BS, M-2BT, M-2BU, M-2BI, M-2RB*, M-2SB*, M-2TB* and M-2UB*",M-2TB,*,10,"February 25, 2029",100,
Declining Balances Tables,145,"Class M-2B, M-2BR, M-2BS, M-2BT, M-2BU, M-2BI, M-2RB*, M-2SB*, M-2TB* and M-2UB*",M-2TB,*,15,"February 25, 2029",89,
Declining Balances Tables,145,"Class M-2B, M-2BR, M-2BS, M-2BT, M-2BU, M-2BI, M-2RB*, M-2SB*, M-2TB* and M-2UB*",M-2TB,*,25,"February 25, 2029",0,
Declining Balances Tables,145,"Class M-2B, M-2BR, M-2BS, M-2BT, M-2BU, M-2BI, M-2RB*, M-2SB*, M-2TB* and M-2UB*",M-2TB,*,35,"February 25, 2029",0,
Declining Balances Tables,145,"Class M-2B, M-2BR, M-2BS, M-2BT, M-2BU, M-2BI, M-2RB*, M-2SB*, M-2TB* and M-2UB*",M-2UB,*,0,"February 25, 2029",100,
Declining Balances Tables,145,"Class M-2B, M-2BR, M-2BS, M-2BT, M-2BU, M-2BI, M-2RB*, M-2SB*, M-2TB* and M-2UB*",M-2UB,*,5,"February 25, 2029",100,
Declining Balances Tables,145,"Class M-2B, M-2BR, M-2BS, M-2BT, M-2BU, M-2BI, M-2RB*, M-2SB*, M-2TB* and M-2UB*",M-2UB,*,10,"February 25, 2029",100,
Declining Balances Tables,145,"Class M-2B, M-2BR, M-2BS, M-2BT, M-2BU, M-2BI, M-2RB*, M-2SB*, M-2TB* and M-2UB*",M-2UB,*,15,"February 25, 2029",89,
Declining Balances Tables,145,"Class M-2B, M-2BR, M-2BS, M-2BT, M-2BU, M-2BI, M-2RB*, M-2SB*, M-2TB* and M-2UB*",M-2UB,*,25,"February 25, 2029",0,
Declining Balances Tables,145,"Class M-2B, M-2BR, M-2BS, M-2BT, M-2BU, M-2BI, M-2RB*, M-2SB*, M-2TB* and M-2UB*",M-2UB,*,35,"February 25, 2029",0,
Declining Balances Tables,145,"Class M-2B, M-2BR, M-2BS, M-2BT, M-2BU, M-2BI, M-2RB*, M-2SB*, M-2TB* and M-2UB*",M-2B,,0,"February 25, 2030",100,
Declining Balances Tables,145,"Class M-2B, M-2BR, M-2BS, M-2BT, M-2BU, M-2BI, M-2RB*, M-2SB*, M-2TB* and M-2UB*",M-2B,,5,"February 25, 2030",100,
Declining Balances Tables,145,"Class M-2B, M-2BR, M-2BS, M-2BT, M-2BU, M-2BI, M-2RB*, M-2SB*, M-2TB* and M-2UB*",M-2B,,10,"February 25, 2030",100,
Declining Balances Tables,145,"Class M-2B, M-2BR, M-2BS, M-2BT, M-2BU, M-2BI, M-2RB*, M-2SB*, M-2TB* and M-2UB*",M-2B,,15,"February 25, 2030",0,
Declining Balances Tables,145,"Class M-2B, M-2BR, M-2BS, M-2BT, M-2BU, M-2BI, M-2RB*, M-2SB*, M-2TB* and M-2UB*",M-2B,,25,"February 25, 2030",0,
Declining Balances Tables,145,"Class M-2B, M-2BR, M-2BS, M-2BT, M-2BU, M-2BI, M-2RB*, M-2SB*, M-2TB* and M-2UB*",M-2B,,35,"February 25, 2030",0,
Declining Balances Tables,145,"Class M-2B, M-2BR, M-2BS, M-2BT, M-2BU, M-2BI, M-2RB*, M-2SB*, M-2TB* and M-2UB*",M-2BR,,0,"February 25, 2030",100,
Declining Balances Tables,145,"Class M-2B, M-2BR, M-2BS, M-2BT, M-2BU, M-2BI, M-2RB*, M-2SB*, M-2TB* and M-2UB*",M-2BR,,5,"February 25, 2030",100,
Declining Balances Tables,145,"Class M-2B, M-2BR, M-2BS, M-2BT, M-2BU, M-2BI, M-2RB*, M-2SB*, M-2TB* and M-2UB*",M-2BR,,10,"February 25, 2030",100,
Declining Balances Tables,145,"Class M-2B, M-2BR, M-2BS, M-2BT, M-2BU, M-2BI, M-2RB*, M-2SB*, M-2TB* and M-2UB*",M-2BR,,15,"February 25, 2030",0,
Declining Balances Tables,145,"Class M-2B, M-2BR, M-2BS, M-2BT, M-2BU, M-2BI, M-2RB*, M-2SB*, M-2TB* and M-2UB*",M-2BR,,25,"February 25, 2030",0,
Declining Balances Tables,145,"Class M-2B, M-2BR, M-2BS, M-2BT, M-2BU, M-2BI, M-2RB*, M-2SB*, M-2TB* and M-2UB*",M-2BR,,35,"February 25, 2030",0,
Declining Balances Tables,145,"Class M-2B, M-2BR, M-2BS, M-2BT, M-2BU, M-2BI, M-2RB*, M-2SB*, M-2TB* and M-2UB*",M-2BS,,0,"February 25, 2030",100,
Declining Balances Tables,145,"Class M-2B, M-2BR, M-2BS, M-2BT, M-2BU, M-2BI, M-2RB*, M-2SB*, M-2TB* and M-2UB*",M-2BS,,5,"February 25, 2030",100,
Declining Balances Tables,145,"Class M-2B, M-2BR, M-2BS, M-2BT, M-2BU, M-2BI, M-2RB*, M-2SB*, M-2TB* and M-2UB*",M-2BS,,10,"February 25, 2030",100,
Declining Balances Tables,145,"Class M-2B, M-2BR, M-2BS, M-2BT, M-2BU, M-2BI, M-2RB*, M-2SB*, M-2TB* and M-2UB*",M-2BS,,15,"February 25, 2030",0,
Declining Balances Tables,145,"Class M-2B, M-2BR, M-2BS, M-2BT, M-2BU, M-2BI, M-2RB*, M-2SB*, M-2TB* and M-2UB*",M-2BS,,25,"February 25, 2030",0,
Declining Balances Tables,145,"Class M-2B, M-2BR, M-2BS, M-2BT, M-2BU, M-2BI, M-2RB*, M-2SB*, M-2TB* and M-2UB*",M-2BS,,35,"February 25, 2030",0,
Declining Balances Tables,145,"Class M-2B, M-2BR, M-2BS, M-2BT, M-2BU, M-2BI, M-2RB*, M-2SB*, M-2TB* and M-2UB*",M-2BT,,0,"February 25, 2030",100,
Declining Balances Tables,145,"Class M-2B, M-2BR, M-2BS, M-2BT, M-2BU, M-2BI, M-2RB*, M-2SB*, M-2TB* and M-2UB*",M-2BT,,5,"February 25, 2030",100,
Declining Balances Tables,145,"Class M-2B, M-2BR, M-2BS, M-2BT, M-2BU, M-2BI, M-2RB*, M-2SB*, M-2TB* and M-2UB*",M-2BT,,10,"February 25, 2030",100,
Declining Balances Tables,145,"Class M-2B, M-2BR, M-2BS, M-2BT, M-2BU, M-2BI, M-2RB*, M-2SB*, M-2TB* and M-2UB*",M-2BT,,15,"February 25, 2030",0,
Declining Balances Tables,145,"Class M-2B, M-2BR, M-2BS, M-2BT, M-2BU, M-2BI, M-2RB*, M-2SB*, M-2TB* and M-2UB*",M-2BT,,25,"February 25, 2030",0,
Declining Balances Tables,145,"Class M-2B, M-2BR, M-2BS, M-2BT, M-2BU, M-2BI, M-2RB*, M-2SB*, M-2TB* and M-2UB*",M-2BT,,35,"February 25, 2030",0,
Declining Balances Tables,145,"Class M-2B, M-2BR, M-2BS, M-2BT, M-2BU, M-2BI, M-2RB*, M-2SB*, M-2TB* and M-2UB*",M-2BU,,0,"February 25, 2030",100,
Declining Balances Tables,145,"Class M-2B, M-2BR, M-2BS, M-2BT, M-2BU, M-2BI, M-2RB*, M-2SB*, M-2TB* and M-2UB*",M-2BU,,5,"February 25, 2030",100,
Declining Balances Tables,145,"Class M-2B, M-2BR, M-2BS, M-2BT, M-2BU, M-2BI, M-2RB*, M-2SB*, M-2TB* and M-2UB*",M-2BU,,10,"February 25, 2030",100,
Declining Balances Tables,145,"Class M-2B, M-2BR, M-2BS, M-2BT, M-2BU, M-2BI, M-2RB*, M-2SB*, M-2TB* and M-2UB*",M-2BU,,15,"February 25, 2030",0,
Declining Balances Tables,145,"Class M-2B, M-2BR, M-2BS, M-2BT, M-2BU, M-2BI, M-2RB*, M-2SB*, M-2TB* and M-2UB*",M-2BU,,25,"February 25, 2030",0,
Declining Balances Tables,145,"Class M-2B, M-2BR, M-2BS, M-2BT, M-2BU, M-2BI, M-2RB*, M-2SB*, M-2TB* and M-2UB*",M-2BU,,35,"February 25, 2030",0,
Declining Balances Tables,145,"Class M-2B, M-2BR, M-2BS, M-2BT, M-2BU, M-2BI, M-2RB*, M-2SB*, M-2TB* and M-2UB*",M-2BI,,0,"February 25, 2030",100,
Declining Balances Tables,145,"Class M-2B, M-2BR, M-2BS, M-2BT, M-2BU, M-2BI, M-2RB*, M-2SB*, M-2TB* and M-2UB*",M-2BI,,5,"February 25, 2030",100,
Declining Balances Tables,145,"Class M-2B, M-2BR, M-2BS, M-2BT, M-2BU, M-2BI, M-2RB*, M-2SB*, M-2TB* and M-2UB*",M-2BI,,10,"February 25, 2030",100,
Declining Balances Tables,145,"Class M-2B, M-2BR, M-2BS, M-2BT, M-2BU, M-2BI, M-2RB*, M-2SB*, M-2TB* and M-2UB*",M-2BI,,15,"February 25, 2030",0,
Declining Balances Tables,145,"Class M-2B, M-2BR, M-2BS, M-2BT, M-2BU, M-2BI, M-2RB*, M-2SB*, M-2TB* and M-2UB*",M-2BI,,25,"February 25, 2030",0,
Declining Balances Tables,145,"Class M-2B, M-2BR, M-2BS, M-2BT, M-2BU, M-2BI, M-2RB*, M-2SB*, M-2TB* and M-2UB*",M-2BI,,35,"February 25, 2030",0,
Declining Balances Tables,145,"Class M-2B, M-2BR, M-2BS, M-2BT, M-2BU, M-2BI, M-2RB*, M-2SB*, M-2TB* and M-2UB*",M-2RB,*,0,"February 25, 2030",100,
Declining Balances Tables,145,"Class M-2B, M-2BR, M-2BS, M-2BT, M-2BU, M-2BI, M-2RB*, M-2SB*, M-2TB* and M-2UB*",M-2RB,*,5,"February 25, 2030",100,
Declining Balances Tables,145,"Class M-2B, M-2BR, M-2BS, M-2BT, M-2BU, M-2BI, M-2RB*, M-2SB*, M-2TB* and M-2UB*",M-2RB,*,10,"February 25, 2030",100,
Declining Balances Tables,145,"Class M-2B, M-2BR, M-2BS, M-2BT, M-2BU, M-2BI, M-2RB*, M-2SB*, M-2TB* and M-2UB*",M-2RB,*,15,"February 25, 2030",0,
Declining Balances Tables,145,"Class M-2B, M-2BR, M-2BS, M-2BT, M-2BU, M-2BI, M-2RB*, M-2SB*, M-2TB* and M-2UB*",M-2RB,*,25,"February 25, 2030",0,
Declining Balances Tables,145,"Class M-2B, M-2BR, M-2BS, M-2BT, M-2BU, M-2BI, M-2RB*, M-2SB*, M-2TB* and M-2UB*",M-2RB,*,35,"February 25, 2030",0,
Declining Balances Tables,145,"Class M-2B, M-2BR, M-2BS, M-2BT, M-2BU, M-2BI, M-2RB*, M-2SB*, M-2TB* and M-2UB*",M-2SB,*,0,"February 25, 2030",100,
Declining Balances Tables,145,"Class M-2B, M-2BR, M-2BS, M-2BT, M-2BU, M-2BI, M-2RB*, M-2SB*, M-2TB* and M-2UB*",M-2SB,*,5,"February 25, 2030",100,
Declining Balances Tables,145,"Class M-2B, M-2BR, M-2BS, M-2BT, M-2BU, M-2BI, M-2RB*, M-2SB*, M-2TB* and M-2UB*",M-2SB,*,10,"February 25, 2030",100,
Declining Balances Tables,145,"Class M-2B, M-2BR, M-2BS, M-2BT, M-2BU, M-2BI, M-2RB*, M-2SB*, M-2TB* and M-2UB*",M-2SB,*,15,"February 25, 2030",0,
Declining Balances Tables,145,"Class M-2B, M-2BR, M-2BS, M-2BT, M-2BU, M-2BI, M-2RB*, M-2SB*, M-2TB* and M-2UB*",M-2SB,*,25,"February 25, 2030",0,
Declining Balances Tables,145,"Class M-2B, M-2BR, M-2BS, M-2BT, M-2BU, M-2BI, M-2RB*, M-2SB*, M-2TB* and M-2UB*",M-2SB,*,35,"February 25, 2030",0,
Declining Balances Tables,145,"Class M-2B, M-2BR, M-2BS, M-2BT, M-2BU, M-2BI, M-2RB*, M-2SB*, M-2TB* and M-2UB*",M-2TB,*,0,"February 25, 2030",100,
Declining Balances Tables,145,"Class M-2B, M-2BR, M-2BS, M-2BT, M-2BU, M-2BI, M-2RB*, M-2SB*, M-2TB* and M-2UB*",M-2TB,*,5,"February 25, 2030",100,
Declining Balances Tables,145,"Class M-2B, M-2BR, M-2BS, M-2BT, M-2BU, M-2BI, M-2RB*, M-2SB*, M-2TB* and M-2UB*",M-2TB,*,10,"February 25, 2030",100,
Declining Balances Tables,145,"Class M-2B, M-2BR, M-2BS, M-2BT, M-2BU, M-2BI, M-2RB*, M-2SB*, M-2TB* and M-2UB*",M-2TB,*,15,"February 25, 2030",0,
Declining Balances Tables,145,"Class M-2B, M-2BR, M-2BS, M-2BT, M-2BU, M-2BI, M-2RB*, M-2SB*, M-2TB* and M-2UB*",M-2TB,*,25,"February 25, 2030",0,
Declining Balances Tables,145,"Class M-2B, M-2BR, M-2BS, M-2BT, M-2BU, M-2BI, M-2RB*, M-2SB*, M-2TB* and M-2UB*",M-2TB,*,35,"February 25, 2030",0,
Declining Balances Tables,145,"Class M-2B, M-2BR, M-2BS, M-2BT, M-2BU, M-2BI, M-2RB*, M-2SB*, M-2TB* and M-2UB*",M-2UB,*,0,"February 25, 2030",100,
Declining Balances Tables,145,"Class M-2B, M-2BR, M-2BS, M-2BT, M-2BU, M-2BI, M-2RB*, M-2SB*, M-2TB* and M-2UB*",M-2UB,*,5,"February 25, 2030",100,
Declining Balances Tables,145,"Class M-2B, M-2BR, M-2BS, M-2BT, M-2BU, M-2BI, M-2RB*, M-2SB*, M-2TB* and M-2UB*",M-2UB,*,10,"February 25, 2030",100,
Declining Balances Tables,145,"Class M-2B, M-2BR, M-2BS, M-2BT, M-2BU, M-2BI, M-2RB*, M-2SB*, M-2TB* and M-2UB*",M-2UB,*,15,"February 25, 2030",0,
Declining Balances Tables,145,"Class M-2B, M-2BR, M-2BS, M-2BT, M-2BU, M-2BI, M-2RB*, M-2SB*, M-2TB* and M-2UB*",M-2UB,*,25,"February 25, 2030",0,
Declining Balances Tables,145,"Class M-2B, M-2BR, M-2BS, M-2BT, M-2BU, M-2BI, M-2RB*, M-2SB*, M-2TB* and M-2UB*",M-2UB,*,35,"February 25, 2030",0,
Declining Balances Tables,145,"Class M-2B, M-2BR, M-2BS, M-2BT, M-2BU, M-2BI, M-2RB*, M-2SB*, M-2TB* and M-2UB*",M-2B,,0,"February 25, 2031",100,
Declining Balances Tables,145,"Class M-2B, M-2BR, M-2BS, M-2BT, M-2BU, M-2BI, M-2RB*, M-2SB*, M-2TB* and M-2UB*",M-2B,,5,"February 25, 2031",100,
Declining Balances Tables,145,"Class M-2B, M-2BR, M-2BS, M-2BT, M-2BU, M-2BI, M-2RB*, M-2SB*, M-2TB* and M-2UB*",M-2B,,10,"February 25, 2031",15,
Declining Balances Tables,145,"Class M-2B, M-2BR, M-2BS, M-2BT, M-2BU, M-2BI, M-2RB*, M-2SB*, M-2TB* and M-2UB*",M-2B,,15,"February 25, 2031",0,
Declining Balances Tables,145,"Class M-2B, M-2BR, M-2BS, M-2BT, M-2BU, M-2BI, M-2RB*, M-2SB*, M-2TB* and M-2UB*",M-2B,,25,"February 25, 2031",0,
Declining Balances Tables,145,"Class M-2B, M-2BR, M-2BS, M-2BT, M-2BU, M-2BI, M-2RB*, M-2SB*, M-2TB* and M-2UB*",M-2B,,35,"February 25, 2031",0,
Declining Balances Tables,145,"Class M-2B, M-2BR, M-2BS, M-2BT, M-2BU, M-2BI, M-2RB*, M-2SB*, M-2TB* and M-2UB*",M-2BR,,0,"February 25, 2031",100,
Declining Balances Tables,145,"Class M-2B, M-2BR, M-2BS, M-2BT, M-2BU, M-2BI, M-2RB*, M-2SB*, M-2TB* and M-2UB*",M-2BR,,5,"February 25, 2031",100,
Declining Balances Tables,145,"Class M-2B, M-2BR, M-2BS, M-2BT, M-2BU, M-2BI, M-2RB*, M-2SB*, M-2TB* and M-2UB*",M-2BR,,10,"February 25, 2031",15,
Declining Balances Tables,145,"Class M-2B, M-2BR, M-2BS, M-2BT, M-2BU, M-2BI, M-2RB*, M-2SB*, M-2TB* and M-2UB*",M-2BR,,15,"February 25, 2031",0,
Declining Balances Tables,145,"Class M-2B, M-2BR, M-2BS, M-2BT, M-2BU, M-2BI, M-2RB*, M-2SB*, M-2TB* and M-2UB*",M-2BR,,25,"February 25, 2031",0,
Declining Balances Tables,145,"Class M-2B, M-2BR, M-2BS, M-2BT, M-2BU, M-2BI, M-2RB*, M-2SB*, M-2TB* and M-2UB*",M-2BR,,35,"February 25, 2031",0,
Declining Balances Tables,145,"Class M-2B, M-2BR, M-2BS, M-2BT, M-2BU, M-2BI, M-2RB*, M-2SB*, M-2TB* and M-2UB*",M-2BS,,0,"February 25, 2031",100,
Declining Balances Tables,145,"Class M-2B, M-2BR, M-2BS, M-2BT, M-2BU, M-2BI, M-2RB*, M-2SB*, M-2TB* and M-2UB*",M-2BS,,5,"February 25, 2031",100,
Declining Balances Tables,145,"Class M-2B, M-2BR, M-2BS, M-2BT, M-2BU, M-2BI, M-2RB*, M-2SB*, M-2TB* and M-2UB*",M-2BS,,10,"February 25, 2031",15,
Declining Balances Tables,145,"Class M-2B, M-2BR, M-2BS, M-2BT, M-2BU, M-2BI, M-2RB*, M-2SB*, M-2TB* and M-2UB*",M-2BS,,15,"February 25, 2031",0,
Declining Balances Tables,145,"Class M-2B, M-2BR, M-2BS, M-2BT, M-2BU, M-2BI, M-2RB*, M-2SB*, M-2TB* and M-2UB*",M-2BS,,25,"February 25, 2031",0,
Declining Balances Tables,145,"Class M-2B, M-2BR, M-2BS, M-2BT, M-2BU, M-2BI, M-2RB*, M-2SB*, M-2TB* and M-2UB*",M-2BS,,35,"February 25, 2031",0,
Declining Balances Tables,145,"Class M-2B, M-2BR, M-2BS, M-2BT, M-2BU, M-2BI, M-2RB*, M-2SB*, M-2TB* and M-2UB*",M-2BT,,0,"February 25, 2031",100,
Declining Balances Tables,145,"Class M-2B, M-2BR, M-2BS, M-2BT, M-2BU, M-2BI, M-2RB*, M-2SB*, M-2TB* and M-2UB*",M-2BT,,5,"February 25, 2031",100,
Declining Balances Tables,145,"Class M-2B, M-2BR, M-2BS, M-2BT, M-2BU, M-2BI, M-2RB*, M-2SB*, M-2TB* and M-2UB*",M-2BT,,10,"February 25, 2031",15,
Declining Balances Tables,145,"Class M-2B, M-2BR, M-2BS, M-2BT, M-2BU, M-2BI, M-2RB*, M-2SB*, M-2TB* and M-2UB*",M-2BT,,15,"February 25, 2031",0,
Declining Balances Tables,145,"Class M-2B, M-2BR, M-2BS, M-2BT, M-2BU, M-2BI, M-2RB*, M-2SB*, M-2TB* and M-2UB*",M-2BT,,25,"February 25, 2031",0,
Declining Balances Tables,145,"Class M-2B, M-2BR, M-2BS, M-2BT, M-2BU, M-2BI, M-2RB*, M-2SB*, M-2TB* and M-2UB*",M-2BT,,35,"February 25, 2031",0,
Declining Balances Tables,145,"Class M-2B, M-2BR, M-2BS, M-2BT, M-2BU, M-2BI, M-2RB*, M-2SB*, M-2TB* and M-2UB*",M-2BU,,0,"February 25, 2031",100,
Declining Balances Tables,145,"Class M-2B, M-2BR, M-2BS, M-2BT, M-2BU, M-2BI, M-2RB*, M-2SB*, M-2TB* and M-2UB*",M-2BU,,5,"February 25, 2031",100,
Declining Balances Tables,145,"Class M-2B, M-2BR, M-2BS, M-2BT, M-2BU, M-2BI, M-2RB*, M-2SB*, M-2TB* and M-2UB*",M-2BU,,10,"February 25, 2031",15,
Declining Balances Tables,145,"Class M-2B, M-2BR, M-2BS, M-2BT, M-2BU, M-2BI, M-2RB*, M-2SB*, M-2TB* and M-2UB*",M-2BU,,15,"February 25, 2031",0,
Declining Balances Tables,145,"Class M-2B, M-2BR, M-2BS, M-2BT, M-2BU, M-2BI, M-2RB*, M-2SB*, M-2TB* and M-2UB*",M-2BU,,25,"February 25, 2031",0,
Declining Balances Tables,145,"Class M-2B, M-2BR, M-2BS, M-2BT, M-2BU, M-2BI, M-2RB*, M-2SB*, M-2TB* and M-2UB*",M-2BU,,35,"February 25, 2031",0,
Declining Balances Tables,145,"Class M-2B, M-2BR, M-2BS, M-2BT, M-2BU, M-2BI, M-2RB*, M-2SB*, M-2TB* and M-2UB*",M-2BI,,0,"February 25, 2031",100,
Declining Balances Tables,145,"Class M-2B, M-2BR, M-2BS, M-2BT, M-2BU, M-2BI, M-2RB*, M-2SB*, M-2TB* and M-2UB*",M-2BI,,5,"February 25, 2031",100,
Declining Balances Tables,145,"Class M-2B, M-2BR, M-2BS, M-2BT, M-2BU, M-2BI, M-2RB*, M-2SB*, M-2TB* and M-2UB*",M-2BI,,10,"February 25, 2031",15,
Declining Balances Tables,145,"Class M-2B, M-2BR, M-2BS, M-2BT, M-2BU, M-2BI, M-2RB*, M-2SB*, M-2TB* and M-2UB*",M-2BI,,15,"February 25, 2031",0,
Declining Balances Tables,145,"Class M-2B, M-2BR, M-2BS, M-2BT, M-2BU, M-2BI, M-2RB*, M-2SB*, M-2TB* and M-2UB*",M-2BI,,25,"February 25, 2031",0,
Declining Balances Tables,145,"Class M-2B, M-2BR, M-2BS, M-2BT, M-2BU, M-2BI, M-2RB*, M-2SB*, M-2TB* and M-2UB*",M-2BI,,35,"February 25, 2031",0,
Declining Balances Tables,145,"Class M-2B, M-2BR, M-2BS, M-2BT, M-2BU, M-2BI, M-2RB*, M-2SB*, M-2TB* and M-2UB*",M-2RB,*,0,"February 25, 2031",100,
Declining Balances Tables,145,"Class M-2B, M-2BR, M-2BS, M-2BT, M-2BU, M-2BI, M-2RB*, M-2SB*, M-2TB* and M-2UB*",M-2RB,*,5,"February 25, 2031",100,
Declining Balances Tables,145,"Class M-2B, M-2BR, M-2BS, M-2BT, M-2BU, M-2BI, M-2RB*, M-2SB*, M-2TB* and M-2UB*",M-2RB,*,10,"February 25, 2031",15,
Declining Balances Tables,145,"Class M-2B, M-2BR, M-2BS, M-2BT, M-2BU, M-2BI, M-2RB*, M-2SB*, M-2TB* and M-2UB*",M-2RB,*,15,"February 25, 2031",0,
Declining Balances Tables,145,"Class M-2B, M-2BR, M-2BS, M-2BT, M-2BU, M-2BI, M-2RB*, M-2SB*, M-2TB* and M-2UB*",M-2RB,*,25,"February 25, 2031",0,
Declining Balances Tables,145,"Class M-2B, M-2BR, M-2BS, M-2BT, M-2BU, M-2BI, M-2RB*, M-2SB*, M-2TB* and M-2UB*",M-2RB,*,35,"February 25, 2031",0,
Declining Balances Tables,145,"Class M-2B, M-2BR, M-2BS, M-2BT, M-2BU, M-2BI, M-2RB*, M-2SB*, M-2TB* and M-2UB*",M-2SB,*,0,"February 25, 2031",100,
Declining Balances Tables,145,"Class M-2B, M-2BR, M-2BS, M-2BT, M-2BU, M-2BI, M-2RB*, M-2SB*, M-2TB* and M-2UB*",M-2SB,*,5,"February 25, 2031",100,
Declining Balances Tables,145,"Class M-2B, M-2BR, M-2BS, M-2BT, M-2BU, M-2BI, M-2RB*, M-2SB*, M-2TB* and M-2UB*",M-2SB,*,10,"February 25, 2031",15,
Declining Balances Tables,145,"Class M-2B, M-2BR, M-2BS, M-2BT, M-2BU, M-2BI, M-2RB*, M-2SB*, M-2TB* and M-2UB*",M-2SB,*,15,"February 25, 2031",0,
Declining Balances Tables,145,"Class M-2B, M-2BR, M-2BS, M-2BT, M-2BU, M-2BI, M-2RB*, M-2SB*, M-2TB* and M-2UB*",M-2SB,*,25,"February 25, 2031",0,
Declining Balances Tables,145,"Class M-2B, M-2BR, M-2BS, M-2BT, M-2BU, M-2BI, M-2RB*, M-2SB*, M-2TB* and M-2UB*",M-2SB,*,35,"February 25, 2031",0,
Declining Balances Tables,145,"Class M-2B, M-2BR, M-2BS, M-2BT, M-2BU, M-2BI, M-2RB*, M-2SB*, M-2TB* and M-2UB*",M-2TB,*,0,"February 25, 2031",100,
Declining Balances Tables,145,"Class M-2B, M-2BR, M-2BS, M-2BT, M-2BU, M-2BI, M-2RB*, M-2SB*, M-2TB* and M-2UB*",M-2TB,*,5,"February 25, 2031",100,
Declining Balances Tables,145,"Class M-2B, M-2BR, M-2BS, M-2BT, M-2BU, M-2BI, M-2RB*, M-2SB*, M-2TB* and M-2UB*",M-2TB,*,10,"February 25, 2031",15,
Declining Balances Tables,145,"Class M-2B, M-2BR, M-2BS, M-2BT, M-2BU, M-2BI, M-2RB*, M-2SB*, M-2TB* and M-2UB*",M-2TB,*,15,"February 25, 2031",0,
Declining Balances Tables,145,"Class M-2B, M-2BR, M-2BS, M-2BT, M-2BU, M-2BI, M-2RB*, M-2SB*, M-2TB* and M-2UB*",M-2TB,*,25,"February 25, 2031",0,
Declining Balances Tables,145,"Class M-2B, M-2BR, M-2BS, M-2BT, M-2BU, M-2BI, M-2RB*, M-2SB*, M-2TB* and M-2UB*",M-2TB,*,35,"February 25, 2031",0,
Declining Balances Tables,145,"Class M-2B, M-2BR, M-2BS, M-2BT, M-2BU, M-2BI, M-2RB*, M-2SB*, M-2TB* and M-2UB*",M-2UB,*,0,"February 25, 2031",100,
Declining Balances Tables,145,"Class M-2B, M-2BR, M-2BS, M-2BT, M-2BU, M-2BI, M-2RB*, M-2SB*, M-2TB* and M-2UB*",M-2UB,*,5,"February 25, 2031",100,
Declining Balances Tables,145,"Class M-2B, M-2BR, M-2BS, M-2BT, M-2BU, M-2BI, M-2RB*, M-2SB*, M-2TB* and M-2UB*",M-2UB,*,10,"February 25, 2031",15,
Declining Balances Tables,145,"Class M-2B, M-2BR, M-2BS, M-2BT, M-2BU, M-2BI, M-2RB*, M-2SB*, M-2TB* and M-2UB*",M-2UB,*,15,"February 25, 2031",0,
Declining Balances Tables,145,"Class M-2B, M-2BR, M-2BS, M-2BT, M-2BU, M-2BI, M-2RB*, M-2SB*, M-2TB* and M-2UB*",M-2UB,*,25,"February 25, 2031",0,
Declining Balances Tables,145,"Class M-2B, M-2BR, M-2BS, M-2BT, M-2BU, M-2BI, M-2RB*, M-2SB*, M-2TB* and M-2UB*",M-2UB,*,35,"February 25, 2031",0,
Declining Balances Tables,145,"Class M-2B, M-2BR, M-2BS, M-2BT, M-2BU, M-2BI, M-2RB*, M-2SB*, M-2TB* and M-2UB*",M-2B,,0,"February 25, 2032",100,
Declining Balances Tables,145,"Class M-2B, M-2BR, M-2BS, M-2BT, M-2BU, M-2BI, M-2RB*, M-2SB*, M-2TB* and M-2UB*",M-2B,,5,"February 25, 2032",100,
Declining Balances Tables,145,"Class M-2B, M-2BR, M-2BS, M-2BT, M-2BU, M-2BI, M-2RB*, M-2SB*, M-2TB* and M-2UB*",M-2B,,10,"February 25, 2032",0,
Declining Balances Tables,145,"Class M-2B, M-2BR, M-2BS, M-2BT, M-2BU, M-2BI, M-2RB*, M-2SB*, M-2TB* and M-2UB*",M-2B,,15,"February 25, 2032",0,
Declining Balances Tables,145,"Class M-2B, M-2BR, M-2BS, M-2BT, M-2BU, M-2BI, M-2RB*, M-2SB*, M-2TB* and M-2UB*",M-2B,,25,"February 25, 2032",0,
Declining Balances Tables,145,"Class M-2B, M-2BR, M-2BS, M-2BT, M-2BU, M-2BI, M-2RB*, M-2SB*, M-2TB* and M-2UB*",M-2B,,35,"February 25, 2032",0,
Declining Balances Tables,145,"Class M-2B, M-2BR, M-2BS, M-2BT, M-2BU, M-2BI, M-2RB*, M-2SB*, M-2TB* and M-2UB*",M-2BR,,0,"February 25, 2032",100,
Declining Balances Tables,145,"Class M-2B, M-2BR, M-2BS, M-2BT, M-2BU, M-2BI, M-2RB*, M-2SB*, M-2TB* and M-2UB*",M-2BR,,5,"February 25, 2032",100,
Declining Balances Tables,145,"Class M-2B, M-2BR, M-2BS, M-2BT, M-2BU, M-2BI, M-2RB*, M-2SB*, M-2TB* and M-2UB*",M-2BR,,10,"February 25, 2032",0,
Declining Balances Tables,145,"Class M-2B, M-2BR, M-2BS, M-2BT, M-2BU, M-2BI, M-2RB*, M-2SB*, M-2TB* and M-2UB*",M-2BR,,15,"February 25, 2032",0,
Declining Balances Tables,145,"Class M-2B, M-2BR, M-2BS, M-2BT, M-2BU, M-2BI, M-2RB*, M-2SB*, M-2TB* and M-2UB*",M-2BR,,25,"February 25, 2032",0,
Declining Balances Tables,145,"Class M-2B, M-2BR, M-2BS, M-2BT, M-2BU, M-2BI, M-2RB*, M-2SB*, M-2TB* and M-2UB*",M-2BR,,35,"February 25, 2032",0,
Declining Balances Tables,145,"Class M-2B, M-2BR, M-2BS, M-2BT, M-2BU, M-2BI, M-2RB*, M-2SB*, M-2TB* and M-2UB*",M-2BS,,0,"February 25, 2032",100,
Declining Balances Tables,145,"Class M-2B, M-2BR, M-2BS, M-2BT, M-2BU, M-2BI, M-2RB*, M-2SB*, M-2TB* and M-2UB*",M-2BS,,5,"February 25, 2032",100,
Declining Balances Tables,145,"Class M-2B, M-2BR, M-2BS, M-2BT, M-2BU, M-2BI, M-2RB*, M-2SB*, M-2TB* and M-2UB*",M-2BS,,10,"February 25, 2032",0,
Declining Balances Tables,145,"Class M-2B, M-2BR, M-2BS, M-2BT, M-2BU, M-2BI, M-2RB*, M-2SB*, M-2TB* and M-2UB*",M-2BS,,15,"February 25, 2032",0,
Declining Balances Tables,145,"Class M-2B, M-2BR, M-2BS, M-2BT, M-2BU, M-2BI, M-2RB*, M-2SB*, M-2TB* and M-2UB*",M-2BS,,25,"February 25, 2032",0,
Declining Balances Tables,145,"Class M-2B, M-2BR, M-2BS, M-2BT, M-2BU, M-2BI, M-2RB*, M-2SB*, M-2TB* and M-2UB*",M-2BS,,35,"February 25, 2032",0,
Declining Balances Tables,145,"Class M-2B, M-2BR, M-2BS, M-2BT, M-2BU, M-2BI, M-2RB*, M-2SB*, M-2TB* and M-2UB*",M-2BT,,0,"February 25, 2032",100,
Declining Balances Tables,145,"Class M-2B, M-2BR, M-2BS, M-2BT, M-2BU, M-2BI, M-2RB*, M-2SB*, M-2TB* and M-2UB*",M-2BT,,5,"February 25, 2032",100,
Declining Balances Tables,145,"Class M-2B, M-2BR, M-2BS, M-2BT, M-2BU, M-2BI, M-2RB*, M-2SB*, M-2TB* and M-2UB*",M-2BT,,10,"February 25, 2032",0,
Declining Balances Tables,145,"Class M-2B, M-2BR, M-2BS, M-2BT, M-2BU, M-2BI, M-2RB*, M-2SB*, M-2TB* and M-2UB*",M-2BT,,15,"February 25, 2032",0,
Declining Balances Tables,145,"Class M-2B, M-2BR, M-2BS, M-2BT, M-2BU, M-2BI, M-2RB*, M-2SB*, M-2TB* and M-2UB*",M-2BT,,25,"February 25, 2032",0,
Declining Balances Tables,145,"Class M-2B, M-2BR, M-2BS, M-2BT, M-2BU, M-2BI, M-2RB*, M-2SB*, M-2TB* and M-2UB*",M-2BT,,35,"February 25, 2032",0,
Declining Balances Tables,145,"Class M-2B, M-2BR, M-2BS, M-2BT, M-2BU, M-2BI, M-2RB*, M-2SB*, M-2TB* and M-2UB*",M-2BU,,0,"February 25, 2032",100,
Declining Balances Tables,145,"Class M-2B, M-2BR, M-2BS, M-2BT, M-2BU, M-2BI, M-2RB*, M-2SB*, M-2TB* and M-2UB*",M-2BU,,5,"February 25, 2032",100,
Declining Balances Tables,145,"Class M-2B, M-2BR, M-2BS, M-2BT, M-2BU, M-2BI, M-2RB*, M-2SB*, M-2TB* and M-2UB*",M-2BU,,10,"February 25, 2032",0,
Declining Balances Tables,145,"Class M-2B, M-2BR, M-2BS, M-2BT, M-2BU, M-2BI, M-2RB*, M-2SB*, M-2TB* and M-2UB*",M-2BU,,15,"February 25, 2032",0,
Declining Balances Tables,145,"Class M-2B, M-2BR, M-2BS, M-2BT, M-2BU, M-2BI, M-2RB*, M-2SB*, M-2TB* and M-2UB*",M-2BU,,25,"February 25, 2032",0,
Declining Balances Tables,145,"Class M-2B, M-2BR, M-2BS, M-2BT, M-2BU, M-2BI, M-2RB*, M-2SB*, M-2TB* and M-2UB*",M-2BU,,35,"February 25, 2032",0,
Declining Balances Tables,145,"Class M-2B, M-2BR, M-2BS, M-2BT, M-2BU, M-2BI, M-2RB*, M-2SB*, M-2TB* and M-2UB*",M-2BI,,0,"February 25, 2032",100,
Declining Balances Tables,145,"Class M-2B, M-2BR, M-2BS, M-2BT, M-2BU, M-2BI, M-2RB*, M-2SB*, M-2TB* and M-2UB*",M-2BI,,5,"February 25, 2032",100,
Declining Balances Tables,145,"Class M-2B, M-2BR, M-2BS, M-2BT, M-2BU, M-2BI, M-2RB*, M-2SB*, M-2TB* and M-2UB*",M-2BI,,10,"February 25, 2032",0,
Declining Balances Tables,145,"Class M-2B, M-2BR, M-2BS, M-2BT, M-2BU, M-2BI, M-2RB*, M-2SB*, M-2TB* and M-2UB*",M-2BI,,15,"February 25, 2032",0,
Declining Balances Tables,145,"Class M-2B, M-2BR, M-2BS, M-2BT, M-2BU, M-2BI, M-2RB*, M-2SB*, M-2TB* and M-2UB*",M-2BI,,25,"February 25, 2032",0,
Declining Balances Tables,145,"Class M-2B, M-2BR, M-2BS, M-2BT, M-2BU, M-2BI, M-2RB*, M-2SB*, M-2TB* and M-2UB*",M-2BI,,35,"February 25, 2032",0,
Declining Balances Tables,145,"Class M-2B, M-2BR, M-2BS, M-2BT, M-2BU, M-2BI, M-2RB*, M-2SB*, M-2TB* and M-2UB*",M-2RB,*,0,"February 25, 2032",100,
Declining Balances Tables,145,"Class M-2B, M-2BR, M-2BS, M-2BT, M-2BU, M-2BI, M-2RB*, M-2SB*, M-2TB* and M-2UB*",M-2RB,*,5,"February 25, 2032",100,
Declining Balances Tables,145,"Class M-2B, M-2BR, M-2BS, M-2BT, M-2BU, M-2BI, M-2RB*, M-2SB*, M-2TB* and M-2UB*",M-2RB,*,10,"February 25, 2032",0,
Declining Balances Tables,145,"Class M-2B, M-2BR, M-2BS, M-2BT, M-2BU, M-2BI, M-2RB*, M-2SB*, M-2TB* and M-2UB*",M-2RB,*,15,"February 25, 2032",0,
Declining Balances Tables,145,"Class M-2B, M-2BR, M-2BS, M-2BT, M-2BU, M-2BI, M-2RB*, M-2SB*, M-2TB* and M-2UB*",M-2RB,*,25,"February 25, 2032",0,
Declining Balances Tables,145,"Class M-2B, M-2BR, M-2BS, M-2BT, M-2BU, M-2BI, M-2RB*, M-2SB*, M-2TB* and M-2UB*",M-2RB,*,35,"February 25, 2032",0,
Declining Balances Tables,145,"Class M-2B, M-2BR, M-2BS, M-2BT, M-2BU, M-2BI, M-2RB*, M-2SB*, M-2TB* and M-2UB*",M-2SB,*,0,"February 25, 2032",100,
Declining Balances Tables,145,"Class M-2B, M-2BR, M-2BS, M-2BT, M-2BU, M-2BI, M-2RB*, M-2SB*, M-2TB* and M-2UB*",M-2SB,*,5,"February 25, 2032",100,
Declining Balances Tables,145,"Class M-2B, M-2BR, M-2BS, M-2BT, M-2BU, M-2BI, M-2RB*, M-2SB*, M-2TB* and M-2UB*",M-2SB,*,10,"February 25, 2032",0,
Declining Balances Tables,145,"Class M-2B, M-2BR, M-2BS, M-2BT, M-2BU, M-2BI, M-2RB*, M-2SB*, M-2TB* and M-2UB*",M-2SB,*,15,"February 25, 2032",0,
Declining Balances Tables,145,"Class M-2B, M-2BR, M-2BS, M-2BT, M-2BU, M-2BI, M-2RB*, M-2SB*, M-2TB* and M-2UB*",M-2SB,*,25,"February 25, 2032",0,
Declining Balances Tables,145,"Class M-2B, M-2BR, M-2BS, M-2BT, M-2BU, M-2BI, M-2RB*, M-2SB*, M-2TB* and M-2UB*",M-2SB,*,35,"February 25, 2032",0,
Declining Balances Tables,145,"Class M-2B, M-2BR, M-2BS, M-2BT, M-2BU, M-2BI, M-2RB*, M-2SB*, M-2TB* and M-2UB*",M-2TB,*,0,"February 25, 2032",100,
Declining Balances Tables,145,"Class M-2B, M-2BR, M-2BS, M-2BT, M-2BU, M-2BI, M-2RB*, M-2SB*, M-2TB* and M-2UB*",M-2TB,*,5,"February 25, 2032",100,
Declining Balances Tables,145,"Class M-2B, M-2BR, M-2BS, M-2BT, M-2BU, M-2BI, M-2RB*, M-2SB*, M-2TB* and M-2UB*",M-2TB,*,10,"February 25, 2032",0,
Declining Balances Tables,145,"Class M-2B, M-2BR, M-2BS, M-2BT, M-2BU, M-2BI, M-2RB*, M-2SB*, M-2TB* and M-2UB*",M-2TB,*,15,"February 25, 2032",0,
Declining Balances Tables,145,"Class M-2B, M-2BR, M-2BS, M-2BT, M-2BU, M-2BI, M-2RB*, M-2SB*, M-2TB* and M-2UB*",M-2TB,*,25,"February 25, 2032",0,
Declining Balances Tables,145,"Class M-2B, M-2BR, M-2BS, M-2BT, M-2BU, M-2BI, M-2RB*, M-2SB*, M-2TB* and M-2UB*",M-2TB,*,35,"February 25, 2032",0,
Declining Balances Tables,145,"Class M-2B, M-2BR, M-2BS, M-2BT, M-2BU, M-2BI, M-2RB*, M-2SB*, M-2TB* and M-2UB*",M-2UB,*,0,"February 25, 2032",100,
Declining Balances Tables,145,"Class M-2B, M-2BR, M-2BS, M-2BT, M-2BU, M-2BI, M-2RB*, M-2SB*, M-2TB* and M-2UB*",M-2UB,*,5,"February 25, 2032",100,
Declining Balances Tables,145,"Class M-2B, M-2BR, M-2BS, M-2BT, M-2BU, M-2BI, M-2RB*, M-2SB*, M-2TB* and M-2UB*",M-2UB,*,10,"February 25, 2032",0,
Declining Balances Tables,145,"Class M-2B, M-2BR, M-2BS, M-2BT, M-2BU, M-2BI, M-2RB*, M-2SB*, M-2TB* and M-2UB*",M-2UB,*,15,"February 25, 2032",0,
Declining Balances Tables,145,"Class M-2B, M-2BR, M-2BS, M-2BT, M-2BU, M-2BI, M-2RB*, M-2SB*, M-2TB* and M-2UB*",M-2UB,*,25,"February 25, 2032",0,
Declining Balances Tables,145,"Class M-2B, M-2BR, M-2BS, M-2BT, M-2BU, M-2BI, M-2RB*, M-2SB*, M-2TB* and M-2UB*",M-2UB,*,35,"February 25, 2032",0,
Declining Balances Tables,145,"Class M-2B, M-2BR, M-2BS, M-2BT, M-2BU, M-2BI, M-2RB*, M-2SB*, M-2TB* and M-2UB*",M-2B,,0,"February 25, 2033",100,
Declining Balances Tables,145,"Class M-2B, M-2BR, M-2BS, M-2BT, M-2BU, M-2BI, M-2RB*, M-2SB*, M-2TB* and M-2UB*",M-2B,,5,"February 25, 2033",100,
Declining Balances Tables,145,"Class M-2B, M-2BR, M-2BS, M-2BT, M-2BU, M-2BI, M-2RB*, M-2SB*, M-2TB* and M-2UB*",M-2B,,10,"February 25, 2033",0,
Declining Balances Tables,145,"Class M-2B, M-2BR, M-2BS, M-2BT, M-2BU, M-2BI, M-2RB*, M-2SB*, M-2TB* and M-2UB*",M-2B,,15,"February 25, 2033",0,
Declining Balances Tables,145,"Class M-2B, M-2BR, M-2BS, M-2BT, M-2BU, M-2BI, M-2RB*, M-2SB*, M-2TB* and M-2UB*",M-2B,,25,"February 25, 2033",0,
Declining Balances Tables,145,"Class M-2B, M-2BR, M-2BS, M-2BT, M-2BU, M-2BI, M-2RB*, M-2SB*, M-2TB* and M-2UB*",M-2B,,35,"February 25, 2033",0,
Declining Balances Tables,145,"Class M-2B, M-2BR, M-2BS, M-2BT, M-2BU, M-2BI, M-2RB*, M-2SB*, M-2TB* and M-2UB*",M-2BR,,0,"February 25, 2033",100,
Declining Balances Tables,145,"Class M-2B, M-2BR, M-2BS, M-2BT, M-2BU, M-2BI, M-2RB*, M-2SB*, M-2TB* and M-2UB*",M-2BR,,5,"February 25, 2033",100,
Declining Balances Tables,145,"Class M-2B, M-2BR, M-2BS, M-2BT, M-2BU, M-2BI, M-2RB*, M-2SB*, M-2TB* and M-2UB*",M-2BR,,10,"February 25, 2033",0,
Declining Balances Tables,145,"Class M-2B, M-2BR, M-2BS, M-2BT, M-2BU, M-2BI, M-2RB*, M-2SB*, M-2TB* and M-2UB*",M-2BR,,15,"February 25, 2033",0,
Declining Balances Tables,145,"Class M-2B, M-2BR, M-2BS, M-2BT, M-2BU, M-2BI, M-2RB*, M-2SB*, M-2TB* and M-2UB*",M-2BR,,25,"February 25, 2033",0,
Declining Balances Tables,145,"Class M-2B, M-2BR, M-2BS, M-2BT, M-2BU, M-2BI, M-2RB*, M-2SB*, M-2TB* and M-2UB*",M-2BR,,35,"February 25, 2033",0,
Declining Balances Tables,145,"Class M-2B, M-2BR, M-2BS, M-2BT, M-2BU, M-2BI, M-2RB*, M-2SB*, M-2TB* and M-2UB*",M-2BS,,0,"February 25, 2033",100,
Declining Balances Tables,145,"Class M-2B, M-2BR, M-2BS, M-2BT, M-2BU, M-2BI, M-2RB*, M-2SB*, M-2TB* and M-2UB*",M-2BS,,5,"February 25, 2033",100,
Declining Balances Tables,145,"Class M-2B, M-2BR, M-2BS, M-2BT, M-2BU, M-2BI, M-2RB*, M-2SB*, M-2TB* and M-2UB*",M-2BS,,10,"February 25, 2033",0,
Declining Balances Tables,145,"Class M-2B, M-2BR, M-2BS, M-2BT, M-2BU, M-2BI, M-2RB*, M-2SB*, M-2TB* and M-2UB*",M-2BS,,15,"February 25, 2033",0,
Declining Balances Tables,145,"Class M-2B, M-2BR, M-2BS, M-2BT, M-2BU, M-2BI, M-2RB*, M-2SB*, M-2TB* and M-2UB*",M-2BS,,25,"February 25, 2033",0,
Declining Balances Tables,145,"Class M-2B, M-2BR, M-2BS, M-2BT, M-2BU, M-2BI, M-2RB*, M-2SB*, M-2TB* and M-2UB*",M-2BS,,35,"February 25, 2033",0,
Declining Balances Tables,145,"Class M-2B, M-2BR, M-2BS, M-2BT, M-2BU, M-2BI, M-2RB*, M-2SB*, M-2TB* and M-2UB*",M-2BT,,0,"February 25, 2033",100,
Declining Balances Tables,145,"Class M-2B, M-2BR, M-2BS, M-2BT, M-2BU, M-2BI, M-2RB*, M-2SB*, M-2TB* and M-2UB*",M-2BT,,5,"February 25, 2033",100,
Declining Balances Tables,145,"Class M-2B, M-2BR, M-2BS, M-2BT, M-2BU, M-2BI, M-2RB*, M-2SB*, M-2TB* and M-2UB*",M-2BT,,10,"February 25, 2033",0,
Declining Balances Tables,145,"Class M-2B, M-2BR, M-2BS, M-2BT, M-2BU, M-2BI, M-2RB*, M-2SB*, M-2TB* and M-2UB*",M-2BT,,15,"February 25, 2033",0,
Declining Balances Tables,145,"Class M-2B, M-2BR, M-2BS, M-2BT, M-2BU, M-2BI, M-2RB*, M-2SB*, M-2TB* and M-2UB*",M-2BT,,25,"February 25, 2033",0,
Declining Balances Tables,145,"Class M-2B, M-2BR, M-2BS, M-2BT, M-2BU, M-2BI, M-2RB*, M-2SB*, M-2TB* and M-2UB*",M-2BT,,35,"February 25, 2033",0,
Declining Balances Tables,145,"Class M-2B, M-2BR, M-2BS, M-2BT, M-2BU, M-2BI, M-2RB*, M-2SB*, M-2TB* and M-2UB*",M-2BU,,0,"February 25, 2033",100,
Declining Balances Tables,145,"Class M-2B, M-2BR, M-2BS, M-2BT, M-2BU, M-2BI, M-2RB*, M-2SB*, M-2TB* and M-2UB*",M-2BU,,5,"February 25, 2033",100,
Declining Balances Tables,145,"Class M-2B, M-2BR, M-2BS, M-2BT, M-2BU, M-2BI, M-2RB*, M-2SB*, M-2TB* and M-2UB*",M-2BU,,10,"February 25, 2033",0,
Declining Balances Tables,145,"Class M-2B, M-2BR, M-2BS, M-2BT, M-2BU, M-2BI, M-2RB*, M-2SB*, M-2TB* and M-2UB*",M-2BU,,15,"February 25, 2033",0,
Declining Balances Tables,145,"Class M-2B, M-2BR, M-2BS, M-2BT, M-2BU, M-2BI, M-2RB*, M-2SB*, M-2TB* and M-2UB*",M-2BU,,25,"February 25, 2033",0,
Declining Balances Tables,145,"Class M-2B, M-2BR, M-2BS, M-2BT, M-2BU, M-2BI, M-2RB*, M-2SB*, M-2TB* and M-2UB*",M-2BU,,35,"February 25, 2033",0,
Declining Balances Tables,145,"Class M-2B, M-2BR, M-2BS, M-2BT, M-2BU, M-2BI, M-2RB*, M-2SB*, M-2TB* and M-2UB*",M-2BI,,0,"February 25, 2033",100,
Declining Balances Tables,145,"Class M-2B, M-2BR, M-2BS, M-2BT, M-2BU, M-2BI, M-2RB*, M-2SB*, M-2TB* and M-2UB*",M-2BI,,5,"February 25, 2033",100,
Declining Balances Tables,145,"Class M-2B, M-2BR, M-2BS, M-2BT, M-2BU, M-2BI, M-2RB*, M-2SB*, M-2TB* and M-2UB*",M-2BI,,10,"February 25, 2033",0,
Declining Balances Tables,145,"Class M-2B, M-2BR, M-2BS, M-2BT, M-2BU, M-2BI, M-2RB*, M-2SB*, M-2TB* and M-2UB*",M-2BI,,15,"February 25, 2033",0,
Declining Balances Tables,145,"Class M-2B, M-2BR, M-2BS, M-2BT, M-2BU, M-2BI, M-2RB*, M-2SB*, M-2TB* and M-2UB*",M-2BI,,25,"February 25, 2033",0,
Declining Balances Tables,145,"Class M-2B, M-2BR, M-2BS, M-2BT, M-2BU, M-2BI, M-2RB*, M-2SB*, M-2TB* and M-2UB*",M-2BI,,35,"February 25, 2033",0,
Declining Balances Tables,145,"Class M-2B, M-2BR, M-2BS, M-2BT, M-2BU, M-2BI, M-2RB*, M-2SB*, M-2TB* and M-2UB*",M-2RB,*,0,"February 25, 2033",100,
Declining Balances Tables,145,"Class M-2B, M-2BR, M-2BS, M-2BT, M-2BU, M-2BI, M-2RB*, M-2SB*, M-2TB* and M-2UB*",M-2RB,*,5,"February 25, 2033",100,
Declining Balances Tables,145,"Class M-2B, M-2BR, M-2BS, M-2BT, M-2BU, M-2BI, M-2RB*, M-2SB*, M-2TB* and M-2UB*",M-2RB,*,10,"February 25, 2033",0,
Declining Balances Tables,145,"Class M-2B, M-2BR, M-2BS, M-2BT, M-2BU, M-2BI, M-2RB*, M-2SB*, M-2TB* and M-2UB*",M-2RB,*,15,"February 25, 2033",0,
Declining Balances Tables,145,"Class M-2B, M-2BR, M-2BS, M-2BT, M-2BU, M-2BI, M-2RB*, M-2SB*, M-2TB* and M-2UB*",M-2RB,*,25,"February 25, 2033",0,
Declining Balances Tables,145,"Class M-2B, M-2BR, M-2BS, M-2BT, M-2BU, M-2BI, M-2RB*, M-2SB*, M-2TB* and M-2UB*",M-2RB,*,35,"February 25, 2033",0,
Declining Balances Tables,145,"Class M-2B, M-2BR, M-2BS, M-2BT, M-2BU, M-2BI, M-2RB*, M-2SB*, M-2TB* and M-2UB*",M-2SB,*,0,"February 25, 2033",100,
Declining Balances Tables,145,"Class M-2B, M-2BR, M-2BS, M-2BT, M-2BU, M-2BI, M-2RB*, M-2SB*, M-2TB* and M-2UB*",M-2SB,*,5,"February 25, 2033",100,
Declining Balances Tables,145,"Class M-2B, M-2BR, M-2BS, M-2BT, M-2BU, M-2BI, M-2RB*, M-2SB*, M-2TB* and M-2UB*",M-2SB,*,10,"February 25, 2033",0,
Declining Balances Tables,145,"Class M-2B, M-2BR, M-2BS, M-2BT, M-2BU, M-2BI, M-2RB*, M-2SB*, M-2TB* and M-2UB*",M-2SB,*,15,"February 25, 2033",0,
Declining Balances Tables,145,"Class M-2B, M-2BR, M-2BS, M-2BT, M-2BU, M-2BI, M-2RB*, M-2SB*, M-2TB* and M-2UB*",M-2SB,*,25,"February 25, 2033",0,
Declining Balances Tables,145,"Class M-2B, M-2BR, M-2BS, M-2BT, M-2BU, M-2BI, M-2RB*, M-2SB*, M-2TB* and M-2UB*",M-2SB,*,35,"February 25, 2033",0,
Declining Balances Tables,145,"Class M-2B, M-2BR, M-2BS, M-2BT, M-2BU, M-2BI, M-2RB*, M-2SB*, M-2TB* and M-2UB*",M-2TB,*,0,"February 25, 2033",100,
Declining Balances Tables,145,"Class M-2B, M-2BR, M-2BS, M-2BT, M-2BU, M-2BI, M-2RB*, M-2SB*, M-2TB* and M-2UB*",M-2TB,*,5,"February 25, 2033",100,
Declining Balances Tables,145,"Class M-2B, M-2BR, M-2BS, M-2BT, M-2BU, M-2BI, M-2RB*, M-2SB*, M-2TB* and M-2UB*",M-2TB,*,10,"February 25, 2033",0,
Declining Balances Tables,145,"Class M-2B, M-2BR, M-2BS, M-2BT, M-2BU, M-2BI, M-2RB*, M-2SB*, M-2TB* and M-2UB*",M-2TB,*,15,"February 25, 2033",0,
Declining Balances Tables,145,"Class M-2B, M-2BR, M-2BS, M-2BT, M-2BU, M-2BI, M-2RB*, M-2SB*, M-2TB* and M-2UB*",M-2TB,*,25,"February 25, 2033",0,
Declining Balances Tables,145,"Class M-2B, M-2BR, M-2BS, M-2BT, M-2BU, M-2BI, M-2RB*, M-2SB*, M-2TB* and M-2UB*",M-2TB,*,35,"February 25, 2033",0,
Declining Balances Tables,145,"Class M-2B, M-2BR, M-2BS, M-2BT, M-2BU, M-2BI, M-2RB*, M-2SB*, M-2TB* and M-2UB*",M-2UB,*,0,"February 25, 2033",100,
Declining Balances Tables,145,"Class M-2B, M-2BR, M-2BS, M-2BT, M-2BU, M-2BI, M-2RB*, M-2SB*, M-2TB* and M-2UB*",M-2UB,*,5,"February 25, 2033",100,
Declining Balances Tables,145,"Class M-2B, M-2BR, M-2BS, M-2BT, M-2BU, M-2BI, M-2RB*, M-2SB*, M-2TB* and M-2UB*",M-2UB,*,10,"February 25, 2033",0,
Declining Balances Tables,145,"Class M-2B, M-2BR, M-2BS, M-2BT, M-2BU, M-2BI, M-2RB*, M-2SB*, M-2TB* and M-2UB*",M-2UB,*,15,"February 25, 2033",0,
Declining Balances Tables,145,"Class M-2B, M-2BR, M-2BS, M-2BT, M-2BU, M-2BI, M-2RB*, M-2SB*, M-2TB* and M-2UB*",M-2UB,*,25,"February 25, 2033",0,
Declining Balances Tables,145,"Class M-2B, M-2BR, M-2BS, M-2BT, M-2BU, M-2BI, M-2RB*, M-2SB*, M-2TB* and M-2UB*",M-2UB,*,35,"February 25, 2033",0,
Declining Balances Tables,145,"Class M-2B, M-2BR, M-2BS, M-2BT, M-2BU, M-2BI, M-2RB*, M-2SB*, M-2TB* and M-2UB*",M-2B,,0,"February 25, 2034",100,
Declining Balances Tables,145,"Class M-2B, M-2BR, M-2BS, M-2BT, M-2BU, M-2BI, M-2RB*, M-2SB*, M-2TB* and M-2UB*",M-2B,,5,"February 25, 2034",88,
Declining Balances Tables,145,"Class M-2B, M-2BR, M-2BS, M-2BT, M-2BU, M-2BI, M-2RB*, M-2SB*, M-2TB* and M-2UB*",M-2B,,10,"February 25, 2034",0,
Declining Balances Tables,145,"Class M-2B, M-2BR, M-2BS, M-2BT, M-2BU, M-2BI, M-2RB*, M-2SB*, M-2TB* and M-2UB*",M-2B,,15,"February 25, 2034",0,
Declining Balances Tables,145,"Class M-2B, M-2BR, M-2BS, M-2BT, M-2BU, M-2BI, M-2RB*, M-2SB*, M-2TB* and M-2UB*",M-2B,,25,"February 25, 2034",0,
Declining Balances Tables,145,"Class M-2B, M-2BR, M-2BS, M-2BT, M-2BU, M-2BI, M-2RB*, M-2SB*, M-2TB* and M-2UB*",M-2B,,35,"February 25, 2034",0,
Declining Balances Tables,145,"Class M-2B, M-2BR, M-2BS, M-2BT, M-2BU, M-2BI, M-2RB*, M-2SB*, M-2TB* and M-2UB*",M-2BR,,0,"February 25, 2034",100,
Declining Balances Tables,145,"Class M-2B, M-2BR, M-2BS, M-2BT, M-2BU, M-2BI, M-2RB*, M-2SB*, M-2TB* and M-2UB*",M-2BR,,5,"February 25, 2034",88,
Declining Balances Tables,145,"Class M-2B, M-2BR, M-2BS, M-2BT, M-2BU, M-2BI, M-2RB*, M-2SB*, M-2TB* and M-2UB*",M-2BR,,10,"February 25, 2034",0,
Declining Balances Tables,145,"Class M-2B, M-2BR, M-2BS, M-2BT, M-2BU, M-2BI, M-2RB*, M-2SB*, M-2TB* and M-2UB*",M-2BR,,15,"February 25, 2034",0,
Declining Balances Tables,145,"Class M-2B, M-2BR, M-2BS, M-2BT, M-2BU, M-2BI, M-2RB*, M-2SB*, M-2TB* and M-2UB*",M-2BR,,25,"February 25, 2034",0,
Declining Balances Tables,145,"Class M-2B, M-2BR, M-2BS, M-2BT, M-2BU, M-2BI, M-2RB*, M-2SB*, M-2TB* and M-2UB*",M-2BR,,35,"February 25, 2034",0,
Declining Balances Tables,145,"Class M-2B, M-2BR, M-2BS, M-2BT, M-2BU, M-2BI, M-2RB*, M-2SB*, M-2TB* and M-2UB*",M-2BS,,0,"February 25, 2034",100,
Declining Balances Tables,145,"Class M-2B, M-2BR, M-2BS, M-2BT, M-2BU, M-2BI, M-2RB*, M-2SB*, M-2TB* and M-2UB*",M-2BS,,5,"February 25, 2034",88,
Declining Balances Tables,145,"Class M-2B, M-2BR, M-2BS, M-2BT, M-2BU, M-2BI, M-2RB*, M-2SB*, M-2TB* and M-2UB*",M-2BS,,10,"February 25, 2034",0,
Declining Balances Tables,145,"Class M-2B, M-2BR, M-2BS, M-2BT, M-2BU, M-2BI, M-2RB*, M-2SB*, M-2TB* and M-2UB*",M-2BS,,15,"February 25, 2034",0,
Declining Balances Tables,145,"Class M-2B, M-2BR, M-2BS, M-2BT, M-2BU, M-2BI, M-2RB*, M-2SB*, M-2TB* and M-2UB*",M-2BS,,25,"February 25, 2034",0,
Declining Balances Tables,145,"Class M-2B, M-2BR, M-2BS, M-2BT, M-2BU, M-2BI, M-2RB*, M-2SB*, M-2TB* and M-2UB*",M-2BS,,35,"February 25, 2034",0,
Declining Balances Tables,145,"Class M-2B, M-2BR, M-2BS, M-2BT, M-2BU, M-2BI, M-2RB*, M-2SB*, M-2TB* and M-2UB*",M-2BT,,0,"February 25, 2034",100,
Declining Balances Tables,145,"Class M-2B, M-2BR, M-2BS, M-2BT, M-2BU, M-2BI, M-2RB*, M-2SB*, M-2TB* and M-2UB*",M-2BT,,5,"February 25, 2034",88,
Declining Balances Tables,145,"Class M-2B, M-2BR, M-2BS, M-2BT, M-2BU, M-2BI, M-2RB*, M-2SB*, M-2TB* and M-2UB*",M-2BT,,10,"February 25, 2034",0,
Declining Balances Tables,145,"Class M-2B, M-2BR, M-2BS, M-2BT, M-2BU, M-2BI, M-2RB*, M-2SB*, M-2TB* and M-2UB*",M-2BT,,15,"February 25, 2034",0,
Declining Balances Tables,145,"Class M-2B, M-2BR, M-2BS, M-2BT, M-2BU, M-2BI, M-2RB*, M-2SB*, M-2TB* and M-2UB*",M-2BT,,25,"February 25, 2034",0,
Declining Balances Tables,145,"Class M-2B, M-2BR, M-2BS, M-2BT, M-2BU, M-2BI, M-2RB*, M-2SB*, M-2TB* and M-2UB*",M-2BT,,35,"February 25, 2034",0,
Declining Balances Tables,145,"Class M-2B, M-2BR, M-2BS, M-2BT, M-2BU, M-2BI, M-2RB*, M-2SB*, M-2TB* and M-2UB*",M-2BU,,0,"February 25, 2034",100,
Declining Balances Tables,145,"Class M-2B, M-2BR, M-2BS, M-2BT, M-2BU, M-2BI, M-2RB*, M-2SB*, M-2TB* and M-2UB*",M-2BU,,5,"February 25, 2034",88,
Declining Balances Tables,145,"Class M-2B, M-2BR, M-2BS, M-2BT, M-2BU, M-2BI, M-2RB*, M-2SB*, M-2TB* and M-2UB*",M-2BU,,10,"February 25, 2034",0,
Declining Balances Tables,145,"Class M-2B, M-2BR, M-2BS, M-2BT, M-2BU, M-2BI, M-2RB*, M-2SB*, M-2TB* and M-2UB*",M-2BU,,15,"February 25, 2034",0,
Declining Balances Tables,145,"Class M-2B, M-2BR, M-2BS, M-2BT, M-2BU, M-2BI, M-2RB*, M-2SB*, M-2TB* and M-2UB*",M-2BU,,25,"February 25, 2034",0,
Declining Balances Tables,145,"Class M-2B, M-2BR, M-2BS, M-2BT, M-2BU, M-2BI, M-2RB*, M-2SB*, M-2TB* and M-2UB*",M-2BU,,35,"February 25, 2034",0,
Declining Balances Tables,145,"Class M-2B, M-2BR, M-2BS, M-2BT, M-2BU, M-2BI, M-2RB*, M-2SB*, M-2TB* and M-2UB*",M-2BI,,0,"February 25, 2034",100,
Declining Balances Tables,145,"Class M-2B, M-2BR, M-2BS, M-2BT, M-2BU, M-2BI, M-2RB*, M-2SB*, M-2TB* and M-2UB*",M-2BI,,5,"February 25, 2034",88,
Declining Balances Tables,145,"Class M-2B, M-2BR, M-2BS, M-2BT, M-2BU, M-2BI, M-2RB*, M-2SB*, M-2TB* and M-2UB*",M-2BI,,10,"February 25, 2034",0,
Declining Balances Tables,145,"Class M-2B, M-2BR, M-2BS, M-2BT, M-2BU, M-2BI, M-2RB*, M-2SB*, M-2TB* and M-2UB*",M-2BI,,15,"February 25, 2034",0,
Declining Balances Tables,145,"Class M-2B, M-2BR, M-2BS, M-2BT, M-2BU, M-2BI, M-2RB*, M-2SB*, M-2TB* and M-2UB*",M-2BI,,25,"February 25, 2034",0,
Declining Balances Tables,145,"Class M-2B, M-2BR, M-2BS, M-2BT, M-2BU, M-2BI, M-2RB*, M-2SB*, M-2TB* and M-2UB*",M-2BI,,35,"February 25, 2034",0,
Declining Balances Tables,145,"Class M-2B, M-2BR, M-2BS, M-2BT, M-2BU, M-2BI, M-2RB*, M-2SB*, M-2TB* and M-2UB*",M-2RB,*,0,"February 25, 2034",100,
Declining Balances Tables,145,"Class M-2B, M-2BR, M-2BS, M-2BT, M-2BU, M-2BI, M-2RB*, M-2SB*, M-2TB* and M-2UB*",M-2RB,*,5,"February 25, 2034",88,
Declining Balances Tables,145,"Class M-2B, M-2BR, M-2BS, M-2BT, M-2BU, M-2BI, M-2RB*, M-2SB*, M-2TB* and M-2UB*",M-2RB,*,10,"February 25, 2034",0,
Declining Balances Tables,145,"Class M-2B, M-2BR, M-2BS, M-2BT, M-2BU, M-2BI, M-2RB*, M-2SB*, M-2TB* and M-2UB*",M-2RB,*,15,"February 25, 2034",0,
Declining Balances Tables,145,"Class M-2B, M-2BR, M-2BS, M-2BT, M-2BU, M-2BI, M-2RB*, M-2SB*, M-2TB* and M-2UB*",M-2RB,*,25,"February 25, 2034",0,
Declining Balances Tables,145,"Class M-2B, M-2BR, M-2BS, M-2BT, M-2BU, M-2BI, M-2RB*, M-2SB*, M-2TB* and M-2UB*",M-2RB,*,35,"February 25, 2034",0,
Declining Balances Tables,145,"Class M-2B, M-2BR, M-2BS, M-2BT, M-2BU, M-2BI, M-2RB*, M-2SB*, M-2TB* and M-2UB*",M-2SB,*,0,"February 25, 2034",100,
Declining Balances Tables,145,"Class M-2B, M-2BR, M-2BS, M-2BT, M-2BU, M-2BI, M-2RB*, M-2SB*, M-2TB* and M-2UB*",M-2SB,*,5,"February 25, 2034",88,
Declining Balances Tables,145,"Class M-2B, M-2BR, M-2BS, M-2BT, M-2BU, M-2BI, M-2RB*, M-2SB*, M-2TB* and M-2UB*",M-2SB,*,10,"February 25, 2034",0,
Declining Balances Tables,145,"Class M-2B, M-2BR, M-2BS, M-2BT, M-2BU, M-2BI, M-2RB*, M-2SB*, M-2TB* and M-2UB*",M-2SB,*,15,"February 25, 2034",0,
Declining Balances Tables,145,"Class M-2B, M-2BR, M-2BS, M-2BT, M-2BU, M-2BI, M-2RB*, M-2SB*, M-2TB* and M-2UB*",M-2SB,*,25,"February 25, 2034",0,
Declining Balances Tables,145,"Class M-2B, M-2BR, M-2BS, M-2BT, M-2BU, M-2BI, M-2RB*, M-2SB*, M-2TB* and M-2UB*",M-2SB,*,35,"February 25, 2034",0,
Declining Balances Tables,145,"Class M-2B, M-2BR, M-2BS, M-2BT, M-2BU, M-2BI, M-2RB*, M-2SB*, M-2TB* and M-2UB*",M-2TB,*,0,"February 25, 2034",100,
Declining Balances Tables,145,"Class M-2B, M-2BR, M-2BS, M-2BT, M-2BU, M-2BI, M-2RB*, M-2SB*, M-2TB* and M-2UB*",M-2TB,*,5,"February 25, 2034",88,
Declining Balances Tables,145,"Class M-2B, M-2BR, M-2BS, M-2BT, M-2BU, M-2BI, M-2RB*, M-2SB*, M-2TB* and M-2UB*",M-2TB,*,10,"February 25, 2034",0,
Declining Balances Tables,145,"Class M-2B, M-2BR, M-2BS, M-2BT, M-2BU, M-2BI, M-2RB*, M-2SB*, M-2TB* and M-2UB*",M-2TB,*,15,"February 25, 2034",0,
Declining Balances Tables,145,"Class M-2B, M-2BR, M-2BS, M-2BT, M-2BU, M-2BI, M-2RB*, M-2SB*, M-2TB* and M-2UB*",M-2TB,*,25,"February 25, 2034",0,
Declining Balances Tables,145,"Class M-2B, M-2BR, M-2BS, M-2BT, M-2BU, M-2BI, M-2RB*, M-2SB*, M-2TB* and M-2UB*",M-2TB,*,35,"February 25, 2034",0,
Declining Balances Tables,145,"Class M-2B, M-2BR, M-2BS, M-2BT, M-2BU, M-2BI, M-2RB*, M-2SB*, M-2TB* and M-2UB*",M-2UB,*,0,"February 25, 2034",100,
Declining Balances Tables,145,"Class M-2B, M-2BR, M-2BS, M-2BT, M-2BU, M-2BI, M-2RB*, M-2SB*, M-2TB* and M-2UB*",M-2UB,*,5,"February 25, 2034",88,
Declining Balances Tables,145,"Class M-2B, M-2BR, M-2BS, M-2BT, M-2BU, M-2BI, M-2RB*, M-2SB*, M-2TB* and M-2UB*",M-2UB,*,10,"February 25, 2034",0,
Declining Balances Tables,145,"Class M-2B, M-2BR, M-2BS, M-2BT, M-2BU, M-2BI, M-2RB*, M-2SB*, M-2TB* and M-2UB*",M-2UB,*,15,"February 25, 2034",0,
Declining Balances Tables,145,"Class M-2B, M-2BR, M-2BS, M-2BT, M-2BU, M-2BI, M-2RB*, M-2SB*, M-2TB* and M-2UB*",M-2UB,*,25,"February 25, 2034",0,
Declining Balances Tables,145,"Class M-2B, M-2BR, M-2BS, M-2BT, M-2BU, M-2BI, M-2RB*, M-2SB*, M-2TB* and M-2UB*",M-2UB,*,35,"February 25, 2034",0,
Declining Balances Tables,145,"Class M-2B, M-2BR, M-2BS, M-2BT, M-2BU, M-2BI, M-2RB*, M-2SB*, M-2TB* and M-2UB*",M-2B,,0,"February 25, 2035",100,
Declining Balances Tables,145,"Class M-2B, M-2BR, M-2BS, M-2BT, M-2BU, M-2BI, M-2RB*, M-2SB*, M-2TB* and M-2UB*",M-2B,,5,"February 25, 2035",4,
Declining Balances Tables,145,"Class M-2B, M-2BR, M-2BS, M-2BT, M-2BU, M-2BI, M-2RB*, M-2SB*, M-2TB* and M-2UB*",M-2B,,10,"February 25, 2035",0,
Declining Balances Tables,145,"Class M-2B, M-2BR, M-2BS, M-2BT, M-2BU, M-2BI, M-2RB*, M-2SB*, M-2TB* and M-2UB*",M-2B,,15,"February 25, 2035",0,
Declining Balances Tables,145,"Class M-2B, M-2BR, M-2BS, M-2BT, M-2BU, M-2BI, M-2RB*, M-2SB*, M-2TB* and M-2UB*",M-2B,,25,"February 25, 2035",0,
Declining Balances Tables,145,"Class M-2B, M-2BR, M-2BS, M-2BT, M-2BU, M-2BI, M-2RB*, M-2SB*, M-2TB* and M-2UB*",M-2B,,35,"February 25, 2035",0,
Declining Balances Tables,145,"Class M-2B, M-2BR, M-2BS, M-2BT, M-2BU, M-2BI, M-2RB*, M-2SB*, M-2TB* and M-2UB*",M-2BR,,0,"February 25, 2035",100,
Declining Balances Tables,145,"Class M-2B, M-2BR, M-2BS, M-2BT, M-2BU, M-2BI, M-2RB*, M-2SB*, M-2TB* and M-2UB*",M-2BR,,5,"February 25, 2035",4,
Declining Balances Tables,145,"Class M-2B, M-2BR, M-2BS, M-2BT, M-2BU, M-2BI, M-2RB*, M-2SB*, M-2TB* and M-2UB*",M-2BR,,10,"February 25, 2035",0,
Declining Balances Tables,145,"Class M-2B, M-2BR, M-2BS, M-2BT, M-2BU, M-2BI, M-2RB*, M-2SB*, M-2TB* and M-2UB*",M-2BR,,15,"February 25, 2035",0,
Declining Balances Tables,145,"Class M-2B, M-2BR, M-2BS, M-2BT, M-2BU, M-2BI, M-2RB*, M-2SB*, M-2TB* and M-2UB*",M-2BR,,25,"February 25, 2035",0,
Declining Balances Tables,145,"Class M-2B, M-2BR, M-2BS, M-2BT, M-2BU, M-2BI, M-2RB*, M-2SB*, M-2TB* and M-2UB*",M-2BR,,35,"February 25, 2035",0,
Declining Balances Tables,145,"Class M-2B, M-2BR, M-2BS, M-2BT, M-2BU, M-2BI, M-2RB*, M-2SB*, M-2TB* and M-2UB*",M-2BS,,0,"February 25, 2035",100,
Declining Balances Tables,145,"Class M-2B, M-2BR, M-2BS, M-2BT, M-2BU, M-2BI, M-2RB*, M-2SB*, M-2TB* and M-2UB*",M-2BS,,5,"February 25, 2035",4,
Declining Balances Tables,145,"Class M-2B, M-2BR, M-2BS, M-2BT, M-2BU, M-2BI, M-2RB*, M-2SB*, M-2TB* and M-2UB*",M-2BS,,10,"February 25, 2035",0,
Declining Balances Tables,145,"Class M-2B, M-2BR, M-2BS, M-2BT, M-2BU, M-2BI, M-2RB*, M-2SB*, M-2TB* and M-2UB*",M-2BS,,15,"February 25, 2035",0,
Declining Balances Tables,145,"Class M-2B, M-2BR, M-2BS, M-2BT, M-2BU, M-2BI, M-2RB*, M-2SB*, M-2TB* and M-2UB*",M-2BS,,25,"February 25, 2035",0,
Declining Balances Tables,145,"Class M-2B, M-2BR, M-2BS, M-2BT, M-2BU, M-2BI, M-2RB*, M-2SB*, M-2TB* and M-2UB*",M-2BS,,35,"February 25, 2035",0,
Declining Balances Tables,145,"Class M-2B, M-2BR, M-2BS, M-2BT, M-2BU, M-2BI, M-2RB*, M-2SB*, M-2TB* and M-2UB*",M-2BT,,0,"February 25, 2035",100,
Declining Balances Tables,145,"Class M-2B, M-2BR, M-2BS, M-2BT, M-2BU, M-2BI, M-2RB*, M-2SB*, M-2TB* and M-2UB*",M-2BT,,5,"February 25, 2035",4,
Declining Balances Tables,145,"Class M-2B, M-2BR, M-2BS, M-2BT, M-2BU, M-2BI, M-2RB*, M-2SB*, M-2TB* and M-2UB*",M-2BT,,10,"February 25, 2035",0,
Declining Balances Tables,145,"Class M-2B, M-2BR, M-2BS, M-2BT, M-2BU, M-2BI, M-2RB*, M-2SB*, M-2TB* and M-2UB*",M-2BT,,15,"February 25, 2035",0,
Declining Balances Tables,145,"Class M-2B, M-2BR, M-2BS, M-2BT, M-2BU, M-2BI, M-2RB*, M-2SB*, M-2TB* and M-2UB*",M-2BT,,25,"February 25, 2035",0,
Declining Balances Tables,145,"Class M-2B, M-2BR, M-2BS, M-2BT, M-2BU, M-2BI, M-2RB*, M-2SB*, M-2TB* and M-2UB*",M-2BT,,35,"February 25, 2035",0,
Declining Balances Tables,145,"Class M-2B, M-2BR, M-2BS, M-2BT, M-2BU, M-2BI, M-2RB*, M-2SB*, M-2TB* and M-2UB*",M-2BU,,0,"February 25, 2035",100,
Declining Balances Tables,145,"Class M-2B, M-2BR, M-2BS, M-2BT, M-2BU, M-2BI, M-2RB*, M-2SB*, M-2TB* and M-2UB*",M-2BU,,5,"February 25, 2035",4,
Declining Balances Tables,145,"Class M-2B, M-2BR, M-2BS, M-2BT, M-2BU, M-2BI, M-2RB*, M-2SB*, M-2TB* and M-2UB*",M-2BU,,10,"February 25, 2035",0,
Declining Balances Tables,145,"Class M-2B, M-2BR, M-2BS, M-2BT, M-2BU, M-2BI, M-2RB*, M-2SB*, M-2TB* and M-2UB*",M-2BU,,15,"February 25, 2035",0,
Declining Balances Tables,145,"Class M-2B, M-2BR, M-2BS, M-2BT, M-2BU, M-2BI, M-2RB*, M-2SB*, M-2TB* and M-2UB*",M-2BU,,25,"February 25, 2035",0,
Declining Balances Tables,145,"Class M-2B, M-2BR, M-2BS, M-2BT, M-2BU, M-2BI, M-2RB*, M-2SB*, M-2TB* and M-2UB*",M-2BU,,35,"February 25, 2035",0,
Declining Balances Tables,145,"Class M-2B, M-2BR, M-2BS, M-2BT, M-2BU, M-2BI, M-2RB*, M-2SB*, M-2TB* and M-2UB*",M-2BI,,0,"February 25, 2035",100,
Declining Balances Tables,145,"Class M-2B, M-2BR, M-2BS, M-2BT, M-2BU, M-2BI, M-2RB*, M-2SB*, M-2TB* and M-2UB*",M-2BI,,5,"February 25, 2035",4,
Declining Balances Tables,145,"Class M-2B, M-2BR, M-2BS, M-2BT, M-2BU, M-2BI, M-2RB*, M-2SB*, M-2TB* and M-2UB*",M-2BI,,10,"February 25, 2035",0,
Declining Balances Tables,145,"Class M-2B, M-2BR, M-2BS, M-2BT, M-2BU, M-2BI, M-2RB*, M-2SB*, M-2TB* and M-2UB*",M-2BI,,15,"February 25, 2035",0,
Declining Balances Tables,145,"Class M-2B, M-2BR, M-2BS, M-2BT, M-2BU, M-2BI, M-2RB*, M-2SB*, M-2TB* and M-2UB*",M-2BI,,25,"February 25, 2035",0,
Declining Balances Tables,145,"Class M-2B, M-2BR, M-2BS, M-2BT, M-2BU, M-2BI, M-2RB*, M-2SB*, M-2TB* and M-2UB*",M-2BI,,35,"February 25, 2035",0,
Declining Balances Tables,145,"Class M-2B, M-2BR, M-2BS, M-2BT, M-2BU, M-2BI, M-2RB*, M-2SB*, M-2TB* and M-2UB*",M-2RB,*,0,"February 25, 2035",100,
Declining Balances Tables,145,"Class M-2B, M-2BR, M-2BS, M-2BT, M-2BU, M-2BI, M-2RB*, M-2SB*, M-2TB* and M-2UB*",M-2RB,*,5,"February 25, 2035",4,
Declining Balances Tables,145,"Class M-2B, M-2BR, M-2BS, M-2BT, M-2BU, M-2BI, M-2RB*, M-2SB*, M-2TB* and M-2UB*",M-2RB,*,10,"February 25, 2035",0,
Declining Balances Tables,145,"Class M-2B, M-2BR, M-2BS, M-2BT, M-2BU, M-2BI, M-2RB*, M-2SB*, M-2TB* and M-2UB*",M-2RB,*,15,"February 25, 2035",0,
Declining Balances Tables,145,"Class M-2B, M-2BR, M-2BS, M-2BT, M-2BU, M-2BI, M-2RB*, M-2SB*, M-2TB* and M-2UB*",M-2RB,*,25,"February 25, 2035",0,
Declining Balances Tables,145,"Class M-2B, M-2BR, M-2BS, M-2BT, M-2BU, M-2BI, M-2RB*, M-2SB*, M-2TB* and M-2UB*",M-2RB,*,35,"February 25, 2035",0,
Declining Balances Tables,145,"Class M-2B, M-2BR, M-2BS, M-2BT, M-2BU, M-2BI, M-2RB*, M-2SB*, M-2TB* and M-2UB*",M-2SB,*,0,"February 25, 2035",100,
Declining Balances Tables,145,"Class M-2B, M-2BR, M-2BS, M-2BT, M-2BU, M-2BI, M-2RB*, M-2SB*, M-2TB* and M-2UB*",M-2SB,*,5,"February 25, 2035",4,
Declining Balances Tables,145,"Class M-2B, M-2BR, M-2BS, M-2BT, M-2BU, M-2BI, M-2RB*, M-2SB*, M-2TB* and M-2UB*",M-2SB,*,10,"February 25, 2035",0,
Declining Balances Tables,145,"Class M-2B, M-2BR, M-2BS, M-2BT, M-2BU, M-2BI, M-2RB*, M-2SB*, M-2TB* and M-2UB*",M-2SB,*,15,"February 25, 2035",0,
Declining Balances Tables,145,"Class M-2B, M-2BR, M-2BS, M-2BT, M-2BU, M-2BI, M-2RB*, M-2SB*, M-2TB* and M-2UB*",M-2SB,*,25,"February 25, 2035",0,
Declining Balances Tables,145,"Class M-2B, M-2BR, M-2BS, M-2BT, M-2BU, M-2BI, M-2RB*, M-2SB*, M-2TB* and M-2UB*",M-2SB,*,35,"February 25, 2035",0,
Declining Balances Tables,145,"Class M-2B, M-2BR, M-2BS, M-2BT, M-2BU, M-2BI, M-2RB*, M-2SB*, M-2TB* and M-2UB*",M-2TB,*,0,"February 25, 2035",100,
Declining Balances Tables,145,"Class M-2B, M-2BR, M-2BS, M-2BT, M-2BU, M-2BI, M-2RB*, M-2SB*, M-2TB* and M-2UB*",M-2TB,*,5,"February 25, 2035",4,
Declining Balances Tables,145,"Class M-2B, M-2BR, M-2BS, M-2BT, M-2BU, M-2BI, M-2RB*, M-2SB*, M-2TB* and M-2UB*",M-2TB,*,10,"February 25, 2035",0,
Declining Balances Tables,145,"Class M-2B, M-2BR, M-2BS, M-2BT, M-2BU, M-2BI, M-2RB*, M-2SB*, M-2TB* and M-2UB*",M-2TB,*,15,"February 25, 2035",0,
Declining Balances Tables,145,"Class M-2B, M-2BR, M-2BS, M-2BT, M-2BU, M-2BI, M-2RB*, M-2SB*, M-2TB* and M-2UB*",M-2TB,*,25,"February 25, 2035",0,
Declining Balances Tables,145,"Class M-2B, M-2BR, M-2BS, M-2BT, M-2BU, M-2BI, M-2RB*, M-2SB*, M-2TB* and M-2UB*",M-2TB,*,35,"February 25, 2035",0,
Declining Balances Tables,145,"Class M-2B, M-2BR, M-2BS, M-2BT, M-2BU, M-2BI, M-2RB*, M-2SB*, M-2TB* and M-2UB*",M-2UB,*,0,"February 25, 2035",100,
Declining Balances Tables,145,"Class M-2B, M-2BR, M-2BS, M-2BT, M-2BU, M-2BI, M-2RB*, M-2SB*, M-2TB* and M-2UB*",M-2UB,*,5,"February 25, 2035",4,
Declining Balances Tables,145,"Class M-2B, M-2BR, M-2BS, M-2BT, M-2BU, M-2BI, M-2RB*, M-2SB*, M-2TB* and M-2UB*",M-2UB,*,10,"February 25, 2035",0,
Declining Balances Tables,145,"Class M-2B, M-2BR, M-2BS, M-2BT, M-2BU, M-2BI, M-2RB*, M-2SB*, M-2TB* and M-2UB*",M-2UB,*,15,"February 25, 2035",0,
Declining Balances Tables,145,"Class M-2B, M-2BR, M-2BS, M-2BT, M-2BU, M-2BI, M-2RB*, M-2SB*, M-2TB* and M-2UB*",M-2UB,*,25,"February 25, 2035",0,
Declining Balances Tables,145,"Class M-2B, M-2BR, M-2BS, M-2BT, M-2BU, M-2BI, M-2RB*, M-2SB*, M-2TB* and M-2UB*",M-2UB,*,35,"February 25, 2035",0,
Declining Balances Tables,145,"Class M-2B, M-2BR, M-2BS, M-2BT, M-2BU, M-2BI, M-2RB*, M-2SB*, M-2TB* and M-2UB*",M-2B,,0,"February 25, 2036",100,
Declining Balances Tables,145,"Class M-2B, M-2BR, M-2BS, M-2BT, M-2BU, M-2BI, M-2RB*, M-2SB*, M-2TB* and M-2UB*",M-2B,,5,"February 25, 2036",0,
Declining Balances Tables,145,"Class M-2B, M-2BR, M-2BS, M-2BT, M-2BU, M-2BI, M-2RB*, M-2SB*, M-2TB* and M-2UB*",M-2B,,10,"February 25, 2036",0,
Declining Balances Tables,145,"Class M-2B, M-2BR, M-2BS, M-2BT, M-2BU, M-2BI, M-2RB*, M-2SB*, M-2TB* and M-2UB*",M-2B,,15,"February 25, 2036",0,
Declining Balances Tables,145,"Class M-2B, M-2BR, M-2BS, M-2BT, M-2BU, M-2BI, M-2RB*, M-2SB*, M-2TB* and M-2UB*",M-2B,,25,"February 25, 2036",0,
Declining Balances Tables,145,"Class M-2B, M-2BR, M-2BS, M-2BT, M-2BU, M-2BI, M-2RB*, M-2SB*, M-2TB* and M-2UB*",M-2B,,35,"February 25, 2036",0,
Declining Balances Tables,145,"Class M-2B, M-2BR, M-2BS, M-2BT, M-2BU, M-2BI, M-2RB*, M-2SB*, M-2TB* and M-2UB*",M-2BR,,0,"February 25, 2036",100,
Declining Balances Tables,145,"Class M-2B, M-2BR, M-2BS, M-2BT, M-2BU, M-2BI, M-2RB*, M-2SB*, M-2TB* and M-2UB*",M-2BR,,5,"February 25, 2036",0,
Declining Balances Tables,145,"Class M-2B, M-2BR, M-2BS, M-2BT, M-2BU, M-2BI, M-2RB*, M-2SB*, M-2TB* and M-2UB*",M-2BR,,10,"February 25, 2036",0,
Declining Balances Tables,145,"Class M-2B, M-2BR, M-2BS, M-2BT, M-2BU, M-2BI, M-2RB*, M-2SB*, M-2TB* and M-2UB*",M-2BR,,15,"February 25, 2036",0,
Declining Balances Tables,145,"Class M-2B, M-2BR, M-2BS, M-2BT, M-2BU, M-2BI, M-2RB*, M-2SB*, M-2TB* and M-2UB*",M-2BR,,25,"February 25, 2036",0,
Declining Balances Tables,145,"Class M-2B, M-2BR, M-2BS, M-2BT, M-2BU, M-2BI, M-2RB*, M-2SB*, M-2TB* and M-2UB*",M-2BR,,35,"February 25, 2036",0,
Declining Balances Tables,145,"Class M-2B, M-2BR, M-2BS, M-2BT, M-2BU, M-2BI, M-2RB*, M-2SB*, M-2TB* and M-2UB*",M-2BS,,0,"February 25, 2036",100,
Declining Balances Tables,145,"Class M-2B, M-2BR, M-2BS, M-2BT, M-2BU, M-2BI, M-2RB*, M-2SB*, M-2TB* and M-2UB*",M-2BS,,5,"February 25, 2036",0,
Declining Balances Tables,145,"Class M-2B, M-2BR, M-2BS, M-2BT, M-2BU, M-2BI, M-2RB*, M-2SB*, M-2TB* and M-2UB*",M-2BS,,10,"February 25, 2036",0,
Declining Balances Tables,145,"Class M-2B, M-2BR, M-2BS, M-2BT, M-2BU, M-2BI, M-2RB*, M-2SB*, M-2TB* and M-2UB*",M-2BS,,15,"February 25, 2036",0,
Declining Balances Tables,145,"Class M-2B, M-2BR, M-2BS, M-2BT, M-2BU, M-2BI, M-2RB*, M-2SB*, M-2TB* and M-2UB*",M-2BS,,25,"February 25, 2036",0,
Declining Balances Tables,145,"Class M-2B, M-2BR, M-2BS, M-2BT, M-2BU, M-2BI, M-2RB*, M-2SB*, M-2TB* and M-2UB*",M-2BS,,35,"February 25, 2036",0,
Declining Balances Tables,145,"Class M-2B, M-2BR, M-2BS, M-2BT, M-2BU, M-2BI, M-2RB*, M-2SB*, M-2TB* and M-2UB*",M-2BT,,0,"February 25, 2036",100,
Declining Balances Tables,145,"Class M-2B, M-2BR, M-2BS, M-2BT, M-2BU, M-2BI, M-2RB*, M-2SB*, M-2TB* and M-2UB*",M-2BT,,5,"February 25, 2036",0,
Declining Balances Tables,145,"Class M-2B, M-2BR, M-2BS, M-2BT, M-2BU, M-2BI, M-2RB*, M-2SB*, M-2TB* and M-2UB*",M-2BT,,10,"February 25, 2036",0,
Declining Balances Tables,145,"Class M-2B, M-2BR, M-2BS, M-2BT, M-2BU, M-2BI, M-2RB*, M-2SB*, M-2TB* and M-2UB*",M-2BT,,15,"February 25, 2036",0,
Declining Balances Tables,145,"Class M-2B, M-2BR, M-2BS, M-2BT, M-2BU, M-2BI, M-2RB*, M-2SB*, M-2TB* and M-2UB*",M-2BT,,25,"February 25, 2036",0,
Declining Balances Tables,145,"Class M-2B, M-2BR, M-2BS, M-2BT, M-2BU, M-2BI, M-2RB*, M-2SB*, M-2TB* and M-2UB*",M-2BT,,35,"February 25, 2036",0,
Declining Balances Tables,145,"Class M-2B, M-2BR, M-2BS, M-2BT, M-2BU, M-2BI, M-2RB*, M-2SB*, M-2TB* and M-2UB*",M-2BU,,0,"February 25, 2036",100,
Declining Balances Tables,145,"Class M-2B, M-2BR, M-2BS, M-2BT, M-2BU, M-2BI, M-2RB*, M-2SB*, M-2TB* and M-2UB*",M-2BU,,5,"February 25, 2036",0,
Declining Balances Tables,145,"Class M-2B, M-2BR, M-2BS, M-2BT, M-2BU, M-2BI, M-2RB*, M-2SB*, M-2TB* and M-2UB*",M-2BU,,10,"February 25, 2036",0,
Declining Balances Tables,145,"Class M-2B, M-2BR, M-2BS, M-2BT, M-2BU, M-2BI, M-2RB*, M-2SB*, M-2TB* and M-2UB*",M-2BU,,15,"February 25, 2036",0,
Declining Balances Tables,145,"Class M-2B, M-2BR, M-2BS, M-2BT, M-2BU, M-2BI, M-2RB*, M-2SB*, M-2TB* and M-2UB*",M-2BU,,25,"February 25, 2036",0,
Declining Balances Tables,145,"Class M-2B, M-2BR, M-2BS, M-2BT, M-2BU, M-2BI, M-2RB*, M-2SB*, M-2TB* and M-2UB*",M-2BU,,35,"February 25, 2036",0,
Declining Balances Tables,145,"Class M-2B, M-2BR, M-2BS, M-2BT, M-2BU, M-2BI, M-2RB*, M-2SB*, M-2TB* and M-2UB*",M-2BI,,0,"February 25, 2036",100,
Declining Balances Tables,145,"Class M-2B, M-2BR, M-2BS, M-2BT, M-2BU, M-2BI, M-2RB*, M-2SB*, M-2TB* and M-2UB*",M-2BI,,5,"February 25, 2036",0,
Declining Balances Tables,145,"Class M-2B, M-2BR, M-2BS, M-2BT, M-2BU, M-2BI, M-2RB*, M-2SB*, M-2TB* and M-2UB*",M-2BI,,10,"February 25, 2036",0,
Declining Balances Tables,145,"Class M-2B, M-2BR, M-2BS, M-2BT, M-2BU, M-2BI, M-2RB*, M-2SB*, M-2TB* and M-2UB*",M-2BI,,15,"February 25, 2036",0,
Declining Balances Tables,145,"Class M-2B, M-2BR, M-2BS, M-2BT, M-2BU, M-2BI, M-2RB*, M-2SB*, M-2TB* and M-2UB*",M-2BI,,25,"February 25, 2036",0,
Declining Balances Tables,145,"Class M-2B, M-2BR, M-2BS, M-2BT, M-2BU, M-2BI, M-2RB*, M-2SB*, M-2TB* and M-2UB*",M-2BI,,35,"February 25, 2036",0,
Declining Balances Tables,145,"Class M-2B, M-2BR, M-2BS, M-2BT, M-2BU, M-2BI, M-2RB*, M-2SB*, M-2TB* and M-2UB*",M-2RB,*,0,"February 25, 2036",100,
Declining Balances Tables,145,"Class M-2B, M-2BR, M-2BS, M-2BT, M-2BU, M-2BI, M-2RB*, M-2SB*, M-2TB* and M-2UB*",M-2RB,*,5,"February 25, 2036",0,
Declining Balances Tables,145,"Class M-2B, M-2BR, M-2BS, M-2BT, M-2BU, M-2BI, M-2RB*, M-2SB*, M-2TB* and M-2UB*",M-2RB,*,10,"February 25, 2036",0,
Declining Balances Tables,145,"Class M-2B, M-2BR, M-2BS, M-2BT, M-2BU, M-2BI, M-2RB*, M-2SB*, M-2TB* and M-2UB*",M-2RB,*,15,"February 25, 2036",0,
Declining Balances Tables,145,"Class M-2B, M-2BR, M-2BS, M-2BT, M-2BU, M-2BI, M-2RB*, M-2SB*, M-2TB* and M-2UB*",M-2RB,*,25,"February 25, 2036",0,
Declining Balances Tables,145,"Class M-2B, M-2BR, M-2BS, M-2BT, M-2BU, M-2BI, M-2RB*, M-2SB*, M-2TB* and M-2UB*",M-2RB,*,35,"February 25, 2036",0,
Declining Balances Tables,145,"Class M-2B, M-2BR, M-2BS, M-2BT, M-2BU, M-2BI, M-2RB*, M-2SB*, M-2TB* and M-2UB*",M-2SB,*,0,"February 25, 2036",100,
Declining Balances Tables,145,"Class M-2B, M-2BR, M-2BS, M-2BT, M-2BU, M-2BI, M-2RB*, M-2SB*, M-2TB* and M-2UB*",M-2SB,*,5,"February 25, 2036",0,
Declining Balances Tables,145,"Class M-2B, M-2BR, M-2BS, M-2BT, M-2BU, M-2BI, M-2RB*, M-2SB*, M-2TB* and M-2UB*",M-2SB,*,10,"February 25, 2036",0,
Declining Balances Tables,145,"Class M-2B, M-2BR, M-2BS, M-2BT, M-2BU, M-2BI, M-2RB*, M-2SB*, M-2TB* and M-2UB*",M-2SB,*,15,"February 25, 2036",0,
Declining Balances Tables,145,"Class M-2B, M-2BR, M-2BS, M-2BT, M-2BU, M-2BI, M-2RB*, M-2SB*, M-2TB* and M-2UB*",M-2SB,*,25,"February 25, 2036",0,
Declining Balances Tables,145,"Class M-2B, M-2BR, M-2BS, M-2BT, M-2BU, M-2BI, M-2RB*, M-2SB*, M-2TB* and M-2UB*",M-2SB,*,35,"February 25, 2036",0,
Declining Balances Tables,145,"Class M-2B, M-2BR, M-2BS, M-2BT, M-2BU, M-2BI, M-2RB*, M-2SB*, M-2TB* and M-2UB*",M-2TB,*,0,"February 25, 2036",100,
Declining Balances Tables,145,"Class M-2B, M-2BR, M-2BS, M-2BT, M-2BU, M-2BI, M-2RB*, M-2SB*, M-2TB* and M-2UB*",M-2TB,*,5,"February 25, 2036",0,
Declining Balances Tables,145,"Class M-2B, M-2BR, M-2BS, M-2BT, M-2BU, M-2BI, M-2RB*, M-2SB*, M-2TB* and M-2UB*",M-2TB,*,10,"February 25, 2036",0,
Declining Balances Tables,145,"Class M-2B, M-2BR, M-2BS, M-2BT, M-2BU, M-2BI, M-2RB*, M-2SB*, M-2TB* and M-2UB*",M-2TB,*,15,"February 25, 2036",0,
Declining Balances Tables,145,"Class M-2B, M-2BR, M-2BS, M-2BT, M-2BU, M-2BI, M-2RB*, M-2SB*, M-2TB* and M-2UB*",M-2TB,*,25,"February 25, 2036",0,
Declining Balances Tables,145,"Class M-2B, M-2BR, M-2BS, M-2BT, M-2BU, M-2BI, M-2RB*, M-2SB*, M-2TB* and M-2UB*",M-2TB,*,35,"February 25, 2036",0,
Declining Balances Tables,145,"Class M-2B, M-2BR, M-2BS, M-2BT, M-2BU, M-2BI, M-2RB*, M-2SB*, M-2TB* and M-2UB*",M-2UB,*,0,"February 25, 2036",100,
Declining Balances Tables,145,"Class M-2B, M-2BR, M-2BS, M-2BT, M-2BU, M-2BI, M-2RB*, M-2SB*, M-2TB* and M-2UB*",M-2UB,*,5,"February 25, 2036",0,
Declining Balances Tables,145,"Class M-2B, M-2BR, M-2BS, M-2BT, M-2BU, M-2BI, M-2RB*, M-2SB*, M-2TB* and M-2UB*",M-2UB,*,10,"February 25, 2036",0,
Declining Balances Tables,145,"Class M-2B, M-2BR, M-2BS, M-2BT, M-2BU, M-2BI, M-2RB*, M-2SB*, M-2TB* and M-2UB*",M-2UB,*,15,"February 25, 2036",0,
Declining Balances Tables,145,"Class M-2B, M-2BR, M-2BS, M-2BT, M-2BU, M-2BI, M-2RB*, M-2SB*, M-2TB* and M-2UB*",M-2UB,*,25,"February 25, 2036",0,
Declining Balances Tables,145,"Class M-2B, M-2BR, M-2BS, M-2BT, M-2BU, M-2BI, M-2RB*, M-2SB*, M-2TB* and M-2UB*",M-2UB,*,35,"February 25, 2036",0,
Declining Balances Tables,145,"Class M-2B, M-2BR, M-2BS, M-2BT, M-2BU, M-2BI, M-2RB*, M-2SB*, M-2TB* and M-2UB*",M-2B,,0,"February 25, 2037",100,
Declining Balances Tables,145,"Class M-2B, M-2BR, M-2BS, M-2BT, M-2BU, M-2BI, M-2RB*, M-2SB*, M-2TB* and M-2UB*",M-2B,,5,"February 25, 2037",0,
Declining Balances Tables,145,"Class M-2B, M-2BR, M-2BS, M-2BT, M-2BU, M-2BI, M-2RB*, M-2SB*, M-2TB* and M-2UB*",M-2B,,10,"February 25, 2037",0,
Declining Balances Tables,145,"Class M-2B, M-2BR, M-2BS, M-2BT, M-2BU, M-2BI, M-2RB*, M-2SB*, M-2TB* and M-2UB*",M-2B,,15,"February 25, 2037",0,
Declining Balances Tables,145,"Class M-2B, M-2BR, M-2BS, M-2BT, M-2BU, M-2BI, M-2RB*, M-2SB*, M-2TB* and M-2UB*",M-2B,,25,"February 25, 2037",0,
Declining Balances Tables,145,"Class M-2B, M-2BR, M-2BS, M-2BT, M-2BU, M-2BI, M-2RB*, M-2SB*, M-2TB* and M-2UB*",M-2B,,35,"February 25, 2037",0,
Declining Balances Tables,145,"Class M-2B, M-2BR, M-2BS, M-2BT, M-2BU, M-2BI, M-2RB*, M-2SB*, M-2TB* and M-2UB*",M-2BR,,0,"February 25, 2037",100,
Declining Balances Tables,145,"Class M-2B, M-2BR, M-2BS, M-2BT, M-2BU, M-2BI, M-2RB*, M-2SB*, M-2TB* and M-2UB*",M-2BR,,5,"February 25, 2037",0,
Declining Balances Tables,145,"Class M-2B, M-2BR, M-2BS, M-2BT, M-2BU, M-2BI, M-2RB*, M-2SB*, M-2TB* and M-2UB*",M-2BR,,10,"February 25, 2037",0,
Declining Balances Tables,145,"Class M-2B, M-2BR, M-2BS, M-2BT, M-2BU, M-2BI, M-2RB*, M-2SB*, M-2TB* and M-2UB*",M-2BR,,15,"February 25, 2037",0,
Declining Balances Tables,145,"Class M-2B, M-2BR, M-2BS, M-2BT, M-2BU, M-2BI, M-2RB*, M-2SB*, M-2TB* and M-2UB*",M-2BR,,25,"February 25, 2037",0,
Declining Balances Tables,145,"Class M-2B, M-2BR, M-2BS, M-2BT, M-2BU, M-2BI, M-2RB*, M-2SB*, M-2TB* and M-2UB*",M-2BR,,35,"February 25, 2037",0,
Declining Balances Tables,145,"Class M-2B, M-2BR, M-2BS, M-2BT, M-2BU, M-2BI, M-2RB*, M-2SB*, M-2TB* and M-2UB*",M-2BS,,0,"February 25, 2037",100,
Declining Balances Tables,145,"Class M-2B, M-2BR, M-2BS, M-2BT, M-2BU, M-2BI, M-2RB*, M-2SB*, M-2TB* and M-2UB*",M-2BS,,5,"February 25, 2037",0,
Declining Balances Tables,145,"Class M-2B, M-2BR, M-2BS, M-2BT, M-2BU, M-2BI, M-2RB*, M-2SB*, M-2TB* and M-2UB*",M-2BS,,10,"February 25, 2037",0,
Declining Balances Tables,145,"Class M-2B, M-2BR, M-2BS, M-2BT, M-2BU, M-2BI, M-2RB*, M-2SB*, M-2TB* and M-2UB*",M-2BS,,15,"February 25, 2037",0,
Declining Balances Tables,145,"Class M-2B, M-2BR, M-2BS, M-2BT, M-2BU, M-2BI, M-2RB*, M-2SB*, M-2TB* and M-2UB*",M-2BS,,25,"February 25, 2037",0,
Declining Balances Tables,145,"Class M-2B, M-2BR, M-2BS, M-2BT, M-2BU, M-2BI, M-2RB*, M-2SB*, M-2TB* and M-2UB*",M-2BS,,35,"February 25, 2037",0,
Declining Balances Tables,145,"Class M-2B, M-2BR, M-2BS, M-2BT, M-2BU, M-2BI, M-2RB*, M-2SB*, M-2TB* and M-2UB*",M-2BT,,0,"February 25, 2037",100,
Declining Balances Tables,145,"Class M-2B, M-2BR, M-2BS, M-2BT, M-2BU, M-2BI, M-2RB*, M-2SB*, M-2TB* and M-2UB*",M-2BT,,5,"February 25, 2037",0,
Declining Balances Tables,145,"Class M-2B, M-2BR, M-2BS, M-2BT, M-2BU, M-2BI, M-2RB*, M-2SB*, M-2TB* and M-2UB*",M-2BT,,10,"February 25, 2037",0,
Declining Balances Tables,145,"Class M-2B, M-2BR, M-2BS, M-2BT, M-2BU, M-2BI, M-2RB*, M-2SB*, M-2TB* and M-2UB*",M-2BT,,15,"February 25, 2037",0,
Declining Balances Tables,145,"Class M-2B, M-2BR, M-2BS, M-2BT, M-2BU, M-2BI, M-2RB*, M-2SB*, M-2TB* and M-2UB*",M-2BT,,25,"February 25, 2037",0,
Declining Balances Tables,145,"Class M-2B, M-2BR, M-2BS, M-2BT, M-2BU, M-2BI, M-2RB*, M-2SB*, M-2TB* and M-2UB*",M-2BT,,35,"February 25, 2037",0,
Declining Balances Tables,145,"Class M-2B, M-2BR, M-2BS, M-2BT, M-2BU, M-2BI, M-2RB*, M-2SB*, M-2TB* and M-2UB*",M-2BU,,0,"February 25, 2037",100,
Declining Balances Tables,145,"Class M-2B, M-2BR, M-2BS, M-2BT, M-2BU, M-2BI, M-2RB*, M-2SB*, M-2TB* and M-2UB*",M-2BU,,5,"February 25, 2037",0,
Declining Balances Tables,145,"Class M-2B, M-2BR, M-2BS, M-2BT, M-2BU, M-2BI, M-2RB*, M-2SB*, M-2TB* and M-2UB*",M-2BU,,10,"February 25, 2037",0,
Declining Balances Tables,145,"Class M-2B, M-2BR, M-2BS, M-2BT, M-2BU, M-2BI, M-2RB*, M-2SB*, M-2TB* and M-2UB*",M-2BU,,15,"February 25, 2037",0,
Declining Balances Tables,145,"Class M-2B, M-2BR, M-2BS, M-2BT, M-2BU, M-2BI, M-2RB*, M-2SB*, M-2TB* and M-2UB*",M-2BU,,25,"February 25, 2037",0,
Declining Balances Tables,145,"Class M-2B, M-2BR, M-2BS, M-2BT, M-2BU, M-2BI, M-2RB*, M-2SB*, M-2TB* and M-2UB*",M-2BU,,35,"February 25, 2037",0,
Declining Balances Tables,145,"Class M-2B, M-2BR, M-2BS, M-2BT, M-2BU, M-2BI, M-2RB*, M-2SB*, M-2TB* and M-2UB*",M-2BI,,0,"February 25, 2037",100,
Declining Balances Tables,145,"Class M-2B, M-2BR, M-2BS, M-2BT, M-2BU, M-2BI, M-2RB*, M-2SB*, M-2TB* and M-2UB*",M-2BI,,5,"February 25, 2037",0,
Declining Balances Tables,145,"Class M-2B, M-2BR, M-2BS, M-2BT, M-2BU, M-2BI, M-2RB*, M-2SB*, M-2TB* and M-2UB*",M-2BI,,10,"February 25, 2037",0,
Declining Balances Tables,145,"Class M-2B, M-2BR, M-2BS, M-2BT, M-2BU, M-2BI, M-2RB*, M-2SB*, M-2TB* and M-2UB*",M-2BI,,15,"February 25, 2037",0,
Declining Balances Tables,145,"Class M-2B, M-2BR, M-2BS, M-2BT, M-2BU, M-2BI, M-2RB*, M-2SB*, M-2TB* and M-2UB*",M-2BI,,25,"February 25, 2037",0,
Declining Balances Tables,145,"Class M-2B, M-2BR, M-2BS, M-2BT, M-2BU, M-2BI, M-2RB*, M-2SB*, M-2TB* and M-2UB*",M-2BI,,35,"February 25, 2037",0,
Declining Balances Tables,145,"Class M-2B, M-2BR, M-2BS, M-2BT, M-2BU, M-2BI, M-2RB*, M-2SB*, M-2TB* and M-2UB*",M-2RB,*,0,"February 25, 2037",100,
Declining Balances Tables,145,"Class M-2B, M-2BR, M-2BS, M-2BT, M-2BU, M-2BI, M-2RB*, M-2SB*, M-2TB* and M-2UB*",M-2RB,*,5,"February 25, 2037",0,
Declining Balances Tables,145,"Class M-2B, M-2BR, M-2BS, M-2BT, M-2BU, M-2BI, M-2RB*, M-2SB*, M-2TB* and M-2UB*",M-2RB,*,10,"February 25, 2037",0,
Declining Balances Tables,145,"Class M-2B, M-2BR, M-2BS, M-2BT, M-2BU, M-2BI, M-2RB*, M-2SB*, M-2TB* and M-2UB*",M-2RB,*,15,"February 25, 2037",0,
Declining Balances Tables,145,"Class M-2B, M-2BR, M-2BS, M-2BT, M-2BU, M-2BI, M-2RB*, M-2SB*, M-2TB* and M-2UB*",M-2RB,*,25,"February 25, 2037",0,
Declining Balances Tables,145,"Class M-2B, M-2BR, M-2BS, M-2BT, M-2BU, M-2BI, M-2RB*, M-2SB*, M-2TB* and M-2UB*",M-2RB,*,35,"February 25, 2037",0,
Declining Balances Tables,145,"Class M-2B, M-2BR, M-2BS, M-2BT, M-2BU, M-2BI, M-2RB*, M-2SB*, M-2TB* and M-2UB*",M-2SB,*,0,"February 25, 2037",100,
Declining Balances Tables,145,"Class M-2B, M-2BR, M-2BS, M-2BT, M-2BU, M-2BI, M-2RB*, M-2SB*, M-2TB* and M-2UB*",M-2SB,*,5,"February 25, 2037",0,
Declining Balances Tables,145,"Class M-2B, M-2BR, M-2BS, M-2BT, M-2BU, M-2BI, M-2RB*, M-2SB*, M-2TB* and M-2UB*",M-2SB,*,10,"February 25, 2037",0,
Declining Balances Tables,145,"Class M-2B, M-2BR, M-2BS, M-2BT, M-2BU, M-2BI, M-2RB*, M-2SB*, M-2TB* and M-2UB*",M-2SB,*,15,"February 25, 2037",0,
Declining Balances Tables,145,"Class M-2B, M-2BR, M-2BS, M-2BT, M-2BU, M-2BI, M-2RB*, M-2SB*, M-2TB* and M-2UB*",M-2SB,*,25,"February 25, 2037",0,
Declining Balances Tables,145,"Class M-2B, M-2BR, M-2BS, M-2BT, M-2BU, M-2BI, M-2RB*, M-2SB*, M-2TB* and M-2UB*",M-2SB,*,35,"February 25, 2037",0,
Declining Balances Tables,145,"Class M-2B, M-2BR, M-2BS, M-2BT, M-2BU, M-2BI, M-2RB*, M-2SB*, M-2TB* and M-2UB*",M-2TB,*,0,"February 25, 2037",100,
Declining Balances Tables,145,"Class M-2B, M-2BR, M-2BS, M-2BT, M-2BU, M-2BI, M-2RB*, M-2SB*, M-2TB* and M-2UB*",M-2TB,*,5,"February 25, 2037",0,
Declining Balances Tables,145,"Class M-2B, M-2BR, M-2BS, M-2BT, M-2BU, M-2BI, M-2RB*, M-2SB*, M-2TB* and M-2UB*",M-2TB,*,10,"February 25, 2037",0,
Declining Balances Tables,145,"Class M-2B, M-2BR, M-2BS, M-2BT, M-2BU, M-2BI, M-2RB*, M-2SB*, M-2TB* and M-2UB*",M-2TB,*,15,"February 25, 2037",0,
Declining Balances Tables,145,"Class M-2B, M-2BR, M-2BS, M-2BT, M-2BU, M-2BI, M-2RB*, M-2SB*, M-2TB* and M-2UB*",M-2TB,*,25,"February 25, 2037",0,
Declining Balances Tables,145,"Class M-2B, M-2BR, M-2BS, M-2BT, M-2BU, M-2BI, M-2RB*, M-2SB*, M-2TB* and M-2UB*",M-2TB,*,35,"February 25, 2037",0,
Declining Balances Tables,145,"Class M-2B, M-2BR, M-2BS, M-2BT, M-2BU, M-2BI, M-2RB*, M-2SB*, M-2TB* and M-2UB*",M-2UB,*,0,"February 25, 2037",100,
Declining Balances Tables,145,"Class M-2B, M-2BR, M-2BS, M-2BT, M-2BU, M-2BI, M-2RB*, M-2SB*, M-2TB* and M-2UB*",M-2UB,*,5,"February 25, 2037",0,
Declining Balances Tables,145,"Class M-2B, M-2BR, M-2BS, M-2BT, M-2BU, M-2BI, M-2RB*, M-2SB*, M-2TB* and M-2UB*",M-2UB,*,10,"February 25, 2037",0,
Declining Balances Tables,145,"Class M-2B, M-2BR, M-2BS, M-2BT, M-2BU, M-2BI, M-2RB*, M-2SB*, M-2TB* and M-2UB*",M-2UB,*,15,"February 25, 2037",0,
Declining Balances Tables,145,"Class M-2B, M-2BR, M-2BS, M-2BT, M-2BU, M-2BI, M-2RB*, M-2SB*, M-2TB* and M-2UB*",M-2UB,*,25,"February 25, 2037",0,
Declining Balances Tables,145,"Class M-2B, M-2BR, M-2BS, M-2BT, M-2BU, M-2BI, M-2RB*, M-2SB*, M-2TB* and M-2UB*",M-2UB,*,35,"February 25, 2037",0,
Declining Balances Tables,145,"Class M-2B, M-2BR, M-2BS, M-2BT, M-2BU, M-2BI, M-2RB*, M-2SB*, M-2TB* and M-2UB*",M-2B,,0,"February 25, 2038",100,
Declining Balances Tables,145,"Class M-2B, M-2BR, M-2BS, M-2BT, M-2BU, M-2BI, M-2RB*, M-2SB*, M-2TB* and M-2UB*",M-2B,,5,"February 25, 2038",0,
Declining Balances Tables,145,"Class M-2B, M-2BR, M-2BS, M-2BT, M-2BU, M-2BI, M-2RB*, M-2SB*, M-2TB* and M-2UB*",M-2B,,10,"February 25, 2038",0,
Declining Balances Tables,145,"Class M-2B, M-2BR, M-2BS, M-2BT, M-2BU, M-2BI, M-2RB*, M-2SB*, M-2TB* and M-2UB*",M-2B,,15,"February 25, 2038",0,
Declining Balances Tables,145,"Class M-2B, M-2BR, M-2BS, M-2BT, M-2BU, M-2BI, M-2RB*, M-2SB*, M-2TB* and M-2UB*",M-2B,,25,"February 25, 2038",0,
Declining Balances Tables,145,"Class M-2B, M-2BR, M-2BS, M-2BT, M-2BU, M-2BI, M-2RB*, M-2SB*, M-2TB* and M-2UB*",M-2B,,35,"February 25, 2038",0,
Declining Balances Tables,145,"Class M-2B, M-2BR, M-2BS, M-2BT, M-2BU, M-2BI, M-2RB*, M-2SB*, M-2TB* and M-2UB*",M-2BR,,0,"February 25, 2038",100,
Declining Balances Tables,145,"Class M-2B, M-2BR, M-2BS, M-2BT, M-2BU, M-2BI, M-2RB*, M-2SB*, M-2TB* and M-2UB*",M-2BR,,5,"February 25, 2038",0,
Declining Balances Tables,145,"Class M-2B, M-2BR, M-2BS, M-2BT, M-2BU, M-2BI, M-2RB*, M-2SB*, M-2TB* and M-2UB*",M-2BR,,10,"February 25, 2038",0,
Declining Balances Tables,145,"Class M-2B, M-2BR, M-2BS, M-2BT, M-2BU, M-2BI, M-2RB*, M-2SB*, M-2TB* and M-2UB*",M-2BR,,15,"February 25, 2038",0,
Declining Balances Tables,145,"Class M-2B, M-2BR, M-2BS, M-2BT, M-2BU, M-2BI, M-2RB*, M-2SB*, M-2TB* and M-2UB*",M-2BR,,25,"February 25, 2038",0,
Declining Balances Tables,145,"Class M-2B, M-2BR, M-2BS, M-2BT, M-2BU, M-2BI, M-2RB*, M-2SB*, M-2TB* and M-2UB*",M-2BR,,35,"February 25, 2038",0,
Declining Balances Tables,145,"Class M-2B, M-2BR, M-2BS, M-2BT, M-2BU, M-2BI, M-2RB*, M-2SB*, M-2TB* and M-2UB*",M-2BS,,0,"February 25, 2038",100,
Declining Balances Tables,145,"Class M-2B, M-2BR, M-2BS, M-2BT, M-2BU, M-2BI, M-2RB*, M-2SB*, M-2TB* and M-2UB*",M-2BS,,5,"February 25, 2038",0,
Declining Balances Tables,145,"Class M-2B, M-2BR, M-2BS, M-2BT, M-2BU, M-2BI, M-2RB*, M-2SB*, M-2TB* and M-2UB*",M-2BS,,10,"February 25, 2038",0,
Declining Balances Tables,145,"Class M-2B, M-2BR, M-2BS, M-2BT, M-2BU, M-2BI, M-2RB*, M-2SB*, M-2TB* and M-2UB*",M-2BS,,15,"February 25, 2038",0,
Declining Balances Tables,145,"Class M-2B, M-2BR, M-2BS, M-2BT, M-2BU, M-2BI, M-2RB*, M-2SB*, M-2TB* and M-2UB*",M-2BS,,25,"February 25, 2038",0,
Declining Balances Tables,145,"Class M-2B, M-2BR, M-2BS, M-2BT, M-2BU, M-2BI, M-2RB*, M-2SB*, M-2TB* and M-2UB*",M-2BS,,35,"February 25, 2038",0,
Declining Balances Tables,145,"Class M-2B, M-2BR, M-2BS, M-2BT, M-2BU, M-2BI, M-2RB*, M-2SB*, M-2TB* and M-2UB*",M-2BT,,0,"February 25, 2038",100,
Declining Balances Tables,145,"Class M-2B, M-2BR, M-2BS, M-2BT, M-2BU, M-2BI, M-2RB*, M-2SB*, M-2TB* and M-2UB*",M-2BT,,5,"February 25, 2038",0,
Declining Balances Tables,145,"Class M-2B, M-2BR, M-2BS, M-2BT, M-2BU, M-2BI, M-2RB*, M-2SB*, M-2TB* and M-2UB*",M-2BT,,10,"February 25, 2038",0,
Declining Balances Tables,145,"Class M-2B, M-2BR, M-2BS, M-2BT, M-2BU, M-2BI, M-2RB*, M-2SB*, M-2TB* and M-2UB*",M-2BT,,15,"February 25, 2038",0,
Declining Balances Tables,145,"Class M-2B, M-2BR, M-2BS, M-2BT, M-2BU, M-2BI, M-2RB*, M-2SB*, M-2TB* and M-2UB*",M-2BT,,25,"February 25, 2038",0,
Declining Balances Tables,145,"Class M-2B, M-2BR, M-2BS, M-2BT, M-2BU, M-2BI, M-2RB*, M-2SB*, M-2TB* and M-2UB*",M-2BT,,35,"February 25, 2038",0,
Declining Balances Tables,145,"Class M-2B, M-2BR, M-2BS, M-2BT, M-2BU, M-2BI, M-2RB*, M-2SB*, M-2TB* and M-2UB*",M-2BU,,0,"February 25, 2038",100,
Declining Balances Tables,145,"Class M-2B, M-2BR, M-2BS, M-2BT, M-2BU, M-2BI, M-2RB*, M-2SB*, M-2TB* and M-2UB*",M-2BU,,5,"February 25, 2038",0,
Declining Balances Tables,145,"Class M-2B, M-2BR, M-2BS, M-2BT, M-2BU, M-2BI, M-2RB*, M-2SB*, M-2TB* and M-2UB*",M-2BU,,10,"February 25, 2038",0,
Declining Balances Tables,145,"Class M-2B, M-2BR, M-2BS, M-2BT, M-2BU, M-2BI, M-2RB*, M-2SB*, M-2TB* and M-2UB*",M-2BU,,15,"February 25, 2038",0,
Declining Balances Tables,145,"Class M-2B, M-2BR, M-2BS, M-2BT, M-2BU, M-2BI, M-2RB*, M-2SB*, M-2TB* and M-2UB*",M-2BU,,25,"February 25, 2038",0,
Declining Balances Tables,145,"Class M-2B, M-2BR, M-2BS, M-2BT, M-2BU, M-2BI, M-2RB*, M-2SB*, M-2TB* and M-2UB*",M-2BU,,35,"February 25, 2038",0,
Declining Balances Tables,145,"Class M-2B, M-2BR, M-2BS, M-2BT, M-2BU, M-2BI, M-2RB*, M-2SB*, M-2TB* and M-2UB*",M-2BI,,0,"February 25, 2038",100,
Declining Balances Tables,145,"Class M-2B, M-2BR, M-2BS, M-2BT, M-2BU, M-2BI, M-2RB*, M-2SB*, M-2TB* and M-2UB*",M-2BI,,5,"February 25, 2038",0,
Declining Balances Tables,145,"Class M-2B, M-2BR, M-2BS, M-2BT, M-2BU, M-2BI, M-2RB*, M-2SB*, M-2TB* and M-2UB*",M-2BI,,10,"February 25, 2038",0,
Declining Balances Tables,145,"Class M-2B, M-2BR, M-2BS, M-2BT, M-2BU, M-2BI, M-2RB*, M-2SB*, M-2TB* and M-2UB*",M-2BI,,15,"February 25, 2038",0,
Declining Balances Tables,145,"Class M-2B, M-2BR, M-2BS, M-2BT, M-2BU, M-2BI, M-2RB*, M-2SB*, M-2TB* and M-2UB*",M-2BI,,25,"February 25, 2038",0,
Declining Balances Tables,145,"Class M-2B, M-2BR, M-2BS, M-2BT, M-2BU, M-2BI, M-2RB*, M-2SB*, M-2TB* and M-2UB*",M-2BI,,35,"February 25, 2038",0,
Declining Balances Tables,145,"Class M-2B, M-2BR, M-2BS, M-2BT, M-2BU, M-2BI, M-2RB*, M-2SB*, M-2TB* and M-2UB*",M-2RB,*,0,"February 25, 2038",100,
Declining Balances Tables,145,"Class M-2B, M-2BR, M-2BS, M-2BT, M-2BU, M-2BI, M-2RB*, M-2SB*, M-2TB* and M-2UB*",M-2RB,*,5,"February 25, 2038",0,
Declining Balances Tables,145,"Class M-2B, M-2BR, M-2BS, M-2BT, M-2BU, M-2BI, M-2RB*, M-2SB*, M-2TB* and M-2UB*",M-2RB,*,10,"February 25, 2038",0,
Declining Balances Tables,145,"Class M-2B, M-2BR, M-2BS, M-2BT, M-2BU, M-2BI, M-2RB*, M-2SB*, M-2TB* and M-2UB*",M-2RB,*,15,"February 25, 2038",0,
Declining Balances Tables,145,"Class M-2B, M-2BR, M-2BS, M-2BT, M-2BU, M-2BI, M-2RB*, M-2SB*, M-2TB* and M-2UB*",M-2RB,*,25,"February 25, 2038",0,
Declining Balances Tables,145,"Class M-2B, M-2BR, M-2BS, M-2BT, M-2BU, M-2BI, M-2RB*, M-2SB*, M-2TB* and M-2UB*",M-2RB,*,35,"February 25, 2038",0,
Declining Balances Tables,145,"Class M-2B, M-2BR, M-2BS, M-2BT, M-2BU, M-2BI, M-2RB*, M-2SB*, M-2TB* and M-2UB*",M-2SB,*,0,"February 25, 2038",100,
Declining Balances Tables,145,"Class M-2B, M-2BR, M-2BS, M-2BT, M-2BU, M-2BI, M-2RB*, M-2SB*, M-2TB* and M-2UB*",M-2SB,*,5,"February 25, 2038",0,
Declining Balances Tables,145,"Class M-2B, M-2BR, M-2BS, M-2BT, M-2BU, M-2BI, M-2RB*, M-2SB*, M-2TB* and M-2UB*",M-2SB,*,10,"February 25, 2038",0,
Declining Balances Tables,145,"Class M-2B, M-2BR, M-2BS, M-2BT, M-2BU, M-2BI, M-2RB*, M-2SB*, M-2TB* and M-2UB*",M-2SB,*,15,"February 25, 2038",0,
Declining Balances Tables,145,"Class M-2B, M-2BR, M-2BS, M-2BT, M-2BU, M-2BI, M-2RB*, M-2SB*, M-2TB* and M-2UB*",M-2SB,*,25,"February 25, 2038",0,
Declining Balances Tables,145,"Class M-2B, M-2BR, M-2BS, M-2BT, M-2BU, M-2BI, M-2RB*, M-2SB*, M-2TB* and M-2UB*",M-2SB,*,35,"February 25, 2038",0,
Declining Balances Tables,145,"Class M-2B, M-2BR, M-2BS, M-2BT, M-2BU, M-2BI, M-2RB*, M-2SB*, M-2TB* and M-2UB*",M-2TB,*,0,"February 25, 2038",100,
Declining Balances Tables,145,"Class M-2B, M-2BR, M-2BS, M-2BT, M-2BU, M-2BI, M-2RB*, M-2SB*, M-2TB* and M-2UB*",M-2TB,*,5,"February 25, 2038",0,
Declining Balances Tables,145,"Class M-2B, M-2BR, M-2BS, M-2BT, M-2BU, M-2BI, M-2RB*, M-2SB*, M-2TB* and M-2UB*",M-2TB,*,10,"February 25, 2038",0,
Declining Balances Tables,145,"Class M-2B, M-2BR, M-2BS, M-2BT, M-2BU, M-2BI, M-2RB*, M-2SB*, M-2TB* and M-2UB*",M-2TB,*,15,"February 25, 2038",0,
Declining Balances Tables,145,"Class M-2B, M-2BR, M-2BS, M-2BT, M-2BU, M-2BI, M-2RB*, M-2SB*, M-2TB* and M-2UB*",M-2TB,*,25,"February 25, 2038",0,
Declining Balances Tables,145,"Class M-2B, M-2BR, M-2BS, M-2BT, M-2BU, M-2BI, M-2RB*, M-2SB*, M-2TB* and M-2UB*",M-2TB,*,35,"February 25, 2038",0,
Declining Balances Tables,145,"Class M-2B, M-2BR, M-2BS, M-2BT, M-2BU, M-2BI, M-2RB*, M-2SB*, M-2TB* and M-2UB*",M-2UB,*,0,"February 25, 2038",100,
Declining Balances Tables,145,"Class M-2B, M-2BR, M-2BS, M-2BT, M-2BU, M-2BI, M-2RB*, M-2SB*, M-2TB* and M-2UB*",M-2UB,*,5,"February 25, 2038",0,
Declining Balances Tables,145,"Class M-2B, M-2BR, M-2BS, M-2BT, M-2BU, M-2BI, M-2RB*, M-2SB*, M-2TB* and M-2UB*",M-2UB,*,10,"February 25, 2038",0,
Declining Balances Tables,145,"Class M-2B, M-2BR, M-2BS, M-2BT, M-2BU, M-2BI, M-2RB*, M-2SB*, M-2TB* and M-2UB*",M-2UB,*,15,"February 25, 2038",0,
Declining Balances Tables,145,"Class M-2B, M-2BR, M-2BS, M-2BT, M-2BU, M-2BI, M-2RB*, M-2SB*, M-2TB* and M-2UB*",M-2UB,*,25,"February 25, 2038",0,
Declining Balances Tables,145,"Class M-2B, M-2BR, M-2BS, M-2BT, M-2BU, M-2BI, M-2RB*, M-2SB*, M-2TB* and M-2UB*",M-2UB,*,35,"February 25, 2038",0,
Declining Balances Tables,145,"Class M-2B, M-2BR, M-2BS, M-2BT, M-2BU, M-2BI, M-2RB*, M-2SB*, M-2TB* and M-2UB*",M-2B,,0,"February 25, 2039",100,
Declining Balances Tables,145,"Class M-2B, M-2BR, M-2BS, M-2BT, M-2BU, M-2BI, M-2RB*, M-2SB*, M-2TB* and M-2UB*",M-2B,,5,"February 25, 2039",0,
Declining Balances Tables,145,"Class M-2B, M-2BR, M-2BS, M-2BT, M-2BU, M-2BI, M-2RB*, M-2SB*, M-2TB* and M-2UB*",M-2B,,10,"February 25, 2039",0,
Declining Balances Tables,145,"Class M-2B, M-2BR, M-2BS, M-2BT, M-2BU, M-2BI, M-2RB*, M-2SB*, M-2TB* and M-2UB*",M-2B,,15,"February 25, 2039",0,
Declining Balances Tables,145,"Class M-2B, M-2BR, M-2BS, M-2BT, M-2BU, M-2BI, M-2RB*, M-2SB*, M-2TB* and M-2UB*",M-2B,,25,"February 25, 2039",0,
Declining Balances Tables,145,"Class M-2B, M-2BR, M-2BS, M-2BT, M-2BU, M-2BI, M-2RB*, M-2SB*, M-2TB* and M-2UB*",M-2B,,35,"February 25, 2039",0,
Declining Balances Tables,145,"Class M-2B, M-2BR, M-2BS, M-2BT, M-2BU, M-2BI, M-2RB*, M-2SB*, M-2TB* and M-2UB*",M-2BR,,0,"February 25, 2039",100,
Declining Balances Tables,145,"Class M-2B, M-2BR, M-2BS, M-2BT, M-2BU, M-2BI, M-2RB*, M-2SB*, M-2TB* and M-2UB*",M-2BR,,5,"February 25, 2039",0,
Declining Balances Tables,145,"Class M-2B, M-2BR, M-2BS, M-2BT, M-2BU, M-2BI, M-2RB*, M-2SB*, M-2TB* and M-2UB*",M-2BR,,10,"February 25, 2039",0,
Declining Balances Tables,145,"Class M-2B, M-2BR, M-2BS, M-2BT, M-2BU, M-2BI, M-2RB*, M-2SB*, M-2TB* and M-2UB*",M-2BR,,15,"February 25, 2039",0,
Declining Balances Tables,145,"Class M-2B, M-2BR, M-2BS, M-2BT, M-2BU, M-2BI, M-2RB*, M-2SB*, M-2TB* and M-2UB*",M-2BR,,25,"February 25, 2039",0,
Declining Balances Tables,145,"Class M-2B, M-2BR, M-2BS, M-2BT, M-2BU, M-2BI, M-2RB*, M-2SB*, M-2TB* and M-2UB*",M-2BR,,35,"February 25, 2039",0,
Declining Balances Tables,145,"Class M-2B, M-2BR, M-2BS, M-2BT, M-2BU, M-2BI, M-2RB*, M-2SB*, M-2TB* and M-2UB*",M-2BS,,0,"February 25, 2039",100,
Declining Balances Tables,145,"Class M-2B, M-2BR, M-2BS, M-2BT, M-2BU, M-2BI, M-2RB*, M-2SB*, M-2TB* and M-2UB*",M-2BS,,5,"February 25, 2039",0,
Declining Balances Tables,145,"Class M-2B, M-2BR, M-2BS, M-2BT, M-2BU, M-2BI, M-2RB*, M-2SB*, M-2TB* and M-2UB*",M-2BS,,10,"February 25, 2039",0,
Declining Balances Tables,145,"Class M-2B, M-2BR, M-2BS, M-2BT, M-2BU, M-2BI, M-2RB*, M-2SB*, M-2TB* and M-2UB*",M-2BS,,15,"February 25, 2039",0,
Declining Balances Tables,145,"Class M-2B, M-2BR, M-2BS, M-2BT, M-2BU, M-2BI, M-2RB*, M-2SB*, M-2TB* and M-2UB*",M-2BS,,25,"February 25, 2039",0,
Declining Balances Tables,145,"Class M-2B, M-2BR, M-2BS, M-2BT, M-2BU, M-2BI, M-2RB*, M-2SB*, M-2TB* and M-2UB*",M-2BS,,35,"February 25, 2039",0,
Declining Balances Tables,145,"Class M-2B, M-2BR, M-2BS, M-2BT, M-2BU, M-2BI, M-2RB*, M-2SB*, M-2TB* and M-2UB*",M-2BT,,0,"February 25, 2039",100,
Declining Balances Tables,145,"Class M-2B, M-2BR, M-2BS, M-2BT, M-2BU, M-2BI, M-2RB*, M-2SB*, M-2TB* and M-2UB*",M-2BT,,5,"February 25, 2039",0,
Declining Balances Tables,145,"Class M-2B, M-2BR, M-2BS, M-2BT, M-2BU, M-2BI, M-2RB*, M-2SB*, M-2TB* and M-2UB*",M-2BT,,10,"February 25, 2039",0,
Declining Balances Tables,145,"Class M-2B, M-2BR, M-2BS, M-2BT, M-2BU, M-2BI, M-2RB*, M-2SB*, M-2TB* and M-2UB*",M-2BT,,15,"February 25, 2039",0,
Declining Balances Tables,145,"Class M-2B, M-2BR, M-2BS, M-2BT, M-2BU, M-2BI, M-2RB*, M-2SB*, M-2TB* and M-2UB*",M-2BT,,25,"February 25, 2039",0,
Declining Balances Tables,145,"Class M-2B, M-2BR, M-2BS, M-2BT, M-2BU, M-2BI, M-2RB*, M-2SB*, M-2TB* and M-2UB*",M-2BT,,35,"February 25, 2039",0,
Declining Balances Tables,145,"Class M-2B, M-2BR, M-2BS, M-2BT, M-2BU, M-2BI, M-2RB*, M-2SB*, M-2TB* and M-2UB*",M-2BU,,0,"February 25, 2039",100,
Declining Balances Tables,145,"Class M-2B, M-2BR, M-2BS, M-2BT, M-2BU, M-2BI, M-2RB*, M-2SB*, M-2TB* and M-2UB*",M-2BU,,5,"February 25, 2039",0,
Declining Balances Tables,145,"Class M-2B, M-2BR, M-2BS, M-2BT, M-2BU, M-2BI, M-2RB*, M-2SB*, M-2TB* and M-2UB*",M-2BU,,10,"February 25, 2039",0,
Declining Balances Tables,145,"Class M-2B, M-2BR, M-2BS, M-2BT, M-2BU, M-2BI, M-2RB*, M-2SB*, M-2TB* and M-2UB*",M-2BU,,15,"February 25, 2039",0,
Declining Balances Tables,145,"Class M-2B, M-2BR, M-2BS, M-2BT, M-2BU, M-2BI, M-2RB*, M-2SB*, M-2TB* and M-2UB*",M-2BU,,25,"February 25, 2039",0,
Declining Balances Tables,145,"Class M-2B, M-2BR, M-2BS, M-2BT, M-2BU, M-2BI, M-2RB*, M-2SB*, M-2TB* and M-2UB*",M-2BU,,35,"February 25, 2039",0,
Declining Balances Tables,145,"Class M-2B, M-2BR, M-2BS, M-2BT, M-2BU, M-2BI, M-2RB*, M-2SB*, M-2TB* and M-2UB*",M-2BI,,0,"February 25, 2039",100,
Declining Balances Tables,145,"Class M-2B, M-2BR, M-2BS, M-2BT, M-2BU, M-2BI, M-2RB*, M-2SB*, M-2TB* and M-2UB*",M-2BI,,5,"February 25, 2039",0,
Declining Balances Tables,145,"Class M-2B, M-2BR, M-2BS, M-2BT, M-2BU, M-2BI, M-2RB*, M-2SB*, M-2TB* and M-2UB*",M-2BI,,10,"February 25, 2039",0,
Declining Balances Tables,145,"Class M-2B, M-2BR, M-2BS, M-2BT, M-2BU, M-2BI, M-2RB*, M-2SB*, M-2TB* and M-2UB*",M-2BI,,15,"February 25, 2039",0,
Declining Balances Tables,145,"Class M-2B, M-2BR, M-2BS, M-2BT, M-2BU, M-2BI, M-2RB*, M-2SB*, M-2TB* and M-2UB*",M-2BI,,25,"February 25, 2039",0,
Declining Balances Tables,145,"Class M-2B, M-2BR, M-2BS, M-2BT, M-2BU, M-2BI, M-2RB*, M-2SB*, M-2TB* and M-2UB*",M-2BI,,35,"February 25, 2039",0,
Declining Balances Tables,145,"Class M-2B, M-2BR, M-2BS, M-2BT, M-2BU, M-2BI, M-2RB*, M-2SB*, M-2TB* and M-2UB*",M-2RB,*,0,"February 25, 2039",100,
Declining Balances Tables,145,"Class M-2B, M-2BR, M-2BS, M-2BT, M-2BU, M-2BI, M-2RB*, M-2SB*, M-2TB* and M-2UB*",M-2RB,*,5,"February 25, 2039",0,
Declining Balances Tables,145,"Class M-2B, M-2BR, M-2BS, M-2BT, M-2BU, M-2BI, M-2RB*, M-2SB*, M-2TB* and M-2UB*",M-2RB,*,10,"February 25, 2039",0,
Declining Balances Tables,145,"Class M-2B, M-2BR, M-2BS, M-2BT, M-2BU, M-2BI, M-2RB*, M-2SB*, M-2TB* and M-2UB*",M-2RB,*,15,"February 25, 2039",0,
Declining Balances Tables,145,"Class M-2B, M-2BR, M-2BS, M-2BT, M-2BU, M-2BI, M-2RB*, M-2SB*, M-2TB* and M-2UB*",M-2RB,*,25,"February 25, 2039",0,
Declining Balances Tables,145,"Class M-2B, M-2BR, M-2BS, M-2BT, M-2BU, M-2BI, M-2RB*, M-2SB*, M-2TB* and M-2UB*",M-2RB,*,35,"February 25, 2039",0,
Declining Balances Tables,145,"Class M-2B, M-2BR, M-2BS, M-2BT, M-2BU, M-2BI, M-2RB*, M-2SB*, M-2TB* and M-2UB*",M-2SB,*,0,"February 25, 2039",100,
Declining Balances Tables,145,"Class M-2B, M-2BR, M-2BS, M-2BT, M-2BU, M-2BI, M-2RB*, M-2SB*, M-2TB* and M-2UB*",M-2SB,*,5,"February 25, 2039",0,
Declining Balances Tables,145,"Class M-2B, M-2BR, M-2BS, M-2BT, M-2BU, M-2BI, M-2RB*, M-2SB*, M-2TB* and M-2UB*",M-2SB,*,10,"February 25, 2039",0,
Declining Balances Tables,145,"Class M-2B, M-2BR, M-2BS, M-2BT, M-2BU, M-2BI, M-2RB*, M-2SB*, M-2TB* and M-2UB*",M-2SB,*,15,"February 25, 2039",0,
Declining Balances Tables,145,"Class M-2B, M-2BR, M-2BS, M-2BT, M-2BU, M-2BI, M-2RB*, M-2SB*, M-2TB* and M-2UB*",M-2SB,*,25,"February 25, 2039",0,
Declining Balances Tables,145,"Class M-2B, M-2BR, M-2BS, M-2BT, M-2BU, M-2BI, M-2RB*, M-2SB*, M-2TB* and M-2UB*",M-2SB,*,35,"February 25, 2039",0,
Declining Balances Tables,145,"Class M-2B, M-2BR, M-2BS, M-2BT, M-2BU, M-2BI, M-2RB*, M-2SB*, M-2TB* and M-2UB*",M-2TB,*,0,"February 25, 2039",100,
Declining Balances Tables,145,"Class M-2B, M-2BR, M-2BS, M-2BT, M-2BU, M-2BI, M-2RB*, M-2SB*, M-2TB* and M-2UB*",M-2TB,*,5,"February 25, 2039",0,
Declining Balances Tables,145,"Class M-2B, M-2BR, M-2BS, M-2BT, M-2BU, M-2BI, M-2RB*, M-2SB*, M-2TB* and M-2UB*",M-2TB,*,10,"February 25, 2039",0,
Declining Balances Tables,145,"Class M-2B, M-2BR, M-2BS, M-2BT, M-2BU, M-2BI, M-2RB*, M-2SB*, M-2TB* and M-2UB*",M-2TB,*,15,"February 25, 2039",0,
Declining Balances Tables,145,"Class M-2B, M-2BR, M-2BS, M-2BT, M-2BU, M-2BI, M-2RB*, M-2SB*, M-2TB* and M-2UB*",M-2TB,*,25,"February 25, 2039",0,
Declining Balances Tables,145,"Class M-2B, M-2BR, M-2BS, M-2BT, M-2BU, M-2BI, M-2RB*, M-2SB*, M-2TB* and M-2UB*",M-2TB,*,35,"February 25, 2039",0,
Declining Balances Tables,145,"Class M-2B, M-2BR, M-2BS, M-2BT, M-2BU, M-2BI, M-2RB*, M-2SB*, M-2TB* and M-2UB*",M-2UB,*,0,"February 25, 2039",100,
Declining Balances Tables,145,"Class M-2B, M-2BR, M-2BS, M-2BT, M-2BU, M-2BI, M-2RB*, M-2SB*, M-2TB* and M-2UB*",M-2UB,*,5,"February 25, 2039",0,
Declining Balances Tables,145,"Class M-2B, M-2BR, M-2BS, M-2BT, M-2BU, M-2BI, M-2RB*, M-2SB*, M-2TB* and M-2UB*",M-2UB,*,10,"February 25, 2039",0,
Declining Balances Tables,145,"Class M-2B, M-2BR, M-2BS, M-2BT, M-2BU, M-2BI, M-2RB*, M-2SB*, M-2TB* and M-2UB*",M-2UB,*,15,"February 25, 2039",0,
Declining Balances Tables,145,"Class M-2B, M-2BR, M-2BS, M-2BT, M-2BU, M-2BI, M-2RB*, M-2SB*, M-2TB* and M-2UB*",M-2UB,*,25,"February 25, 2039",0,
Declining Balances Tables,145,"Class M-2B, M-2BR, M-2BS, M-2BT, M-2BU, M-2BI, M-2RB*, M-2SB*, M-2TB* and M-2UB*",M-2UB,*,35,"February 25, 2039",0,
Declining Balances Tables,145,"Class M-2B, M-2BR, M-2BS, M-2BT, M-2BU, M-2BI, M-2RB*, M-2SB*, M-2TB* and M-2UB*",M-2B,,0,"February 25, 2040",100,
Declining Balances Tables,145,"Class M-2B, M-2BR, M-2BS, M-2BT, M-2BU, M-2BI, M-2RB*, M-2SB*, M-2TB* and M-2UB*",M-2B,,5,"February 25, 2040",0,
Declining Balances Tables,145,"Class M-2B, M-2BR, M-2BS, M-2BT, M-2BU, M-2BI, M-2RB*, M-2SB*, M-2TB* and M-2UB*",M-2B,,10,"February 25, 2040",0,
Declining Balances Tables,145,"Class M-2B, M-2BR, M-2BS, M-2BT, M-2BU, M-2BI, M-2RB*, M-2SB*, M-2TB* and M-2UB*",M-2B,,15,"February 25, 2040",0,
Declining Balances Tables,145,"Class M-2B, M-2BR, M-2BS, M-2BT, M-2BU, M-2BI, M-2RB*, M-2SB*, M-2TB* and M-2UB*",M-2B,,25,"February 25, 2040",0,
Declining Balances Tables,145,"Class M-2B, M-2BR, M-2BS, M-2BT, M-2BU, M-2BI, M-2RB*, M-2SB*, M-2TB* and M-2UB*",M-2B,,35,"February 25, 2040",0,
Declining Balances Tables,145,"Class M-2B, M-2BR, M-2BS, M-2BT, M-2BU, M-2BI, M-2RB*, M-2SB*, M-2TB* and M-2UB*",M-2BR,,0,"February 25, 2040",100,
Declining Balances Tables,145,"Class M-2B, M-2BR, M-2BS, M-2BT, M-2BU, M-2BI, M-2RB*, M-2SB*, M-2TB* and M-2UB*",M-2BR,,5,"February 25, 2040",0,
Declining Balances Tables,145,"Class M-2B, M-2BR, M-2BS, M-2BT, M-2BU, M-2BI, M-2RB*, M-2SB*, M-2TB* and M-2UB*",M-2BR,,10,"February 25, 2040",0,
Declining Balances Tables,145,"Class M-2B, M-2BR, M-2BS, M-2BT, M-2BU, M-2BI, M-2RB*, M-2SB*, M-2TB* and M-2UB*",M-2BR,,15,"February 25, 2040",0,
Declining Balances Tables,145,"Class M-2B, M-2BR, M-2BS, M-2BT, M-2BU, M-2BI, M-2RB*, M-2SB*, M-2TB* and M-2UB*",M-2BR,,25,"February 25, 2040",0,
Declining Balances Tables,145,"Class M-2B, M-2BR, M-2BS, M-2BT, M-2BU, M-2BI, M-2RB*, M-2SB*, M-2TB* and M-2UB*",M-2BR,,35,"February 25, 2040",0,
Declining Balances Tables,145,"Class M-2B, M-2BR, M-2BS, M-2BT, M-2BU, M-2BI, M-2RB*, M-2SB*, M-2TB* and M-2UB*",M-2BS,,0,"February 25, 2040",100,
Declining Balances Tables,145,"Class M-2B, M-2BR, M-2BS, M-2BT, M-2BU, M-2BI, M-2RB*, M-2SB*, M-2TB* and M-2UB*",M-2BS,,5,"February 25, 2040",0,
Declining Balances Tables,145,"Class M-2B, M-2BR, M-2BS, M-2BT, M-2BU, M-2BI, M-2RB*, M-2SB*, M-2TB* and M-2UB*",M-2BS,,10,"February 25, 2040",0,
Declining Balances Tables,145,"Class M-2B, M-2BR, M-2BS, M-2BT, M-2BU, M-2BI, M-2RB*, M-2SB*, M-2TB* and M-2UB*",M-2BS,,15,"February 25, 2040",0,
Declining Balances Tables,145,"Class M-2B, M-2BR, M-2BS, M-2BT, M-2BU, M-2BI, M-2RB*, M-2SB*, M-2TB* and M-2UB*",M-2BS,,25,"February 25, 2040",0,
Declining Balances Tables,145,"Class M-2B, M-2BR, M-2BS, M-2BT, M-2BU, M-2BI, M-2RB*, M-2SB*, M-2TB* and M-2UB*",M-2BS,,35,"February 25, 2040",0,
Declining Balances Tables,145,"Class M-2B, M-2BR, M-2BS, M-2BT, M-2BU, M-2BI, M-2RB*, M-2SB*, M-2TB* and M-2UB*",M-2BT,,0,"February 25, 2040",100,
Declining Balances Tables,145,"Class M-2B, M-2BR, M-2BS, M-2BT, M-2BU, M-2BI, M-2RB*, M-2SB*, M-2TB* and M-2UB*",M-2BT,,5,"February 25, 2040",0,
Declining Balances Tables,145,"Class M-2B, M-2BR, M-2BS, M-2BT, M-2BU, M-2BI, M-2RB*, M-2SB*, M-2TB* and M-2UB*",M-2BT,,10,"February 25, 2040",0,
Declining Balances Tables,145,"Class M-2B, M-2BR, M-2BS, M-2BT, M-2BU, M-2BI, M-2RB*, M-2SB*, M-2TB* and M-2UB*",M-2BT,,15,"February 25, 2040",0,
Declining Balances Tables,145,"Class M-2B, M-2BR, M-2BS, M-2BT, M-2BU, M-2BI, M-2RB*, M-2SB*, M-2TB* and M-2UB*",M-2BT,,25,"February 25, 2040",0,
Declining Balances Tables,145,"Class M-2B, M-2BR, M-2BS, M-2BT, M-2BU, M-2BI, M-2RB*, M-2SB*, M-2TB* and M-2UB*",M-2BT,,35,"February 25, 2040",0,
Declining Balances Tables,145,"Class M-2B, M-2BR, M-2BS, M-2BT, M-2BU, M-2BI, M-2RB*, M-2SB*, M-2TB* and M-2UB*",M-2BU,,0,"February 25, 2040",100,
Declining Balances Tables,145,"Class M-2B, M-2BR, M-2BS, M-2BT, M-2BU, M-2BI, M-2RB*, M-2SB*, M-2TB* and M-2UB*",M-2BU,,5,"February 25, 2040",0,
Declining Balances Tables,145,"Class M-2B, M-2BR, M-2BS, M-2BT, M-2BU, M-2BI, M-2RB*, M-2SB*, M-2TB* and M-2UB*",M-2BU,,10,"February 25, 2040",0,
Declining Balances Tables,145,"Class M-2B, M-2BR, M-2BS, M-2BT, M-2BU, M-2BI, M-2RB*, M-2SB*, M-2TB* and M-2UB*",M-2BU,,15,"February 25, 2040",0,
Declining Balances Tables,145,"Class M-2B, M-2BR, M-2BS, M-2BT, M-2BU, M-2BI, M-2RB*, M-2SB*, M-2TB* and M-2UB*",M-2BU,,25,"February 25, 2040",0,
Declining Balances Tables,145,"Class M-2B, M-2BR, M-2BS, M-2BT, M-2BU, M-2BI, M-2RB*, M-2SB*, M-2TB* and M-2UB*",M-2BU,,35,"February 25, 2040",0,
Declining Balances Tables,145,"Class M-2B, M-2BR, M-2BS, M-2BT, M-2BU, M-2BI, M-2RB*, M-2SB*, M-2TB* and M-2UB*",M-2BI,,0,"February 25, 2040",100,
Declining Balances Tables,145,"Class M-2B, M-2BR, M-2BS, M-2BT, M-2BU, M-2BI, M-2RB*, M-2SB*, M-2TB* and M-2UB*",M-2BI,,5,"February 25, 2040",0,
Declining Balances Tables,145,"Class M-2B, M-2BR, M-2BS, M-2BT, M-2BU, M-2BI, M-2RB*, M-2SB*, M-2TB* and M-2UB*",M-2BI,,10,"February 25, 2040",0,
Declining Balances Tables,145,"Class M-2B, M-2BR, M-2BS, M-2BT, M-2BU, M-2BI, M-2RB*, M-2SB*, M-2TB* and M-2UB*",M-2BI,,15,"February 25, 2040",0,
Declining Balances Tables,145,"Class M-2B, M-2BR, M-2BS, M-2BT, M-2BU, M-2BI, M-2RB*, M-2SB*, M-2TB* and M-2UB*",M-2BI,,25,"February 25, 2040",0,
Declining Balances Tables,145,"Class M-2B, M-2BR, M-2BS, M-2BT, M-2BU, M-2BI, M-2RB*, M-2SB*, M-2TB* and M-2UB*",M-2BI,,35,"February 25, 2040",0,
Declining Balances Tables,145,"Class M-2B, M-2BR, M-2BS, M-2BT, M-2BU, M-2BI, M-2RB*, M-2SB*, M-2TB* and M-2UB*",M-2RB,*,0,"February 25, 2040",100,
Declining Balances Tables,145,"Class M-2B, M-2BR, M-2BS, M-2BT, M-2BU, M-2BI, M-2RB*, M-2SB*, M-2TB* and M-2UB*",M-2RB,*,5,"February 25, 2040",0,
Declining Balances Tables,145,"Class M-2B, M-2BR, M-2BS, M-2BT, M-2BU, M-2BI, M-2RB*, M-2SB*, M-2TB* and M-2UB*",M-2RB,*,10,"February 25, 2040",0,
Declining Balances Tables,145,"Class M-2B, M-2BR, M-2BS, M-2BT, M-2BU, M-2BI, M-2RB*, M-2SB*, M-2TB* and M-2UB*",M-2RB,*,15,"February 25, 2040",0,
Declining Balances Tables,145,"Class M-2B, M-2BR, M-2BS, M-2BT, M-2BU, M-2BI, M-2RB*, M-2SB*, M-2TB* and M-2UB*",M-2RB,*,25,"February 25, 2040",0,
Declining Balances Tables,145,"Class M-2B, M-2BR, M-2BS, M-2BT, M-2BU, M-2BI, M-2RB*, M-2SB*, M-2TB* and M-2UB*",M-2RB,*,35,"February 25, 2040",0,
Declining Balances Tables,145,"Class M-2B, M-2BR, M-2BS, M-2BT, M-2BU, M-2BI, M-2RB*, M-2SB*, M-2TB* and M-2UB*",M-2SB,*,0,"February 25, 2040",100,
Declining Balances Tables,145,"Class M-2B, M-2BR, M-2BS, M-2BT, M-2BU, M-2BI, M-2RB*, M-2SB*, M-2TB* and M-2UB*",M-2SB,*,5,"February 25, 2040",0,
Declining Balances Tables,145,"Class M-2B, M-2BR, M-2BS, M-2BT, M-2BU, M-2BI, M-2RB*, M-2SB*, M-2TB* and M-2UB*",M-2SB,*,10,"February 25, 2040",0,
Declining Balances Tables,145,"Class M-2B, M-2BR, M-2BS, M-2BT, M-2BU, M-2BI, M-2RB*, M-2SB*, M-2TB* and M-2UB*",M-2SB,*,15,"February 25, 2040",0,
Declining Balances Tables,145,"Class M-2B, M-2BR, M-2BS, M-2BT, M-2BU, M-2BI, M-2RB*, M-2SB*, M-2TB* and M-2UB*",M-2SB,*,25,"February 25, 2040",0,
Declining Balances Tables,145,"Class M-2B, M-2BR, M-2BS, M-2BT, M-2BU, M-2BI, M-2RB*, M-2SB*, M-2TB* and M-2UB*",M-2SB,*,35,"February 25, 2040",0,
Declining Balances Tables,145,"Class M-2B, M-2BR, M-2BS, M-2BT, M-2BU, M-2BI, M-2RB*, M-2SB*, M-2TB* and M-2UB*",M-2TB,*,0,"February 25, 2040",100,
Declining Balances Tables,145,"Class M-2B, M-2BR, M-2BS, M-2BT, M-2BU, M-2BI, M-2RB*, M-2SB*, M-2TB* and M-2UB*",M-2TB,*,5,"February 25, 2040",0,
Declining Balances Tables,145,"Class M-2B, M-2BR, M-2BS, M-2BT, M-2BU, M-2BI, M-2RB*, M-2SB*, M-2TB* and M-2UB*",M-2TB,*,10,"February 25, 2040",0,
Declining Balances Tables,145,"Class M-2B, M-2BR, M-2BS, M-2BT, M-2BU, M-2BI, M-2RB*, M-2SB*, M-2TB* and M-2UB*",M-2TB,*,15,"February 25, 2040",0,
Declining Balances Tables,145,"Class M-2B, M-2BR, M-2BS, M-2BT, M-2BU, M-2BI, M-2RB*, M-2SB*, M-2TB* and M-2UB*",M-2TB,*,25,"February 25, 2040",0,
Declining Balances Tables,145,"Class M-2B, M-2BR, M-2BS, M-2BT, M-2BU, M-2BI, M-2RB*, M-2SB*, M-2TB* and M-2UB*",M-2TB,*,35,"February 25, 2040",0,
Declining Balances Tables,145,"Class M-2B, M-2BR, M-2BS, M-2BT, M-2BU, M-2BI, M-2RB*, M-2SB*, M-2TB* and M-2UB*",M-2UB,*,0,"February 25, 2040",100,
Declining Balances Tables,145,"Class M-2B, M-2BR, M-2BS, M-2BT, M-2BU, M-2BI, M-2RB*, M-2SB*, M-2TB* and M-2UB*",M-2UB,*,5,"February 25, 2040",0,
Declining Balances Tables,145,"Class M-2B, M-2BR, M-2BS, M-2BT, M-2BU, M-2BI, M-2RB*, M-2SB*, M-2TB* and M-2UB*",M-2UB,*,10,"February 25, 2040",0,
Declining Balances Tables,145,"Class M-2B, M-2BR, M-2BS, M-2BT, M-2BU, M-2BI, M-2RB*, M-2SB*, M-2TB* and M-2UB*",M-2UB,*,15,"February 25, 2040",0,
Declining Balances Tables,145,"Class M-2B, M-2BR, M-2BS, M-2BT, M-2BU, M-2BI, M-2RB*, M-2SB*, M-2TB* and M-2UB*",M-2UB,*,25,"February 25, 2040",0,
Declining Balances Tables,145,"Class M-2B, M-2BR, M-2BS, M-2BT, M-2BU, M-2BI, M-2RB*, M-2SB*, M-2TB* and M-2UB*",M-2UB,*,35,"February 25, 2040",0,
Declining Balances Tables,145,"Class M-2B, M-2BR, M-2BS, M-2BT, M-2BU, M-2BI, M-2RB*, M-2SB*, M-2TB* and M-2UB*",M-2B,,0,"February 25, 2041",100,
Declining Balances Tables,145,"Class M-2B, M-2BR, M-2BS, M-2BT, M-2BU, M-2BI, M-2RB*, M-2SB*, M-2TB* and M-2UB*",M-2B,,5,"February 25, 2041",0,
Declining Balances Tables,145,"Class M-2B, M-2BR, M-2BS, M-2BT, M-2BU, M-2BI, M-2RB*, M-2SB*, M-2TB* and M-2UB*",M-2B,,10,"February 25, 2041",0,
Declining Balances Tables,145,"Class M-2B, M-2BR, M-2BS, M-2BT, M-2BU, M-2BI, M-2RB*, M-2SB*, M-2TB* and M-2UB*",M-2B,,15,"February 25, 2041",0,
Declining Balances Tables,145,"Class M-2B, M-2BR, M-2BS, M-2BT, M-2BU, M-2BI, M-2RB*, M-2SB*, M-2TB* and M-2UB*",M-2B,,25,"February 25, 2041",0,
Declining Balances Tables,145,"Class M-2B, M-2BR, M-2BS, M-2BT, M-2BU, M-2BI, M-2RB*, M-2SB*, M-2TB* and M-2UB*",M-2B,,35,"February 25, 2041",0,
Declining Balances Tables,145,"Class M-2B, M-2BR, M-2BS, M-2BT, M-2BU, M-2BI, M-2RB*, M-2SB*, M-2TB* and M-2UB*",M-2BR,,0,"February 25, 2041",100,
Declining Balances Tables,145,"Class M-2B, M-2BR, M-2BS, M-2BT, M-2BU, M-2BI, M-2RB*, M-2SB*, M-2TB* and M-2UB*",M-2BR,,5,"February 25, 2041",0,
Declining Balances Tables,145,"Class M-2B, M-2BR, M-2BS, M-2BT, M-2BU, M-2BI, M-2RB*, M-2SB*, M-2TB* and M-2UB*",M-2BR,,10,"February 25, 2041",0,
Declining Balances Tables,145,"Class M-2B, M-2BR, M-2BS, M-2BT, M-2BU, M-2BI, M-2RB*, M-2SB*, M-2TB* and M-2UB*",M-2BR,,15,"February 25, 2041",0,
Declining Balances Tables,145,"Class M-2B, M-2BR, M-2BS, M-2BT, M-2BU, M-2BI, M-2RB*, M-2SB*, M-2TB* and M-2UB*",M-2BR,,25,"February 25, 2041",0,
Declining Balances Tables,145,"Class M-2B, M-2BR, M-2BS, M-2BT, M-2BU, M-2BI, M-2RB*, M-2SB*, M-2TB* and M-2UB*",M-2BR,,35,"February 25, 2041",0,
Declining Balances Tables,145,"Class M-2B, M-2BR, M-2BS, M-2BT, M-2BU, M-2BI, M-2RB*, M-2SB*, M-2TB* and M-2UB*",M-2BS,,0,"February 25, 2041",100,
Declining Balances Tables,145,"Class M-2B, M-2BR, M-2BS, M-2BT, M-2BU, M-2BI, M-2RB*, M-2SB*, M-2TB* and M-2UB*",M-2BS,,5,"February 25, 2041",0,
Declining Balances Tables,145,"Class M-2B, M-2BR, M-2BS, M-2BT, M-2BU, M-2BI, M-2RB*, M-2SB*, M-2TB* and M-2UB*",M-2BS,,10,"February 25, 2041",0,
Declining Balances Tables,145,"Class M-2B, M-2BR, M-2BS, M-2BT, M-2BU, M-2BI, M-2RB*, M-2SB*, M-2TB* and M-2UB*",M-2BS,,15,"February 25, 2041",0,
Declining Balances Tables,145,"Class M-2B, M-2BR, M-2BS, M-2BT, M-2BU, M-2BI, M-2RB*, M-2SB*, M-2TB* and M-2UB*",M-2BS,,25,"February 25, 2041",0,
Declining Balances Tables,145,"Class M-2B, M-2BR, M-2BS, M-2BT, M-2BU, M-2BI, M-2RB*, M-2SB*, M-2TB* and M-2UB*",M-2BS,,35,"February 25, 2041",0,
Declining Balances Tables,145,"Class M-2B, M-2BR, M-2BS, M-2BT, M-2BU, M-2BI, M-2RB*, M-2SB*, M-2TB* and M-2UB*",M-2BT,,0,"February 25, 2041",100,
Declining Balances Tables,145,"Class M-2B, M-2BR, M-2BS, M-2BT, M-2BU, M-2BI, M-2RB*, M-2SB*, M-2TB* and M-2UB*",M-2BT,,5,"February 25, 2041",0,
Declining Balances Tables,145,"Class M-2B, M-2BR, M-2BS, M-2BT, M-2BU, M-2BI, M-2RB*, M-2SB*, M-2TB* and M-2UB*",M-2BT,,10,"February 25, 2041",0,
Declining Balances Tables,145,"Class M-2B, M-2BR, M-2BS, M-2BT, M-2BU, M-2BI, M-2RB*, M-2SB*, M-2TB* and M-2UB*",M-2BT,,15,"February 25, 2041",0,
Declining Balances Tables,145,"Class M-2B, M-2BR, M-2BS, M-2BT, M-2BU, M-2BI, M-2RB*, M-2SB*, M-2TB* and M-2UB*",M-2BT,,25,"February 25, 2041",0,
Declining Balances Tables,145,"Class M-2B, M-2BR, M-2BS, M-2BT, M-2BU, M-2BI, M-2RB*, M-2SB*, M-2TB* and M-2UB*",M-2BT,,35,"February 25, 2041",0,
Declining Balances Tables,145,"Class M-2B, M-2BR, M-2BS, M-2BT, M-2BU, M-2BI, M-2RB*, M-2SB*, M-2TB* and M-2UB*",M-2BU,,0,"February 25, 2041",100,
Declining Balances Tables,145,"Class M-2B, M-2BR, M-2BS, M-2BT, M-2BU, M-2BI, M-2RB*, M-2SB*, M-2TB* and M-2UB*",M-2BU,,5,"February 25, 2041",0,
Declining Balances Tables,145,"Class M-2B, M-2BR, M-2BS, M-2BT, M-2BU, M-2BI, M-2RB*, M-2SB*, M-2TB* and M-2UB*",M-2BU,,10,"February 25, 2041",0,
Declining Balances Tables,145,"Class M-2B, M-2BR, M-2BS, M-2BT, M-2BU, M-2BI, M-2RB*, M-2SB*, M-2TB* and M-2UB*",M-2BU,,15,"February 25, 2041",0,
Declining Balances Tables,145,"Class M-2B, M-2BR, M-2BS, M-2BT, M-2BU, M-2BI, M-2RB*, M-2SB*, M-2TB* and M-2UB*",M-2BU,,25,"February 25, 2041",0,
Declining Balances Tables,145,"Class M-2B, M-2BR, M-2BS, M-2BT, M-2BU, M-2BI, M-2RB*, M-2SB*, M-2TB* and M-2UB*",M-2BU,,35,"February 25, 2041",0,
Declining Balances Tables,145,"Class M-2B, M-2BR, M-2BS, M-2BT, M-2BU, M-2BI, M-2RB*, M-2SB*, M-2TB* and M-2UB*",M-2BI,,0,"February 25, 2041",100,
Declining Balances Tables,145,"Class M-2B, M-2BR, M-2BS, M-2BT, M-2BU, M-2BI, M-2RB*, M-2SB*, M-2TB* and M-2UB*",M-2BI,,5,"February 25, 2041",0,
Declining Balances Tables,145,"Class M-2B, M-2BR, M-2BS, M-2BT, M-2BU, M-2BI, M-2RB*, M-2SB*, M-2TB* and M-2UB*",M-2BI,,10,"February 25, 2041",0,
Declining Balances Tables,145,"Class M-2B, M-2BR, M-2BS, M-2BT, M-2BU, M-2BI, M-2RB*, M-2SB*, M-2TB* and M-2UB*",M-2BI,,15,"February 25, 2041",0,
Declining Balances Tables,145,"Class M-2B, M-2BR, M-2BS, M-2BT, M-2BU, M-2BI, M-2RB*, M-2SB*, M-2TB* and M-2UB*",M-2BI,,25,"February 25, 2041",0,
Declining Balances Tables,145,"Class M-2B, M-2BR, M-2BS, M-2BT, M-2BU, M-2BI, M-2RB*, M-2SB*, M-2TB* and M-2UB*",M-2BI,,35,"February 25, 2041",0,
Declining Balances Tables,145,"Class M-2B, M-2BR, M-2BS, M-2BT, M-2BU, M-2BI, M-2RB*, M-2SB*, M-2TB* and M-2UB*",M-2RB,*,0,"February 25, 2041",100,
Declining Balances Tables,145,"Class M-2B, M-2BR, M-2BS, M-2BT, M-2BU, M-2BI, M-2RB*, M-2SB*, M-2TB* and M-2UB*",M-2RB,*,5,"February 25, 2041",0,
Declining Balances Tables,145,"Class M-2B, M-2BR, M-2BS, M-2BT, M-2BU, M-2BI, M-2RB*, M-2SB*, M-2TB* and M-2UB*",M-2RB,*,10,"February 25, 2041",0,
Declining Balances Tables,145,"Class M-2B, M-2BR, M-2BS, M-2BT, M-2BU, M-2BI, M-2RB*, M-2SB*, M-2TB* and M-2UB*",M-2RB,*,15,"February 25, 2041",0,
Declining Balances Tables,145,"Class M-2B, M-2BR, M-2BS, M-2BT, M-2BU, M-2BI, M-2RB*, M-2SB*, M-2TB* and M-2UB*",M-2RB,*,25,"February 25, 2041",0,
Declining Balances Tables,145,"Class M-2B, M-2BR, M-2BS, M-2BT, M-2BU, M-2BI, M-2RB*, M-2SB*, M-2TB* and M-2UB*",M-2RB,*,35,"February 25, 2041",0,
Declining Balances Tables,145,"Class M-2B, M-2BR, M-2BS, M-2BT, M-2BU, M-2BI, M-2RB*, M-2SB*, M-2TB* and M-2UB*",M-2SB,*,0,"February 25, 2041",100,
Declining Balances Tables,145,"Class M-2B, M-2BR, M-2BS, M-2BT, M-2BU, M-2BI, M-2RB*, M-2SB*, M-2TB* and M-2UB*",M-2SB,*,5,"February 25, 2041",0,
Declining Balances Tables,145,"Class M-2B, M-2BR, M-2BS, M-2BT, M-2BU, M-2BI, M-2RB*, M-2SB*, M-2TB* and M-2UB*",M-2SB,*,10,"February 25, 2041",0,
Declining Balances Tables,145,"Class M-2B, M-2BR, M-2BS, M-2BT, M-2BU, M-2BI, M-2RB*, M-2SB*, M-2TB* and M-2UB*",M-2SB,*,15,"February 25, 2041",0,
Declining Balances Tables,145,"Class M-2B, M-2BR, M-2BS, M-2BT, M-2BU, M-2BI, M-2RB*, M-2SB*, M-2TB* and M-2UB*",M-2SB,*,25,"February 25, 2041",0,
Declining Balances Tables,145,"Class M-2B, M-2BR, M-2BS, M-2BT, M-2BU, M-2BI, M-2RB*, M-2SB*, M-2TB* and M-2UB*",M-2SB,*,35,"February 25, 2041",0,
Declining Balances Tables,145,"Class M-2B, M-2BR, M-2BS, M-2BT, M-2BU, M-2BI, M-2RB*, M-2SB*, M-2TB* and M-2UB*",M-2TB,*,0,"February 25, 2041",100,
Declining Balances Tables,145,"Class M-2B, M-2BR, M-2BS, M-2BT, M-2BU, M-2BI, M-2RB*, M-2SB*, M-2TB* and M-2UB*",M-2TB,*,5,"February 25, 2041",0,
Declining Balances Tables,145,"Class M-2B, M-2BR, M-2BS, M-2BT, M-2BU, M-2BI, M-2RB*, M-2SB*, M-2TB* and M-2UB*",M-2TB,*,10,"February 25, 2041",0,
Declining Balances Tables,145,"Class M-2B, M-2BR, M-2BS, M-2BT, M-2BU, M-2BI, M-2RB*, M-2SB*, M-2TB* and M-2UB*",M-2TB,*,15,"February 25, 2041",0,
Declining Balances Tables,145,"Class M-2B, M-2BR, M-2BS, M-2BT, M-2BU, M-2BI, M-2RB*, M-2SB*, M-2TB* and M-2UB*",M-2TB,*,25,"February 25, 2041",0,
Declining Balances Tables,145,"Class M-2B, M-2BR, M-2BS, M-2BT, M-2BU, M-2BI, M-2RB*, M-2SB*, M-2TB* and M-2UB*",M-2TB,*,35,"February 25, 2041",0,
Declining Balances Tables,145,"Class M-2B, M-2BR, M-2BS, M-2BT, M-2BU, M-2BI, M-2RB*, M-2SB*, M-2TB* and M-2UB*",M-2UB,*,0,"February 25, 2041",100,
Declining Balances Tables,145,"Class M-2B, M-2BR, M-2BS, M-2BT, M-2BU, M-2BI, M-2RB*, M-2SB*, M-2TB* and M-2UB*",M-2UB,*,5,"February 25, 2041",0,
Declining Balances Tables,145,"Class M-2B, M-2BR, M-2BS, M-2BT, M-2BU, M-2BI, M-2RB*, M-2SB*, M-2TB* and M-2UB*",M-2UB,*,10,"February 25, 2041",0,
Declining Balances Tables,145,"Class M-2B, M-2BR, M-2BS, M-2BT, M-2BU, M-2BI, M-2RB*, M-2SB*, M-2TB* and M-2UB*",M-2UB,*,15,"February 25, 2041",0,
Declining Balances Tables,145,"Class M-2B, M-2BR, M-2BS, M-2BT, M-2BU, M-2BI, M-2RB*, M-2SB*, M-2TB* and M-2UB*",M-2UB,*,25,"February 25, 2041",0,
Declining Balances Tables,145,"Class M-2B, M-2BR, M-2BS, M-2BT, M-2BU, M-2BI, M-2RB*, M-2SB*, M-2TB* and M-2UB*",M-2UB,*,35,"February 25, 2041",0,
Declining Balances Tables,145,"Class M-2B, M-2BR, M-2BS, M-2BT, M-2BU, M-2BI, M-2RB*, M-2SB*, M-2TB* and M-2UB*",M-2B,,0,"February 25, 2042",100,
Declining Balances Tables,145,"Class M-2B, M-2BR, M-2BS, M-2BT, M-2BU, M-2BI, M-2RB*, M-2SB*, M-2TB* and M-2UB*",M-2B,,5,"February 25, 2042",0,
Declining Balances Tables,145,"Class M-2B, M-2BR, M-2BS, M-2BT, M-2BU, M-2BI, M-2RB*, M-2SB*, M-2TB* and M-2UB*",M-2B,,10,"February 25, 2042",0,
Declining Balances Tables,145,"Class M-2B, M-2BR, M-2BS, M-2BT, M-2BU, M-2BI, M-2RB*, M-2SB*, M-2TB* and M-2UB*",M-2B,,15,"February 25, 2042",0,
Declining Balances Tables,145,"Class M-2B, M-2BR, M-2BS, M-2BT, M-2BU, M-2BI, M-2RB*, M-2SB*, M-2TB* and M-2UB*",M-2B,,25,"February 25, 2042",0,
Declining Balances Tables,145,"Class M-2B, M-2BR, M-2BS, M-2BT, M-2BU, M-2BI, M-2RB*, M-2SB*, M-2TB* and M-2UB*",M-2B,,35,"February 25, 2042",0,
Declining Balances Tables,145,"Class M-2B, M-2BR, M-2BS, M-2BT, M-2BU, M-2BI, M-2RB*, M-2SB*, M-2TB* and M-2UB*",M-2BR,,0,"February 25, 2042",100,
Declining Balances Tables,145,"Class M-2B, M-2BR, M-2BS, M-2BT, M-2BU, M-2BI, M-2RB*, M-2SB*, M-2TB* and M-2UB*",M-2BR,,5,"February 25, 2042",0,
Declining Balances Tables,145,"Class M-2B, M-2BR, M-2BS, M-2BT, M-2BU, M-2BI, M-2RB*, M-2SB*, M-2TB* and M-2UB*",M-2BR,,10,"February 25, 2042",0,
Declining Balances Tables,145,"Class M-2B, M-2BR, M-2BS, M-2BT, M-2BU, M-2BI, M-2RB*, M-2SB*, M-2TB* and M-2UB*",M-2BR,,15,"February 25, 2042",0,
Declining Balances Tables,145,"Class M-2B, M-2BR, M-2BS, M-2BT, M-2BU, M-2BI, M-2RB*, M-2SB*, M-2TB* and M-2UB*",M-2BR,,25,"February 25, 2042",0,
Declining Balances Tables,145,"Class M-2B, M-2BR, M-2BS, M-2BT, M-2BU, M-2BI, M-2RB*, M-2SB*, M-2TB* and M-2UB*",M-2BR,,35,"February 25, 2042",0,
Declining Balances Tables,145,"Class M-2B, M-2BR, M-2BS, M-2BT, M-2BU, M-2BI, M-2RB*, M-2SB*, M-2TB* and M-2UB*",M-2BS,,0,"February 25, 2042",100,
Declining Balances Tables,145,"Class M-2B, M-2BR, M-2BS, M-2BT, M-2BU, M-2BI, M-2RB*, M-2SB*, M-2TB* and M-2UB*",M-2BS,,5,"February 25, 2042",0,
Declining Balances Tables,145,"Class M-2B, M-2BR, M-2BS, M-2BT, M-2BU, M-2BI, M-2RB*, M-2SB*, M-2TB* and M-2UB*",M-2BS,,10,"February 25, 2042",0,
Declining Balances Tables,145,"Class M-2B, M-2BR, M-2BS, M-2BT, M-2BU, M-2BI, M-2RB*, M-2SB*, M-2TB* and M-2UB*",M-2BS,,15,"February 25, 2042",0,
Declining Balances Tables,145,"Class M-2B, M-2BR, M-2BS, M-2BT, M-2BU, M-2BI, M-2RB*, M-2SB*, M-2TB* and M-2UB*",M-2BS,,25,"February 25, 2042",0,
Declining Balances Tables,145,"Class M-2B, M-2BR, M-2BS, M-2BT, M-2BU, M-2BI, M-2RB*, M-2SB*, M-2TB* and M-2UB*",M-2BS,,35,"February 25, 2042",0,
Declining Balances Tables,145,"Class M-2B, M-2BR, M-2BS, M-2BT, M-2BU, M-2BI, M-2RB*, M-2SB*, M-2TB* and M-2UB*",M-2BT,,0,"February 25, 2042",100,
Declining Balances Tables,145,"Class M-2B, M-2BR, M-2BS, M-2BT, M-2BU, M-2BI, M-2RB*, M-2SB*, M-2TB* and M-2UB*",M-2BT,,5,"February 25, 2042",0,
Declining Balances Tables,145,"Class M-2B, M-2BR, M-2BS, M-2BT, M-2BU, M-2BI, M-2RB*, M-2SB*, M-2TB* and M-2UB*",M-2BT,,10,"February 25, 2042",0,
Declining Balances Tables,145,"Class M-2B, M-2BR, M-2BS, M-2BT, M-2BU, M-2BI, M-2RB*, M-2SB*, M-2TB* and M-2UB*",M-2BT,,15,"February 25, 2042",0,
Declining Balances Tables,145,"Class M-2B, M-2BR, M-2BS, M-2BT, M-2BU, M-2BI, M-2RB*, M-2SB*, M-2TB* and M-2UB*",M-2BT,,25,"February 25, 2042",0,
Declining Balances Tables,145,"Class M-2B, M-2BR, M-2BS, M-2BT, M-2BU, M-2BI, M-2RB*, M-2SB*, M-2TB* and M-2UB*",M-2BT,,35,"February 25, 2042",0,
Declining Balances Tables,145,"Class M-2B, M-2BR, M-2BS, M-2BT, M-2BU, M-2BI, M-2RB*, M-2SB*, M-2TB* and M-2UB*",M-2BU,,0,"February 25, 2042",100,
Declining Balances Tables,145,"Class M-2B, M-2BR, M-2BS, M-2BT, M-2BU, M-2BI, M-2RB*, M-2SB*, M-2TB* and M-2UB*",M-2BU,,5,"February 25, 2042",0,
Declining Balances Tables,145,"Class M-2B, M-2BR, M-2BS, M-2BT, M-2BU, M-2BI, M-2RB*, M-2SB*, M-2TB* and M-2UB*",M-2BU,,10,"February 25, 2042",0,
Declining Balances Tables,145,"Class M-2B, M-2BR, M-2BS, M-2BT, M-2BU, M-2BI, M-2RB*, M-2SB*, M-2TB* and M-2UB*",M-2BU,,15,"February 25, 2042",0,
Declining Balances Tables,145,"Class M-2B, M-2BR, M-2BS, M-2BT, M-2BU, M-2BI, M-2RB*, M-2SB*, M-2TB* and M-2UB*",M-2BU,,25,"February 25, 2042",0,
Declining Balances Tables,145,"Class M-2B, M-2BR, M-2BS, M-2BT, M-2BU, M-2BI, M-2RB*, M-2SB*, M-2TB* and M-2UB*",M-2BU,,35,"February 25, 2042",0,
Declining Balances Tables,145,"Class M-2B, M-2BR, M-2BS, M-2BT, M-2BU, M-2BI, M-2RB*, M-2SB*, M-2TB* and M-2UB*",M-2BI,,0,"February 25, 2042",100,
Declining Balances Tables,145,"Class M-2B, M-2BR, M-2BS, M-2BT, M-2BU, M-2BI, M-2RB*, M-2SB*, M-2TB* and M-2UB*",M-2BI,,5,"February 25, 2042",0,
Declining Balances Tables,145,"Class M-2B, M-2BR, M-2BS, M-2BT, M-2BU, M-2BI, M-2RB*, M-2SB*, M-2TB* and M-2UB*",M-2BI,,10,"February 25, 2042",0,
Declining Balances Tables,145,"Class M-2B, M-2BR, M-2BS, M-2BT, M-2BU, M-2BI, M-2RB*, M-2SB*, M-2TB* and M-2UB*",M-2BI,,15,"February 25, 2042",0,
Declining Balances Tables,145,"Class M-2B, M-2BR, M-2BS, M-2BT, M-2BU, M-2BI, M-2RB*, M-2SB*, M-2TB* and M-2UB*",M-2BI,,25,"February 25, 2042",0,
Declining Balances Tables,145,"Class M-2B, M-2BR, M-2BS, M-2BT, M-2BU, M-2BI, M-2RB*, M-2SB*, M-2TB* and M-2UB*",M-2BI,,35,"February 25, 2042",0,
Declining Balances Tables,145,"Class M-2B, M-2BR, M-2BS, M-2BT, M-2BU, M-2BI, M-2RB*, M-2SB*, M-2TB* and M-2UB*",M-2RB,*,0,"February 25, 2042",100,
Declining Balances Tables,145,"Class M-2B, M-2BR, M-2BS, M-2BT, M-2BU, M-2BI, M-2RB*, M-2SB*, M-2TB* and M-2UB*",M-2RB,*,5,"February 25, 2042",0,
Declining Balances Tables,145,"Class M-2B, M-2BR, M-2BS, M-2BT, M-2BU, M-2BI, M-2RB*, M-2SB*, M-2TB* and M-2UB*",M-2RB,*,10,"February 25, 2042",0,
Declining Balances Tables,145,"Class M-2B, M-2BR, M-2BS, M-2BT, M-2BU, M-2BI, M-2RB*, M-2SB*, M-2TB* and M-2UB*",M-2RB,*,15,"February 25, 2042",0,
Declining Balances Tables,145,"Class M-2B, M-2BR, M-2BS, M-2BT, M-2BU, M-2BI, M-2RB*, M-2SB*, M-2TB* and M-2UB*",M-2RB,*,25,"February 25, 2042",0,
Declining Balances Tables,145,"Class M-2B, M-2BR, M-2BS, M-2BT, M-2BU, M-2BI, M-2RB*, M-2SB*, M-2TB* and M-2UB*",M-2RB,*,35,"February 25, 2042",0,
Declining Balances Tables,145,"Class M-2B, M-2BR, M-2BS, M-2BT, M-2BU, M-2BI, M-2RB*, M-2SB*, M-2TB* and M-2UB*",M-2SB,*,0,"February 25, 2042",100,
Declining Balances Tables,145,"Class M-2B, M-2BR, M-2BS, M-2BT, M-2BU, M-2BI, M-2RB*, M-2SB*, M-2TB* and M-2UB*",M-2SB,*,5,"February 25, 2042",0,
Declining Balances Tables,145,"Class M-2B, M-2BR, M-2BS, M-2BT, M-2BU, M-2BI, M-2RB*, M-2SB*, M-2TB* and M-2UB*",M-2SB,*,10,"February 25, 2042",0,
Declining Balances Tables,145,"Class M-2B, M-2BR, M-2BS, M-2BT, M-2BU, M-2BI, M-2RB*, M-2SB*, M-2TB* and M-2UB*",M-2SB,*,15,"February 25, 2042",0,
Declining Balances Tables,145,"Class M-2B, M-2BR, M-2BS, M-2BT, M-2BU, M-2BI, M-2RB*, M-2SB*, M-2TB* and M-2UB*",M-2SB,*,25,"February 25, 2042",0,
Declining Balances Tables,145,"Class M-2B, M-2BR, M-2BS, M-2BT, M-2BU, M-2BI, M-2RB*, M-2SB*, M-2TB* and M-2UB*",M-2SB,*,35,"February 25, 2042",0,
Declining Balances Tables,145,"Class M-2B, M-2BR, M-2BS, M-2BT, M-2BU, M-2BI, M-2RB*, M-2SB*, M-2TB* and M-2UB*",M-2TB,*,0,"February 25, 2042",100,
Declining Balances Tables,145,"Class M-2B, M-2BR, M-2BS, M-2BT, M-2BU, M-2BI, M-2RB*, M-2SB*, M-2TB* and M-2UB*",M-2TB,*,5,"February 25, 2042",0,
Declining Balances Tables,145,"Class M-2B, M-2BR, M-2BS, M-2BT, M-2BU, M-2BI, M-2RB*, M-2SB*, M-2TB* and M-2UB*",M-2TB,*,10,"February 25, 2042",0,
Declining Balances Tables,145,"Class M-2B, M-2BR, M-2BS, M-2BT, M-2BU, M-2BI, M-2RB*, M-2SB*, M-2TB* and M-2UB*",M-2TB,*,15,"February 25, 2042",0,
Declining Balances Tables,145,"Class M-2B, M-2BR, M-2BS, M-2BT, M-2BU, M-2BI, M-2RB*, M-2SB*, M-2TB* and M-2UB*",M-2TB,*,25,"February 25, 2042",0,
Declining Balances Tables,145,"Class M-2B, M-2BR, M-2BS, M-2BT, M-2BU, M-2BI, M-2RB*, M-2SB*, M-2TB* and M-2UB*",M-2TB,*,35,"February 25, 2042",0,
Declining Balances Tables,145,"Class M-2B, M-2BR, M-2BS, M-2BT, M-2BU, M-2BI, M-2RB*, M-2SB*, M-2TB* and M-2UB*",M-2UB,*,0,"February 25, 2042",100,
Declining Balances Tables,145,"Class M-2B, M-2BR, M-2BS, M-2BT, M-2BU, M-2BI, M-2RB*, M-2SB*, M-2TB* and M-2UB*",M-2UB,*,5,"February 25, 2042",0,
Declining Balances Tables,145,"Class M-2B, M-2BR, M-2BS, M-2BT, M-2BU, M-2BI, M-2RB*, M-2SB*, M-2TB* and M-2UB*",M-2UB,*,10,"February 25, 2042",0,
Declining Balances Tables,145,"Class M-2B, M-2BR, M-2BS, M-2BT, M-2BU, M-2BI, M-2RB*, M-2SB*, M-2TB* and M-2UB*",M-2UB,*,15,"February 25, 2042",0,
Declining Balances Tables,145,"Class M-2B, M-2BR, M-2BS, M-2BT, M-2BU, M-2BI, M-2RB*, M-2SB*, M-2TB* and M-2UB*",M-2UB,*,25,"February 25, 2042",0,
Declining Balances Tables,145,"Class M-2B, M-2BR, M-2BS, M-2BT, M-2BU, M-2BI, M-2RB*, M-2SB*, M-2TB* and M-2UB*",M-2UB,*,35,"February 25, 2042",0,
Declining Balances Tables,145,"Class M-2B, M-2BR, M-2BS, M-2BT, M-2BU, M-2BI, M-2RB*, M-2SB*, M-2TB* and M-2UB*",M-2B,,0,"February 25, 2043",100,
Declining Balances Tables,145,"Class M-2B, M-2BR, M-2BS, M-2BT, M-2BU, M-2BI, M-2RB*, M-2SB*, M-2TB* and M-2UB*",M-2B,,5,"February 25, 2043",0,
Declining Balances Tables,145,"Class M-2B, M-2BR, M-2BS, M-2BT, M-2BU, M-2BI, M-2RB*, M-2SB*, M-2TB* and M-2UB*",M-2B,,10,"February 25, 2043",0,
Declining Balances Tables,145,"Class M-2B, M-2BR, M-2BS, M-2BT, M-2BU, M-2BI, M-2RB*, M-2SB*, M-2TB* and M-2UB*",M-2B,,15,"February 25, 2043",0,
Declining Balances Tables,145,"Class M-2B, M-2BR, M-2BS, M-2BT, M-2BU, M-2BI, M-2RB*, M-2SB*, M-2TB* and M-2UB*",M-2B,,25,"February 25, 2043",0,
Declining Balances Tables,145,"Class M-2B, M-2BR, M-2BS, M-2BT, M-2BU, M-2BI, M-2RB*, M-2SB*, M-2TB* and M-2UB*",M-2B,,35,"February 25, 2043",0,
Declining Balances Tables,145,"Class M-2B, M-2BR, M-2BS, M-2BT, M-2BU, M-2BI, M-2RB*, M-2SB*, M-2TB* and M-2UB*",M-2BR,,0,"February 25, 2043",100,
Declining Balances Tables,145,"Class M-2B, M-2BR, M-2BS, M-2BT, M-2BU, M-2BI, M-2RB*, M-2SB*, M-2TB* and M-2UB*",M-2BR,,5,"February 25, 2043",0,
Declining Balances Tables,145,"Class M-2B, M-2BR, M-2BS, M-2BT, M-2BU, M-2BI, M-2RB*, M-2SB*, M-2TB* and M-2UB*",M-2BR,,10,"February 25, 2043",0,
Declining Balances Tables,145,"Class M-2B, M-2BR, M-2BS, M-2BT, M-2BU, M-2BI, M-2RB*, M-2SB*, M-2TB* and M-2UB*",M-2BR,,15,"February 25, 2043",0,
Declining Balances Tables,145,"Class M-2B, M-2BR, M-2BS, M-2BT, M-2BU, M-2BI, M-2RB*, M-2SB*, M-2TB* and M-2UB*",M-2BR,,25,"February 25, 2043",0,
Declining Balances Tables,145,"Class M-2B, M-2BR, M-2BS, M-2BT, M-2BU, M-2BI, M-2RB*, M-2SB*, M-2TB* and M-2UB*",M-2BR,,35,"February 25, 2043",0,
Declining Balances Tables,145,"Class M-2B, M-2BR, M-2BS, M-2BT, M-2BU, M-2BI, M-2RB*, M-2SB*, M-2TB* and M-2UB*",M-2BS,,0,"February 25, 2043",100,
Declining Balances Tables,145,"Class M-2B, M-2BR, M-2BS, M-2BT, M-2BU, M-2BI, M-2RB*, M-2SB*, M-2TB* and M-2UB*",M-2BS,,5,"February 25, 2043",0,
Declining Balances Tables,145,"Class M-2B, M-2BR, M-2BS, M-2BT, M-2BU, M-2BI, M-2RB*, M-2SB*, M-2TB* and M-2UB*",M-2BS,,10,"February 25, 2043",0,
Declining Balances Tables,145,"Class M-2B, M-2BR, M-2BS, M-2BT, M-2BU, M-2BI, M-2RB*, M-2SB*, M-2TB* and M-2UB*",M-2BS,,15,"February 25, 2043",0,
Declining Balances Tables,145,"Class M-2B, M-2BR, M-2BS, M-2BT, M-2BU, M-2BI, M-2RB*, M-2SB*, M-2TB* and M-2UB*",M-2BS,,25,"February 25, 2043",0,
Declining Balances Tables,145,"Class M-2B, M-2BR, M-2BS, M-2BT, M-2BU, M-2BI, M-2RB*, M-2SB*, M-2TB* and M-2UB*",M-2BS,,35,"February 25, 2043",0,
Declining Balances Tables,145,"Class M-2B, M-2BR, M-2BS, M-2BT, M-2BU, M-2BI, M-2RB*, M-2SB*, M-2TB* and M-2UB*",M-2BT,,0,"February 25, 2043",100,
Declining Balances Tables,145,"Class M-2B, M-2BR, M-2BS, M-2BT, M-2BU, M-2BI, M-2RB*, M-2SB*, M-2TB* and M-2UB*",M-2BT,,5,"February 25, 2043",0,
Declining Balances Tables,145,"Class M-2B, M-2BR, M-2BS, M-2BT, M-2BU, M-2BI, M-2RB*, M-2SB*, M-2TB* and M-2UB*",M-2BT,,10,"February 25, 2043",0,
Declining Balances Tables,145,"Class M-2B, M-2BR, M-2BS, M-2BT, M-2BU, M-2BI, M-2RB*, M-2SB*, M-2TB* and M-2UB*",M-2BT,,15,"February 25, 2043",0,
Declining Balances Tables,145,"Class M-2B, M-2BR, M-2BS, M-2BT, M-2BU, M-2BI, M-2RB*, M-2SB*, M-2TB* and M-2UB*",M-2BT,,25,"February 25, 2043",0,
Declining Balances Tables,145,"Class M-2B, M-2BR, M-2BS, M-2BT, M-2BU, M-2BI, M-2RB*, M-2SB*, M-2TB* and M-2UB*",M-2BT,,35,"February 25, 2043",0,
Declining Balances Tables,145,"Class M-2B, M-2BR, M-2BS, M-2BT, M-2BU, M-2BI, M-2RB*, M-2SB*, M-2TB* and M-2UB*",M-2BU,,0,"February 25, 2043",100,
Declining Balances Tables,145,"Class M-2B, M-2BR, M-2BS, M-2BT, M-2BU, M-2BI, M-2RB*, M-2SB*, M-2TB* and M-2UB*",M-2BU,,5,"February 25, 2043",0,
Declining Balances Tables,145,"Class M-2B, M-2BR, M-2BS, M-2BT, M-2BU, M-2BI, M-2RB*, M-2SB*, M-2TB* and M-2UB*",M-2BU,,10,"February 25, 2043",0,
Declining Balances Tables,145,"Class M-2B, M-2BR, M-2BS, M-2BT, M-2BU, M-2BI, M-2RB*, M-2SB*, M-2TB* and M-2UB*",M-2BU,,15,"February 25, 2043",0,
Declining Balances Tables,145,"Class M-2B, M-2BR, M-2BS, M-2BT, M-2BU, M-2BI, M-2RB*, M-2SB*, M-2TB* and M-2UB*",M-2BU,,25,"February 25, 2043",0,
Declining Balances Tables,145,"Class M-2B, M-2BR, M-2BS, M-2BT, M-2BU, M-2BI, M-2RB*, M-2SB*, M-2TB* and M-2UB*",M-2BU,,35,"February 25, 2043",0,
Declining Balances Tables,145,"Class M-2B, M-2BR, M-2BS, M-2BT, M-2BU, M-2BI, M-2RB*, M-2SB*, M-2TB* and M-2UB*",M-2BI,,0,"February 25, 2043",100,
Declining Balances Tables,145,"Class M-2B, M-2BR, M-2BS, M-2BT, M-2BU, M-2BI, M-2RB*, M-2SB*, M-2TB* and M-2UB*",M-2BI,,5,"February 25, 2043",0,
Declining Balances Tables,145,"Class M-2B, M-2BR, M-2BS, M-2BT, M-2BU, M-2BI, M-2RB*, M-2SB*, M-2TB* and M-2UB*",M-2BI,,10,"February 25, 2043",0,
Declining Balances Tables,145,"Class M-2B, M-2BR, M-2BS, M-2BT, M-2BU, M-2BI, M-2RB*, M-2SB*, M-2TB* and M-2UB*",M-2BI,,15,"February 25, 2043",0,
Declining Balances Tables,145,"Class M-2B, M-2BR, M-2BS, M-2BT, M-2BU, M-2BI, M-2RB*, M-2SB*, M-2TB* and M-2UB*",M-2BI,,25,"February 25, 2043",0,
Declining Balances Tables,145,"Class M-2B, M-2BR, M-2BS, M-2BT, M-2BU, M-2BI, M-2RB*, M-2SB*, M-2TB* and M-2UB*",M-2BI,,35,"February 25, 2043",0,
Declining Balances Tables,145,"Class M-2B, M-2BR, M-2BS, M-2BT, M-2BU, M-2BI, M-2RB*, M-2SB*, M-2TB* and M-2UB*",M-2RB,*,0,"February 25, 2043",100,
Declining Balances Tables,145,"Class M-2B, M-2BR, M-2BS, M-2BT, M-2BU, M-2BI, M-2RB*, M-2SB*, M-2TB* and M-2UB*",M-2RB,*,5,"February 25, 2043",0,
Declining Balances Tables,145,"Class M-2B, M-2BR, M-2BS, M-2BT, M-2BU, M-2BI, M-2RB*, M-2SB*, M-2TB* and M-2UB*",M-2RB,*,10,"February 25, 2043",0,
Declining Balances Tables,145,"Class M-2B, M-2BR, M-2BS, M-2BT, M-2BU, M-2BI, M-2RB*, M-2SB*, M-2TB* and M-2UB*",M-2RB,*,15,"February 25, 2043",0,
Declining Balances Tables,145,"Class M-2B, M-2BR, M-2BS, M-2BT, M-2BU, M-2BI, M-2RB*, M-2SB*, M-2TB* and M-2UB*",M-2RB,*,25,"February 25, 2043",0,
Declining Balances Tables,145,"Class M-2B, M-2BR, M-2BS, M-2BT, M-2BU, M-2BI, M-2RB*, M-2SB*, M-2TB* and M-2UB*",M-2RB,*,35,"February 25, 2043",0,
Declining Balances Tables,145,"Class M-2B, M-2BR, M-2BS, M-2BT, M-2BU, M-2BI, M-2RB*, M-2SB*, M-2TB* and M-2UB*",M-2SB,*,0,"February 25, 2043",100,
Declining Balances Tables,145,"Class M-2B, M-2BR, M-2BS, M-2BT, M-2BU, M-2BI, M-2RB*, M-2SB*, M-2TB* and M-2UB*",M-2SB,*,5,"February 25, 2043",0,
Declining Balances Tables,145,"Class M-2B, M-2BR, M-2BS, M-2BT, M-2BU, M-2BI, M-2RB*, M-2SB*, M-2TB* and M-2UB*",M-2SB,*,10,"February 25, 2043",0,
Declining Balances Tables,145,"Class M-2B, M-2BR, M-2BS, M-2BT, M-2BU, M-2BI, M-2RB*, M-2SB*, M-2TB* and M-2UB*",M-2SB,*,15,"February 25, 2043",0,
Declining Balances Tables,145,"Class M-2B, M-2BR, M-2BS, M-2BT, M-2BU, M-2BI, M-2RB*, M-2SB*, M-2TB* and M-2UB*",M-2SB,*,25,"February 25, 2043",0,
Declining Balances Tables,145,"Class M-2B, M-2BR, M-2BS, M-2BT, M-2BU, M-2BI, M-2RB*, M-2SB*, M-2TB* and M-2UB*",M-2SB,*,35,"February 25, 2043",0,
Declining Balances Tables,145,"Class M-2B, M-2BR, M-2BS, M-2BT, M-2BU, M-2BI, M-2RB*, M-2SB*, M-2TB* and M-2UB*",M-2TB,*,0,"February 25, 2043",100,
Declining Balances Tables,145,"Class M-2B, M-2BR, M-2BS, M-2BT, M-2BU, M-2BI, M-2RB*, M-2SB*, M-2TB* and M-2UB*",M-2TB,*,5,"February 25, 2043",0,
Declining Balances Tables,145,"Class M-2B, M-2BR, M-2BS, M-2BT, M-2BU, M-2BI, M-2RB*, M-2SB*, M-2TB* and M-2UB*",M-2TB,*,10,"February 25, 2043",0,
Declining Balances Tables,145,"Class M-2B, M-2BR, M-2BS, M-2BT, M-2BU, M-2BI, M-2RB*, M-2SB*, M-2TB* and M-2UB*",M-2TB,*,15,"February 25, 2043",0,
Declining Balances Tables,145,"Class M-2B, M-2BR, M-2BS, M-2BT, M-2BU, M-2BI, M-2RB*, M-2SB*, M-2TB* and M-2UB*",M-2TB,*,25,"February 25, 2043",0,
Declining Balances Tables,145,"Class M-2B, M-2BR, M-2BS, M-2BT, M-2BU, M-2BI, M-2RB*, M-2SB*, M-2TB* and M-2UB*",M-2TB,*,35,"February 25, 2043",0,
Declining Balances Tables,145,"Class M-2B, M-2BR, M-2BS, M-2BT, M-2BU, M-2BI, M-2RB*, M-2SB*, M-2TB* and M-2UB*",M-2UB,*,0,"February 25, 2043",100,
Declining Balances Tables,145,"Class M-2B, M-2BR, M-2BS, M-2BT, M-2BU, M-2BI, M-2RB*, M-2SB*, M-2TB* and M-2UB*",M-2UB,*,5,"February 25, 2043",0,
Declining Balances Tables,145,"Class M-2B, M-2BR, M-2BS, M-2BT, M-2BU, M-2BI, M-2RB*, M-2SB*, M-2TB* and M-2UB*",M-2UB,*,10,"February 25, 2043",0,
Declining Balances Tables,145,"Class M-2B, M-2BR, M-2BS, M-2BT, M-2BU, M-2BI, M-2RB*, M-2SB*, M-2TB* and M-2UB*",M-2UB,*,15,"February 25, 2043",0,
Declining Balances Tables,145,"Class M-2B, M-2BR, M-2BS, M-2BT, M-2BU, M-2BI, M-2RB*, M-2SB*, M-2TB* and M-2UB*",M-2UB,*,25,"February 25, 2043",0,
Declining Balances Tables,145,"Class M-2B, M-2BR, M-2BS, M-2BT, M-2BU, M-2BI, M-2RB*, M-2SB*, M-2TB* and M-2UB*",M-2UB,*,35,"February 25, 2043",0,
Declining Balances Tables,145,"Class M-2B, M-2BR, M-2BS, M-2BT, M-2BU, M-2BI, M-2RB*, M-2SB*, M-2TB* and M-2UB*",M-2B,,0,"February 25, 2044",100,
Declining Balances Tables,145,"Class M-2B, M-2BR, M-2BS, M-2BT, M-2BU, M-2BI, M-2RB*, M-2SB*, M-2TB* and M-2UB*",M-2B,,5,"February 25, 2044",0,
Declining Balances Tables,145,"Class M-2B, M-2BR, M-2BS, M-2BT, M-2BU, M-2BI, M-2RB*, M-2SB*, M-2TB* and M-2UB*",M-2B,,10,"February 25, 2044",0,
Declining Balances Tables,145,"Class M-2B, M-2BR, M-2BS, M-2BT, M-2BU, M-2BI, M-2RB*, M-2SB*, M-2TB* and M-2UB*",M-2B,,15,"February 25, 2044",0,
Declining Balances Tables,145,"Class M-2B, M-2BR, M-2BS, M-2BT, M-2BU, M-2BI, M-2RB*, M-2SB*, M-2TB* and M-2UB*",M-2B,,25,"February 25, 2044",0,
Declining Balances Tables,145,"Class M-2B, M-2BR, M-2BS, M-2BT, M-2BU, M-2BI, M-2RB*, M-2SB*, M-2TB* and M-2UB*",M-2B,,35,"February 25, 2044",0,
Declining Balances Tables,145,"Class M-2B, M-2BR, M-2BS, M-2BT, M-2BU, M-2BI, M-2RB*, M-2SB*, M-2TB* and M-2UB*",M-2BR,,0,"February 25, 2044",100,
Declining Balances Tables,145,"Class M-2B, M-2BR, M-2BS, M-2BT, M-2BU, M-2BI, M-2RB*, M-2SB*, M-2TB* and M-2UB*",M-2BR,,5,"February 25, 2044",0,
Declining Balances Tables,145,"Class M-2B, M-2BR, M-2BS, M-2BT, M-2BU, M-2BI, M-2RB*, M-2SB*, M-2TB* and M-2UB*",M-2BR,,10,"February 25, 2044",0,
Declining Balances Tables,145,"Class M-2B, M-2BR, M-2BS, M-2BT, M-2BU, M-2BI, M-2RB*, M-2SB*, M-2TB* and M-2UB*",M-2BR,,15,"February 25, 2044",0,
Declining Balances Tables,145,"Class M-2B, M-2BR, M-2BS, M-2BT, M-2BU, M-2BI, M-2RB*, M-2SB*, M-2TB* and M-2UB*",M-2BR,,25,"February 25, 2044",0,
Declining Balances Tables,145,"Class M-2B, M-2BR, M-2BS, M-2BT, M-2BU, M-2BI, M-2RB*, M-2SB*, M-2TB* and M-2UB*",M-2BR,,35,"February 25, 2044",0,
Declining Balances Tables,145,"Class M-2B, M-2BR, M-2BS, M-2BT, M-2BU, M-2BI, M-2RB*, M-2SB*, M-2TB* and M-2UB*",M-2BS,,0,"February 25, 2044",100,
Declining Balances Tables,145,"Class M-2B, M-2BR, M-2BS, M-2BT, M-2BU, M-2BI, M-2RB*, M-2SB*, M-2TB* and M-2UB*",M-2BS,,5,"February 25, 2044",0,
Declining Balances Tables,145,"Class M-2B, M-2BR, M-2BS, M-2BT, M-2BU, M-2BI, M-2RB*, M-2SB*, M-2TB* and M-2UB*",M-2BS,,10,"February 25, 2044",0,
Declining Balances Tables,145,"Class M-2B, M-2BR, M-2BS, M-2BT, M-2BU, M-2BI, M-2RB*, M-2SB*, M-2TB* and M-2UB*",M-2BS,,15,"February 25, 2044",0,
Declining Balances Tables,145,"Class M-2B, M-2BR, M-2BS, M-2BT, M-2BU, M-2BI, M-2RB*, M-2SB*, M-2TB* and M-2UB*",M-2BS,,25,"February 25, 2044",0,
Declining Balances Tables,145,"Class M-2B, M-2BR, M-2BS, M-2BT, M-2BU, M-2BI, M-2RB*, M-2SB*, M-2TB* and M-2UB*",M-2BS,,35,"February 25, 2044",0,
Declining Balances Tables,145,"Class M-2B, M-2BR, M-2BS, M-2BT, M-2BU, M-2BI, M-2RB*, M-2SB*, M-2TB* and M-2UB*",M-2BT,,0,"February 25, 2044",100,
Declining Balances Tables,145,"Class M-2B, M-2BR, M-2BS, M-2BT, M-2BU, M-2BI, M-2RB*, M-2SB*, M-2TB* and M-2UB*",M-2BT,,5,"February 25, 2044",0,
Declining Balances Tables,145,"Class M-2B, M-2BR, M-2BS, M-2BT, M-2BU, M-2BI, M-2RB*, M-2SB*, M-2TB* and M-2UB*",M-2BT,,10,"February 25, 2044",0,
Declining Balances Tables,145,"Class M-2B, M-2BR, M-2BS, M-2BT, M-2BU, M-2BI, M-2RB*, M-2SB*, M-2TB* and M-2UB*",M-2BT,,15,"February 25, 2044",0,
Declining Balances Tables,145,"Class M-2B, M-2BR, M-2BS, M-2BT, M-2BU, M-2BI, M-2RB*, M-2SB*, M-2TB* and M-2UB*",M-2BT,,25,"February 25, 2044",0,
Declining Balances Tables,145,"Class M-2B, M-2BR, M-2BS, M-2BT, M-2BU, M-2BI, M-2RB*, M-2SB*, M-2TB* and M-2UB*",M-2BT,,35,"February 25, 2044",0,
Declining Balances Tables,145,"Class M-2B, M-2BR, M-2BS, M-2BT, M-2BU, M-2BI, M-2RB*, M-2SB*, M-2TB* and M-2UB*",M-2BU,,0,"February 25, 2044",100,
Declining Balances Tables,145,"Class M-2B, M-2BR, M-2BS, M-2BT, M-2BU, M-2BI, M-2RB*, M-2SB*, M-2TB* and M-2UB*",M-2BU,,5,"February 25, 2044",0,
Declining Balances Tables,145,"Class M-2B, M-2BR, M-2BS, M-2BT, M-2BU, M-2BI, M-2RB*, M-2SB*, M-2TB* and M-2UB*",M-2BU,,10,"February 25, 2044",0,
Declining Balances Tables,145,"Class M-2B, M-2BR, M-2BS, M-2BT, M-2BU, M-2BI, M-2RB*, M-2SB*, M-2TB* and M-2UB*",M-2BU,,15,"February 25, 2044",0,
Declining Balances Tables,145,"Class M-2B, M-2BR, M-2BS, M-2BT, M-2BU, M-2BI, M-2RB*, M-2SB*, M-2TB* and M-2UB*",M-2BU,,25,"February 25, 2044",0,
Declining Balances Tables,145,"Class M-2B, M-2BR, M-2BS, M-2BT, M-2BU, M-2BI, M-2RB*, M-2SB*, M-2TB* and M-2UB*",M-2BU,,35,"February 25, 2044",0,
Declining Balances Tables,145,"Class M-2B, M-2BR, M-2BS, M-2BT, M-2BU, M-2BI, M-2RB*, M-2SB*, M-2TB* and M-2UB*",M-2BI,,0,"February 25, 2044",100,
Declining Balances Tables,145,"Class M-2B, M-2BR, M-2BS, M-2BT, M-2BU, M-2BI, M-2RB*, M-2SB*, M-2TB* and M-2UB*",M-2BI,,5,"February 25, 2044",0,
Declining Balances Tables,145,"Class M-2B, M-2BR, M-2BS, M-2BT, M-2BU, M-2BI, M-2RB*, M-2SB*, M-2TB* and M-2UB*",M-2BI,,10,"February 25, 2044",0,
Declining Balances Tables,145,"Class M-2B, M-2BR, M-2BS, M-2BT, M-2BU, M-2BI, M-2RB*, M-2SB*, M-2TB* and M-2UB*",M-2BI,,15,"February 25, 2044",0,
Declining Balances Tables,145,"Class M-2B, M-2BR, M-2BS, M-2BT, M-2BU, M-2BI, M-2RB*, M-2SB*, M-2TB* and M-2UB*",M-2BI,,25,"February 25, 2044",0,
Declining Balances Tables,145,"Class M-2B, M-2BR, M-2BS, M-2BT, M-2BU, M-2BI, M-2RB*, M-2SB*, M-2TB* and M-2UB*",M-2BI,,35,"February 25, 2044",0,
Declining Balances Tables,145,"Class M-2B, M-2BR, M-2BS, M-2BT, M-2BU, M-2BI, M-2RB*, M-2SB*, M-2TB* and M-2UB*",M-2RB,*,0,"February 25, 2044",100,
Declining Balances Tables,145,"Class M-2B, M-2BR, M-2BS, M-2BT, M-2BU, M-2BI, M-2RB*, M-2SB*, M-2TB* and M-2UB*",M-2RB,*,5,"February 25, 2044",0,
Declining Balances Tables,145,"Class M-2B, M-2BR, M-2BS, M-2BT, M-2BU, M-2BI, M-2RB*, M-2SB*, M-2TB* and M-2UB*",M-2RB,*,10,"February 25, 2044",0,
Declining Balances Tables,145,"Class M-2B, M-2BR, M-2BS, M-2BT, M-2BU, M-2BI, M-2RB*, M-2SB*, M-2TB* and M-2UB*",M-2RB,*,15,"February 25, 2044",0,
Declining Balances Tables,145,"Class M-2B, M-2BR, M-2BS, M-2BT, M-2BU, M-2BI, M-2RB*, M-2SB*, M-2TB* and M-2UB*",M-2RB,*,25,"February 25, 2044",0,
Declining Balances Tables,145,"Class M-2B, M-2BR, M-2BS, M-2BT, M-2BU, M-2BI, M-2RB*, M-2SB*, M-2TB* and M-2UB*",M-2RB,*,35,"February 25, 2044",0,
Declining Balances Tables,145,"Class M-2B, M-2BR, M-2BS, M-2BT, M-2BU, M-2BI, M-2RB*, M-2SB*, M-2TB* and M-2UB*",M-2SB,*,0,"February 25, 2044",100,
Declining Balances Tables,145,"Class M-2B, M-2BR, M-2BS, M-2BT, M-2BU, M-2BI, M-2RB*, M-2SB*, M-2TB* and M-2UB*",M-2SB,*,5,"February 25, 2044",0,
Declining Balances Tables,145,"Class M-2B, M-2BR, M-2BS, M-2BT, M-2BU, M-2BI, M-2RB*, M-2SB*, M-2TB* and M-2UB*",M-2SB,*,10,"February 25, 2044",0,
Declining Balances Tables,145,"Class M-2B, M-2BR, M-2BS, M-2BT, M-2BU, M-2BI, M-2RB*, M-2SB*, M-2TB* and M-2UB*",M-2SB,*,15,"February 25, 2044",0,
Declining Balances Tables,145,"Class M-2B, M-2BR, M-2BS, M-2BT, M-2BU, M-2BI, M-2RB*, M-2SB*, M-2TB* and M-2UB*",M-2SB,*,25,"February 25, 2044",0,
Declining Balances Tables,145,"Class M-2B, M-2BR, M-2BS, M-2BT, M-2BU, M-2BI, M-2RB*, M-2SB*, M-2TB* and M-2UB*",M-2SB,*,35,"February 25, 2044",0,
Declining Balances Tables,145,"Class M-2B, M-2BR, M-2BS, M-2BT, M-2BU, M-2BI, M-2RB*, M-2SB*, M-2TB* and M-2UB*",M-2TB,*,0,"February 25, 2044",100,
Declining Balances Tables,145,"Class M-2B, M-2BR, M-2BS, M-2BT, M-2BU, M-2BI, M-2RB*, M-2SB*, M-2TB* and M-2UB*",M-2TB,*,5,"February 25, 2044",0,
Declining Balances Tables,145,"Class M-2B, M-2BR, M-2BS, M-2BT, M-2BU, M-2BI, M-2RB*, M-2SB*, M-2TB* and M-2UB*",M-2TB,*,10,"February 25, 2044",0,
Declining Balances Tables,145,"Class M-2B, M-2BR, M-2BS, M-2BT, M-2BU, M-2BI, M-2RB*, M-2SB*, M-2TB* and M-2UB*",M-2TB,*,15,"February 25, 2044",0,
Declining Balances Tables,145,"Class M-2B, M-2BR, M-2BS, M-2BT, M-2BU, M-2BI, M-2RB*, M-2SB*, M-2TB* and M-2UB*",M-2TB,*,25,"February 25, 2044",0,
Declining Balances Tables,145,"Class M-2B, M-2BR, M-2BS, M-2BT, M-2BU, M-2BI, M-2RB*, M-2SB*, M-2TB* and M-2UB*",M-2TB,*,35,"February 25, 2044",0,
Declining Balances Tables,145,"Class M-2B, M-2BR, M-2BS, M-2BT, M-2BU, M-2BI, M-2RB*, M-2SB*, M-2TB* and M-2UB*",M-2UB,*,0,"February 25, 2044",100,
Declining Balances Tables,145,"Class M-2B, M-2BR, M-2BS, M-2BT, M-2BU, M-2BI, M-2RB*, M-2SB*, M-2TB* and M-2UB*",M-2UB,*,5,"February 25, 2044",0,
Declining Balances Tables,145,"Class M-2B, M-2BR, M-2BS, M-2BT, M-2BU, M-2BI, M-2RB*, M-2SB*, M-2TB* and M-2UB*",M-2UB,*,10,"February 25, 2044",0,
Declining Balances Tables,145,"Class M-2B, M-2BR, M-2BS, M-2BT, M-2BU, M-2BI, M-2RB*, M-2SB*, M-2TB* and M-2UB*",M-2UB,*,15,"February 25, 2044",0,
Declining Balances Tables,145,"Class M-2B, M-2BR, M-2BS, M-2BT, M-2BU, M-2BI, M-2RB*, M-2SB*, M-2TB* and M-2UB*",M-2UB,*,25,"February 25, 2044",0,
Declining Balances Tables,145,"Class M-2B, M-2BR, M-2BS, M-2BT, M-2BU, M-2BI, M-2RB*, M-2SB*, M-2TB* and M-2UB*",M-2UB,*,35,"February 25, 2044",0,
Declining Balances Tables,145,"Class M-2B, M-2BR, M-2BS, M-2BT, M-2BU, M-2BI, M-2RB*, M-2SB*, M-2TB* and M-2UB*",M-2B,,0,"February 25, 2045",68,
Declining Balances Tables,145,"Class M-2B, M-2BR, M-2BS, M-2BT, M-2BU, M-2BI, M-2RB*, M-2SB*, M-2TB* and M-2UB*",M-2B,,5,"February 25, 2045",0,
Declining Balances Tables,145,"Class M-2B, M-2BR, M-2BS, M-2BT, M-2BU, M-2BI, M-2RB*, M-2SB*, M-2TB* and M-2UB*",M-2B,,10,"February 25, 2045",0,
Declining Balances Tables,145,"Class M-2B, M-2BR, M-2BS, M-2BT, M-2BU, M-2BI, M-2RB*, M-2SB*, M-2TB* and M-2UB*",M-2B,,15,"February 25, 2045",0,
Declining Balances Tables,145,"Class M-2B, M-2BR, M-2BS, M-2BT, M-2BU, M-2BI, M-2RB*, M-2SB*, M-2TB* and M-2UB*",M-2B,,25,"February 25, 2045",0,
Declining Balances Tables,145,"Class M-2B, M-2BR, M-2BS, M-2BT, M-2BU, M-2BI, M-2RB*, M-2SB*, M-2TB* and M-2UB*",M-2B,,35,"February 25, 2045",0,
Declining Balances Tables,145,"Class M-2B, M-2BR, M-2BS, M-2BT, M-2BU, M-2BI, M-2RB*, M-2SB*, M-2TB* and M-2UB*",M-2BR,,0,"February 25, 2045",68,
Declining Balances Tables,145,"Class M-2B, M-2BR, M-2BS, M-2BT, M-2BU, M-2BI, M-2RB*, M-2SB*, M-2TB* and M-2UB*",M-2BR,,5,"February 25, 2045",0,
Declining Balances Tables,145,"Class M-2B, M-2BR, M-2BS, M-2BT, M-2BU, M-2BI, M-2RB*, M-2SB*, M-2TB* and M-2UB*",M-2BR,,10,"February 25, 2045",0,
Declining Balances Tables,145,"Class M-2B, M-2BR, M-2BS, M-2BT, M-2BU, M-2BI, M-2RB*, M-2SB*, M-2TB* and M-2UB*",M-2BR,,15,"February 25, 2045",0,
Declining Balances Tables,145,"Class M-2B, M-2BR, M-2BS, M-2BT, M-2BU, M-2BI, M-2RB*, M-2SB*, M-2TB* and M-2UB*",M-2BR,,25,"February 25, 2045",0,
Declining Balances Tables,145,"Class M-2B, M-2BR, M-2BS, M-2BT, M-2BU, M-2BI, M-2RB*, M-2SB*, M-2TB* and M-2UB*",M-2BR,,35,"February 25, 2045",0,
Declining Balances Tables,145,"Class M-2B, M-2BR, M-2BS, M-2BT, M-2BU, M-2BI, M-2RB*, M-2SB*, M-2TB* and M-2UB*",M-2BS,,0,"February 25, 2045",68,
Declining Balances Tables,145,"Class M-2B, M-2BR, M-2BS, M-2BT, M-2BU, M-2BI, M-2RB*, M-2SB*, M-2TB* and M-2UB*",M-2BS,,5,"February 25, 2045",0,
Declining Balances Tables,145,"Class M-2B, M-2BR, M-2BS, M-2BT, M-2BU, M-2BI, M-2RB*, M-2SB*, M-2TB* and M-2UB*",M-2BS,,10,"February 25, 2045",0,
Declining Balances Tables,145,"Class M-2B, M-2BR, M-2BS, M-2BT, M-2BU, M-2BI, M-2RB*, M-2SB*, M-2TB* and M-2UB*",M-2BS,,15,"February 25, 2045",0,
Declining Balances Tables,145,"Class M-2B, M-2BR, M-2BS, M-2BT, M-2BU, M-2BI, M-2RB*, M-2SB*, M-2TB* and M-2UB*",M-2BS,,25,"February 25, 2045",0,
Declining Balances Tables,145,"Class M-2B, M-2BR, M-2BS, M-2BT, M-2BU, M-2BI, M-2RB*, M-2SB*, M-2TB* and M-2UB*",M-2BS,,35,"February 25, 2045",0,
Declining Balances Tables,145,"Class M-2B, M-2BR, M-2BS, M-2BT, M-2BU, M-2BI, M-2RB*, M-2SB*, M-2TB* and M-2UB*",M-2BT,,0,"February 25, 2045",68,
Declining Balances Tables,145,"Class M-2B, M-2BR, M-2BS, M-2BT, M-2BU, M-2BI, M-2RB*, M-2SB*, M-2TB* and M-2UB*",M-2BT,,5,"February 25, 2045",0,
Declining Balances Tables,145,"Class M-2B, M-2BR, M-2BS, M-2BT, M-2BU, M-2BI, M-2RB*, M-2SB*, M-2TB* and M-2UB*",M-2BT,,10,"February 25, 2045",0,
Declining Balances Tables,145,"Class M-2B, M-2BR, M-2BS, M-2BT, M-2BU, M-2BI, M-2RB*, M-2SB*, M-2TB* and M-2UB*",M-2BT,,15,"February 25, 2045",0,
Declining Balances Tables,145,"Class M-2B, M-2BR, M-2BS, M-2BT, M-2BU, M-2BI, M-2RB*, M-2SB*, M-2TB* and M-2UB*",M-2BT,,25,"February 25, 2045",0,
Declining Balances Tables,145,"Class M-2B, M-2BR, M-2BS, M-2BT, M-2BU, M-2BI, M-2RB*, M-2SB*, M-2TB* and M-2UB*",M-2BT,,35,"February 25, 2045",0,
Declining Balances Tables,145,"Class M-2B, M-2BR, M-2BS, M-2BT, M-2BU, M-2BI, M-2RB*, M-2SB*, M-2TB* and M-2UB*",M-2BU,,0,"February 25, 2045",68,
Declining Balances Tables,145,"Class M-2B, M-2BR, M-2BS, M-2BT, M-2BU, M-2BI, M-2RB*, M-2SB*, M-2TB* and M-2UB*",M-2BU,,5,"February 25, 2045",0,
Declining Balances Tables,145,"Class M-2B, M-2BR, M-2BS, M-2BT, M-2BU, M-2BI, M-2RB*, M-2SB*, M-2TB* and M-2UB*",M-2BU,,10,"February 25, 2045",0,
Declining Balances Tables,145,"Class M-2B, M-2BR, M-2BS, M-2BT, M-2BU, M-2BI, M-2RB*, M-2SB*, M-2TB* and M-2UB*",M-2BU,,15,"February 25, 2045",0,
Declining Balances Tables,145,"Class M-2B, M-2BR, M-2BS, M-2BT, M-2BU, M-2BI, M-2RB*, M-2SB*, M-2TB* and M-2UB*",M-2BU,,25,"February 25, 2045",0,
Declining Balances Tables,145,"Class M-2B, M-2BR, M-2BS, M-2BT, M-2BU, M-2BI, M-2RB*, M-2SB*, M-2TB* and M-2UB*",M-2BU,,35,"February 25, 2045",0,
Declining Balances Tables,145,"Class M-2B, M-2BR, M-2BS, M-2BT, M-2BU, M-2BI, M-2RB*, M-2SB*, M-2TB* and M-2UB*",M-2BI,,0,"February 25, 2045",68,
Declining Balances Tables,145,"Class M-2B, M-2BR, M-2BS, M-2BT, M-2BU, M-2BI, M-2RB*, M-2SB*, M-2TB* and M-2UB*",M-2BI,,5,"February 25, 2045",0,
Declining Balances Tables,145,"Class M-2B, M-2BR, M-2BS, M-2BT, M-2BU, M-2BI, M-2RB*, M-2SB*, M-2TB* and M-2UB*",M-2BI,,10,"February 25, 2045",0,
Declining Balances Tables,145,"Class M-2B, M-2BR, M-2BS, M-2BT, M-2BU, M-2BI, M-2RB*, M-2SB*, M-2TB* and M-2UB*",M-2BI,,15,"February 25, 2045",0,
Declining Balances Tables,145,"Class M-2B, M-2BR, M-2BS, M-2BT, M-2BU, M-2BI, M-2RB*, M-2SB*, M-2TB* and M-2UB*",M-2BI,,25,"February 25, 2045",0,
Declining Balances Tables,145,"Class M-2B, M-2BR, M-2BS, M-2BT, M-2BU, M-2BI, M-2RB*, M-2SB*, M-2TB* and M-2UB*",M-2BI,,35,"February 25, 2045",0,
Declining Balances Tables,145,"Class M-2B, M-2BR, M-2BS, M-2BT, M-2BU, M-2BI, M-2RB*, M-2SB*, M-2TB* and M-2UB*",M-2RB,*,0,"February 25, 2045",68,
Declining Balances Tables,145,"Class M-2B, M-2BR, M-2BS, M-2BT, M-2BU, M-2BI, M-2RB*, M-2SB*, M-2TB* and M-2UB*",M-2RB,*,5,"February 25, 2045",0,
Declining Balances Tables,145,"Class M-2B, M-2BR, M-2BS, M-2BT, M-2BU, M-2BI, M-2RB*, M-2SB*, M-2TB* and M-2UB*",M-2RB,*,10,"February 25, 2045",0,
Declining Balances Tables,145,"Class M-2B, M-2BR, M-2BS, M-2BT, M-2BU, M-2BI, M-2RB*, M-2SB*, M-2TB* and M-2UB*",M-2RB,*,15,"February 25, 2045",0,
Declining Balances Tables,145,"Class M-2B, M-2BR, M-2BS, M-2BT, M-2BU, M-2BI, M-2RB*, M-2SB*, M-2TB* and M-2UB*",M-2RB,*,25,"February 25, 2045",0,
Declining Balances Tables,145,"Class M-2B, M-2BR, M-2BS, M-2BT, M-2BU, M-2BI, M-2RB*, M-2SB*, M-2TB* and M-2UB*",M-2RB,*,35,"February 25, 2045",0,
Declining Balances Tables,145,"Class M-2B, M-2BR, M-2BS, M-2BT, M-2BU, M-2BI, M-2RB*, M-2SB*, M-2TB* and M-2UB*",M-2SB,*,0,"February 25, 2045",68,
Declining Balances Tables,145,"Class M-2B, M-2BR, M-2BS, M-2BT, M-2BU, M-2BI, M-2RB*, M-2SB*, M-2TB* and M-2UB*",M-2SB,*,5,"February 25, 2045",0,
Declining Balances Tables,145,"Class M-2B, M-2BR, M-2BS, M-2BT, M-2BU, M-2BI, M-2RB*, M-2SB*, M-2TB* and M-2UB*",M-2SB,*,10,"February 25, 2045",0,
Declining Balances Tables,145,"Class M-2B, M-2BR, M-2BS, M-2BT, M-2BU, M-2BI, M-2RB*, M-2SB*, M-2TB* and M-2UB*",M-2SB,*,15,"February 25, 2045",0,
Declining Balances Tables,145,"Class M-2B, M-2BR, M-2BS, M-2BT, M-2BU, M-2BI, M-2RB*, M-2SB*, M-2TB* and M-2UB*",M-2SB,*,25,"February 25, 2045",0,
Declining Balances Tables,145,"Class M-2B, M-2BR, M-2BS, M-2BT, M-2BU, M-2BI, M-2RB*, M-2SB*, M-2TB* and M-2UB*",M-2SB,*,35,"February 25, 2045",0,
Declining Balances Tables,145,"Class M-2B, M-2BR, M-2BS, M-2BT, M-2BU, M-2BI, M-2RB*, M-2SB*, M-2TB* and M-2UB*",M-2TB,*,0,"February 25, 2045",68,
Declining Balances Tables,145,"Class M-2B, M-2BR, M-2BS, M-2BT, M-2BU, M-2BI, M-2RB*, M-2SB*, M-2TB* and M-2UB*",M-2TB,*,5,"February 25, 2045",0,
Declining Balances Tables,145,"Class M-2B, M-2BR, M-2BS, M-2BT, M-2BU, M-2BI, M-2RB*, M-2SB*, M-2TB* and M-2UB*",M-2TB,*,10,"February 25, 2045",0,
Declining Balances Tables,145,"Class M-2B, M-2BR, M-2BS, M-2BT, M-2BU, M-2BI, M-2RB*, M-2SB*, M-2TB* and M-2UB*",M-2TB,*,15,"February 25, 2045",0,
Declining Balances Tables,145,"Class M-2B, M-2BR, M-2BS, M-2BT, M-2BU, M-2BI, M-2RB*, M-2SB*, M-2TB* and M-2UB*",M-2TB,*,25,"February 25, 2045",0,
Declining Balances Tables,145,"Class M-2B, M-2BR, M-2BS, M-2BT, M-2BU, M-2BI, M-2RB*, M-2SB*, M-2TB* and M-2UB*",M-2TB,*,35,"February 25, 2045",0,
Declining Balances Tables,145,"Class M-2B, M-2BR, M-2BS, M-2BT, M-2BU, M-2BI, M-2RB*, M-2SB*, M-2TB* and M-2UB*",M-2UB,*,0,"February 25, 2045",68,
Declining Balances Tables,145,"Class M-2B, M-2BR, M-2BS, M-2BT, M-2BU, M-2BI, M-2RB*, M-2SB*, M-2TB* and M-2UB*",M-2UB,*,5,"February 25, 2045",0,
Declining Balances Tables,145,"Class M-2B, M-2BR, M-2BS, M-2BT, M-2BU, M-2BI, M-2RB*, M-2SB*, M-2TB* and M-2UB*",M-2UB,*,10,"February 25, 2045",0,
Declining Balances Tables,145,"Class M-2B, M-2BR, M-2BS, M-2BT, M-2BU, M-2BI, M-2RB*, M-2SB*, M-2TB* and M-2UB*",M-2UB,*,15,"February 25, 2045",0,
Declining Balances Tables,145,"Class M-2B, M-2BR, M-2BS, M-2BT, M-2BU, M-2BI, M-2RB*, M-2SB*, M-2TB* and M-2UB*",M-2UB,*,25,"February 25, 2045",0,
Declining Balances Tables,145,"Class M-2B, M-2BR, M-2BS, M-2BT, M-2BU, M-2BI, M-2RB*, M-2SB*, M-2TB* and M-2UB*",M-2UB,*,35,"February 25, 2045",0,
Declining Balances Tables,145,"Class M-2B, M-2BR, M-2BS, M-2BT, M-2BU, M-2BI, M-2RB*, M-2SB*, M-2TB* and M-2UB*",M-2B,,0,"February 25, 2046",0,
Declining Balances Tables,145,"Class M-2B, M-2BR, M-2BS, M-2BT, M-2BU, M-2BI, M-2RB*, M-2SB*, M-2TB* and M-2UB*",M-2B,,5,"February 25, 2046",0,
Declining Balances Tables,145,"Class M-2B, M-2BR, M-2BS, M-2BT, M-2BU, M-2BI, M-2RB*, M-2SB*, M-2TB* and M-2UB*",M-2B,,10,"February 25, 2046",0,
Declining Balances Tables,145,"Class M-2B, M-2BR, M-2BS, M-2BT, M-2BU, M-2BI, M-2RB*, M-2SB*, M-2TB* and M-2UB*",M-2B,,15,"February 25, 2046",0,
Declining Balances Tables,145,"Class M-2B, M-2BR, M-2BS, M-2BT, M-2BU, M-2BI, M-2RB*, M-2SB*, M-2TB* and M-2UB*",M-2B,,25,"February 25, 2046",0,
Declining Balances Tables,145,"Class M-2B, M-2BR, M-2BS, M-2BT, M-2BU, M-2BI, M-2RB*, M-2SB*, M-2TB* and M-2UB*",M-2B,,35,"February 25, 2046",0,
Declining Balances Tables,145,"Class M-2B, M-2BR, M-2BS, M-2BT, M-2BU, M-2BI, M-2RB*, M-2SB*, M-2TB* and M-2UB*",M-2BR,,0,"February 25, 2046",0,
Declining Balances Tables,145,"Class M-2B, M-2BR, M-2BS, M-2BT, M-2BU, M-2BI, M-2RB*, M-2SB*, M-2TB* and M-2UB*",M-2BR,,5,"February 25, 2046",0,
Declining Balances Tables,145,"Class M-2B, M-2BR, M-2BS, M-2BT, M-2BU, M-2BI, M-2RB*, M-2SB*, M-2TB* and M-2UB*",M-2BR,,10,"February 25, 2046",0,
Declining Balances Tables,145,"Class M-2B, M-2BR, M-2BS, M-2BT, M-2BU, M-2BI, M-2RB*, M-2SB*, M-2TB* and M-2UB*",M-2BR,,15,"February 25, 2046",0,
Declining Balances Tables,145,"Class M-2B, M-2BR, M-2BS, M-2BT, M-2BU, M-2BI, M-2RB*, M-2SB*, M-2TB* and M-2UB*",M-2BR,,25,"February 25, 2046",0,
Declining Balances Tables,145,"Class M-2B, M-2BR, M-2BS, M-2BT, M-2BU, M-2BI, M-2RB*, M-2SB*, M-2TB* and M-2UB*",M-2BR,,35,"February 25, 2046",0,
Declining Balances Tables,145,"Class M-2B, M-2BR, M-2BS, M-2BT, M-2BU, M-2BI, M-2RB*, M-2SB*, M-2TB* and M-2UB*",M-2BS,,0,"February 25, 2046",0,
Declining Balances Tables,145,"Class M-2B, M-2BR, M-2BS, M-2BT, M-2BU, M-2BI, M-2RB*, M-2SB*, M-2TB* and M-2UB*",M-2BS,,5,"February 25, 2046",0,
Declining Balances Tables,145,"Class M-2B, M-2BR, M-2BS, M-2BT, M-2BU, M-2BI, M-2RB*, M-2SB*, M-2TB* and M-2UB*",M-2BS,,10,"February 25, 2046",0,
Declining Balances Tables,145,"Class M-2B, M-2BR, M-2BS, M-2BT, M-2BU, M-2BI, M-2RB*, M-2SB*, M-2TB* and M-2UB*",M-2BS,,15,"February 25, 2046",0,
Declining Balances Tables,145,"Class M-2B, M-2BR, M-2BS, M-2BT, M-2BU, M-2BI, M-2RB*, M-2SB*, M-2TB* and M-2UB*",M-2BS,,25,"February 25, 2046",0,
Declining Balances Tables,145,"Class M-2B, M-2BR, M-2BS, M-2BT, M-2BU, M-2BI, M-2RB*, M-2SB*, M-2TB* and M-2UB*",M-2BS,,35,"February 25, 2046",0,
Declining Balances Tables,145,"Class M-2B, M-2BR, M-2BS, M-2BT, M-2BU, M-2BI, M-2RB*, M-2SB*, M-2TB* and M-2UB*",M-2BT,,0,"February 25, 2046",0,
Declining Balances Tables,145,"Class M-2B, M-2BR, M-2BS, M-2BT, M-2BU, M-2BI, M-2RB*, M-2SB*, M-2TB* and M-2UB*",M-2BT,,5,"February 25, 2046",0,
Declining Balances Tables,145,"Class M-2B, M-2BR, M-2BS, M-2BT, M-2BU, M-2BI, M-2RB*, M-2SB*, M-2TB* and M-2UB*",M-2BT,,10,"February 25, 2046",0,
Declining Balances Tables,145,"Class M-2B, M-2BR, M-2BS, M-2BT, M-2BU, M-2BI, M-2RB*, M-2SB*, M-2TB* and M-2UB*",M-2BT,,15,"February 25, 2046",0,
Declining Balances Tables,145,"Class M-2B, M-2BR, M-2BS, M-2BT, M-2BU, M-2BI, M-2RB*, M-2SB*, M-2TB* and M-2UB*",M-2BT,,25,"February 25, 2046",0,
Declining Balances Tables,145,"Class M-2B, M-2BR, M-2BS, M-2BT, M-2BU, M-2BI, M-2RB*, M-2SB*, M-2TB* and M-2UB*",M-2BT,,35,"February 25, 2046",0,
Declining Balances Tables,145,"Class M-2B, M-2BR, M-2BS, M-2BT, M-2BU, M-2BI, M-2RB*, M-2SB*, M-2TB* and M-2UB*",M-2BU,,0,"February 25, 2046",0,
Declining Balances Tables,145,"Class M-2B, M-2BR, M-2BS, M-2BT, M-2BU, M-2BI, M-2RB*, M-2SB*, M-2TB* and M-2UB*",M-2BU,,5,"February 25, 2046",0,
Declining Balances Tables,145,"Class M-2B, M-2BR, M-2BS, M-2BT, M-2BU, M-2BI, M-2RB*, M-2SB*, M-2TB* and M-2UB*",M-2BU,,10,"February 25, 2046",0,
Declining Balances Tables,145,"Class M-2B, M-2BR, M-2BS, M-2BT, M-2BU, M-2BI, M-2RB*, M-2SB*, M-2TB* and M-2UB*",M-2BU,,15,"February 25, 2046",0,
Declining Balances Tables,145,"Class M-2B, M-2BR, M-2BS, M-2BT, M-2BU, M-2BI, M-2RB*, M-2SB*, M-2TB* and M-2UB*",M-2BU,,25,"February 25, 2046",0,
Declining Balances Tables,145,"Class M-2B, M-2BR, M-2BS, M-2BT, M-2BU, M-2BI, M-2RB*, M-2SB*, M-2TB* and M-2UB*",M-2BU,,35,"February 25, 2046",0,
Declining Balances Tables,145,"Class M-2B, M-2BR, M-2BS, M-2BT, M-2BU, M-2BI, M-2RB*, M-2SB*, M-2TB* and M-2UB*",M-2BI,,0,"February 25, 2046",0,
Declining Balances Tables,145,"Class M-2B, M-2BR, M-2BS, M-2BT, M-2BU, M-2BI, M-2RB*, M-2SB*, M-2TB* and M-2UB*",M-2BI,,5,"February 25, 2046",0,
Declining Balances Tables,145,"Class M-2B, M-2BR, M-2BS, M-2BT, M-2BU, M-2BI, M-2RB*, M-2SB*, M-2TB* and M-2UB*",M-2BI,,10,"February 25, 2046",0,
Declining Balances Tables,145,"Class M-2B, M-2BR, M-2BS, M-2BT, M-2BU, M-2BI, M-2RB*, M-2SB*, M-2TB* and M-2UB*",M-2BI,,15,"February 25, 2046",0,
Declining Balances Tables,145,"Class M-2B, M-2BR, M-2BS, M-2BT, M-2BU, M-2BI, M-2RB*, M-2SB*, M-2TB* and M-2UB*",M-2BI,,25,"February 25, 2046",0,
Declining Balances Tables,145,"Class M-2B, M-2BR, M-2BS, M-2BT, M-2BU, M-2BI, M-2RB*, M-2SB*, M-2TB* and M-2UB*",M-2BI,,35,"February 25, 2046",0,
Declining Balances Tables,145,"Class M-2B, M-2BR, M-2BS, M-2BT, M-2BU, M-2BI, M-2RB*, M-2SB*, M-2TB* and M-2UB*",M-2RB,*,0,"February 25, 2046",0,
Declining Balances Tables,145,"Class M-2B, M-2BR, M-2BS, M-2BT, M-2BU, M-2BI, M-2RB*, M-2SB*, M-2TB* and M-2UB*",M-2RB,*,5,"February 25, 2046",0,
Declining Balances Tables,145,"Class M-2B, M-2BR, M-2BS, M-2BT, M-2BU, M-2BI, M-2RB*, M-2SB*, M-2TB* and M-2UB*",M-2RB,*,10,"February 25, 2046",0,
Declining Balances Tables,145,"Class M-2B, M-2BR, M-2BS, M-2BT, M-2BU, M-2BI, M-2RB*, M-2SB*, M-2TB* and M-2UB*",M-2RB,*,15,"February 25, 2046",0,
Declining Balances Tables,145,"Class M-2B, M-2BR, M-2BS, M-2BT, M-2BU, M-2BI, M-2RB*, M-2SB*, M-2TB* and M-2UB*",M-2RB,*,25,"February 25, 2046",0,
Declining Balances Tables,145,"Class M-2B, M-2BR, M-2BS, M-2BT, M-2BU, M-2BI, M-2RB*, M-2SB*, M-2TB* and M-2UB*",M-2RB,*,35,"February 25, 2046",0,
Declining Balances Tables,145,"Class M-2B, M-2BR, M-2BS, M-2BT, M-2BU, M-2BI, M-2RB*, M-2SB*, M-2TB* and M-2UB*",M-2SB,*,0,"February 25, 2046",0,
Declining Balances Tables,145,"Class M-2B, M-2BR, M-2BS, M-2BT, M-2BU, M-2BI, M-2RB*, M-2SB*, M-2TB* and M-2UB*",M-2SB,*,5,"February 25, 2046",0,
Declining Balances Tables,145,"Class M-2B, M-2BR, M-2BS, M-2BT, M-2BU, M-2BI, M-2RB*, M-2SB*, M-2TB* and M-2UB*",M-2SB,*,10,"February 25, 2046",0,
Declining Balances Tables,145,"Class M-2B, M-2BR, M-2BS, M-2BT, M-2BU, M-2BI, M-2RB*, M-2SB*, M-2TB* and M-2UB*",M-2SB,*,15,"February 25, 2046",0,
Declining Balances Tables,145,"Class M-2B, M-2BR, M-2BS, M-2BT, M-2BU, M-2BI, M-2RB*, M-2SB*, M-2TB* and M-2UB*",M-2SB,*,25,"February 25, 2046",0,
Declining Balances Tables,145,"Class M-2B, M-2BR, M-2BS, M-2BT, M-2BU, M-2BI, M-2RB*, M-2SB*, M-2TB* and M-2UB*",M-2SB,*,35,"February 25, 2046",0,
Declining Balances Tables,145,"Class M-2B, M-2BR, M-2BS, M-2BT, M-2BU, M-2BI, M-2RB*, M-2SB*, M-2TB* and M-2UB*",M-2TB,*,0,"February 25, 2046",0,
Declining Balances Tables,145,"Class M-2B, M-2BR, M-2BS, M-2BT, M-2BU, M-2BI, M-2RB*, M-2SB*, M-2TB* and M-2UB*",M-2TB,*,5,"February 25, 2046",0,
Declining Balances Tables,145,"Class M-2B, M-2BR, M-2BS, M-2BT, M-2BU, M-2BI, M-2RB*, M-2SB*, M-2TB* and M-2UB*",M-2TB,*,10,"February 25, 2046",0,
Declining Balances Tables,145,"Class M-2B, M-2BR, M-2BS, M-2BT, M-2BU, M-2BI, M-2RB*, M-2SB*, M-2TB* and M-2UB*",M-2TB,*,15,"February 25, 2046",0,
Declining Balances Tables,145,"Class M-2B, M-2BR, M-2BS, M-2BT, M-2BU, M-2BI, M-2RB*, M-2SB*, M-2TB* and M-2UB*",M-2TB,*,25,"February 25, 2046",0,
Declining Balances Tables,145,"Class M-2B, M-2BR, M-2BS, M-2BT, M-2BU, M-2BI, M-2RB*, M-2SB*, M-2TB* and M-2UB*",M-2TB,*,35,"February 25, 2046",0,
Declining Balances Tables,145,"Class M-2B, M-2BR, M-2BS, M-2BT, M-2BU, M-2BI, M-2RB*, M-2SB*, M-2TB* and M-2UB*",M-2UB,*,0,"February 25, 2046",0,
Declining Balances Tables,145,"Class M-2B, M-2BR, M-2BS, M-2BT, M-2BU, M-2BI, M-2RB*, M-2SB*, M-2TB* and M-2UB*",M-2UB,*,5,"February 25, 2046",0,
Declining Balances Tables,145,"Class M-2B, M-2BR, M-2BS, M-2BT, M-2BU, M-2BI, M-2RB*, M-2SB*, M-2TB* and M-2UB*",M-2UB,*,10,"February 25, 2046",0,
Declining Balances Tables,145,"Class M-2B, M-2BR, M-2BS, M-2BT, M-2BU, M-2BI, M-2RB*, M-2SB*, M-2TB* and M-2UB*",M-2UB,*,15,"February 25, 2046",0,
Declining Balances Tables,145,"Class M-2B, M-2BR, M-2BS, M-2BT, M-2BU, M-2BI, M-2RB*, M-2SB*, M-2TB* and M-2UB*",M-2UB,*,25,"February 25, 2046",0,
Declining Balances Tables,145,"Class M-2B, M-2BR, M-2BS, M-2BT, M-2BU, M-2BI, M-2RB*, M-2SB*, M-2TB* and M-2UB*",M-2UB,*,35,"February 25, 2046",0,
Declining Balances Tables,145,"Class M-2B, M-2BR, M-2BS, M-2BT, M-2BU, M-2BI, M-2RB*, M-2SB*, M-2TB* and M-2UB*",M-2B,,0,Weighted Average Life (years) to Scheduled Maturity Date,,19.29
Declining Balances Tables,145,"Class M-2B, M-2BR, M-2BS, M-2BT, M-2BU, M-2BI, M-2RB*, M-2SB*, M-2TB* and M-2UB*",M-2B,,5,Weighted Average Life (years) to Scheduled Maturity Date,,8.51
Declining Balances Tables,145,"Class M-2B, M-2BR, M-2BS, M-2BT, M-2BU, M-2BI, M-2RB*, M-2SB*, M-2TB* and M-2UB*",M-2B,,10,Weighted Average Life (years) to Scheduled Maturity Date,,4.81
Declining Balances Tables,145,"Class M-2B, M-2BR, M-2BS, M-2BT, M-2BU, M-2BI, M-2RB*, M-2SB*, M-2TB* and M-2UB*",M-2B,,15,Weighted Average Life (years) to Scheduled Maturity Date,,3.26
Declining Balances Tables,145,"Class M-2B, M-2BR, M-2BS, M-2BT, M-2BU, M-2BI, M-2RB*, M-2SB*, M-2TB* and M-2UB*",M-2B,,25,Weighted Average Life (years) to Scheduled Maturity Date,,1.89
Declining Balances Tables,145,"Class M-2B, M-2BR, M-2BS, M-2BT, M-2BU, M-2BI, M-2RB*, M-2SB*, M-2TB* and M-2UB*",M-2B,,35,Weighted Average Life (years) to Scheduled Maturity Date,,1.28
Declining Balances Tables,145,"Class M-2B, M-2BR, M-2BS, M-2BT, M-2BU, M-2BI, M-2RB*, M-2SB*, M-2TB* and M-2UB*",M-2BR,,0,Weighted Average Life (years) to Scheduled Maturity Date,,19.29
Declining Balances Tables,145,"Class M-2B, M-2BR, M-2BS, M-2BT, M-2BU, M-2BI, M-2RB*, M-2SB*, M-2TB* and M-2UB*",M-2BR,,5,Weighted Average Life (years) to Scheduled Maturity Date,,8.51
Declining Balances Tables,145,"Class M-2B, M-2BR, M-2BS, M-2BT, M-2BU, M-2BI, M-2RB*, M-2SB*, M-2TB* and M-2UB*",M-2BR,,10,Weighted Average Life (years) to Scheduled Maturity Date,,4.81
Declining Balances Tables,145,"Class M-2B, M-2BR, M-2BS, M-2BT, M-2BU, M-2BI, M-2RB*, M-2SB*, M-2TB* and M-2UB*",M-2BR,,15,Weighted Average Life (years) to Scheduled Maturity Date,,3.26
Declining Balances Tables,145,"Class M-2B, M-2BR, M-2BS, M-2BT, M-2BU, M-2BI, M-2RB*, M-2SB*, M-2TB* and M-2UB*",M-2BR,,25,Weighted Average Life (years) to Scheduled Maturity Date,,1.89
Declining Balances Tables,145,"Class M-2B, M-2BR, M-2BS, M-2BT, M-2BU, M-2BI, M-2RB*, M-2SB*, M-2TB* and M-2UB*",M-2BR,,35,Weighted Average Life (years) to Scheduled Maturity Date,,1.28
Declining Balances Tables,145,"Class M-2B, M-2BR, M-2BS, M-2BT, M-2BU, M-2BI, M-2RB*, M-2SB*, M-2TB* and M-2UB*",M-2BS,,0,Weighted Average Life (years) to Scheduled Maturity Date,,19.29
Declining Balances Tables,145,"Class M-2B, M-2BR, M-2BS, M-2BT, M-2BU, M-2BI, M-2RB*, M-2SB*, M-2TB* and M-2UB*",M-2BS,,5,Weighted Average Life (years) to Scheduled Maturity Date,,8.51
Declining Balances Tables,145,"Class M-2B, M-2BR, M-2BS, M-2BT, M-2BU, M-2BI, M-2RB*, M-2SB*, M-2TB* and M-2UB*",M-2BS,,10,Weighted Average Life (years) to Scheduled Maturity Date,,4.81
Declining Balances Tables,145,"Class M-2B, M-2BR, M-2BS, M-2BT, M-2BU, M-2BI, M-2RB*, M-2SB*, M-2TB* and M-2UB*",M-2BS,,15,Weighted Average Life (years) to Scheduled Maturity Date,,3.26
Declining Balances Tables,145,"Class M-2B, M-2BR, M-2BS, M-2BT, M-2BU, M-2BI, M-2RB*, M-2SB*, M-2TB* and M-2UB*",M-2BS,,25,Weighted Average Life (years) to Scheduled Maturity Date,,1.89
Declining Balances Tables,145,"Class M-2B, M-2BR, M-2BS, M-2BT, M-2BU, M-2BI, M-2RB*, M-2SB*, M-2TB* and M-2UB*",M-2BS,,35,Weighted Average Life (years) to Scheduled Maturity Date,,1.28
Declining Balances Tables,145,"Class M-2B, M-2BR, M-2BS, M-2BT, M-2BU, M-2BI, M-2RB*, M-2SB*, M-2TB* and M-2UB*",M-2BT,,0,Weighted Average Life (years) to Scheduled Maturity Date,,19.29
Declining Balances Tables,145,"Class M-2B, M-2BR, M-2BS, M-2BT, M-2BU, M-2BI, M-2RB*, M-2SB*, M-2TB* and M-2UB*",M-2BT,,5,Weighted Average Life (years) to Scheduled Maturity Date,,8.51
Declining Balances Tables,145,"Class M-2B, M-2BR, M-2BS, M-2BT, M-2BU, M-2BI, M-2RB*, M-2SB*, M-2TB* and M-2UB*",M-2BT,,10,Weighted Average Life (years) to Scheduled Maturity Date,,4.81
Declining Balances Tables,145,"Class M-2B, M-2BR, M-2BS, M-2BT, M-2BU, M-2BI, M-2RB*, M-2SB*, M-2TB* and M-2UB*",M-2BT,,15,Weighted Average Life (years) to Scheduled Maturity Date,,3.26
Declining Balances Tables,145,"Class M-2B, M-2BR, M-2BS, M-2BT, M-2BU, M-2BI, M-2RB*, M-2SB*, M-2TB* and M-2UB*",M-2BT,,25,Weighted Average Life (years) to Scheduled Maturity Date,,1.89
Declining Balances Tables,145,"Class M-2B, M-2BR, M-2BS, M-2BT, M-2BU, M-2BI, M-2RB*, M-2SB*, M-2TB* and M-2UB*",M-2BT,,35,Weighted Average Life (years) to Scheduled Maturity Date,,1.28
Declining Balances Tables,145,"Class M-2B, M-2BR, M-2BS, M-2BT, M-2BU, M-2BI, M-2RB*, M-2SB*, M-2TB* and M-2UB*",M-2BU,,0,Weighted Average Life (years) to Scheduled Maturity Date,,19.29
Declining Balances Tables,145,"Class M-2B, M-2BR, M-2BS, M-2BT, M-2BU, M-2BI, M-2RB*, M-2SB*, M-2TB* and M-2UB*",M-2BU,,5,Weighted Average Life (years) to Scheduled Maturity Date,,8.51
Declining Balances Tables,145,"Class M-2B, M-2BR, M-2BS, M-2BT, M-2BU, M-2BI, M-2RB*, M-2SB*, M-2TB* and M-2UB*",M-2BU,,10,Weighted Average Life (years) to Scheduled Maturity Date,,4.81
Declining Balances Tables,145,"Class M-2B, M-2BR, M-2BS, M-2BT, M-2BU, M-2BI, M-2RB*, M-2SB*, M-2TB* and M-2UB*",M-2BU,,15,Weighted Average Life (years) to Scheduled Maturity Date,,3.26
Declining Balances Tables,145,"Class M-2B, M-2BR, M-2BS, M-2BT, M-2BU, M-2BI, M-2RB*, M-2SB*, M-2TB* and M-2UB*",M-2BU,,25,Weighted Average Life (years) to Scheduled Maturity Date,,1.89
Declining Balances Tables,145,"Class M-2B, M-2BR, M-2BS, M-2BT, M-2BU, M-2BI, M-2RB*, M-2SB*, M-2TB* and M-2UB*",M-2BU,,35,Weighted Average Life (years) to Scheduled Maturity Date,,1.28
Declining Balances Tables,145,"Class M-2B, M-2BR, M-2BS, M-2BT, M-2BU, M-2BI, M-2RB*, M-2SB*, M-2TB* and M-2UB*",M-2BI,,0,Weighted Average Life (years) to Scheduled Maturity Date,,19.29
Declining Balances Tables,145,"Class M-2B, M-2BR, M-2BS, M-2BT, M-2BU, M-2BI, M-2RB*, M-2SB*, M-2TB* and M-2UB*",M-2BI,,5,Weighted Average Life (years) to Scheduled Maturity Date,,8.51
Declining Balances Tables,145,"Class M-2B, M-2BR, M-2BS, M-2BT, M-2BU, M-2BI, M-2RB*, M-2SB*, M-2TB* and M-2UB*",M-2BI,,10,Weighted Average Life (years) to Scheduled Maturity Date,,4.81
Declining Balances Tables,145,"Class M-2B, M-2BR, M-2BS, M-2BT, M-2BU, M-2BI, M-2RB*, M-2SB*, M-2TB* and M-2UB*",M-2BI,,15,Weighted Average Life (years) to Scheduled Maturity Date,,3.26
Declining Balances Tables,145,"Class M-2B, M-2BR, M-2BS, M-2BT, M-2BU, M-2BI, M-2RB*, M-2SB*, M-2TB* and M-2UB*",M-2BI,,25,Weighted Average Life (years) to Scheduled Maturity Date,,1.89
Declining Balances Tables,145,"Class M-2B, M-2BR, M-2BS, M-2BT, M-2BU, M-2BI, M-2RB*, M-2SB*, M-2TB* and M-2UB*",M-2BI,,35,Weighted Average Life (years) to Scheduled Maturity Date,,1.28
Declining Balances Tables,145,"Class M-2B, M-2BR, M-2BS, M-2BT, M-2BU, M-2BI, M-2RB*, M-2SB*, M-2TB* and M-2UB*",M-2RB,*,0,Weighted Average Life (years) to Scheduled Maturity Date,,19.29
Declining Balances Tables,145,"Class M-2B, M-2BR, M-2BS, M-2BT, M-2BU, M-2BI, M-2RB*, M-2SB*, M-2TB* and M-2UB*",M-2RB,*,5,Weighted Average Life (years) to Scheduled Maturity Date,,8.51
Declining Balances Tables,145,"Class M-2B, M-2BR, M-2BS, M-2BT, M-2BU, M-2BI, M-2RB*, M-2SB*, M-2TB* and M-2UB*",M-2RB,*,10,Weighted Average Life (years) to Scheduled Maturity Date,,4.81
Declining Balances Tables,145,"Class M-2B, M-2BR, M-2BS, M-2BT, M-2BU, M-2BI, M-2RB*, M-2SB*, M-2TB* and M-2UB*",M-2RB,*,15,Weighted Average Life (years) to Scheduled Maturity Date,,3.26
Declining Balances Tables,145,"Class M-2B, M-2BR, M-2BS, M-2BT, M-2BU, M-2BI, M-2RB*, M-2SB*, M-2TB* and M-2UB*",M-2RB,*,25,Weighted Average Life (years) to Scheduled Maturity Date,,1.89
Declining Balances Tables,145,"Class M-2B, M-2BR, M-2BS, M-2BT, M-2BU, M-2BI, M-2RB*, M-2SB*, M-2TB* and M-2UB*",M-2RB,*,35,Weighted Average Life (years) to Scheduled Maturity Date,,1.28
Declining Balances Tables,145,"Class M-2B, M-2BR, M-2BS, M-2BT, M-2BU, M-2BI, M-2RB*, M-2SB*, M-2TB* and M-2UB*",M-2SB,*,0,Weighted Average Life (years) to Scheduled Maturity Date,,19.29
Declining Balances Tables,145,"Class M-2B, M-2BR, M-2BS, M-2BT, M-2BU, M-2BI, M-2RB*, M-2SB*, M-2TB* and M-2UB*",M-2SB,*,5,Weighted Average Life (years) to Scheduled Maturity Date,,8.51
Declining Balances Tables,145,"Class M-2B, M-2BR, M-2BS, M-2BT, M-2BU, M-2BI, M-2RB*, M-2SB*, M-2TB* and M-2UB*",M-2SB,*,10,Weighted Average Life (years) to Scheduled Maturity Date,,4.81
Declining Balances Tables,145,"Class M-2B, M-2BR, M-2BS, M-2BT, M-2BU, M-2BI, M-2RB*, M-2SB*, M-2TB* and M-2UB*",M-2SB,*,15,Weighted Average Life (years) to Scheduled Maturity Date,,3.26
Declining Balances Tables,145,"Class M-2B, M-2BR, M-2BS, M-2BT, M-2BU, M-2BI, M-2RB*, M-2SB*, M-2TB* and M-2UB*",M-2SB,*,25,Weighted Average Life (years) to Scheduled Maturity Date,,1.89
Declining Balances Tables,145,"Class M-2B, M-2BR, M-2BS, M-2BT, M-2BU, M-2BI, M-2RB*, M-2SB*, M-2TB* and M-2UB*",M-2SB,*,35,Weighted Average Life (years) to Scheduled Maturity Date,,1.28
Declining Balances Tables,145,"Class M-2B, M-2BR, M-2BS, M-2BT, M-2BU, M-2BI, M-2RB*, M-2SB*, M-2TB* and M-2UB*",M-2TB,*,0,Weighted Average Life (years) to Scheduled Maturity Date,,19.29
Declining Balances Tables,145,"Class M-2B, M-2BR, M-2BS, M-2BT, M-2BU, M-2BI, M-2RB*, M-2SB*, M-2TB* and M-2UB*",M-2TB,*,5,Weighted Average Life (years) to Scheduled Maturity Date,,8.51
Declining Balances Tables,145,"Class M-2B, M-2BR, M-2BS, M-2BT, M-2BU, M-2BI, M-2RB*, M-2SB*, M-2TB* and M-2UB*",M-2TB,*,10,Weighted Average Life (years) to Scheduled Maturity Date,,4.81
Declining Balances Tables,145,"Class M-2B, M-2BR, M-2BS, M-2BT, M-2BU, M-2BI, M-2RB*, M-2SB*, M-2TB* and M-2UB*",M-2TB,*,15,Weighted Average Life (years) to Scheduled Maturity Date,,3.26
Declining Balances Tables,145,"Class M-2B, M-2BR, M-2BS, M-2BT, M-2BU, M-2BI, M-2RB*, M-2SB*, M-2TB* and M-2UB*",M-2TB,*,25,Weighted Average Life (years) to Scheduled Maturity Date,,1.89
Declining Balances Tables,145,"Class M-2B, M-2BR, M-2BS, M-2BT, M-2BU, M-2BI, M-2RB*, M-2SB*, M-2TB* and M-2UB*",M-2TB,*,35,Weighted Average Life (years) to Scheduled Maturity Date,,1.28
Declining Balances Tables,145,"Class M-2B, M-2BR, M-2BS, M-2BT, M-2BU, M-2BI, M-2RB*, M-2SB*, M-2TB* and M-2UB*",M-2UB,*,0,Weighted Average Life (years) to Scheduled Maturity Date,,19.29
Declining Balances Tables,145,"Class M-2B, M-2BR, M-2BS, M-2BT, M-2BU, M-2BI, M-2RB*, M-2SB*, M-2TB* and M-2UB*",M-2UB,*,5,Weighted Average Life (years) to Scheduled Maturity Date,,8.51
Declining Balances Tables,145,"Class M-2B, M-2BR, M-2BS, M-2BT, M-2BU, M-2BI, M-2RB*, M-2SB*, M-2TB* and M-2UB*",M-2UB,*,10,Weighted Average Life (years) to Scheduled Maturity Date,,4.81
Declining Balances Tables,145,"Class M-2B, M-2BR, M-2BS, M-2BT, M-2BU, M-2BI, M-2RB*, M-2SB*, M-2TB* and M-2UB*",M-2UB,*,15,Weighted Average Life (years) to Scheduled Maturity Date,,3.26
Declining Balances Tables,145,"Class M-2B, M-2BR, M-2BS, M-2BT, M-2BU, M-2BI, M-2RB*, M-2SB*, M-2TB* and M-2UB*",M-2UB,*,25,Weighted Average Life (years) to Scheduled Maturity Date,,1.89
Declining Balances Tables,145,"Class M-2B, M-2BR, M-2BS, M-2BT, M-2BU, M-2BI, M-2RB*, M-2SB*, M-2TB* and M-2UB*",M-2UB,*,35,Weighted Average Life (years) to Scheduled Maturity Date,,1.28
Declining Balances Tables,145,"Class M-2B, M-2BR, M-2BS, M-2BT, M-2BU, M-2BI, M-2RB*, M-2SB*, M-2TB* and M-2UB*",M-2B,,0,Weighted Average Life (years) to Early Redemption Date**,,5.02
Declining Balances Tables,145,"Class M-2B, M-2BR, M-2BS, M-2BT, M-2BU, M-2BI, M-2RB*, M-2SB*, M-2TB* and M-2UB*",M-2B,,5,Weighted Average Life (years) to Early Redemption Date**,,5.02
Declining Balances Tables,145,"Class M-2B, M-2BR, M-2BS, M-2BT, M-2BU, M-2BI, M-2RB*, M-2SB*, M-2TB* and M-2UB*",M-2B,,10,Weighted Average Life (years) to Early Redemption Date**,,4.79
Declining Balances Tables,145,"Class M-2B, M-2BR, M-2BS, M-2BT, M-2BU, M-2BI, M-2RB*, M-2SB*, M-2TB* and M-2UB*",M-2B,,15,Weighted Average Life (years) to Early Redemption Date**,,3.26
Declining Balances Tables,145,"Class M-2B, M-2BR, M-2BS, M-2BT, M-2BU, M-2BI, M-2RB*, M-2SB*, M-2TB* and M-2UB*",M-2B,,25,Weighted Average Life (years) to Early Redemption Date**,,1.89
Declining Balances Tables,145,"Class M-2B, M-2BR, M-2BS, M-2BT, M-2BU, M-2BI, M-2RB*, M-2SB*, M-2TB* and M-2UB*",M-2B,,35,Weighted Average Life (years) to Early Redemption Date**,,1.28
Declining Balances Tables,145,"Class M-2B, M-2BR, M-2BS, M-2BT, M-2BU, M-2BI, M-2RB*, M-2SB*, M-2TB* and M-2UB*",M-2BR,,0,Weighted Average Life (years) to Early Redemption Date**,,5.02
Declining Balances Tables,145,"Class M-2B, M-2BR, M-2BS, M-2BT, M-2BU, M-2BI, M-2RB*, M-2SB*, M-2TB* and M-2UB*",M-2BR,,5,Weighted Average Life (years) to Early Redemption Date**,,5.02
Declining Balances Tables,145,"Class M-2B, M-2BR, M-2BS, M-2BT, M-2BU, M-2BI, M-2RB*, M-2SB*, M-2TB* and M-2UB*",M-2BR,,10,Weighted Average Life (years) to Early Redemption Date**,,4.79
Declining Balances Tables,145,"Class M-2B, M-2BR, M-2BS, M-2BT, M-2BU, M-2BI, M-2RB*, M-2SB*, M-2TB* and M-2UB*",M-2BR,,15,Weighted Average Life (years) to Early Redemption Date**,,3.26
Declining Balances Tables,145,"Class M-2B, M-2BR, M-2BS, M-2BT, M-2BU, M-2BI, M-2RB*, M-2SB*, M-2TB* and M-2UB*",M-2BR,,25,Weighted Average Life (years) to Early Redemption Date**,,1.89
Declining Balances Tables,145,"Class M-2B, M-2BR, M-2BS, M-2BT, M-2BU, M-2BI, M-2RB*, M-2SB*, M-2TB* and M-2UB*",M-2BR,,35,Weighted Average Life (years) to Early Redemption Date**,,1.28
Declining Balances Tables,145,"Class M-2B, M-2BR, M-2BS, M-2BT, M-2BU, M-2BI, M-2RB*, M-2SB*, M-2TB* and M-2UB*",M-2BS,,0,Weighted Average Life (years) to Early Redemption Date**,,5.02
Declining Balances Tables,145,"Class M-2B, M-2BR, M-2BS, M-2BT, M-2BU, M-2BI, M-2RB*, M-2SB*, M-2TB* and M-2UB*",M-2BS,,5,Weighted Average Life (years) to Early Redemption Date**,,5.02
Declining Balances Tables,145,"Class M-2B, M-2BR, M-2BS, M-2BT, M-2BU, M-2BI, M-2RB*, M-2SB*, M-2TB* and M-2UB*",M-2BS,,10,Weighted Average Life (years) to Early Redemption Date**,,4.79
Declining Balances Tables,145,"Class M-2B, M-2BR, M-2BS, M-2BT, M-2BU, M-2BI, M-2RB*, M-2SB*, M-2TB* and M-2UB*",M-2BS,,15,Weighted Average Life (years) to Early Redemption Date**,,3.26
Declining Balances Tables,145,"Class M-2B, M-2BR, M-2BS, M-2BT, M-2BU, M-2BI, M-2RB*, M-2SB*, M-2TB* and M-2UB*",M-2BS,,25,Weighted Average Life (years) to Early Redemption Date**,,1.89
Declining Balances Tables,145,"Class M-2B, M-2BR, M-2BS, M-2BT, M-2BU, M-2BI, M-2RB*, M-2SB*, M-2TB* and M-2UB*",M-2BS,,35,Weighted Average Life (years) to Early Redemption Date**,,1.28
Declining Balances Tables,145,"Class M-2B, M-2BR, M-2BS, M-2BT, M-2BU, M-2BI, M-2RB*, M-2SB*, M-2TB* and M-2UB*",M-2BT,,0,Weighted Average Life (years) to Early Redemption Date**,,5.02
Declining Balances Tables,145,"Class M-2B, M-2BR, M-2BS, M-2BT, M-2BU, M-2BI, M-2RB*, M-2SB*, M-2TB* and M-2UB*",M-2BT,,5,Weighted Average Life (years) to Early Redemption Date**,,5.02
Declining Balances Tables,145,"Class M-2B, M-2BR, M-2BS, M-2BT, M-2BU, M-2BI, M-2RB*, M-2SB*, M-2TB* and M-2UB*",M-2BT,,10,Weighted Average Life (years) to Early Redemption Date**,,4.79
Declining Balances Tables,145,"Class M-2B, M-2BR, M-2BS, M-2BT, M-2BU, M-2BI, M-2RB*, M-2SB*, M-2TB* and M-2UB*",M-2BT,,15,Weighted Average Life (years) to Early Redemption Date**,,3.26
Declining Balances Tables,145,"Class M-2B, M-2BR, M-2BS, M-2BT, M-2BU, M-2BI, M-2RB*, M-2SB*, M-2TB* and M-2UB*",M-2BT,,25,Weighted Average Life (years) to Early Redemption Date**,,1.89
Declining Balances Tables,145,"Class M-2B, M-2BR, M-2BS, M-2BT, M-2BU, M-2BI, M-2RB*, M-2SB*, M-2TB* and M-2UB*",M-2BT,,35,Weighted Average Life (years) to Early Redemption Date**,,1.28
Declining Balances Tables,145,"Class M-2B, M-2BR, M-2BS, M-2BT, M-2BU, M-2BI, M-2RB*, M-2SB*, M-2TB* and M-2UB*",M-2BU,,0,Weighted Average Life (years) to Early Redemption Date**,,5.02
Declining Balances Tables,145,"Class M-2B, M-2BR, M-2BS, M-2BT, M-2BU, M-2BI, M-2RB*, M-2SB*, M-2TB* and M-2UB*",M-2BU,,5,Weighted Average Life (years) to Early Redemption Date**,,5.02
Declining Balances Tables,145,"Class M-2B, M-2BR, M-2BS, M-2BT, M-2BU, M-2BI, M-2RB*, M-2SB*, M-2TB* and M-2UB*",M-2BU,,10,Weighted Average Life (years) to Early Redemption Date**,,4.79
Declining Balances Tables,145,"Class M-2B, M-2BR, M-2BS, M-2BT, M-2BU, M-2BI, M-2RB*, M-2SB*, M-2TB* and M-2UB*",M-2BU,,15,Weighted Average Life (years) to Early Redemption Date**,,3.26
Declining Balances Tables,145,"Class M-2B, M-2BR, M-2BS, M-2BT, M-2BU, M-2BI, M-2RB*, M-2SB*, M-2TB* and M-2UB*",M-2BU,,25,Weighted Average Life (years) to Early Redemption Date**,,1.89
Declining Balances Tables,145,"Class M-2B, M-2BR, M-2BS, M-2BT, M-2BU, M-2BI, M-2RB*, M-2SB*, M-2TB* and M-2UB*",M-2BU,,35,Weighted Average Life (years) to Early Redemption Date**,,1.28
Declining Balances Tables,145,"Class M-2B, M-2BR, M-2BS, M-2BT, M-2BU, M-2BI, M-2RB*, M-2SB*, M-2TB* and M-2UB*",M-2BI,,0,Weighted Average Life (years) to Early Redemption Date**,,5.02
Declining Balances Tables,145,"Class M-2B, M-2BR, M-2BS, M-2BT, M-2BU, M-2BI, M-2RB*, M-2SB*, M-2TB* and M-2UB*",M-2BI,,5,Weighted Average Life (years) to Early Redemption Date**,,5.02
Declining Balances Tables,145,"Class M-2B, M-2BR, M-2BS, M-2BT, M-2BU, M-2BI, M-2RB*, M-2SB*, M-2TB* and M-2UB*",M-2BI,,10,Weighted Average Life (years) to Early Redemption Date**,,4.79
Declining Balances Tables,145,"Class M-2B, M-2BR, M-2BS, M-2BT, M-2BU, M-2BI, M-2RB*, M-2SB*, M-2TB* and M-2UB*",M-2BI,,15,Weighted Average Life (years) to Early Redemption Date**,,3.26
Declining Balances Tables,145,"Class M-2B, M-2BR, M-2BS, M-2BT, M-2BU, M-2BI, M-2RB*, M-2SB*, M-2TB* and M-2UB*",M-2BI,,25,Weighted Average Life (years) to Early Redemption Date**,,1.89
Declining Balances Tables,145,"Class M-2B, M-2BR, M-2BS, M-2BT, M-2BU, M-2BI, M-2RB*, M-2SB*, M-2TB* and M-2UB*",M-2BI,,35,Weighted Average Life (years) to Early Redemption Date**,,1.28
Declining Balances Tables,145,"Class M-2B, M-2BR, M-2BS, M-2BT, M-2BU, M-2BI, M-2RB*, M-2SB*, M-2TB* and M-2UB*",M-2RB,*,0,Weighted Average Life (years) to Early Redemption Date**,,5.02
Declining Balances Tables,145,"Class M-2B, M-2BR, M-2BS, M-2BT, M-2BU, M-2BI, M-2RB*, M-2SB*, M-2TB* and M-2UB*",M-2RB,*,5,Weighted Average Life (years) to Early Redemption Date**,,5.02
Declining Balances Tables,145,"Class M-2B, M-2BR, M-2BS, M-2BT, M-2BU, M-2BI, M-2RB*, M-2SB*, M-2TB* and M-2UB*",M-2RB,*,10,Weighted Average Life (years) to Early Redemption Date**,,4.79
Declining Balances Tables,145,"Class M-2B, M-2BR, M-2BS, M-2BT, M-2BU, M-2BI, M-2RB*, M-2SB*, M-2TB* and M-2UB*",M-2RB,*,15,Weighted Average Life (years) to Early Redemption Date**,,3.26
Declining Balances Tables,145,"Class M-2B, M-2BR, M-2BS, M-2BT, M-2BU, M-2BI, M-2RB*, M-2SB*, M-2TB* and M-2UB*",M-2RB,*,25,Weighted Average Life (years) to Early Redemption Date**,,1.89
Declining Balances Tables,145,"Class M-2B, M-2BR, M-2BS, M-2BT, M-2BU, M-2BI, M-2RB*, M-2SB*, M-2TB* and M-2UB*",M-2RB,*,35,Weighted Average Life (years) to Early Redemption Date**,,1.28
Declining Balances Tables,145,"Class M-2B, M-2BR, M-2BS, M-2BT, M-2BU, M-2BI, M-2RB*, M-2SB*, M-2TB* and M-2UB*",M-2SB,*,0,Weighted Average Life (years) to Early Redemption Date**,,5.02
Declining Balances Tables,145,"Class M-2B, M-2BR, M-2BS, M-2BT, M-2BU, M-2BI, M-2RB*, M-2SB*, M-2TB* and M-2UB*",M-2SB,*,5,Weighted Average Life (years) to Early Redemption Date**,,5.02
Declining Balances Tables,145,"Class M-2B, M-2BR, M-2BS, M-2BT, M-2BU, M-2BI, M-2RB*, M-2SB*, M-2TB* and M-2UB*",M-2SB,*,10,Weighted Average Life (years) to Early Redemption Date**,,4.79
Declining Balances Tables,145,"Class M-2B, M-2BR, M-2BS, M-2BT, M-2BU, M-2BI, M-2RB*, M-2SB*, M-2TB* and M-2UB*",M-2SB,*,15,Weighted Average Life (years) to Early Redemption Date**,,3.26
Declining Balances Tables,145,"Class M-2B, M-2BR, M-2BS, M-2BT, M-2BU, M-2BI, M-2RB*, M-2SB*, M-2TB* and M-2UB*",M-2SB,*,25,Weighted Average Life (years) to Early Redemption Date**,,1.89
Declining Balances Tables,145,"Class M-2B, M-2BR, M-2BS, M-2BT, M-2BU, M-2BI, M-2RB*, M-2SB*, M-2TB* and M-2UB*",M-2SB,*,35,Weighted Average Life (years) to Early Redemption Date**,,1.28
Declining Balances Tables,145,"Class M-2B, M-2BR, M-2BS, M-2BT, M-2BU, M-2BI, M-2RB*, M-2SB*, M-2TB* and M-2UB*",M-2TB,*,0,Weighted Average Life (years) to Early Redemption Date**,,5.02
Declining Balances Tables,145,"Class M-2B, M-2BR, M-2BS, M-2BT, M-2BU, M-2BI, M-2RB*, M-2SB*, M-2TB* and M-2UB*",M-2TB,*,5,Weighted Average Life (years) to Early Redemption Date**,,5.02
Declining Balances Tables,145,"Class M-2B, M-2BR, M-2BS, M-2BT, M-2BU, M-2BI, M-2RB*, M-2SB*, M-2TB* and M-2UB*",M-2TB,*,10,Weighted Average Life (years) to Early Redemption Date**,,4.79
Declining Balances Tables,145,"Class M-2B, M-2BR, M-2BS, M-2BT, M-2BU, M-2BI, M-2RB*, M-2SB*, M-2TB* and M-2UB*",M-2TB,*,15,Weighted Average Life (years) to Early Redemption Date**,,3.26
Declining Balances Tables,145,"Class M-2B, M-2BR, M-2BS, M-2BT, M-2BU, M-2BI, M-2RB*, M-2SB*, M-2TB* and M-2UB*",M-2TB,*,25,Weighted Average Life (years) to Early Redemption Date**,,1.89
Declining Balances Tables,145,"Class M-2B, M-2BR, M-2BS, M-2BT, M-2BU, M-2BI, M-2RB*, M-2SB*, M-2TB* and M-2UB*",M-2TB,*,35,Weighted Average Life (years) to Early Redemption Date**,,1.28
Declining Balances Tables,145,"Class M-2B, M-2BR, M-2BS, M-2BT, M-2BU, M-2BI, M-2RB*, M-2SB*, M-2TB* and M-2UB*",M-2UB,*,0,Weighted Average Life (years) to Early Redemption Date**,,5.02
Declining Balances Tables,145,"Class M-2B, M-2BR, M-2BS, M-2BT, M-2BU, M-2BI, M-2RB*, M-2SB*, M-2TB* and M-2UB*",M-2UB,*,5,Weighted Average Life (years) to Early Redemption Date**,,5.02
Declining Balances Tables,145,"Class M-2B, M-2BR, M-2BS, M-2BT, M-2BU, M-2BI, M-2RB*, M-2SB*, M-2TB* and M-2UB*",M-2UB,*,10,Weighted Average Life (years) to Early Redemption Date**,,4.79
Declining Balances Tables,145,"Class M-2B, M-2BR, M-2BS, M-2BT, M-2BU, M-2BI, M-2RB*, M-2SB*, M-2TB* and M-2UB*",M-2UB,*,15,Weighted Average Life (years) to Early Redemption Date**,,3.26
Declining Balances Tables,145,"Class M-2B, M-2BR, M-2BS, M-2BT, M-2BU, M-2BI, M-2RB*, M-2SB*, M-2TB* and M-2UB*",M-2UB,*,25,Weighted Average Life (years) to Early Redemption Date**,,1.89
Declining Balances Tables,145,"Class M-2B, M-2BR, M-2BS, M-2BT, M-2BU, M-2BI, M-2RB*, M-2SB*, M-2TB* and M-2UB*",M-2UB,*,35,Weighted Average Life (years) to Early Redemption Date**,,1.28
