table_name,page,class_group_as_printed,class,class_footnote,basis,early_redemption,cpr_pct,cer_pct,rm_pct,wal_years
Weighted Average Life Tables,139,Class A-1,A-1,,To Scheduled Maturity Date,no,0,0.00%,0.00%,1.60
Weighted Average Life Tables,139,Class A-1,A-1,,To Scheduled Maturity Date,no,5,0.00%,0.00%,1.59
Weighted Average Life Tables,139,Class A-1,A-1,,To Scheduled Maturity Date,no,10,0.00%,0.00%,1.59
Weighted Average Life Tables,139,Class A-1,A-1,,To Scheduled Maturity Date,no,15,0.00%,0.00%,1.59
Weighted Average Life Tables,139,Class A-1,A-1,,To Scheduled Maturity Date,no,25,0.00%,0.00%,1.59
Weighted Average Life Tables,139,Class A-1,A-1,,To Scheduled Maturity Date,no,35,0.00%,0.00%,1.59
Weighted Average Life Tables,139,Class A-1,A-1,,To Early Redemption Date,yes,0,0.00%,0.00%,1.60
Weighted Average Life Tables,139,Class A-1,A-1,,To Early Redemption Date,yes,5,0.00%,0.00%,1.59
Weighted Average Life Tables,139,Class A-1,A-1,,To Early Redemption Date,yes,10,0.00%,0.00%,1.59
Weighted Average Life Tables,139,Class A-1,A-1,,To Early Redemption Date,yes,15,0.00%,0.00%,1.59
Weighted Average Life Tables,139,Class A-1,A-1,,To Early Redemption Date,yes,25,0.00%,0.00%,1.59
Weighted Average Life Tables,139,Class A-1,A-1,,To Early Redemption Date,yes,35,0.00%,0.00%,1.59
Weighted Average Life Tables,139,Class A-1,A-1,,To Scheduled Maturity Date,no,0,0.25%,0.00%,1.60
Weighted Average Life Tables,139,Class A-1,A-1,,To Scheduled Maturity Date,no,5,0.25%,0.00%,1.59
Weighted Average Life Tables,139,Class A-1,A-1,,To Scheduled Maturity Date,no,10,0.25%,0.00%,1.59
Weighted Average Life Tables,139,Class A-1,A-1,,To Scheduled Maturity Date,no,15,0.25%,0.00%,1.59
Weighted Average Life Tables,139,Class A-1,A-1,,To Scheduled Maturity Date,no,25,0.25%,0.00%,1.59
Weighted Average Life Tables,139,Class A-1,A-1,,To Scheduled Maturity Date,no,35,0.25%,0.00%,1.59
Weighted Average Life Tables,139,Class A-1,A-1,,To Early Redemption Date,yes,0,0.25%,0.00%,1.60
Weighted Average Life Tables,139,Class A-1,A-1,,To Early Redemption Date,yes,5,0.25%,0.00%,1.59
Weighted Average Life Tables,139,Class A-1,A-1,,To Early Redemption Date,yes,10,0.25%,0.00%,1.59
Weighted Average Life Tables,139,Class A-1,A-1,,To Early Redemption Date,yes,15,0.25%,0.00%,1.59
Weighted Average Life Tables,139,Class A-1,A-1,,To Early Redemption Date,yes,25,0.25%,0.00%,1.59
Weighted Average Life Tables,139,Class A-1,A-1,,To Early Redemption Date,yes,35,0.25%,0.00%,1.59
Weighted Average Life Tables,139,Class A-1,A-1,,To Scheduled Maturity Date,no,0,0.50%,0.00%,1.60
Weighted Average Life Tables,139,Class A-1,A-1,,To Scheduled Maturity Date,no,5,0.50%,0.00%,1.59
Weighted Average Life Tables,139,Class A-1,A-1,,To Scheduled Maturity Date,no,10,0.50%,0.00%,1.59
Weighted Average Life Tables,139,Class A-1,A-1,,To Scheduled Maturity Date,no,15,0.50%,0.00%,1.59
Weighted Average Life Tables,139,Class A-1,A-1,,To Scheduled Maturity Date,no,25,0.50%,0.00%,1.59
Weighted Average Life Tables,139,Class A-1,A-1,,To Scheduled Maturity Date,no,35,0.50%,0.00%,1.59
Weighted Average Life Tables,139,Class A-1,A-1,,To Early Redemption Date,yes,0,0.50%,0.00%,1.60
Weighted Average Life Tables,139,Class A-1,A-1,,To Early Redemption Date,yes,5,0.50%,0.00%,1.59
Weighted Average Life Tables,139,Class A-1,A-1,,To Early Redemption Date,yes,10,0.50%,0.00%,1.59
Weighted Average Life Tables,139,Class A-1,A-1,,To Early Redemption Date,yes,15,0.50%,0.00%,1.59
Weighted Average Life Tables,139,Class A-1,A-1,,To Early Redemption Date,yes,25,0.50%,0.00%,1.59
Weighted Average Life Tables,139,Class A-1,A-1,,To Early Redemption Date,yes,35,0.50%,0.00%,1.59
Weighted Average Life Tables,139,Class A-1,A-1,,To Scheduled Maturity Date,no,0,1.00%,0.00%,1.60
Weighted Average Life Tables,139,Class A-1,A-1,,To Scheduled Maturity Date,no,5,1.00%,0.00%,1.59
Weighted Average Life Tables,139,Class A-1,A-1,,To Scheduled Maturity Date,no,10,1.00%,0.00%,1.59
Weighted Average Life Tables,139,Class A-1,A-1,,To Scheduled Maturity Date,no,15,1.00%,0.00%,1.59
Weighted Average Life Tables,139,Class A-1,A-1,,To Scheduled Maturity Date,no,25,1.00%,0.00%,1.59
Weighted Average Life Tables,139,Class A-1,A-1,,To Scheduled Maturity Date,no,35,1.00%,0.00%,1.59
Weighted Average Life Tables,139,Class A-1,A-1,,To Early Redemption Date,yes,0,1.00%,0.00%,1.60
Weighted Average Life Tables,139,Class A-1,A-1,,To Early Redemption Date,yes,5,1.00%,0.00%,1.59
Weighted Average Life Tables,139,Class A-1,A-1,,To Early Redemption Date,yes,10,1.00%,0.00%,1.59
Weighted Average Life Tables,139,Class A-1,A-1,,To Early Redemption Date,yes,15,1.00%,0.00%,1.59
Weighted Average Life Tables,139,Class A-1,A-1,,To Early Redemption Date,yes,25,1.00%,0.00%,1.59
Weighted Average Life Tables,139,Class A-1,A-1,,To Early Redemption Date,yes,35,1.00%,0.00%,1.59
Weighted Average Life Tables,139,Class A-1,A-1,,To Scheduled Maturity Date,no,0,1.50%,0.00%,3.84
Weighted Average Life Tables,139,Class A-1,A-1,,To Scheduled Maturity Date,no,5,1.50%,0.00%,5.18
Weighted Average Life Tables,139,Class A-1,A-1,,To Scheduled Maturity Date,no,10,1.50%,0.00%,1.59
Weighted Average Life Tables,139,Class A-1,A-1,,To Scheduled Maturity Date,no,15,1.50%,0.00%,1.59
Weighted Average Life Tables,139,Class A-1,A-1,,To Scheduled Maturity Date,no,25,1.50%,0.00%,1.59
Weighted Average Life Tables,139,Class A-1,A-1,,To Scheduled Maturity Date,no,35,1.50%,0.00%,1.59
Weighted Average Life Tables,139,Class A-1,A-1,,To Early Redemption Date,yes,0,1.50%,0.00%,2.11
Weighted Average Life Tables,139,Class A-1,A-1,,To Early Redemption Date,yes,5,1.50%,0.00%,2.01
Weighted Average Life Tables,139,Class A-1,A-1,,To Early Redemption Date,yes,10,1.50%,0.00%,1.59
Weighted Average Life Tables,139,Class A-1,A-1,,To Early Redemption Date,yes,15,1.50%,0.00%,1.59
Weighted Average Life Tables,139,Class A-1,A-1,,To Early Redemption Date,yes,25,1.50%,0.00%,1.59
Weighted Average Life Tables,139,Class A-1,A-1,,To Early Redemption Date,yes,35,1.50%,0.00%,1.59
Weighted Average Life Tables,139,Class A-1,A-1,,To Scheduled Maturity Date,no,0,2.50%,0.00%,3.52
Weighted Average Life Tables,139,Class A-1,A-1,,To Scheduled Maturity Date,no,5,2.50%,0.00%,4.25
Weighted Average Life Tables,139,Class A-1,A-1,,To Scheduled Maturity Date,no,10,2.50%,0.00%,6.71
Weighted Average Life Tables,139,Class A-1,A-1,,To Scheduled Maturity Date,no,15,2.50%,0.00%,6.73
Weighted Average Life Tables,139,Class A-1,A-1,,To Scheduled Maturity Date,no,25,2.50%,0.00%,4.28
Weighted Average Life Tables,139,Class A-1,A-1,,To Scheduled Maturity Date,no,35,2.50%,0.00%,2.80
Weighted Average Life Tables,139,Class A-1,A-1,,To Early Redemption Date,yes,0,2.50%,0.00%,2.68
Weighted Average Life Tables,139,Class A-1,A-1,,To Early Redemption Date,yes,5,2.50%,0.00%,2.63
Weighted Average Life Tables,139,Class A-1,A-1,,To Early Redemption Date,yes,10,2.50%,0.00%,2.58
Weighted Average Life Tables,139,Class A-1,A-1,,To Early Redemption Date,yes,15,2.50%,0.00%,2.53
Weighted Average Life Tables,139,Class A-1,A-1,,To Early Redemption Date,yes,25,2.50%,0.00%,2.35
Weighted Average Life Tables,139,Class A-1,A-1,,To Early Redemption Date,yes,35,2.50%,0.00%,2.04
Weighted Average Life Tables,139,Class A-1,A-1,,To Scheduled Maturity Date,no,0,3.00%,0.00%,3.18
Weighted Average Life Tables,139,Class A-1,A-1,,To Scheduled Maturity Date,no,5,3.00%,0.00%,3.77
Weighted Average Life Tables,139,Class A-1,A-1,,To Scheduled Maturity Date,no,10,3.00%,0.00%,4.91
Weighted Average Life Tables,139,Class A-1,A-1,,To Scheduled Maturity Date,no,15,3.00%,0.00%,7.15
Weighted Average Life Tables,139,Class A-1,A-1,,To Scheduled Maturity Date,no,25,3.00%,0.00%,4.70
Weighted Average Life Tables,139,Class A-1,A-1,,To Scheduled Maturity Date,no,35,3.00%,0.00%,3.27
Weighted Average Life Tables,139,Class A-1,A-1,,To Early Redemption Date,yes,0,3.00%,0.00%,2.84
Weighted Average Life Tables,139,Class A-1,A-1,,To Early Redemption Date,yes,5,3.00%,0.00%,2.84
Weighted Average Life Tables,139,Class A-1,A-1,,To Early Redemption Date,yes,10,3.00%,0.00%,2.79
Weighted Average Life Tables,139,Class A-1,A-1,,To Early Redemption Date,yes,15,3.00%,0.00%,2.73
Weighted Average Life Tables,139,Class A-1,A-1,,To Early Redemption Date,yes,25,3.00%,0.00%,2.63
Weighted Average Life Tables,139,Class A-1,A-1,,To Early Redemption Date,yes,35,3.00%,0.00%,2.42
Weighted Average Life Tables,139,Class A-1,A-1,,To Scheduled Maturity Date,no,0,5.00%,0.00%,2.52
Weighted Average Life Tables,139,Class A-1,A-1,,To Scheduled Maturity Date,no,5,5.00%,0.00%,2.78
Weighted Average Life Tables,139,Class A-1,A-1,,To Scheduled Maturity Date,no,10,5.00%,0.00%,3.17
Weighted Average Life Tables,139,Class A-1,A-1,,To Scheduled Maturity Date,no,15,5.00%,0.00%,3.62
Weighted Average Life Tables,139,Class A-1,A-1,,To Scheduled Maturity Date,no,25,5.00%,0.00%,5.46
Weighted Average Life Tables,139,Class A-1,A-1,,To Scheduled Maturity Date,no,35,5.00%,0.00%,3.84
Weighted Average Life Tables,139,Class A-1,A-1,,To Early Redemption Date,yes,0,5.00%,0.00%,2.52
Weighted Average Life Tables,139,Class A-1,A-1,,To Early Redemption Date,yes,5,5.00%,0.00%,2.78
Weighted Average Life Tables,139,Class A-1,A-1,,To Early Redemption Date,yes,10,5.00%,0.00%,3.17
Weighted Average Life Tables,139,Class A-1,A-1,,To Early Redemption Date,yes,15,5.00%,0.00%,3.36
Weighted Average Life Tables,139,Class A-1,A-1,,To Early Redemption Date,yes,25,5.00%,0.00%,3.48
Weighted Average Life Tables,139,Class A-1,A-1,,To Early Redemption Date,yes,35,5.00%,0.00%,2.98
Weighted Average Life Tables,139,Class A-1,A-1,,To Scheduled Maturity Date,no,0,0.00%,0.01%,1.60
Weighted Average Life Tables,139,Class A-1,A-1,,To Scheduled Maturity Date,no,5,0.00%,0.01%,1.59
Weighted Average Life Tables,139,Class A-1,A-1,,To Scheduled Maturity Date,no,10,0.00%,0.01%,1.59
Weighted Average Life Tables,139,Class A-1,A-1,,To Scheduled Maturity Date,no,15,0.00%,0.01%,1.59
Weighted Average Life Tables,139,Class A-1,A-1,,To Scheduled Maturity Date,no,25,0.00%,0.01%,1.59
Weighted Average Life Tables,139,Class A-1,A-1,,To Scheduled Maturity Date,no,35,0.00%,0.01%,1.59
Weighted Average Life Tables,139,Class A-1,A-1,,To Early Redemption Date,yes,0,0.00%,0.01%,1.60
Weighted Average Life Tables,139,Class A-1,A-1,,To Early Redemption Date,yes,5,0.00%,0.01%,1.59
Weighted Average Life Tables,139,Class A-1,A-1,,To Early Redemption Date,yes,10,0.00%,0.01%,1.59
Weighted Average Life Tables,139,Class A-1,A-1,,To Early Redemption Date,yes,15,0.00%,0.01%,1.59
Weighted Average Life Tables,139,Class A-1,A-1,,To Early Redemption Date,yes,25,0.00%,0.01%,1.59
Weighted Average Life Tables,139,Class A-1,A-1,,To Early Redemption Date,yes,35,0.00%,0.01%,1.59
Weighted Average Life Tables,139,Class A-1,A-1,,To Scheduled Maturity Date,no,0,0.50%,0.03%,1.60
Weighted Average Life Tables,139,Class A-1,A-1,,To Scheduled Maturity Date,no,5,0.50%,0.03%,1.59
Weighted Average Life Tables,139,Class A-1,A-1,,To Scheduled Maturity Date,no,10,0.50%,0.03%,1.59
Weighted Average Life Tables,139,Class A-1,A-1,,To Scheduled Maturity Date,no,15,0.50%,0.03%,1.59
Weighted Average Life Tables,139,Class A-1,A-1,,To Scheduled Maturity Date,no,25,0.50%,0.03%,1.59
Weighted Average Life Tables,139,Class A-1,A-1,,To Scheduled Maturity Date,no,35,0.50%,0.03%,1.59
Weighted Average Life Tables,139,Class A-1,A-1,,To Early Redemption Date,yes,0,0.50%,0.03%,1.60
Weighted Average Life Tables,139,Class A-1,A-1,,To Early Redemption Date,yes,5,0.50%,0.03%,1.59
Weighted Average Life Tables,139,Class A-1,A-1,,To Early Redemption Date,yes,10,0.50%,0.03%,1.59
Weighted Average Life Tables,139,Class A-1,A-1,,To Early Redemption Date,yes,15,0.50%,0.03%,1.59
Weighted Average Life Tables,139,Class A-1,A-1,,To Early Redemption Date,yes,25,0.50%,0.03%,1.59
Weighted Average Life Tables,139,Class A-1,A-1,,To Early Redemption Date,yes,35,0.50%,0.03%,1.59
Weighted Average Life Tables,139,Class A-1,A-1,,To Scheduled Maturity Date,no,0,1.00%,0.10%,1.60
Weighted Average Life Tables,139,Class A-1,A-1,,To Scheduled Maturity Date,no,5,1.00%,0.10%,1.59
Weighted Average Life Tables,139,Class A-1,A-1,,To Scheduled Maturity Date,no,10,1.00%,0.10%,1.59
Weighted Average Life Tables,139,Class A-1,A-1,,To Scheduled Maturity Date,no,15,1.00%,0.10%,1.59
Weighted Average Life Tables,139,Class A-1,A-1,,To Scheduled Maturity Date,no,25,1.00%,0.10%,1.59
Weighted Average Life Tables,139,Class A-1,A-1,,To Scheduled Maturity Date,no,35,1.00%,0.10%,1.59
Weighted Average Life Tables,139,Class A-1,A-1,,To Early Redemption Date,yes,0,1.00%,0.10%,1.60
Weighted Average Life Tables,139,Class A-1,A-1,,To Early Redemption Date,yes,5,1.00%,0.10%,1.59
Weighted Average Life Tables,139,Class A-1,A-1,,To Early Redemption Date,yes,10,1.00%,0.10%,1.59
Weighted Average Life Tables,139,Class A-1,A-1,,To Early Redemption Date,yes,15,1.00%,0.10%,1.59
Weighted Average Life Tables,139,Class A-1,A-1,,To Early Redemption Date,yes,25,1.00%,0.10%,1.59
Weighted Average Life Tables,139,Class A-1,A-1,,To Early Redemption Date,yes,35,1.00%,0.10%,1.59
Weighted Average Life Tables,139,Class M-1,M-1,,To Scheduled Maturity Date,no,0,0.00%,0.00%,10.31
Weighted Average Life Tables,139,Class M-1,M-1,,To Scheduled Maturity Date,no,5,0.00%,0.00%,3.20
Weighted Average Life Tables,139,Class M-1,M-1,,To Scheduled Maturity Date,no,10,0.00%,0.00%,1.75
Weighted Average Life Tables,139,Class M-1,M-1,,To Scheduled Maturity Date,no,15,0.00%,0.00%,1.18
Weighted Average Life Tables,139,Class M-1,M-1,,To Scheduled Maturity Date,no,25,0.00%,0.00%,0.68
Weighted Average Life Tables,139,Class M-1,M-1,,To Scheduled Maturity Date,no,35,0.00%,0.00%,0.46
Weighted Average Life Tables,139,Class M-1,M-1,,To Early Redemption Date,yes,0,0.00%,0.00%,4.59
Weighted Average Life Tables,139,Class M-1,M-1,,To Early Redemption Date,yes,5,0.00%,0.00%,3.00
Weighted Average Life Tables,139,Class M-1,M-1,,To Early Redemption Date,yes,10,0.00%,0.00%,1.75
Weighted Average Life Tables,139,Class M-1,M-1,,To Early Redemption Date,yes,15,0.00%,0.00%,1.18
Weighted Average Life Tables,139,Class M-1,M-1,,To Early Redemption Date,yes,25,0.00%,0.00%,0.68
Weighted Average Life Tables,139,Class M-1,M-1,,To Early Redemption Date,yes,35,0.00%,0.00%,0.46
Weighted Average Life Tables,139,Class M-1,M-1,,To Scheduled Maturity Date,no,0,0.25%,0.00%,17.42
Weighted Average Life Tables,139,Class M-1,M-1,,To Scheduled Maturity Date,no,5,0.25%,0.00%,4.40
Weighted Average Life Tables,139,Class M-1,M-1,,To Scheduled Maturity Date,no,10,0.25%,0.00%,2.10
Weighted Average Life Tables,139,Class M-1,M-1,,To Scheduled Maturity Date,no,15,0.25%,0.00%,1.35
Weighted Average Life Tables,139,Class M-1,M-1,,To Scheduled Maturity Date,no,25,0.25%,0.00%,0.76
Weighted Average Life Tables,139,Class M-1,M-1,,To Scheduled Maturity Date,no,35,0.25%,0.00%,0.53
Weighted Average Life Tables,139,Class M-1,M-1,,To Early Redemption Date,yes,0,0.25%,0.00%,5.00
Weighted Average Life Tables,139,Class M-1,M-1,,To Early Redemption Date,yes,5,0.25%,0.00%,3.51
Weighted Average Life Tables,139,Class M-1,M-1,,To Early Redemption Date,yes,10,0.25%,0.00%,2.10
Weighted Average Life Tables,139,Class M-1,M-1,,To Early Redemption Date,yes,15,0.25%,0.00%,1.35
Weighted Average Life Tables,139,Class M-1,M-1,,To Early Redemption Date,yes,25,0.25%,0.00%,0.76
Weighted Average Life Tables,139,Class M-1,M-1,,To Early Redemption Date,yes,35,0.25%,0.00%,0.53
Weighted Average Life Tables,139,Class M-1,M-1,,To Scheduled Maturity Date,no,0,0.50%,0.00%,19.92
Weighted Average Life Tables,139,Class M-1,M-1,,To Scheduled Maturity Date,no,5,0.50%,0.00%,6.85
Weighted Average Life Tables,139,Class M-1,M-1,,To Scheduled Maturity Date,no,10,0.50%,0.00%,2.71
Weighted Average Life Tables,139,Class M-1,M-1,,To Scheduled Maturity Date,no,15,0.50%,0.00%,1.65
Weighted Average Life Tables,139,Class M-1,M-1,,To Scheduled Maturity Date,no,25,0.50%,0.00%,0.88
Weighted Average Life Tables,139,Class M-1,M-1,,To Scheduled Maturity Date,no,35,0.50%,0.00%,0.56
Weighted Average Life Tables,139,Class M-1,M-1,,To Early Redemption Date,yes,0,0.50%,0.00%,5.00
Weighted Average Life Tables,139,Class M-1,M-1,,To Early Redemption Date,yes,5,0.50%,0.00%,4.06
Weighted Average Life Tables,139,Class M-1,M-1,,To Early Redemption Date,yes,10,0.50%,0.00%,2.68
Weighted Average Life Tables,139,Class M-1,M-1,,To Early Redemption Date,yes,15,0.50%,0.00%,1.65
Weighted Average Life Tables,139,Class M-1,M-1,,To Early Redemption Date,yes,25,0.50%,0.00%,0.88
Weighted Average Life Tables,139,Class M-1,M-1,,To Early Redemption Date,yes,35,0.50%,0.00%,0.56
Weighted Average Life Tables,139,Class M-1,M-1,,To Scheduled Maturity Date,no,0,1.00%,0.00%,13.70
Weighted Average Life Tables,139,Class M-1,M-1,,To Scheduled Maturity Date,no,5,1.00%,0.00%,18.86
Weighted Average Life Tables,139,Class M-1,M-1,,To Scheduled Maturity Date,no,10,1.00%,0.00%,12.64
Weighted Average Life Tables,139,Class M-1,M-1,,To Scheduled Maturity Date,no,15,1.00%,0.00%,8.82
Weighted Average Life Tables,139,Class M-1,M-1,,To Scheduled Maturity Date,no,25,1.00%,0.00%,4.58
Weighted Average Life Tables,139,Class M-1,M-1,,To Scheduled Maturity Date,no,35,1.00%,0.00%,2.64
Weighted Average Life Tables,139,Class M-1,M-1,,To Early Redemption Date,yes,0,1.00%,0.00%,5.00
Weighted Average Life Tables,139,Class M-1,M-1,,To Early Redemption Date,yes,5,1.00%,0.00%,4.88
Weighted Average Life Tables,139,Class M-1,M-1,,To Early Redemption Date,yes,10,1.00%,0.00%,4.76
Weighted Average Life Tables,139,Class M-1,M-1,,To Early Redemption Date,yes,15,1.00%,0.00%,4.63
Weighted Average Life Tables,139,Class M-1,M-1,,To Early Redemption Date,yes,25,1.00%,0.00%,3.75
Weighted Average Life Tables,139,Class M-1,M-1,,To Early Redemption Date,yes,35,1.00%,0.00%,2.64
Weighted Average Life Tables,139,Class M-1,M-1,,To Scheduled Maturity Date,no,0,1.50%,0.00%,8.59
Weighted Average Life Tables,139,Class M-1,M-1,,To Scheduled Maturity Date,no,5,1.50%,0.00%,11.78
Weighted Average Life Tables,139,Class M-1,M-1,,To Scheduled Maturity Date,no,10,1.50%,0.00%,14.86
Weighted Average Life Tables,139,Class M-1,M-1,,To Scheduled Maturity Date,no,15,1.50%,0.00%,8.71
Weighted Average Life Tables,139,Class M-1,M-1,,To Scheduled Maturity Date,no,25,1.50%,0.00%,5.12
Weighted Average Life Tables,139,Class M-1,M-1,,To Scheduled Maturity Date,no,35,1.50%,0.00%,3.25
Weighted Average Life Tables,139,Class M-1,M-1,,To Early Redemption Date,yes,0,1.50%,0.00%,5.00
Weighted Average Life Tables,139,Class M-1,M-1,,To Early Redemption Date,yes,5,1.50%,0.00%,4.88
Weighted Average Life Tables,139,Class M-1,M-1,,To Early Redemption Date,yes,10,1.50%,0.00%,4.76
Weighted Average Life Tables,139,Class M-1,M-1,,To Early Redemption Date,yes,15,1.50%,0.00%,4.63
Weighted Average Life Tables,139,Class M-1,M-1,,To Early Redemption Date,yes,25,1.50%,0.00%,4.25
Weighted Average Life Tables,139,Class M-1,M-1,,To Early Redemption Date,yes,35,1.50%,0.00%,3.19
Weighted Average Life Tables,139,Class M-1,M-1,,To Scheduled Maturity Date,no,0,2.50%,0.00%,5.00
Weighted Average Life Tables,139,Class M-1,M-1,,To Scheduled Maturity Date,no,5,2.50%,0.00%,5.87
Weighted Average Life Tables,139,Class M-1,M-1,,To Scheduled Maturity Date,no,10,2.50%,0.00%,7.58
Weighted Average Life Tables,139,Class M-1,M-1,,To Scheduled Maturity Date,no,15,2.50%,0.00%,7.79
Weighted Average Life Tables,139,Class M-1,M-1,,To Scheduled Maturity Date,no,25,2.50%,0.00%,4.19
Weighted Average Life Tables,139,Class M-1,M-1,,To Scheduled Maturity Date,no,35,2.50%,0.00%,3.10
Weighted Average Life Tables,139,Class M-1,M-1,,To Early Redemption Date,yes,0,2.50%,0.00%,4.70
Weighted Average Life Tables,139,Class M-1,M-1,,To Early Redemption Date,yes,5,2.50%,0.00%,4.92
Weighted Average Life Tables,139,Class M-1,M-1,,To Early Redemption Date,yes,10,2.50%,0.00%,5.02
Weighted Average Life Tables,139,Class M-1,M-1,,To Early Redemption Date,yes,15,2.50%,0.00%,5.02
Weighted Average Life Tables,139,Class M-1,M-1,,To Early Redemption Date,yes,25,2.50%,0.00%,4.11
Weighted Average Life Tables,139,Class M-1,M-1,,To Early Redemption Date,yes,35,2.50%,0.00%,3.10
Weighted Average Life Tables,139,Class M-1,M-1,,To Scheduled Maturity Date,no,0,3.00%,0.00%,4.12
Weighted Average Life Tables,139,Class M-1,M-1,,To Scheduled Maturity Date,no,5,3.00%,0.00%,4.69
Weighted Average Life Tables,139,Class M-1,M-1,,To Scheduled Maturity Date,no,10,3.00%,0.00%,5.61
Weighted Average Life Tables,139,Class M-1,M-1,,To Scheduled Maturity Date,no,15,3.00%,0.00%,7.16
Weighted Average Life Tables,139,Class M-1,M-1,,To Scheduled Maturity Date,no,25,3.00%,0.00%,3.88
Weighted Average Life Tables,139,Class M-1,M-1,,To Scheduled Maturity Date,no,35,3.00%,0.00%,2.79
Weighted Average Life Tables,139,Class M-1,M-1,,To Early Redemption Date,yes,0,3.00%,0.00%,4.12
Weighted Average Life Tables,139,Class M-1,M-1,,To Early Redemption Date,yes,5,3.00%,0.00%,4.50
Weighted Average Life Tables,139,Class M-1,M-1,,To Early Redemption Date,yes,10,3.00%,0.00%,4.80
Weighted Average Life Tables,139,Class M-1,M-1,,To Early Redemption Date,yes,15,3.00%,0.00%,4.99
Weighted Average Life Tables,139,Class M-1,M-1,,To Early Redemption Date,yes,25,3.00%,0.00%,3.86
Weighted Average Life Tables,139,Class M-1,M-1,,To Early Redemption Date,yes,35,3.00%,0.00%,2.79
Weighted Average Life Tables,139,Class M-1,M-1,,To Scheduled Maturity Date,no,0,5.00%,0.00%,2.41
Weighted Average Life Tables,139,Class M-1,M-1,,To Scheduled Maturity Date,no,5,5.00%,0.00%,2.59
Weighted Average Life Tables,139,Class M-1,M-1,,To Scheduled Maturity Date,no,10,5.00%,0.00%,2.81
Weighted Average Life Tables,139,Class M-1,M-1,,To Scheduled Maturity Date,no,15,5.00%,0.00%,3.13
Weighted Average Life Tables,139,Class M-1,M-1,,To Scheduled Maturity Date,no,25,5.00%,0.00%,3.79
Weighted Average Life Tables,139,Class M-1,M-1,,To Scheduled Maturity Date,no,35,5.00%,0.00%,2.39
Weighted Average Life Tables,139,Class M-1,M-1,,To Early Redemption Date,yes,0,5.00%,0.00%,2.41
Weighted Average Life Tables,139,Class M-1,M-1,,To Early Redemption Date,yes,5,5.00%,0.00%,2.59
Weighted Average Life Tables,139,Class M-1,M-1,,To Early Redemption Date,yes,10,5.00%,0.00%,2.81
Weighted Average Life Tables,139,Class M-1,M-1,,To Early Redemption Date,yes,15,5.00%,0.00%,3.13
Weighted Average Life Tables,139,Class M-1,M-1,,To Early Redemption Date,yes,25,5.00%,0.00%,3.78
Weighted Average Life Tables,139,Class M-1,M-1,,To Early Redemption Date,yes,35,5.00%,0.00%,2.39
Weighted Average Life Tables,139,Class M-1,M-1,,To Scheduled Maturity Date,no,0,0.00%,0.01%,11.48
Weighted Average Life Tables,139,Class M-1,M-1,,To Scheduled Maturity Date,no,5,0.00%,0.01%,3.41
Weighted Average Life Tables,139,Class M-1,M-1,,To Scheduled Maturity Date,no,10,0.00%,0.01%,1.84
Weighted Average Life Tables,139,Class M-1,M-1,,To Scheduled Maturity Date,no,15,0.00%,0.01%,1.26
Weighted Average Life Tables,139,Class M-1,M-1,,To Scheduled Maturity Date,no,25,0.00%,0.01%,0.75
Weighted Average Life Tables,139,Class M-1,M-1,,To Scheduled Maturity Date,no,35,0.00%,0.01%,0.53
Weighted Average Life Tables,139,Class M-1,M-1,,To Early Redemption Date,yes,0,0.00%,0.01%,4.69
Weighted Average Life Tables,139,Class M-1,M-1,,To Early Redemption Date,yes,5,0.00%,0.01%,3.12
Weighted Average Life Tables,139,Class M-1,M-1,,To Early Redemption Date,yes,10,0.00%,0.01%,1.84
Weighted Average Life Tables,139,Class M-1,M-1,,To Early Redemption Date,yes,15,0.00%,0.01%,1.26
Weighted Average Life Tables,139,Class M-1,M-1,,To Early Redemption Date,yes,25,0.00%,0.01%,0.75
Weighted Average Life Tables,139,Class M-1,M-1,,To Early Redemption Date,yes,35,0.00%,0.01%,0.53
Weighted Average Life Tables,139,Class M-1,M-1,,To Scheduled Maturity Date,no,0,0.50%,0.03%,19.92
Weighted Average Life Tables,139,Class M-1,M-1,,To Scheduled Maturity Date,no,5,0.50%,0.03%,9.76
Weighted Average Life Tables,139,Class M-1,M-1,,To Scheduled Maturity Date,no,10,0.50%,0.03%,4.45
Weighted Average Life Tables,139,Class M-1,M-1,,To Scheduled Maturity Date,no,15,0.50%,0.03%,2.57
Weighted Average Life Tables,139,Class M-1,M-1,,To Scheduled Maturity Date,no,25,0.50%,0.03%,1.14
Weighted Average Life Tables,139,Class M-1,M-1,,To Scheduled Maturity Date,no,35,0.50%,0.03%,0.69
Weighted Average Life Tables,139,Class M-1,M-1,,To Early Redemption Date,yes,0,0.50%,0.03%,5.00
Weighted Average Life Tables,139,Class M-1,M-1,,To Early Redemption Date,yes,5,0.50%,0.03%,4.66
Weighted Average Life Tables,139,Class M-1,M-1,,To Early Redemption Date,yes,10,0.50%,0.03%,3.75
Weighted Average Life Tables,139,Class M-1,M-1,,To Early Redemption Date,yes,15,0.50%,0.03%,2.57
Weighted Average Life Tables,139,Class M-1,M-1,,To Early Redemption Date,yes,25,0.50%,0.03%,1.14
Weighted Average Life Tables,139,Class M-1,M-1,,To Early Redemption Date,yes,35,0.50%,0.03%,0.69
Weighted Average Life Tables,139,Class M-1,M-1,,To Scheduled Maturity Date,no,0,1.00%,0.10%,10.59
Weighted Average Life Tables,139,Class M-1,M-1,,To Scheduled Maturity Date,no,5,1.00%,0.10%,16.69
Weighted Average Life Tables,139,Class M-1,M-1,,To Scheduled Maturity Date,no,10,1.00%,0.10%,12.81
Weighted Average Life Tables,139,Class M-1,M-1,,To Scheduled Maturity Date,no,15,1.00%,0.10%,8.86
Weighted Average Life Tables,139,Class M-1,M-1,,To Scheduled Maturity Date,no,25,1.00%,0.10%,5.18
Weighted Average Life Tables,139,Class M-1,M-1,,To Scheduled Maturity Date,no,35,1.00%,0.10%,3.25
Weighted Average Life Tables,139,Class M-1,M-1,,To Early Redemption Date,yes,0,1.00%,0.10%,5.00
Weighted Average Life Tables,139,Class M-1,M-1,,To Early Redemption Date,yes,5,1.00%,0.10%,4.88
Weighted Average Life Tables,139,Class M-1,M-1,,To Early Redemption Date,yes,10,1.00%,0.10%,4.76
Weighted Average Life Tables,139,Class M-1,M-1,,To Early Redemption Date,yes,15,1.00%,0.10%,4.63
Weighted Average Life Tables,139,Class M-1,M-1,,To Early Redemption Date,yes,25,1.00%,0.10%,4.26
Weighted Average Life Tables,139,Class M-1,M-1,,To Early Redemption Date,yes,35,1.00%,0.10%,3.22
Weighted Average Life Tables,139,"Class M-2, M-2R, M-2S, M-2T, M-2U and M-2I",M-2,,To Scheduled Maturity Date,no,0,0.00%,0.00%,18.64
Weighted Average Life Tables,139,"Class M-2, M-2R, M-2S, M-2T, M-2U and M-2I",M-2,,To Scheduled Maturity Date,no,5,0.00%,0.00%,7.93
Weighted Average Life Tables,139,"Class M-2, M-2R, M-2S, M-2T, M-2U and M-2I",M-2,,To Scheduled Maturity Date,no,10,0.00%,0.00%,4.46
Weighted Average Life Tables,139,"Class M-2, M-2R, M-2S, M-2T, M-2U and M-2I",M-2,,To Scheduled Maturity Date,no,15,0.00%,0.00%,3.02
Weighted Average Life Tables,139,"Class M-2, M-2R, M-2S, M-2T, M-2U and M-2I",M-2,,To Scheduled Maturity Date,no,25,0.00%,0.00%,1.76
Weighted Average Life Tables,139,"Class M-2, M-2R, M-2S, M-2T, M-2U and M-2I",M-2,,To Scheduled Maturity Date,no,35,0.00%,0.00%,1.18
Weighted Average Life Tables,139,"Class M-2, M-2R, M-2S, M-2T, M-2U and M-2I",M-2,,To Early Redemption Date,yes,0,0.00%,0.00%,5.02
Weighted Average Life Tables,139,"Class M-2, M-2R, M-2S, M-2T, M-2U and M-2I",M-2,,To Early Redemption Date,yes,5,0.00%,0.00%,5.02
Weighted Average Life Tables,139,"Class M-2, M-2R, M-2S, M-2T, M-2U and M-2I",M-2,,To Early Redemption Date,yes,10,0.00%,0.00%,4.45
Weighted Average Life Tables,139,"Class M-2, M-2R, M-2S, M-2T, M-2U and M-2I",M-2,,To Early Redemption Date,yes,15,0.00%,0.00%,3.02
Weighted Average Life Tables,139,"Class M-2, M-2R, M-2S, M-2T, M-2U and M-2I",M-2,,To Early Redemption Date,yes,25,0.00%,0.00%,1.76
Weighted Average Life Tables,139,"Class M-2, M-2R, M-2S, M-2T, M-2U and M-2I",M-2,,To Early Redemption Date,yes,35,0.00%,0.00%,1.18
Weighted Average Life Tables,139,"Class M-2, M-2R, M-2S, M-2T, M-2U and M-2I",M-2R,,To Scheduled Maturity Date,no,0,0.00%,0.00%,18.64
Weighted Average Life Tables,139,"Class M-2, M-2R, M-2S, M-2T, M-2U and M-2I",M-2R,,To Scheduled Maturity Date,no,5,0.00%,0.00%,7.93
Weighted Average Life Tables,139,"Class M-2, M-2R, M-2S, M-2T, M-2U and M-2I",M-2R,,To Scheduled Maturity Date,no,10,0.00%,0.00%,4.46
Weighted Average Life Tables,139,"Class M-2, M-2R, M-2S, M-2T, M-2U and M-2I",M-2R,,To Scheduled Maturity Date,no,15,0.00%,0.00%,3.02
Weighted Average Life Tables,139,"Class M-2, M-2R, M-2S, M-2T, M-2U and M-2I",M-2R,,To Scheduled Maturity Date,no,25,0.00%,0.00%,1.76
Weighted Average Life Tables,139,"Class M-2, M-2R, M-2S, M-2T, M-2U and M-2I",M-2R,,To Scheduled Maturity Date,no,35,0.00%,0.00%,1.18
Weighted Average Life Tables,139,"Class M-2, M-2R, M-2S, M-2T, M-2U and M-2I",M-2R,,To Early Redemption Date,yes,0,0.00%,0.00%,5.02
Weighted Average Life Tables,139,"Class M-2, M-2R, M-2S, M-2T, M-2U and M-2I",M-2R,,To Early Redemption Date,yes,5,0.00%,0.00%,5.02
Weighted Average Life Tables,139,"Class M-2, M-2R, M-2S, M-2T, M-2U and M-2I",M-2R,,To Early Redemption Date,yes,10,0.00%,0.00%,4.45
Weighted Average Life Tables,139,"Class M-2, M-2R, M-2S, M-2T, M-2U and M-2I",M-2R,,To Early Redemption Date,yes,15,0.00%,0.00%,3.02
Weighted Average Life Tables,139,"Class M-2, M-2R, M-2S, M-2T, M-2U and M-2I",M-2R,,To Early Redemption Date,yes,25,0.00%,0.00%,1.76
Weighted Average Life Tables,139,"Class M-2, M-2R, M-2S, M-2T, M-2U and M-2I",M-2R,,To Early Redemption Date,yes,35,0.00%,0.00%,1.18
Weighted Average Life Tables,139,"Class M-2, M-2R, M-2S, M-2T, M-2U and M-2I",M-2S,,To Scheduled Maturity Date,no,0,0.00%,0.00%,18.64
Weighted Average Life Tables,139,"Class M-2, M-2R, M-2S, M-2T, M-2U and M-2I",M-2S,,To Scheduled Maturity Date,no,5,0.00%,0.00%,7.93
Weighted Average Life Tables,139,"Class M-2, M-2R, M-2S, M-2T, M-2U and M-2I",M-2S,,To Scheduled Maturity Date,no,10,0.00%,0.00%,4.46
Weighted Average Life Tables,139,"Class M-2, M-2R, M-2S, M-2T, M-2U and M-2I",M-2S,,To Scheduled Maturity Date,no,15,0.00%,0.00%,3.02
Weighted Average Life Tables,139,"Class M-2, M-2R, M-2S, M-2T, M-2U and M-2I",M-2S,,To Scheduled Maturity Date,no,25,0.00%,0.00%,1.76
Weighted Average Life Tables,139,"Class M-2, M-2R, M-2S, M-2T, M-2U and M-2I",M-2S,,To Scheduled Maturity Date,no,35,0.00%,0.00%,1.18
Weighted Average Life Tables,139,"Class M-2, M-2R, M-2S, M-2T, M-2U and M-2I",M-2S,,To Early Redemption Date,yes,0,0.00%,0.00%,5.02
Weighted Average Life Tables,139,"Class M-2, M-2R, M-2S, M-2T, M-2U and M-2I",M-2S,,To Early Redemption Date,yes,5,0.00%,0.00%,5.02
Weighted Average Life Tables,139,"Class M-2, M-2R, M-2S, M-2T, M-2U and M-2I",M-2S,,To Early Redemption Date,yes,10,0.00%,0.00%,4.45
Weighted Average Life Tables,139,"Class M-2, M-2R, M-2S, M-2T, M-2U and M-2I",M-2S,,To Early Redemption Date,yes,15,0.00%,0.00%,3.02
Weighted Average Life Tables,139,"Class M-2, M-2R, M-2S, M-2T, M-2U and M-2I",M-2S,,To Early Redemption Date,yes,25,0.00%,0.00%,1.76
Weighted Average Life Tables,139,"Class M-2, M-2R, M-2S, M-2T, M-2U and M-2I",M-2S,,To Early Redemption Date,yes,35,0.00%,0.00%,1.18
Weighted Average Life Tables,139,"Class M-2, M-2R, M-2S, M-2T, M-2U and M-2I",M-2T,,To Scheduled Maturity Date,no,0,0.00%,0.00%,18.64
Weighted Average Life Tables,139,"Class M-2, M-2R, M-2S, M-2T, M-2U and M-2I",M-2T,,To Scheduled Maturity Date,no,5,0.00%,0.00%,7.93
Weighted Average Life Tables,139,"Class M-2, M-2R, M-2S, M-2T, M-2U and M-2I",M-2T,,To Scheduled Maturity Date,no,10,0.00%,0.00%,4.46
Weighted Average Life Tables,139,"Class M-2, M-2R, M-2S, M-2T, M-2U and M-2I",M-2T,,To Scheduled Maturity Date,no,15,0.00%,0.00%,3.02
Weighted Average Life Tables,139,"Class M-2, M-2R, M-2S, M-2T, M-2U and M-2I",M-2T,,To Scheduled Maturity Date,no,25,0.00%,0.00%,1.76
Weighted Average Life Tables,139,"Class M-2, M-2R, M-2S, M-2T, M-2U and M-2I",M-2T,,To Scheduled Maturity Date,no,35,0.00%,0.00%,1.18
Weighted Average Life Tables,139,"Class M-2, M-2R, M-2S, M-2T, M-2U and M-2I",M-2T,,To Early Redemption Date,yes,0,0.00%,0.00%,5.02
Weighted Average Life Tables,139,"Class M-2, M-2R, M-2S, M-2T, M-2U and M-2I",M-2T,,To Early Redemption Date,yes,5,0.00%,0.00%,5.02
Weighted Average Life Tables,139,"Class M-2, M-2R, M-2S, M-2T, M-2U and M-2I",M-2T,,To Early Redemption Date,yes,10,0.00%,0.00%,4.45
Weighted Average Life Tables,139,"Class M-2, M-2R, M-2S, M-2T, M-2U and M-2I",M-2T,,To Early Redemption Date,yes,15,0.00%,0.00%,3.02
Weighted Average Life Tables,139,"Class M-2, M-2R, M-2S, M-2T, M-2U and M-2I",M-2T,,To Early Redemption Date,yes,25,0.00%,0.00%,1.76
Weighted Average Life Tables,139,"Class M-2, M-2R, M-2S, M-2T, M-2U and M-2I",M-2T,,To Early Redemption Date,yes,35,0.00%,0.00%,1.18
Weighted Average Life Tables,139,"Class M-2, M-2R, M-2S, M-2T, M-2U and M-2I",M-2U,,To Scheduled Maturity Date,no,0,0.00%,0.00%,18.64
Weighted Average Life Tables,139,"Class M-2, M-2R, M-2S, M-2T, M-2U and M-2I",M-2U,,To Scheduled Maturity Date,no,5,0.00%,0.00%,7.93
Weighted Average Life Tables,139,"Class M-2, M-2R, M-2S, M-2T, M-2U and M-2I",M-2U,,To Scheduled Maturity Date,no,10,0.00%,0.00%,4.46
Weighted Average Life Tables,139,"Class M-2, M-2R, M-2S, M-2T, M-2U and M-2I",M-2U,,To Scheduled Maturity Date,no,15,0.00%,0.00%,3.02
Weighted Average Life Tables,139,"Class M-2, M-2R, M-2S, M-2T, M-2U and M-2I",M-2U,,To Scheduled Maturity Date,no,25,0.00%,0.00%,1.76
Weighted Average Life Tables,139,"Class M-2, M-2R, M-2S, M-2T, M-2U and M-2I",M-2U,,To Scheduled Maturity Date,no,35,0.00%,0.00%,1.18
Weighted Average Life Tables,139,"Class M-2, M-2R, M-2S, M-2T, M-2U and M-2I",M-2U,,To Early Redemption Date,yes,0,0.00%,0.00%,5.02
Weighted Average Life Tables,139,"Class M-2, M-2R, M-2S, M-2T, M-2U and M-2I",M-2U,,To Early Redemption Date,yes,5,0.00%,0.00%,5.02
Weighted Average Life Tables,139,"Class M-2, M-2R, M-2S, M-2T, M-2U and M-2I",M-2U,,To Early Redemption Date,yes,10,0.00%,0.00%,4.45
Weighted Average Life Tables,139,"Class M-2, M-2R, M-2S, M-2T, M-2U and M-2I",M-2U,,To Early Redemption Date,yes,15,0.00%,0.00%,3.02
Weighted Average Life Tables,139,"Class M-2, M-2R, M-2S, M-2T, M-2U and M-2I",M-2U,,To Early Redemption Date,yes,25,0.00%,0.00%,1.76
Weighted Average Life Tables,139,"Class M-2, M-2R, M-2S, M-2T, M-2U and M-2I",M-2U,,To Early Redemption Date,yes,35,0.00%,0.00%,1.18
Weighted Average Life Tables,139,"Class M-2, M-2R, M-2S, M-2T, M-2U and M-2I",M-2I,,To Scheduled Maturity Date,no,0,0.00%,0.00%,18.64
Weighted Average Life Tables,139,"Class M-2, M-2R, M-2S, M-2T, M-2U and M-2I",M-2I,,To Scheduled Maturity Date,no,5,0.00%,0.00%,7.93
Weighted Average Life Tables,139,"Class M-2, M-2R, M-2S, M-2T, M-2U and M-2I",M-2I,,To Scheduled Maturity Date,no,10,0.00%,0.00%,4.46
Weighted Average Life Tables,139,"Class M-2, M-2R, M-2S, M-2T, M-2U and M-2I",M-2I,,To Scheduled Maturity Date,no,15,0.00%,0.00%,3.02
Weighted Average Life Tables,139,"Class M-2, M-2R, M-2S, M-2T, M-2U and M-2I",M-2I,,To Scheduled Maturity Date,no,25,0.00%,0.00%,1.76
Weighted Average Life Tables,139,"Class M-2, M-2R, M-2S, M-2T, M-2U and M-2I",M-2I,,To Scheduled Maturity Date,no,35,0.00%,0.00%,1.18
Weighted Average Life Tables,139,"Class M-2, M-2R, M-2S, M-2T, M-2U and M-2I",M-2I,,To Early Redemption Date,yes,0,0.00%,0.00%,5.02
Weighted Average Life Tables,139,"Class M-2, M-2R, M-2S, M-2T, M-2U and M-2I",M-2I,,To Early Redemption Date,yes,5,0.00%,0.00%,5.02
Weighted Average Life Tables,139,"Class M-2, M-2R, M-2S, M-2T, M-2U and M-2I",M-2I,,To Early Redemption Date,yes,10,0.00%,0.00%,4.45
Weighted Average Life Tables,139,"Class M-2, M-2R, M-2S, M-2T, M-2U and M-2I",M-2I,,To Early Redemption Date,yes,15,0.00%,0.00%,3.02
Weighted Average Life Tables,139,"Class M-2, M-2R, M-2S, M-2T, M-2U and M-2I",M-2I,,To Early Redemption Date,yes,25,0.00%,0.00%,1.76
Weighted Average Life Tables,139,"Class M-2, M-2R, M-2S, M-2T, M-2U and M-2I",M-2I,,To Early Redemption Date,yes,35,0.00%,0.00%,1.18
Weighted Average Life Tables,139,"Class M-2, M-2R, M-2S, M-2T, M-2U and M-2I",M-2,,To Scheduled Maturity Date,no,0,0.25%,0.00%,20.02
Weighted Average Life Tables,139,"Class M-2, M-2R, M-2S, M-2T, M-2U and M-2I",M-2,,To Scheduled Maturity Date,no,5,0.25%,0.00%,11.14
Weighted Average Life Tables,139,"Class M-2, M-2R, M-2S, M-2T, M-2U and M-2I",M-2,,To Scheduled Maturity Date,no,10,0.25%,0.00%,5.45
Weighted Average Life Tables,139,"Class M-2, M-2R, M-2S, M-2T, M-2U and M-2I",M-2,,To Scheduled Maturity Date,no,15,0.25%,0.00%,3.47
Weighted Average Life Tables,139,"Class M-2, M-2R, M-2S, M-2T, M-2U and M-2I",M-2,,To Scheduled Maturity Date,no,25,0.25%,0.00%,1.95
Weighted Average Life Tables,139,"Class M-2, M-2R, M-2S, M-2T, M-2U and M-2I",M-2,,To Scheduled Maturity Date,no,35,0.25%,0.00%,1.28
Weighted Average Life Tables,139,"Class M-2, M-2R, M-2S, M-2T, M-2U and M-2I",M-2,,To Early Redemption Date,yes,0,0.25%,0.00%,5.02
Weighted Average Life Tables,139,"Class M-2, M-2R, M-2S, M-2T, M-2U and M-2I",M-2,,To Early Redemption Date,yes,5,0.25%,0.00%,5.02
Weighted Average Life Tables,139,"Class M-2, M-2R, M-2S, M-2T, M-2U and M-2I",M-2,,To Early Redemption Date,yes,10,0.25%,0.00%,4.96
Weighted Average Life Tables,139,"Class M-2, M-2R, M-2S, M-2T, M-2U and M-2I",M-2,,To Early Redemption Date,yes,15,0.25%,0.00%,3.47
Weighted Average Life Tables,139,"Class M-2, M-2R, M-2S, M-2T, M-2U and M-2I",M-2,,To Early Redemption Date,yes,25,0.25%,0.00%,1.95
Weighted Average Life Tables,139,"Class M-2, M-2R, M-2S, M-2T, M-2U and M-2I",M-2,,To Early Redemption Date,yes,35,0.25%,0.00%,1.28
Weighted Average Life Tables,139,"Class M-2, M-2R, M-2S, M-2T, M-2U and M-2I",M-2R,,To Scheduled Maturity Date,no,0,0.25%,0.00%,20.02
Weighted Average Life Tables,139,"Class M-2, M-2R, M-2S, M-2T, M-2U and M-2I",M-2R,,To Scheduled Maturity Date,no,5,0.25%,0.00%,11.14
Weighted Average Life Tables,139,"Class M-2, M-2R, M-2S, M-2T, M-2U and M-2I",M-2R,,To Scheduled Maturity Date,no,10,0.25%,0.00%,5.45
Weighted Average Life Tables,139,"Class M-2, M-2R, M-2S, M-2T, M-2U and M-2I",M-2R,,To Scheduled Maturity Date,no,15,0.25%,0.00%,3.47
Weighted Average Life Tables,139,"Class M-2, M-2R, M-2S, M-2T, M-2U and M-2I",M-2R,,To Scheduled Maturity Date,no,25,0.25%,0.00%,1.95
Weighted Average Life Tables,139,"Class M-2, M-2R, M-2S, M-2T, M-2U and M-2I",M-2R,,To Scheduled Maturity Date,no,35,0.25%,0.00%,1.28
Weighted Average Life Tables,139,"Class M-2, M-2R, M-2S, M-2T, M-2U and M-2I",M-2R,,To Early Redemption Date,yes,0,0.25%,0.00%,5.02
Weighted Average Life Tables,139,"Class M-2, M-2R, M-2S, M-2T, M-2U and M-2I",M-2R,,To Early Redemption Date,yes,5,0.25%,0.00%,5.02
Weighted Average Life Tables,139,"Class M-2, M-2R, M-2S, M-2T, M-2U and M-2I",M-2R,,To Early Redemption Date,yes,10,0.25%,0.00%,4.96
Weighted Average Life Tables,139,"Class M-2, M-2R, M-2S, M-2T, M-2U and M-2I",M-2R,,To Early Redemption Date,yes,15,0.25%,0.00%,3.47
Weighted Average Life Tables,139,"Class M-2, M-2R, M-2S, M-2T, M-2U and M-2I",M-2R,,To Early Redemption Date,yes,25,0.25%,0.00%,1.95
Weighted Average Life Tables,139,"Class M-2, M-2R, M-2S, M-2T, M-2U and M-2I",M-2R,,To Early Redemption Date,yes,35,0.25%,0.00%,1.28
Weighted Average Life Tables,139,"Class M-2, M-2R, M-2S, M-2T, M-2U and M-2I",M-2S,,To Scheduled Maturity Date,no,0,0.25%,0.00%,20.02
Weighted Average Life Tables,139,"Class M-2, M-2R, M-2S, M-2T, M-2U and M-2I",M-2S,,To Scheduled Maturity Date,no,5,0.25%,0.00%,11.14
Weighted Average Life Tables,139,"Class M-2, M-2R, M-2S, M-2T, M-2U and M-2I",M-2S,,To Scheduled Maturity Date,no,10,0.25%,0.00%,5.45
Weighted Average Life Tables,139,"Class M-2, M-2R, M-2S, M-2T, M-2U and M-2I",M-2S,,To Scheduled Maturity Date,no,15,0.25%,0.00%,3.47
Weighted Average Life Tables,139,"Class M-2, M-2R, M-2S, M-2T, M-2U and M-2I",M-2S,,To Scheduled Maturity Date,no,25,0.25%,0.00%,1.95
Weighted Average Life Tables,139,"Class M-2, M-2R, M-2S, M-2T, M-2U and M-2I",M-2S,,To Scheduled Maturity Date,no,35,0.25%,0.00%,1.28
Weighted Average Life Tables,139,"Class M-2, M-2R, M-2S, M-2T, M-2U and M-2I",M-2S,,To Early Redemption Date,yes,0,0.25%,0.00%,5.02
Weighted Average Life Tables,139,"Class M-2, M-2R, M-2S, M-2T, M-2U and M-2I",M-2S,,To Early Redemption Date,yes,5,0.25%,0.00%,5.02
Weighted Average Life Tables,139,"Class M-2, M-2R, M-2S, M-2T, M-2U and M-2I",M-2S,,To Early Redemption Date,yes,10,0.25%,0.00%,4.96
Weighted Average Life Tables,139,"Class M-2, M-2R, M-2S, M-2T, M-2U and M-2I",M-2S,,To Early Redemption Date,yes,15,0.25%,0.00%,3.47
Weighted Average Life Tables,139,"Class M-2, M-2R, M-2S, M-2T, M-2U and M-2I",M-2S,,To Early Redemption Date,yes,25,0.25%,0.00%,1.95
Weighted Average Life Tables,139,"Class M-2, M-2R, M-2S, M-2T, M-2U and M-2I",M-2S,,To Early Redemption Date,yes,35,0.25%,0.00%,1.28
Weighted Average Life Tables,139,"Class M-2, M-2R, M-2S, M-2T, M-2U and M-2I",M-2T,,To Scheduled Maturity Date,no,0,0.25%,0.00%,20.02
Weighted Average Life Tables,139,"Class M-2, M-2R, M-2S, M-2T, M-2U and M-2I",M-2T,,To Scheduled Maturity Date,no,5,0.25%,0.00%,11.14
Weighted Average Life Tables,139,"Class M-2, M-2R, M-2S, M-2T, M-2U and M-2I",M-2T,,To Scheduled Maturity Date,no,10,0.25%,0.00%,5.45
Weighted Average Life Tables,139,"Class M-2, M-2R, M-2S, M-2T, M-2U and M-2I",M-2T,,To Scheduled Maturity Date,no,15,0.25%,0.00%,3.47
Weighted Average Life Tables,139,"Class M-2, M-2R, M-2S, M-2T, M-2U and M-2I",M-2T,,To Scheduled Maturity Date,no,25,0.25%,0.00%,1.95
Weighted Average Life Tables,139,"Class M-2, M-2R, M-2S, M-2T, M-2U and M-2I",M-2T,,To Scheduled Maturity Date,no,35,0.25%,0.00%,1.28
Weighted Average Life Tables,139,"Class M-2, M-2R, M-2S, M-2T, M-2U and M-2I",M-2T,,To Early Redemption Date,yes,0,0.25%,0.00%,5.02
Weighted Average Life Tables,139,"Class M-2, M-2R, M-2S, M-2T, M-2U and M-2I",M-2T,,To Early Redemption Date,yes,5,0.25%,0.00%,5.02
Weighted Average Life Tables,139,"Class M-2, M-2R, M-2S, M-2T, M-2U and M-2I",M-2T,,To Early Redemption Date,yes,10,0.25%,0.00%,4.96
Weighted Average Life Tables,139,"Class M-2, M-2R, M-2S, M-2T, M-2U and M-2I",M-2T,,To Early Redemption Date,yes,15,0.25%,0.00%,3.47
Weighted Average Life Tables,139,"Class M-2, M-2R, M-2S, M-2T, M-2U and M-2I",M-2T,,To Early Redemption Date,yes,25,0.25%,0.00%,1.95
Weighted Average Life Tables,139,"Class M-2, M-2R, M-2S, M-2T, M-2U and M-2I",M-2T,,To Early Redemption Date,yes,35,0.25%,0.00%,1.28
Weighted Average Life Tables,139,"Class M-2, M-2R, M-2S, M-2T, M-2U and M-2I",M-2U,,To Scheduled Maturity Date,no,0,0.25%,0.00%,20.02
Weighted Average Life Tables,139,"Class M-2, M-2R, M-2S, M-2T, M-2U and M-2I",M-2U,,To Scheduled Maturity Date,no,5,0.25%,0.00%,11.14
Weighted Average Life Tables,139,"Class M-2, M-2R, M-2S, M-2T, M-2U and M-2I",M-2U,,To Scheduled Maturity Date,no,10,0.25%,0.00%,5.45
Weighted Average Life Tables,139,"Class M-2, M-2R, M-2S, M-2T, M-2U and M-2I",M-2U,,To Scheduled Maturity Date,no,15,0.25%,0.00%,3.47
Weighted Average Life Tables,139,"Class M-2, M-2R, M-2S, M-2T, M-2U and M-2I",M-2U,,To Scheduled Maturity Date,no,25,0.25%,0.00%,1.95
Weighted Average Life Tables,139,"Class M-2, M-2R, M-2S, M-2T, M-2U and M-2I",M-2U,,To Scheduled Maturity Date,no,35,0.25%,0.00%,1.28
Weighted Average Life Tables,139,"Class M-2, M-2R, M-2S, M-2T, M-2U and M-2I",M-2U,,To Early Redemption Date,yes,0,0.25%,0.00%,5.02
Weighted Average Life Tables,139,"Class M-2, M-2R, M-2S, M-2T, M-2U and M-2I",M-2U,,To Early Redemption Date,yes,5,0.25%,0.00%,5.02
Weighted Average Life Tables,139,"Class M-2, M-2R, M-2S, M-2T, M-2U and M-2I",M-2U,,To Early Redemption Date,yes,10,0.25%,0.00%,4.96
Weighted Average Life Tables,139,"Class M-2, M-2R, M-2S, M-2T, M-2U and M-2I",M-2U,,To Early Redemption Date,yes,15,0.25%,0.00%,3.47
Weighted Average Life Tables,139,"Class M-2, M-2R, M-2S, M-2T, M-2U and M-2I",M-2U,,To Early Redemption Date,yes,25,0.25%,0.00%,1.95
Weighted Average Life Tables,139,"Class M-2, M-2R, M-2S, M-2T, M-2U and M-2I",M-2U,,To Early Redemption Date,yes,35,0.25%,0.00%,1.28
Weighted Average Life Tables,139,"Class M-2, M-2R, M-2S, M-2T, M-2U and M-2I",M-2I,,To Scheduled Maturity Date,no,0,0.25%,0.00%,20.02
Weighted Average Life Tables,139,"Class M-2, M-2R, M-2S, M-2T, M-2U and M-2I",M-2I,,To Scheduled Maturity Date,no,5,0.25%,0.00%,11.14
Weighted Average Life Tables,139,"Class M-2, M-2R, M-2S, M-2T, M-2U and M-2I",M-2I,,To Scheduled Maturity Date,no,10,0.25%,0.00%,5.45
Weighted Average Life Tables,139,"Class M-2, M-2R, M-2S, M-2T, M-2U and M-2I",M-2I,,To Scheduled Maturity Date,no,15,0.25%,0.00%,3.47
Weighted Average Life Tables,139,"Class M-2, M-2R, M-2S, M-2T, M-2U and M-2I",M-2I,,To Scheduled Maturity Date,no,25,0.25%,0.00%,1.95
Weighted Average Life Tables,139,"Class M-2, M-2R, M-2S, M-2T, M-2U and M-2I",M-2I,,To Scheduled Maturity Date,no,35,0.25%,0.00%,1.28
Weighted Average Life Tables,139,"Class M-2, M-2R, M-2S, M-2T, M-2U and M-2I",M-2I,,To Early Redemption Date,yes,0,0.25%,0.00%,5.02
Weighted Average Life Tables,139,"Class M-2, M-2R, M-2S, M-2T, M-2U and M-2I",M-2I,,To Early Redemption Date,yes,5,0.25%,0.00%,5.02
Weighted Average Life Tables,139,"Class M-2, M-2R, M-2S, M-2T, M-2U and M-2I",M-2I,,To Early Redemption Date,yes,10,0.25%,0.00%,4.96
Weighted Average Life Tables,139,"Class M-2, M-2R, M-2S, M-2T, M-2U and M-2I",M-2I,,To Early Redemption Date,yes,15,0.25%,0.00%,3.47
Weighted Average Life Tables,139,"Class M-2, M-2R, M-2S, M-2T, M-2U and M-2I",M-2I,,To Early Redemption Date,yes,25,0.25%,0.00%,1.95
Weighted Average Life Tables,139,"Class M-2, M-2R, M-2S, M-2T, M-2U and M-2I",M-2I,,To Early Redemption Date,yes,35,0.25%,0.00%,1.28
Weighted Average Life Tables,139,"Class M-2, M-2R, M-2S, M-2T, M-2U and M-2I",M-2,,To Scheduled Maturity Date,no,0,0.50%,0.00%,19.92
Weighted Average Life Tables,139,"Class M-2, M-2R, M-2S, M-2T, M-2U and M-2I",M-2,,To Scheduled Maturity Date,no,5,0.50%,0.00%,17.35
Weighted Average Life Tables,139,"Class M-2, M-2R, M-2S, M-2T, M-2U and M-2I",M-2,,To Scheduled Maturity Date,no,10,0.50%,0.00%,6.92
Weighted Average Life Tables,139,"Class M-2, M-2R, M-2S, M-2T, M-2U and M-2I",M-2,,To Scheduled Maturity Date,no,15,0.50%,0.00%,4.02
Weighted Average Life Tables,139,"Class M-2, M-2R, M-2S, M-2T, M-2U and M-2I",M-2,,To Scheduled Maturity Date,no,25,0.50%,0.00%,2.17
Weighted Average Life Tables,139,"Class M-2, M-2R, M-2S, M-2T, M-2U and M-2I",M-2,,To Scheduled Maturity Date,no,35,0.50%,0.00%,1.47
Weighted Average Life Tables,139,"Class M-2, M-2R, M-2S, M-2T, M-2U and M-2I",M-2,,To Early Redemption Date,yes,0,0.50%,0.00%,5.02
Weighted Average Life Tables,139,"Class M-2, M-2R, M-2S, M-2T, M-2U and M-2I",M-2,,To Early Redemption Date,yes,5,0.50%,0.00%,5.02
Weighted Average Life Tables,139,"Class M-2, M-2R, M-2S, M-2T, M-2U and M-2I",M-2,,To Early Redemption Date,yes,10,0.50%,0.00%,5.02
Weighted Average Life Tables,139,"Class M-2, M-2R, M-2S, M-2T, M-2U and M-2I",M-2,,To Early Redemption Date,yes,15,0.50%,0.00%,4.02
Weighted Average Life Tables,139,"Class M-2, M-2R, M-2S, M-2T, M-2U and M-2I",M-2,,To Early Redemption Date,yes,25,0.50%,0.00%,2.17
Weighted Average Life Tables,139,"Class M-2, M-2R, M-2S, M-2T, M-2U and M-2I",M-2,,To Early Redemption Date,yes,35,0.50%,0.00%,1.47
Weighted Average Life Tables,139,"Class M-2, M-2R, M-2S, M-2T, M-2U and M-2I",M-2R,,To Scheduled Maturity Date,no,0,0.50%,0.00%,19.92
Weighted Average Life Tables,139,"Class M-2, M-2R, M-2S, M-2T, M-2U and M-2I",M-2R,,To Scheduled Maturity Date,no,5,0.50%,0.00%,17.35
Weighted Average Life Tables,139,"Class M-2, M-2R, M-2S, M-2T, M-2U and M-2I",M-2R,,To Scheduled Maturity Date,no,10,0.50%,0.00%,6.92
Weighted Average Life Tables,139,"Class M-2, M-2R, M-2S, M-2T, M-2U and M-2I",M-2R,,To Scheduled Maturity Date,no,15,0.50%,0.00%,4.02
Weighted Average Life Tables,139,"Class M-2, M-2R, M-2S, M-2T, M-2U and M-2I",M-2R,,To Scheduled Maturity Date,no,25,0.50%,0.00%,2.17
Weighted Average Life Tables,139,"Class M-2, M-2R, M-2S, M-2T, M-2U and M-2I",M-2R,,To Scheduled Maturity Date,no,35,0.50%,0.00%,1.47
Weighted Average Life Tables,139,"Class M-2, M-2R, M-2S, M-2T, M-2U and M-2I",M-2R,,To Early Redemption Date,yes,0,0.50%,0.00%,5.02
Weighted Average Life Tables,139,"Class M-2, M-2R, M-2S, M-2T, M-2U and M-2I",M-2R,,To Early Redemption Date,yes,5,0.50%,0.00%,5.02
Weighted Average Life Tables,139,"Class M-2, M-2R, M-2S, M-2T, M-2U and M-2I",M-2R,,To Early Redemption Date,yes,10,0.50%,0.00%,5.02
Weighted Average Life Tables,139,"Class M-2, M-2R, M-2S, M-2T, M-2U and M-2I",M-2R,,To Early Redemption Date,yes,15,0.50%,0.00%,4.02
Weighted Average Life Tables,139,"Class M-2, M-2R, M-2S, M-2T, M-2U and M-2I",M-2R,,To Early Redemption Date,yes,25,0.50%,0.00%,2.17
Weighted Average Life Tables,139,"Class M-2, M-2R, M-2S, M-2T, M-2U and M-2I",M-2R,,To Early Redemption Date,yes,35,0.50%,0.00%,1.47
Weighted Average Life Tables,139,"Class M-2, M-2R, M-2S, M-2T, M-2U and M-2I",M-2S,,To Scheduled Maturity Date,no,0,0.50%,0.00%,19.92
Weighted Average Life Tables,139,"Class M-2, M-2R, M-2S, M-2T, M-2U and M-2I",M-2S,,To Scheduled Maturity Date,no,5,0.50%,0.00%,17.35
Weighted Average Life Tables,139,"Class M-2, M-2R, M-2S, M-2T, M-2U and M-2I",M-2S,,To Scheduled Maturity Date,no,10,0.50%,0.00%,6.92
Weighted Average Life Tables,139,"Class M-2, M-2R, M-2S, M-2T, M-2U and M-2I",M-2S,,To Scheduled Maturity Date,no,15,0.50%,0.00%,4.02
Weighted Average Life Tables,139,"Class M-2, M-2R, M-2S, M-2T, M-2U and M-2I",M-2S,,To Scheduled Maturity Date,no,25,0.50%,0.00%,2.17
Weighted Average Life Tables,139,"Class M-2, M-2R, M-2S, M-2T, M-2U and M-2I",M-2S,,To Scheduled Maturity Date,no,35,0.50%,0.00%,1.47
Weighted Average Life Tables,139,"Class M-2, M-2R, M-2S, M-2T, M-2U and M-2I",M-2S,,To Early Redemption Date,yes,0,0.50%,0.00%,5.02
Weighted Average Life Tables,139,"Class M-2, M-2R, M-2S, M-2T, M-2U and M-2I",M-2S,,To Early Redemption Date,yes,5,0.50%,0.00%,5.02
Weighted Average Life Tables,139,"Class M-2, M-2R, M-2S, M-2T, M-2U and M-2I",M-2S,,To Early Redemption Date,yes,10,0.50%,0.00%,5.02
Weighted Average Life Tables,139,"Class M-2, M-2R, M-2S, M-2T, M-2U and M-2I",M-2S,,To Early Redemption Date,yes,15,0.50%,0.00%,4.02
Weighted Average Life Tables,139,"Class M-2, M-2R, M-2S, M-2T, M-2U and M-2I",M-2S,,To Early Redemption Date,yes,25,0.50%,0.00%,2.17
Weighted Average Life Tables,139,"Class M-2, M-2R, M-2S, M-2T, M-2U and M-2I",M-2S,,To Early Redemption Date,yes,35,0.50%,0.00%,1.47
Weighted Average Life Tables,139,"Class M-2, M-2R, M-2S, M-2T, M-2U and M-2I",M-2T,,To Scheduled Maturity Date,no,0,0.50%,0.00%,19.92
Weighted Average Life Tables,139,"Class M-2, M-2R, M-2S, M-2T, M-2U and M-2I",M-2T,,To Scheduled Maturity Date,no,5,0.50%,0.00%,17.35
Weighted Average Life Tables,139,"Class M-2, M-2R, M-2S, M-2T, M-2U and M-2I",M-2T,,To Scheduled Maturity Date,no,10,0.50%,0.00%,6.92
Weighted Average Life Tables,139,"Class M-2, M-2R, M-2S, M-2T, M-2U and M-2I",M-2T,,To Scheduled Maturity Date,no,15,0.50%,0.00%,4.02
Weighted Average Life Tables,139,"Class M-2, M-2R, M-2S, M-2T, M-2U and M-2I",M-2T,,To Scheduled Maturity Date,no,25,0.50%,0.00%,2.17
Weighted Average Life Tables,139,"Class M-2, M-2R, M-2S, M-2T, M-2U and M-2I",M-2T,,To Scheduled Maturity Date,no,35,0.50%,0.00%,1.47
Weighted Average Life Tables,139,"Class M-2, M-2R, M-2S, M-2T, M-2U and M-2I",M-2T,,To Early Redemption Date,yes,0,0.50%,0.00%,5.02
Weighted Average Life Tables,139,"Class M-2, M-2R, M-2S, M-2T, M-2U and M-2I",M-2T,,To Early Redemption Date,yes,5,0.50%,0.00%,5.02
Weighted Average Life Tables,139,"Class M-2, M-2R, M-2S, M-2T, M-2U and M-2I",M-2T,,To Early Redemption Date,yes,10,0.50%,0.00%,5.02
Weighted Average Life Tables,139,"Class M-2, M-2R, M-2S, M-2T, M-2U and M-2I",M-2T,,To Early Redemption Date,yes,15,0.50%,0.00%,4.02
Weighted Average Life Tables,139,"Class M-2, M-2R, M-2S, M-2T, M-2U and M-2I",M-2T,,To Early Redemption Date,yes,25,0.50%,0.00%,2.17
Weighted Average Life Tables,139,"Class M-2, M-2R, M-2S, M-2T, M-2U and M-2I",M-2T,,To Early Redemption Date,yes,35,0.50%,0.00%,1.47
Weighted Average Life Tables,139,"Class M-2, M-2R, M-2S, M-2T, M-2U and M-2I",M-2U,,To Scheduled Maturity Date,no,0,0.50%,0.00%,19.92
Weighted Average Life Tables,139,"Class M-2, M-2R, M-2S, M-2T, M-2U and M-2I",M-2U,,To Scheduled Maturity Date,no,5,0.50%,0.00%,17.35
Weighted Average Life Tables,139,"Class M-2, M-2R, M-2S, M-2T, M-2U and M-2I",M-2U,,To Scheduled Maturity Date,no,10,0.50%,0.00%,6.92
Weighted Average Life Tables,139,"Class M-2, M-2R, M-2S, M-2T, M-2U and M-2I",M-2U,,To Scheduled Maturity Date,no,15,0.50%,0.00%,4.02
Weighted Average Life Tables,139,"Class M-2, M-2R, M-2S, M-2T, M-2U and M-2I",M-2U,,To Scheduled Maturity Date,no,25,0.50%,0.00%,2.17
Weighted Average Life Tables,139,"Class M-2, M-2R, M-2S, M-2T, M-2U and M-2I",M-2U,,To Scheduled Maturity Date,no,35,0.50%,0.00%,1.47
Weighted Average Life Tables,139,"Class M-2, M-2R, M-2S, M-2T, M-2U and M-2I",M-2U,,To Early Redemption Date,yes,0,0.50%,0.00%,5.02
Weighted Average Life Tables,139,"Class M-2, M-2R, M-2S, M-2T, M-2U and M-2I",M-2U,,To Early Redemption Date,yes,5,0.50%,0.00%,5.02
Weighted Average Life Tables,139,"Class M-2, M-2R, M-2S, M-2T, M-2U and M-2I",M-2U,,To Early Redemption Date,yes,10,0.50%,0.00%,5.02
Weighted Average Life Tables,139,"Class M-2, M-2R, M-2S, M-2T, M-2U and M-2I",M-2U,,To Early Redemption Date,yes,15,0.50%,0.00%,4.02
Weighted Average Life Tables,139,"Class M-2, M-2R, M-2S, M-2T, M-2U and M-2I",M-2U,,To Early Redemption Date,yes,25,0.50%,0.00%,2.17
Weighted Average Life Tables,139,"Class M-2, M-2R, M-2S, M-2T, M-2U and M-2I",M-2U,,To Early Redemption Date,yes,35,0.50%,0.00%,1.47
Weighted Average Life Tables,139,"Class M-2, M-2R, M-2S, M-2T, M-2U and M-2I",M-2I,,To Scheduled Maturity Date,no,0,0.50%,0.00%,19.92
Weighted Average Life Tables,139,"Class M-2, M-2R, M-2S, M-2T, M-2U and M-2I",M-2I,,To Scheduled Maturity Date,no,5,0.50%,0.00%,17.35
Weighted Average Life Tables,139,"Class M-2, M-2R, M-2S, M-2T, M-2U and M-2I",M-2I,,To Scheduled Maturity Date,no,10,0.50%,0.00%,6.92
Weighted Average Life Tables,139,"Class M-2, M-2R, M-2S, M-2T, M-2U and M-2I",M-2I,,To Scheduled Maturity Date,no,15,0.50%,0.00%,4.02
Weighted Average Life Tables,139,"Class M-2, M-2R, M-2S, M-2T, M-2U and M-2I",M-2I,,To Scheduled Maturity Date,no,25,0.50%,0.00%,2.17
Weighted Average Life Tables,139,"Class M-2, M-2R, M-2S, M-2T, M-2U and M-2I",M-2I,,To Scheduled Maturity Date,no,35,0.50%,0.00%,1.47
Weighted Average Life Tables,139,"Class M-2, M-2R, M-2S, M-2T, M-2U and M-2I",M-2I,,To Early Redemption Date,yes,0,0.50%,0.00%,5.02
Weighted Average Life Tables,139,"Class M-2, M-2R, M-2S, M-2T, M-2U and M-2I",M-2I,,To Early Redemption Date,yes,5,0.50%,0.00%,5.02
Weighted Average Life Tables,139,"Class M-2, M-2R, M-2S, M-2T, M-2U and M-2I",M-2I,,To Early Redemption Date,yes,10,0.50%,0.00%,5.02
Weighted Average Life Tables,139,"Class M-2, M-2R, M-2S, M-2T, M-2U and M-2I",M-2I,,To Early Redemption Date,yes,15,0.50%,0.00%,4.02
Weighted Average Life Tables,139,"Class M-2, M-2R, M-2S, M-2T, M-2U and M-2I",M-2I,,To Early Redemption Date,yes,25,0.50%,0.00%,2.17
Weighted Average Life Tables,139,"Class M-2, M-2R, M-2S, M-2T, M-2U and M-2I",M-2I,,To Early Redemption Date,yes,35,0.50%,0.00%,1.47
Weighted Average Life Tables,139,"Class M-2, M-2R, M-2S, M-2T, M-2U and M-2I",M-2,,To Scheduled Maturity Date,no,0,1.00%,0.00%,9.20
Weighted Average Life Tables,139,"Class M-2, M-2R, M-2S, M-2T, M-2U and M-2I",M-2,,To Scheduled Maturity Date,no,5,1.00%,0.00%,13.11
Weighted Average Life Tables,139,"Class M-2, M-2R, M-2S, M-2T, M-2U and M-2I",M-2,,To Scheduled Maturity Date,no,10,1.00%,0.00%,19.93
Weighted Average Life Tables,139,"Class M-2, M-2R, M-2S, M-2T, M-2U and M-2I",M-2,,To Scheduled Maturity Date,no,15,1.00%,0.00%,13.92
Weighted Average Life Tables,139,"Class M-2, M-2R, M-2S, M-2T, M-2U and M-2I",M-2,,To Scheduled Maturity Date,no,25,1.00%,0.00%,7.97
Weighted Average Life Tables,139,"Class M-2, M-2R, M-2S, M-2T, M-2U and M-2I",M-2,,To Scheduled Maturity Date,no,35,1.00%,0.00%,5.14
Weighted Average Life Tables,139,"Class M-2, M-2R, M-2S, M-2T, M-2U and M-2I",M-2,,To Early Redemption Date,yes,0,1.00%,0.00%,5.02
Weighted Average Life Tables,139,"Class M-2, M-2R, M-2S, M-2T, M-2U and M-2I",M-2,,To Early Redemption Date,yes,5,1.00%,0.00%,5.02
Weighted Average Life Tables,139,"Class M-2, M-2R, M-2S, M-2T, M-2U and M-2I",M-2,,To Early Redemption Date,yes,10,1.00%,0.00%,5.02
Weighted Average Life Tables,139,"Class M-2, M-2R, M-2S, M-2T, M-2U and M-2I",M-2,,To Early Redemption Date,yes,15,1.00%,0.00%,5.02
Weighted Average Life Tables,139,"Class M-2, M-2R, M-2S, M-2T, M-2U and M-2I",M-2,,To Early Redemption Date,yes,25,1.00%,0.00%,5.02
Weighted Average Life Tables,139,"Class M-2, M-2R, M-2S, M-2T, M-2U and M-2I",M-2,,To Early Redemption Date,yes,35,1.00%,0.00%,4.95
Weighted Average Life Tables,139,"Class M-2, M-2R, M-2S, M-2T, M-2U and M-2I",M-2R,,To Scheduled Maturity Date,no,0,1.00%,0.00%,9.20
Weighted Average Life Tables,139,"Class M-2, M-2R, M-2S, M-2T, M-2U and M-2I",M-2R,,To Scheduled Maturity Date,no,5,1.00%,0.00%,13.11
Weighted Average Life Tables,139,"Class M-2, M-2R, M-2S, M-2T, M-2U and M-2I",M-2R,,To Scheduled Maturity Date,no,10,1.00%,0.00%,19.93
Weighted Average Life Tables,139,"Class M-2, M-2R, M-2S, M-2T, M-2U and M-2I",M-2R,,To Scheduled Maturity Date,no,15,1.00%,0.00%,13.92
Weighted Average Life Tables,139,"Class M-2, M-2R, M-2S, M-2T, M-2U and M-2I",M-2R,,To Scheduled Maturity Date,no,25,1.00%,0.00%,7.97
Weighted Average Life Tables,139,"Class M-2, M-2R, M-2S, M-2T, M-2U and M-2I",M-2R,,To Scheduled Maturity Date,no,35,1.00%,0.00%,5.14
Weighted Average Life Tables,139,"Class M-2, M-2R, M-2S, M-2T, M-2U and M-2I",M-2R,,To Early Redemption Date,yes,0,1.00%,0.00%,5.02
Weighted Average Life Tables,139,"Class M-2, M-2R, M-2S, M-2T, M-2U and M-2I",M-2R,,To Early Redemption Date,yes,5,1.00%,0.00%,5.02
Weighted Average Life Tables,139,"Class M-2, M-2R, M-2S, M-2T, M-2U and M-2I",M-2R,,To Early Redemption Date,yes,10,1.00%,0.00%,5.02
Weighted Average Life Tables,139,"Class M-2, M-2R, M-2S, M-2T, M-2U and M-2I",M-2R,,To Early Redemption Date,yes,15,1.00%,0.00%,5.02
Weighted Average Life Tables,139,"Class M-2, M-2R, M-2S, M-2T, M-2U and M-2I",M-2R,,To Early Redemption Date,yes,25,1.00%,0.00%,5.02
Weighted Average Life Tables,139,"Class M-2, M-2R, M-2S, M-2T, M-2U and M-2I",M-2R,,To Early Redemption Date,yes,35,1.00%,0.00%,4.95
Weighted Average Life Tables,139,"Class M-2, M-2R, M-2S, M-2T, M-2U and M-2I",M-2S,,To Scheduled Maturity Date,no,0,1.00%,0.00%,9.20
Weighted Average Life Tables,139,"Class M-2, M-2R, M-2S, M-2T, M-2U and M-2I",M-2S,,To Scheduled Maturity Date,no,5,1.00%,0.00%,13.11
Weighted Average Life Tables,139,"Class M-2, M-2R, M-2S, M-2T, M-2U and M-2I",M-2S,,To Scheduled Maturity Date,no,10,1.00%,0.00%,19.93
Weighted Average Life Tables,139,"Class M-2, M-2R, M-2S, M-2T, M-2U and M-2I",M-2S,,To Scheduled Maturity Date,no,15,1.00%,0.00%,13.92
Weighted Average Life Tables,139,"Class M-2, M-2R, M-2S, M-2T, M-2U and M-2I",M-2S,,To Scheduled Maturity Date,no,25,1.00%,0.00%,7.97
Weighted Average Life Tables,139,"Class M-2, M-2R, M-2S, M-2T, M-2U and M-2I",M-2S,,To Scheduled Maturity Date,no,35,1.00%,0.00%,5.14
Weighted Average Life Tables,139,"Class M-2, M-2R, M-2S, M-2T, M-2U and M-2I",M-2S,,To Early Redemption Date,yes,0,1.00%,0.00%,5.02
Weighted Average Life Tables,139,"Class M-2, M-2R, M-2S, M-2T, M-2U and M-2I",M-2S,,To Early Redemption Date,yes,5,1.00%,0.00%,5.02
Weighted Average Life Tables,139,"Class M-2, M-2R, M-2S, M-2T, M-2U and M-2I",M-2S,,To Early Redemption Date,yes,10,1.00%,0.00%,5.02
Weighted Average Life Tables,139,"Class M-2, M-2R, M-2S, M-2T, M-2U and M-2I",M-2S,,To Early Redemption Date,yes,15,1.00%,0.00%,5.02
Weighted Average Life Tables,139,"Class M-2, M-2R, M-2S, M-2T, M-2U and M-2I",M-2S,,To Early Redemption Date,yes,25,1.00%,0.00%,5.02
Weighted Average Life Tables,139,"Class M-2, M-2R, M-2S, M-2T, M-2U and M-2I",M-2S,,To Early Redemption Date,yes,35,1.00%,0.00%,4.95
Weighted Average Life Tables,139,"Class M-2, M-2R, M-2S, M-2T, M-2U and M-2I",M-2T,,To Scheduled Maturity Date,no,0,1.00%,0.00%,9.20
Weighted Average Life Tables,139,"Class M-2, M-2R, M-2S, M-2T, M-2U and M-2I",M-2T,,To Scheduled Maturity Date,no,5,1.00%,0.00%,13.11
Weighted Average Life Tables,139,"Class M-2, M-2R, M-2S, M-2T, M-2U and M-2I",M-2T,,To Scheduled Maturity Date,no,10,1.00%,0.00%,19.93
Weighted Average Life Tables,139,"Class M-2, M-2R, M-2S, M-2T, M-2U and M-2I",M-2T,,To Scheduled Maturity Date,no,15,1.00%,0.00%,13.92
Weighted Average Life Tables,139,"Class M-2, M-2R, M-2S, M-2T, M-2U and M-2I",M-2T,,To Scheduled Maturity Date,no,25,1.00%,0.00%,7.97
Weighted Average Life Tables,139,"Class M-2, M-2R, M-2S, M-2T, M-2U and M-2I",M-2T,,To Scheduled Maturity Date,no,35,1.00%,0.00%,5.14
Weighted Average Life Tables,139,"Class M-2, M-2R, M-2S, M-2T, M-2U and M-2I",M-2T,,To Early Redemption Date,yes,0,1.00%,0.00%,5.02
Weighted Average Life Tables,139,"Class M-2, M-2R, M-2S, M-2T, M-2U and M-2I",M-2T,,To Early Redemption Date,yes,5,1.00%,0.00%,5.02
Weighted Average Life Tables,139,"Class M-2, M-2R, M-2S, M-2T, M-2U and M-2I",M-2T,,To Early Redemption Date,yes,10,1.00%,0.00%,5.02
Weighted Average Life Tables,139,"Class M-2, M-2R, M-2S, M-2T, M-2U and M-2I",M-2T,,To Early Redemption Date,yes,15,1.00%,0.00%,5.02
Weighted Average Life Tables,139,"Class M-2, M-2R, M-2S, M-2T, M-2U and M-2I",M-2T,,To Early Redemption Date,yes,25,1.00%,0.00%,5.02
Weighted Average Life Tables,139,"Class M-2, M-2R, M-2S, M-2T, M-2U and M-2I",M-2T,,To Early Redemption Date,yes,35,1.00%,0.00%,4.95
Weighted Average Life Tables,139,"Class M-2, M-2R, M-2S, M-2T, M-2U and M-2I",M-2U,,To Scheduled Maturity Date,no,0,1.00%,0.00%,9.20
Weighted Average Life Tables,139,"Class M-2, M-2R, M-2S, M-2T, M-2U and M-2I",M-2U,,To Scheduled Maturity Date,no,5,1.00%,0.00%,13.11
Weighted Average Life Tables,139,"Class M-2, M-2R, M-2S, M-2T, M-2U and M-2I",M-2U,,To Scheduled Maturity Date,no,10,1.00%,0.00%,19.93
Weighted Average Life Tables,139,"Class M-2, M-2R, M-2S, M-2T, M-2U and M-2I",M-2U,,To Scheduled Maturity Date,no,15,1.00%,0.00%,13.92
Weighted Average Life Tables,139,"Class M-2, M-2R, M-2S, M-2T, M-2U and M-2I",M-2U,,To Scheduled Maturity Date,no,25,1.00%,0.00%,7.97
Weighted Average Life Tables,139,"Class M-2, M-2R, M-2S, M-2T, M-2U and M-2I",M-2U,,To Scheduled Maturity Date,no,35,1.00%,0.00%,5.14
Weighted Average Life Tables,139,"Class M-2, M-2R, M-2S, M-2T, M-2U and M-2I",M-2U,,To Early Redemption Date,yes,0,1.00%,0.00%,5.02
Weighted Average Life Tables,139,"Class M-2, M-2R, M-2S, M-2T, M-2U and M-2I",M-2U,,To Early Redemption Date,yes,5,1.00%,0.00%,5.02
Weighted Average Life Tables,139,"Class M-2, M-2R, M-2S, M-2T, M-2U and M-2I",M-2U,,To Early Redemption Date,yes,10,1.00%,0.00%,5.02
Weighted Average Life Tables,139,"Class M-2, M-2R, M-2S, M-2T, M-2U and M-2I",M-2U,,To Early Redemption Date,yes,15,1.00%,0.00%,5.02
Weighted Average Life Tables,139,"Class M-2, M-2R, M-2S, M-2T, M-2U and M-2I",M-2U,,To Early Redemption Date,yes,25,1.00%,0.00%,5.02
Weighted Average Life Tables,139,"Class M-2, M-2R, M-2S, M-2T, M-2U and M-2I",M-2U,,To Early Redemption Date,yes,35,1.00%,0.00%,4.95
Weighted Average Life Tables,139,"Class M-2, M-2R, M-2S, M-2T, M-2U and M-2I",M-2I,,To Scheduled Maturity Date,no,0,1.00%,0.00%,9.20
Weighted Average Life Tables,139,"Class M-2, M-2R, M-2S, M-2T, M-2U and M-2I",M-2I,,To Scheduled Maturity Date,no,5,1.00%,0.00%,13.11
Weighted Average Life Tables,139,"Class M-2, M-2R, M-2S, M-2T, M-2U and M-2I",M-2I,,To Scheduled Maturity Date,no,10,1.00%,0.00%,19.93
Weighted Average Life Tables,139,"Class M-2, M-2R, M-2S, M-2T, M-2U and M-2I",M-2I,,To Scheduled Maturity Date,no,15,1.00%,0.00%,13.92
Weighted Average Life Tables,139,"Class M-2, M-2R, M-2S, M-2T, M-2U and M-2I",M-2I,,To Scheduled Maturity Date,no,25,1.00%,0.00%,7.97
Weighted Average Life Tables,139,"Class M-2, M-2R, M-2S, M-2T, M-2U and M-2I",M-2I,,To Scheduled Maturity Date,no,35,1.00%,0.00%,5.14
Weighted Average Life Tables,139,"Class M-2, M-2R, M-2S, M-2T, M-2U and M-2I",M-2I,,To Early Redemption Date,yes,0,1.00%,0.00%,5.02
Weighted Average Life Tables,139,"Class M-2, M-2R, M-2S, M-2T, M-2U and M-2I",M-2I,,To Early Redemption Date,yes,5,1.00%,0.00%,5.02
Weighted Average Life Tables,139,"Class M-2, M-2R, M-2S, M-2T, M-2U and M-2I",M-2I,,To Early Redemption Date,yes,10,1.00%,0.00%,5.02
Weighted Average Life Tables,139,"Class M-2, M-2R, M-2S, M-2T, M-2U and M-2I",M-2I,,To Early Redemption Date,yes,15,1.00%,0.00%,5.02
Weighted Average Life Tables,139,"Class M-2, M-2R, M-2S, M-2T, M-2U and M-2I",M-2I,,To Early Redemption Date,yes,25,1.00%,0.00%,5.02
Weighted Average Life Tables,139,"Class M-2, M-2R, M-2S, M-2T, M-2U and M-2I",M-2I,,To Early Redemption Date,yes,35,1.00%,0.00%,4.95
Weighted Average Life Tables,139,"Class M-2, M-2R, M-2S, M-2T, M-2U and M-2I",M-2,,To Scheduled Maturity Date,no,0,1.50%,0.00%,5.94
Weighted Average Life Tables,139,"Class M-2, M-2R, M-2S, M-2T, M-2U and M-2I",M-2,,To Scheduled Maturity Date,no,5,1.50%,0.00%,7.19
Weighted Average Life Tables,139,"Class M-2, M-2R, M-2S, M-2T, M-2U and M-2I",M-2,,To Scheduled Maturity Date,no,10,1.50%,0.00%,9.95
Weighted Average Life Tables,139,"Class M-2, M-2R, M-2S, M-2T, M-2U and M-2I",M-2,,To Scheduled Maturity Date,no,15,1.50%,0.00%,17.18
Weighted Average Life Tables,139,"Class M-2, M-2R, M-2S, M-2T, M-2U and M-2I",M-2,,To Scheduled Maturity Date,no,25,1.50%,0.00%,10.43
Weighted Average Life Tables,139,"Class M-2, M-2R, M-2S, M-2T, M-2U and M-2I",M-2,,To Scheduled Maturity Date,no,35,1.50%,0.00%,7.35
Weighted Average Life Tables,139,"Class M-2, M-2R, M-2S, M-2T, M-2U and M-2I",M-2,,To Early Redemption Date,yes,0,1.50%,0.00%,5.02
Weighted Average Life Tables,139,"Class M-2, M-2R, M-2S, M-2T, M-2U and M-2I",M-2,,To Early Redemption Date,yes,5,1.50%,0.00%,5.02
Weighted Average Life Tables,139,"Class M-2, M-2R, M-2S, M-2T, M-2U and M-2I",M-2,,To Early Redemption Date,yes,10,1.50%,0.00%,5.02
Weighted Average Life Tables,139,"Class M-2, M-2R, M-2S, M-2T, M-2U and M-2I",M-2,,To Early Redemption Date,yes,15,1.50%,0.00%,5.02
Weighted Average Life Tables,139,"Class M-2, M-2R, M-2S, M-2T, M-2U and M-2I",M-2,,To Early Redemption Date,yes,25,1.50%,0.00%,5.02
Weighted Average Life Tables,139,"Class M-2, M-2R, M-2S, M-2T, M-2U and M-2I",M-2,,To Early Redemption Date,yes,35,1.50%,0.00%,5.02
Weighted Average Life Tables,139,"Class M-2, M-2R, M-2S, M-2T, M-2U and M-2I",M-2R,,To Scheduled Maturity Date,no,0,1.50%,0.00%,5.94
Weighted Average Life Tables,139,"Class M-2, M-2R, M-2S, M-2T, M-2U and M-2I",M-2R,,To Scheduled Maturity Date,no,5,1.50%,0.00%,7.19
Weighted Average Life Tables,139,"Class M-2, M-2R, M-2S, M-2T, M-2U and M-2I",M-2R,,To Scheduled Maturity Date,no,10,1.50%,0.00%,9.95
Weighted Average Life Tables,139,"Class M-2, M-2R, M-2S, M-2T, M-2U and M-2I",M-2R,,To Scheduled Maturity Date,no,15,1.50%,0.00%,17.18
Weighted Average Life Tables,139,"Class M-2, M-2R, M-2S, M-2T, M-2U and M-2I",M-2R,,To Scheduled Maturity Date,no,25,1.50%,0.00%,10.43
Weighted Average Life Tables,139,"Class M-2, M-2R, M-2S, M-2T, M-2U and M-2I",M-2R,,To Scheduled Maturity Date,no,35,1.50%,0.00%,7.35
Weighted Average Life Tables,139,"Class M-2, M-2R, M-2S, M-2T, M-2U and M-2I",M-2R,,To Early Redemption Date,yes,0,1.50%,0.00%,5.02
Weighted Average Life Tables,139,"Class M-2, M-2R, M-2S, M-2T, M-2U and M-2I",M-2R,,To Early Redemption Date,yes,5,1.50%,0.00%,5.02
Weighted Average Life Tables,139,"Class M-2, M-2R, M-2S, M-2T, M-2U and M-2I",M-2R,,To Early Redemption Date,yes,10,1.50%,0.00%,5.02
Weighted Average Life Tables,139,"Class M-2, M-2R, M-2S, M-2T, M-2U and M-2I",M-2R,,To Early Redemption Date,yes,15,1.50%,0.00%,5.02
Weighted Average Life Tables,139,"Class M-2, M-2R, M-2S, M-2T, M-2U and M-2I",M-2R,,To Early Redemption Date,yes,25,1.50%,0.00%,5.02
Weighted Average Life Tables,139,"Class M-2, M-2R, M-2S, M-2T, M-2U and M-2I",M-2R,,To Early Redemption Date,yes,35,1.50%,0.00%,5.02
Weighted Average Life Tables,139,"Class M-2, M-2R, M-2S, M-2T, M-2U and M-2I",M-2S,,To Scheduled Maturity Date,no,0,1.50%,0.00%,5.94
Weighted Average Life Tables,139,"Class M-2, M-2R, M-2S, M-2T, M-2U and M-2I",M-2S,,To Scheduled Maturity Date,no,5,1.50%,0.00%,7.19
Weighted Average Life Tables,139,"Class M-2, M-2R, M-2S, M-2T, M-2U and M-2I",M-2S,,To Scheduled Maturity Date,no,10,1.50%,0.00%,9.95
Weighted Average Life Tables,139,"Class M-2, M-2R, M-2S, M-2T, M-2U and M-2I",M-2S,,To Scheduled Maturity Date,no,15,1.50%,0.00%,17.18
Weighted Average Life Tables,139,"Class M-2, M-2R, M-2S, M-2T, M-2U and M-2I",M-2S,,To Scheduled Maturity Date,no,25,1.50%,0.00%,10.43
Weighted Average Life Tables,139,"Class M-2, M-2R, M-2S, M-2T, M-2U and M-2I",M-2S,,To Scheduled Maturity Date,no,35,1.50%,0.00%,7.35
Weighted Average Life Tables,139,"Class M-2, M-2R, M-2S, M-2T, M-2U and M-2I",M-2S,,To Early Redemption Date,yes,0,1.50%,0.00%,5.02
Weighted Average Life Tables,139,"Class M-2, M-2R, M-2S, M-2T, M-2U and M-2I",M-2S,,To Early Redemption Date,yes,5,1.50%,0.00%,5.02
Weighted Average Life Tables,139,"Class M-2, M-2R, M-2S, M-2T, M-2U and M-2I",M-2S,,To Early Redemption Date,yes,10,1.50%,0.00%,5.02
Weighted Average Life Tables,139,"Class M-2, M-2R, M-2S, M-2T, M-2U and M-2I",M-2S,,To Early Redemption Date,yes,15,1.50%,0.00%,5.02
Weighted Average Life Tables,139,"Class M-2, M-2R, M-2S, M-2T, M-2U and M-2I",M-2S,,To Early Redemption Date,yes,25,1.50%,0.00%,5.02
Weighted Average Life Tables,139,"Class M-2, M-2R, M-2S, M-2T, M-2U and M-2I",M-2S,,To Early Redemption Date,yes,35,1.50%,0.00%,5.02
Weighted Average Life Tables,139,"Class M-2, M-2R, M-2S, M-2T, M-2U and M-2I",M-2T,,To Scheduled Maturity Date,no,0,1.50%,0.00%,5.94
Weighted Average Life Tables,139,"Class M-2, M-2R, M-2S, M-2T, M-2U and M-2I",M-2T,,To Scheduled Maturity Date,no,5,1.50%,0.00%,7.19
Weighted Average Life Tables,139,"Class M-2, M-2R, M-2S, M-2T, M-2U and M-2I",M-2T,,To Scheduled Maturity Date,no,10,1.50%,0.00%,9.95
Weighted Average Life Tables,139,"Class M-2, M-2R, M-2S, M-2T, M-2U and M-2I",M-2T,,To Scheduled Maturity Date,no,15,1.50%,0.00%,17.18
Weighted Average Life Tables,139,"Class M-2, M-2R, M-2S, M-2T, M-2U and M-2I",M-2T,,To Scheduled Maturity Date,no,25,1.50%,0.00%,10.43
Weighted Average Life Tables,139,"Class M-2, M-2R, M-2S, M-2T, M-2U and M-2I",M-2T,,To Scheduled Maturity Date,no,35,1.50%,0.00%,7.35
Weighted Average Life Tables,139,"Class M-2, M-2R, M-2S, M-2T, M-2U and M-2I",M-2T,,To Early Redemption Date,yes,0,1.50%,0.00%,5.02
Weighted Average Life Tables,139,"Class M-2, M-2R, M-2S, M-2T, M-2U and M-2I",M-2T,,To Early Redemption Date,yes,5,1.50%,0.00%,5.02
Weighted Average Life Tables,139,"Class M-2, M-2R, M-2S, M-2T, M-2U and M-2I",M-2T,,To Early Redemption Date,yes,10,1.50%,0.00%,5.02
Weighted Average Life Tables,139,"Class M-2, M-2R, M-2S, M-2T, M-2U and M-2I",M-2T,,To Early Redemption Date,yes,15,1.50%,0.00%,5.02
Weighted Average Life Tables,139,"Class M-2, M-2R, M-2S, M-2T, M-2U and M-2I",M-2T,,To Early Redemption Date,yes,25,1.50%,0.00%,5.02
Weighted Average Life Tables,139,"Class M-2, M-2R, M-2S, M-2T, M-2U and M-2I",M-2T,,To Early Redemption Date,yes,35,1.50%,0.00%,5.02
Weighted Average Life Tables,139,"Class M-2, M-2R, M-2S, M-2T, M-2U and M-2I",M-2U,,To Scheduled Maturity Date,no,0,1.50%,0.00%,5.94
Weighted Average Life Tables,139,"Class M-2, M-2R, M-2S, M-2T, M-2U and M-2I",M-2U,,To Scheduled Maturity Date,no,5,1.50%,0.00%,7.19
Weighted Average Life Tables,139,"Class M-2, M-2R, M-2S, M-2T, M-2U and M-2I",M-2U,,To Scheduled Maturity Date,no,10,1.50%,0.00%,9.95
Weighted Average Life Tables,139,"Class M-2, M-2R, M-2S, M-2T, M-2U and M-2I",M-2U,,To Scheduled Maturity Date,no,15,1.50%,0.00%,17.18
Weighted Average Life Tables,139,"Class M-2, M-2R, M-2S, M-2T, M-2U and M-2I",M-2U,,To Scheduled Maturity Date,no,25,1.50%,0.00%,10.43
Weighted Average Life Tables,139,"Class M-2, M-2R, M-2S, M-2T, M-2U and M-2I",M-2U,,To Scheduled Maturity Date,no,35,1.50%,0.00%,7.35
Weighted Average Life Tables,139,"Class M-2, M-2R, M-2S, M-2T, M-2U and M-2I",M-2U,,To Early Redemption Date,yes,0,1.50%,0.00%,5.02
Weighted Average Life Tables,139,"Class M-2, M-2R, M-2S, M-2T, M-2U and M-2I",M-2U,,To Early Redemption Date,yes,5,1.50%,0.00%,5.02
Weighted Average Life Tables,139,"Class M-2, M-2R, M-2S, M-2T, M-2U and M-2I",M-2U,,To Early Redemption Date,yes,10,1.50%,0.00%,5.02
Weighted Average Life Tables,139,"Class M-2, M-2R, M-2S, M-2T, M-2U and M-2I",M-2U,,To Early Redemption Date,yes,15,1.50%,0.00%,5.02
Weighted Average Life Tables,139,"Class M-2, M-2R, M-2S, M-2T, M-2U and M-2I",M-2U,,To Early Redemption Date,yes,25,1.50%,0.00%,5.02
Weighted Average Life Tables,139,"Class M-2, M-2R, M-2S, M-2T, M-2U and M-2I",M-2U,,To Early Redemption Date,yes,35,1.50%,0.00%,5.02
Weighted Average Life Tables,139,"Class M-2, M-2R, M-2S, M-2T, M-2U and M-2I",M-2I,,To Scheduled Maturity Date,no,0,1.50%,0.00%,5.94
Weighted Average Life Tables,139,"Class M-2, M-2R, M-2S, M-2T, M-2U and M-2I",M-2I,,To Scheduled Maturity Date,no,5,1.50%,0.00%,7.19
Weighted Average Life Tables,139,"Class M-2, M-2R, M-2S, M-2T, M-2U and M-2I",M-2I,,To Scheduled Maturity Date,no,10,1.50%,0.00%,9.95
Weighted Average Life Tables,139,"Class M-2, M-2R, M-2S, M-2T, M-2U and M-2I",M-2I,,To Scheduled Maturity Date,no,15,1.50%,0.00%,17.18
Weighted Average Life Tables,139,"Class M-2, M-2R, M-2S, M-2T, M-2U and M-2I",M-2I,,To Scheduled Maturity Date,no,25,1.50%,0.00%,10.43
Weighted Average Life Tables,139,"Class M-2, M-2R, M-2S, M-2T, M-2U and M-2I",M-2I,,To Scheduled Maturity Date,no,35,1.50%,0.00%,7.35
Weighted Average Life Tables,139,"Class M-2, M-2R, M-2S, M-2T, M-2U and M-2I",M-2I,,To Early Redemption Date,yes,0,1.50%,0.00%,5.02
Weighted Average Life Tables,139,"Class M-2, M-2R, M-2S, M-2T, M-2U and M-2I",M-2I,,To Early Redemption Date,yes,5,1.50%,0.00%,5.02
Weighted Average Life Tables,139,"Class M-2, M-2R, M-2S, M-2T, M-2U and M-2I",M-2I,,To Early Redemption Date,yes,10,1.50%,0.00%,5.02
Weighted Average Life Tables,139,"Class M-2, M-2R, M-2S, M-2T, M-2U and M-2I",M-2I,,To Early Redemption Date,yes,15,1.50%,0.00%,5.02
Weighted Average Life Tables,139,"Class M-2, M-2R, M-2S, M-2T, M-2U and M-2I",M-2I,,To Early Redemption Date,yes,25,1.50%,0.00%,5.02
Weighted Average Life Tables,139,"Class M-2, M-2R, M-2S, M-2T, M-2U and M-2I",M-2I,,To Early Redemption Date,yes,35,1.50%,0.00%,5.02
Weighted Average Life Tables,139,"Class M-2, M-2R, M-2S, M-2T, M-2U and M-2I",M-2,,To Scheduled Maturity Date,no,0,2.50%,0.00%,3.48
Weighted Average Life Tables,139,"Class M-2, M-2R, M-2S, M-2T, M-2U and M-2I",M-2,,To Scheduled Maturity Date,no,5,2.50%,0.00%,3.85
Weighted Average Life Tables,139,"Class M-2, M-2R, M-2S, M-2T, M-2U and M-2I",M-2,,To Scheduled Maturity Date,no,10,2.50%,0.00%,4.38
Weighted Average Life Tables,139,"Class M-2, M-2R, M-2S, M-2T, M-2U and M-2I",M-2,,To Scheduled Maturity Date,no,15,2.50%,0.00%,5.28
Weighted Average Life Tables,139,"Class M-2, M-2R, M-2S, M-2T, M-2U and M-2I",M-2,,To Scheduled Maturity Date,no,25,2.50%,0.00%,6.63
Weighted Average Life Tables,139,"Class M-2, M-2R, M-2S, M-2T, M-2U and M-2I",M-2,,To Scheduled Maturity Date,no,35,2.50%,0.00%,5.15
Weighted Average Life Tables,139,"Class M-2, M-2R, M-2S, M-2T, M-2U and M-2I",M-2,,To Early Redemption Date,yes,0,2.50%,0.00%,3.48
Weighted Average Life Tables,139,"Class M-2, M-2R, M-2S, M-2T, M-2U and M-2I",M-2,,To Early Redemption Date,yes,5,2.50%,0.00%,3.85
Weighted Average Life Tables,139,"Class M-2, M-2R, M-2S, M-2T, M-2U and M-2I",M-2,,To Early Redemption Date,yes,10,2.50%,0.00%,4.38
Weighted Average Life Tables,139,"Class M-2, M-2R, M-2S, M-2T, M-2U and M-2I",M-2,,To Early Redemption Date,yes,15,2.50%,0.00%,4.93
Weighted Average Life Tables,139,"Class M-2, M-2R, M-2S, M-2T, M-2U and M-2I",M-2,,To Early Redemption Date,yes,25,2.50%,0.00%,5.02
Weighted Average Life Tables,139,"Class M-2, M-2R, M-2S, M-2T, M-2U and M-2I",M-2,,To Early Redemption Date,yes,35,2.50%,0.00%,4.79
Weighted Average Life Tables,139,"Class M-2, M-2R, M-2S, M-2T, M-2U and M-2I",M-2R,,To Scheduled Maturity Date,no,0,2.50%,0.00%,3.48
Weighted Average Life Tables,139,"Class M-2, M-2R, M-2S, M-2T, M-2U and M-2I",M-2R,,To Scheduled Maturity Date,no,5,2.50%,0.00%,3.85
Weighted Average Life Tables,139,"Class M-2, M-2R, M-2S, M-2T, M-2U and M-2I",M-2R,,To Scheduled Maturity Date,no,10,2.50%,0.00%,4.38
Weighted Average Life Tables,139,"Class M-2, M-2R, M-2S, M-2T, M-2U and M-2I",M-2R,,To Scheduled Maturity Date,no,15,2.50%,0.00%,5.28
Weighted Average Life Tables,139,"Class M-2, M-2R, M-2S, M-2T, M-2U and M-2I",M-2R,,To Scheduled Maturity Date,no,25,2.50%,0.00%,6.63
Weighted Average Life Tables,139,"Class M-2, M-2R, M-2S, M-2T, M-2U and M-2I",M-2R,,To Scheduled Maturity Date,no,35,2.50%,0.00%,5.15
Weighted Average Life Tables,139,"Class M-2, M-2R, M-2S, M-2T, M-2U and M-2I",M-2R,,To Early Redemption Date,yes,0,2.50%,0.00%,3.48
Weighted Average Life Tables,139,"Class M-2, M-2R, M-2S, M-2T, M-2U and M-2I",M-2R,,To Early Redemption Date,yes,5,2.50%,0.00%,3.85
Weighted Average Life Tables,139,"Class M-2, M-2R, M-2S, M-2T, M-2U and M-2I",M-2R,,To Early Redemption Date,yes,10,2.50%,0.00%,4.38
Weighted Average Life Tables,139,"Class M-2, M-2R, M-2S, M-2T, M-2U and M-2I",M-2R,,To Early Redemption Date,yes,15,2.50%,0.00%,4.93
Weighted Average Life Tables,139,"Class M-2, M-2R, M-2S, M-2T, M-2U and M-2I",M-2R,,To Early Redemption Date,yes,25,2.50%,0.00%,5.02
Weighted Average Life Tables,139,"Class M-2, M-2R, M-2S, M-2T, M-2U and M-2I",M-2R,,To Early Redemption Date,yes,35,2.50%,0.00%,4.79
Weighted Average Life Tables,139,"Class M-2, M-2R, M-2S, M-2T, M-2U and M-2I",M-2S,,To Scheduled Maturity Date,no,0,2.50%,0.00%,3.48
Weighted Average Life Tables,139,"Class M-2, M-2R, M-2S, M-2T, M-2U and M-2I",M-2S,,To Scheduled Maturity Date,no,5,2.50%,0.00%,3.85
Weighted Average Life Tables,139,"Class M-2, M-2R, M-2S, M-2T, M-2U and M-2I",M-2S,,To Scheduled Maturity Date,no,10,2.50%,0.00%,4.38
Weighted Average Life Tables,139,"Class M-2, M-2R, M-2S, M-2T, M-2U and M-2I",M-2S,,To Scheduled Maturity Date,no,15,2.50%,0.00%,5.28
Weighted Average Life Tables,139,"Class M-2, M-2R, M-2S, M-2T, M-2U and M-2I",M-2S,,To Scheduled Maturity Date,no,25,2.50%,0.00%,6.63
Weighted Average Life Tables,139,"Class M-2, M-2R, M-2S, M-2T, M-2U and M-2I",M-2S,,To Scheduled Maturity Date,no,35,2.50%,0.00%,5.15
Weighted Average Life Tables,139,"Class M-2, M-2R, M-2S, M-2T, M-2U and M-2I",M-2S,,To Early Redemption Date,yes,0,2.50%,0.00%,3.48
Weighted Average Life Tables,139,"Class M-2, M-2R, M-2S, M-2T, M-2U and M-2I",M-2S,,To Early Redemption Date,yes,5,2.50%,0.00%,3.85
Weighted Average Life Tables,139,"Class M-2, M-2R, M-2S, M-2T, M-2U and M-2I",M-2S,,To Early Redemption Date,yes,10,2.50%,0.00%,4.38
Weighted Average Life Tables,139,"Class M-2, M-2R, M-2S, M-2T, M-2U and M-2I",M-2S,,To Early Redemption Date,yes,15,2.50%,0.00%,4.93
Weighted Average Life Tables,139,"Class M-2, M-2R, M-2S, M-2T, M-2U and M-2I",M-2S,,To Early Redemption Date,yes,25,2.50%,0.00%,5.02
Weighted Average Life Tables,139,"Class M-2, M-2R, M-2S, M-2T, M-2U and M-2I",M-2S,,To Early Redemption Date,yes,35,2.50%,0.00%,4.79
Weighted Average Life Tables,139,"Class M-2, M-2R, M-2S, M-2T, M-2U and M-2I",M-2T,,To Scheduled Maturity Date,no,0,2.50%,0.00%,3.48
Weighted Average Life Tables,139,"Class M-2, M-2R, M-2S, M-2T, M-2U and M-2I",M-2T,,To Scheduled Maturity Date,no,5,2.50%,0.00%,3.85
Weighted Average Life Tables,139,"Class M-2, M-2R, M-2S, M-2T, M-2U and M-2I",M-2T,,To Scheduled Maturity Date,no,10,2.50%,0.00%,4.38
Weighted Average Life Tables,139,"Class M-2, M-2R, M-2S, M-2T, M-2U and M-2I",M-2T,,To Scheduled Maturity Date,no,15,2.50%,0.00%,5.28
Weighted Average Life Tables,139,"Class M-2, M-2R, M-2S, M-2T, M-2U and M-2I",M-2T,,To Scheduled Maturity Date,no,25,2.50%,0.00%,6.63
Weighted Average Life Tables,139,"Class M-2, M-2R, M-2S, M-2T, M-2U and M-2I",M-2T,,To Scheduled Maturity Date,no,35,2.50%,0.00%,5.15
Weighted Average Life Tables,139,"Class M-2, M-2R, M-2S, M-2T, M-2U and M-2I",M-2T,,To Early Redemption Date,yes,0,2.50%,0.00%,3.48
Weighted Average Life Tables,139,"Class M-2, M-2R, M-2S, M-2T, M-2U and M-2I",M-2T,,To Early Redemption Date,yes,5,2.50%,0.00%,3.85
Weighted Average Life Tables,139,"Class M-2, M-2R, M-2S, M-2T, M-2U and M-2I",M-2T,,To Early Redemption Date,yes,10,2.50%,0.00%,4.38
Weighted Average Life Tables,139,"Class M-2, M-2R, M-2S, M-2T, M-2U and M-2I",M-2T,,To Early Redemption Date,yes,15,2.50%,0.00%,4.93
Weighted Average Life Tables,139,"Class M-2, M-2R, M-2S, M-2T, M-2U and M-2I",M-2T,,To Early Redemption Date,yes,25,2.50%,0.00%,5.02
Weighted Average Life Tables,139,"Class M-2, M-2R, M-2S, M-2T, M-2U and M-2I",M-2T,,To Early Redemption Date,yes,35,2.50%,0.00%,4.79
Weighted Average Life Tables,139,"Class M-2, M-2R, M-2S, M-2T, M-2U and M-2I",M-2U,,To Scheduled Maturity Date,no,0,2.50%,0.00%,3.48
Weighted Average Life Tables,139,"Class M-2, M-2R, M-2S, M-2T, M-2U and M-2I",M-2U,,To Scheduled Maturity Date,no,5,2.50%,0.00%,3.85
Weighted Average Life Tables,139,"Class M-2, M-2R, M-2S, M-2T, M-2U and M-2I",M-2U,,To Scheduled Maturity Date,no,10,2.50%,0.00%,4.38
Weighted Average Life Tables,139,"Class M-2, M-2R, M-2S, M-2T, M-2U and M-2I",M-2U,,To Scheduled Maturity Date,no,15,2.50%,0.00%,5.28
Weighted Average Life Tables,139,"Class M-2, M-2R, M-2S, M-2T, M-2U and M-2I",M-2U,,To Scheduled Maturity Date,no,25,2.50%,0.00%,6.63
Weighted Average Life Tables,139,"Class M-2, M-2R, M-2S, M-2T, M-2U and M-2I",M-2U,,To Scheduled Maturity Date,no,35,2.50%,0.00%,5.15
Weighted Average Life Tables,139,"Class M-2, M-2R, M-2S, M-2T, M-2U and M-2I",M-2U,,To Early Redemption Date,yes,0,2.50%,0.00%,3.48
Weighted Average Life Tables,139,"Class M-2, M-2R, M-2S, M-2T, M-2U and M-2I",M-2U,,To Early Redemption Date,yes,5,2.50%,0.00%,3.85
Weighted Average Life Tables,139,"Class M-2, M-2R, M-2S, M-2T, M-2U and M-2I",M-2U,,To Early Redemption Date,yes,10,2.50%,0.00%,4.38
Weighted Average Life Tables,139,"Class M-2, M-2R, M-2S, M-2T, M-2U and M-2I",M-2U,,To Early Redemption Date,yes,15,2.50%,0.00%,4.93
Weighted Average Life Tables,139,"Class M-2, M-2R, M-2S, M-2T, M-2U and M-2I",M-2U,,To Early Redemption Date,yes,25,2.50%,0.00%,5.02
Weighted Average Life Tables,139,"Class M-2, M-2R, M-2S, M-2T, M-2U and M-2I",M-2U,,To Early Redemption Date,yes,35,2.50%,0.00%,4.79
Weighted Average Life Tables,139,"Class M-2, M-2R, M-2S, M-2T, M-2U and M-2I",M-2I,,To Scheduled Maturity Date,no,0,2.50%,0.00%,3.48
Weighted Average Life Tables,139,"Class M-2, M-2R, M-2S, M-2T, M-2U and M-2I",M-2I,,To Scheduled Maturity Date,no,5,2.50%,0.00%,3.85
Weighted Average Life Tables,139,"Class M-2, M-2R, M-2S, M-2T, M-2U and M-2I",M-2I,,To Scheduled Maturity Date,no,10,2.50%,0.00%,4.38
Weighted Average Life Tables,139,"Class M-2, M-2R, M-2S, M-2T, M-2U and M-2I",M-2I,,To Scheduled Maturity Date,no,15,2.50%,0.00%,5.28
Weighted Average Life Tables,139,"Class M-2, M-2R, M-2S, M-2T, M-2U and M-2I",M-2I,,To Scheduled Maturity Date,no,25,2.50%,0.00%,6.63
Weighted Average Life Tables,139,"Class M-2, M-2R, M-2S, M-2T, M-2U and M-2I",M-2I,,To Scheduled Maturity Date,no,35,2.50%,0.00%,5.15
Weighted Average Life Tables,139,"Class M-2, M-2R, M-2S, M-2T, M-2U and M-2I",M-2I,,To Early Redemption Date,yes,0,2.50%,0.00%,3.48
Weighted Average Life Tables,139,"Class M-2, M-2R, M-2S, M-2T, M-2U and M-2I",M-2I,,To Early Redemption Date,yes,5,2.50%,0.00%,3.85
Weighted Average Life Tables,139,"Class M-2, M-2R, M-2S, M-2T, M-2U and M-2I",M-2I,,To Early Redemption Date,yes,10,2.50%,0.00%,4.38
Weighted Average Life Tables,139,"Class M-2, M-2R, M-2S, M-2T, M-2U and M-2I",M-2I,,To Early Redemption Date,yes,15,2.50%,0.00%,4.93
Weighted Average Life Tables,139,"Class M-2, M-2R, M-2S, M-2T, M-2U and M-2I",M-2I,,To Early Redemption Date,yes,25,2.50%,0.00%,5.02
Weighted Average Life Tables,139,"Class M-2, M-2R, M-2S, M-2T, M-2U and M-2I",M-2I,,To Early Redemption Date,yes,35,2.50%,0.00%,4.79
Weighted Average Life Tables,139,"Class M-2, M-2R, M-2S, M-2T, M-2U and M-2I",M-2,,To Scheduled Maturity Date,no,0,3.00%,0.00%,2.87
Weighted Average Life Tables,139,"Class M-2, M-2R, M-2S, M-2T, M-2U and M-2I",M-2,,To Scheduled Maturity Date,no,5,3.00%,0.00%,3.12
Weighted Average Life Tables,139,"Class M-2, M-2R, M-2S, M-2T, M-2U and M-2I",M-2,,To Scheduled Maturity Date,no,10,3.00%,0.00%,3.45
Weighted Average Life Tables,139,"Class M-2, M-2R, M-2S, M-2T, M-2U and M-2I",M-2,,To Scheduled Maturity Date,no,15,3.00%,0.00%,3.94
Weighted Average Life Tables,139,"Class M-2, M-2R, M-2S, M-2T, M-2U and M-2I",M-2,,To Scheduled Maturity Date,no,25,3.00%,0.00%,6.00
Weighted Average Life Tables,139,"Class M-2, M-2R, M-2S, M-2T, M-2U and M-2I",M-2,,To Scheduled Maturity Date,no,35,3.00%,0.00%,4.38
Weighted Average Life Tables,139,"Class M-2, M-2R, M-2S, M-2T, M-2U and M-2I",M-2,,To Early Redemption Date,yes,0,3.00%,0.00%,2.87
Weighted Average Life Tables,139,"Class M-2, M-2R, M-2S, M-2T, M-2U and M-2I",M-2,,To Early Redemption Date,yes,5,3.00%,0.00%,3.12
Weighted Average Life Tables,139,"Class M-2, M-2R, M-2S, M-2T, M-2U and M-2I",M-2,,To Early Redemption Date,yes,10,3.00%,0.00%,3.45
Weighted Average Life Tables,139,"Class M-2, M-2R, M-2S, M-2T, M-2U and M-2I",M-2,,To Early Redemption Date,yes,15,3.00%,0.00%,3.94
Weighted Average Life Tables,139,"Class M-2, M-2R, M-2S, M-2T, M-2U and M-2I",M-2,,To Early Redemption Date,yes,25,3.00%,0.00%,5.02
Weighted Average Life Tables,139,"Class M-2, M-2R, M-2S, M-2T, M-2U and M-2I",M-2,,To Early Redemption Date,yes,35,3.00%,0.00%,4.38
Weighted Average Life Tables,139,"Class M-2, M-2R, M-2S, M-2T, M-2U and M-2I",M-2R,,To Scheduled Maturity Date,no,0,3.00%,0.00%,2.87
Weighted Average Life Tables,139,"Class M-2, M-2R, M-2S, M-2T, M-2U and M-2I",M-2R,,To Scheduled Maturity Date,no,5,3.00%,0.00%,3.12
Weighted Average Life Tables,139,"Class M-2, M-2R, M-2S, M-2T, M-2U and M-2I",M-2R,,To Scheduled Maturity Date,no,10,3.00%,0.00%,3.45
Weighted Average Life Tables,139,"Class M-2, M-2R, M-2S, M-2T, M-2U and M-2I",M-2R,,To Scheduled Maturity Date,no,15,3.00%,0.00%,3.94
Weighted Average Life Tables,139,"Class M-2, M-2R, M-2S, M-2T, M-2U and M-2I",M-2R,,To Scheduled Maturity Date,no,25,3.00%,0.00%,6.00
Weighted Average Life Tables,139,"Class M-2, M-2R, M-2S, M-2T, M-2U and M-2I",M-2R,,To Scheduled Maturity Date,no,35,3.00%,0.00%,4.38
Weighted Average Life Tables,139,"Class M-2, M-2R, M-2S, M-2T, M-2U and M-2I",M-2R,,To Early Redemption Date,yes,0,3.00%,0.00%,2.87
Weighted Average Life Tables,139,"Class M-2, M-2R, M-2S, M-2T, M-2U and M-2I",M-2R,,To Early Redemption Date,yes,5,3.00%,0.00%,3.12
Weighted Average Life Tables,139,"Class M-2, M-2R, M-2S, M-2T, M-2U and M-2I",M-2R,,To Early Redemption Date,yes,10,3.00%,0.00%,3.45
Weighted Average Life Tables,139,"Class M-2, M-2R, M-2S, M-2T, M-2U and M-2I",M-2R,,To Early Redemption Date,yes,15,3.00%,0.00%,3.94
Weighted Average Life Tables,139,"Class M-2, M-2R, M-2S, M-2T, M-2U and M-2I",M-2R,,To Early Redemption Date,yes,25,3.00%,0.00%,5.02
Weighted Average Life Tables,139,"Class M-2, M-2R, M-2S, M-2T, M-2U and M-2I",M-2R,,To Early Redemption Date,yes,35,3.00%,0.00%,4.38
Weighted Average Life Tables,139,"Class M-2, M-2R, M-2S, M-2T, M-2U and M-2I",M-2S,,To Scheduled Maturity Date,no,0,3.00%,0.00%,2.87
Weighted Average Life Tables,139,"Class M-2, M-2R, M-2S, M-2T, M-2U and M-2I",M-2S,,To Scheduled Maturity Date,no,5,3.00%,0.00%,3.12
Weighted Average Life Tables,139,"Class M-2, M-2R, M-2S, M-2T, M-2U and M-2I",M-2S,,To Scheduled Maturity Date,no,10,3.00%,0.00%,3.45
Weighted Average Life Tables,139,"Class M-2, M-2R, M-2S, M-2T, M-2U and M-2I",M-2S,,To Scheduled Maturity Date,no,15,3.00%,0.00%,3.94
Weighted Average Life Tables,139,"Class M-2, M-2R, M-2S, M-2T, M-2U and M-2I",M-2S,,To Scheduled Maturity Date,no,25,3.00%,0.00%,6.00
Weighted Average Life Tables,139,"Class M-2, M-2R, M-2S, M-2T, M-2U and M-2I",M-2S,,To Scheduled Maturity Date,no,35,3.00%,0.00%,4.38
Weighted Average Life Tables,139,"Class M-2, M-2R, M-2S, M-2T, M-2U and M-2I",M-2S,,To Early Redemption Date,yes,0,3.00%,0.00%,2.87
Weighted Average Life Tables,139,"Class M-2, M-2R, M-2S, M-2T, M-2U and M-2I",M-2S,,To Early Redemption Date,yes,5,3.00%,0.00%,3.12
Weighted Average Life Tables,139,"Class M-2, M-2R, M-2S, M-2T, M-2U and M-2I",M-2S,,To Early Redemption Date,yes,10,3.00%,0.00%,3.45
Weighted Average Life Tables,139,"Class M-2, M-2R, M-2S, M-2T, M-2U and M-2I",M-2S,,To Early Redemption Date,yes,15,3.00%,0.00%,3.94
Weighted Average Life Tables,139,"Class M-2, M-2R, M-2S, M-2T, M-2U and M-2I",M-2S,,To Early Redemption Date,yes,25,3.00%,0.00%,5.02
Weighted Average Life Tables,139,"Class M-2, M-2R, M-2S, M-2T, M-2U and M-2I",M-2S,,To Early Redemption Date,yes,35,3.00%,0.00%,4.38
Weighted Average Life Tables,139,"Class M-2, M-2R, M-2S, M-2T, M-2U and M-2I",M-2T,,To Scheduled Maturity Date,no,0,3.00%,0.00%,2.87
Weighted Average Life Tables,139,"Class M-2, M-2R, M-2S, M-2T, M-2U and M-2I",M-2T,,To Scheduled Maturity Date,no,5,3.00%,0.00%,3.12
Weighted Average Life Tables,139,"Class M-2, M-2R, M-2S, M-2T, M-2U and M-2I",M-2T,,To Scheduled Maturity Date,no,10,3.00%,0.00%,3.45
Weighted Average Life Tables,139,"Class M-2, M-2R, M-2S, M-2T, M-2U and M-2I",M-2T,,To Scheduled Maturity Date,no,15,3.00%,0.00%,3.94
Weighted Average Life Tables,139,"Class M-2, M-2R, M-2S, M-2T, M-2U and M-2I",M-2T,,To Scheduled Maturity Date,no,25,3.00%,0.00%,6.00
Weighted Average Life Tables,139,"Class M-2, M-2R, M-2S, M-2T, M-2U and M-2I",M-2T,,To Scheduled Maturity Date,no,35,3.00%,0.00%,4.38
Weighted Average Life Tables,139,"Class M-2, M-2R, M-2S, M-2T, M-2U and M-2I",M-2T,,To Early Redemption Date,yes,0,3.00%,0.00%,2.87
Weighted Average Life Tables,139,"Class M-2, M-2R, M-2S, M-2T, M-2U and M-2I",M-2T,,To Early Redemption Date,yes,5,3.00%,0.00%,3.12
Weighted Average Life Tables,139,"Class M-2, M-2R, M-2S, M-2T, M-2U and M-2I",M-2T,,To Early Redemption Date,yes,10,3.00%,0.00%,3.45
Weighted Average Life Tables,139,"Class M-2, M-2R, M-2S, M-2T, M-2U and M-2I",M-2T,,To Early Redemption Date,yes,15,3.00%,0.00%,3.94
Weighted Average Life Tables,139,"Class M-2, M-2R, M-2S, M-2T, M-2U and M-2I",M-2T,,To Early Redemption Date,yes,25,3.00%,0.00%,5.02
Weighted Average Life Tables,139,"Class M-2, M-2R, M-2S, M-2T, M-2U and M-2I",M-2T,,To Early Redemption Date,yes,35,3.00%,0.00%,4.38
Weighted Average Life Tables,139,"Class M-2, M-2R, M-2S, M-2T, M-2U and M-2I",M-2U,,To Scheduled Maturity Date,no,0,3.00%,0.00%,2.87
Weighted Average Life Tables,139,"Class M-2, M-2R, M-2S, M-2T, M-2U and M-2I",M-2U,,To Scheduled Maturity Date,no,5,3.00%,0.00%,3.12
Weighted Average Life Tables,139,"Class M-2, M-2R, M-2S, M-2T, M-2U and M-2I",M-2U,,To Scheduled Maturity Date,no,10,3.00%,0.00%,3.45
Weighted Average Life Tables,139,"Class M-2, M-2R, M-2S, M-2T, M-2U and M-2I",M-2U,,To Scheduled Maturity Date,no,15,3.00%,0.00%,3.94
Weighted Average Life Tables,139,"Class M-2, M-2R, M-2S, M-2T, M-2U and M-2I",M-2U,,To Scheduled Maturity Date,no,25,3.00%,0.00%,6.00
Weighted Average Life Tables,139,"Class M-2, M-2R, M-2S, M-2T, M-2U and M-2I",M-2U,,To Scheduled Maturity Date,no,35,3.00%,0.00%,4.38
Weighted Average Life Tables,139,"Class M-2, M-2R, M-2S, M-2T, M-2U and M-2I",M-2U,,To Early Redemption Date,yes,0,3.00%,0.00%,2.87
Weighted Average Life Tables,139,"Class M-2, M-2R, M-2S, M-2T, M-2U and M-2I",M-2U,,To Early Redemption Date,yes,5,3.00%,0.00%,3.12
Weighted Average Life Tables,139,"Class M-2, M-2R, M-2S, M-2T, M-2U and M-2I",M-2U,,To Early Redemption Date,yes,10,3.00%,0.00%,3.45
Weighted Average Life Tables,139,"Class M-2, M-2R, M-2S, M-2T, M-2U and M-2I",M-2U,,To Early Redemption Date,yes,15,3.00%,0.00%,3.94
Weighted Average Life Tables,139,"Class M-2, M-2R, M-2S, M-2T, M-2U and M-2I",M-2U,,To Early Redemption Date,yes,25,3.00%,0.00%,5.02
Weighted Average Life Tables,139,"Class M-2, M-2R, M-2S, M-2T, M-2U and M-2I",M-2U,,To Early Redemption Date,yes,35,3.00%,0.00%,4.38
Weighted Average Life Tables,139,"Class M-2, M-2R, M-2S, M-2T, M-2U and M-2I",M-2I,,To Scheduled Maturity Date,no,0,3.00%,0.00%,2.87
Weighted Average Life Tables,139,"Class M-2, M-2R, M-2S, M-2T, M-2U and M-2I",M-2I,,To Scheduled Maturity Date,no,5,3.00%,0.00%,3.12
Weighted Average Life Tables,139,"Class M-2, M-2R, M-2S, M-2T, M-2U and M-2I",M-2I,,To Scheduled Maturity Date,no,10,3.00%,0.00%,3.45
Weighted Average Life Tables,139,"Class M-2, M-2R, M-2S, M-2T, M-2U and M-2I",M-2I,,To Scheduled Maturity Date,no,15,3.00%,0.00%,3.94
Weighted Average Life Tables,139,"Class M-2, M-2R, M-2S, M-2T, M-2U and M-2I",M-2I,,To Scheduled Maturity Date,no,25,3.00%,0.00%,6.00
Weighted Average Life Tables,139,"Class M-2, M-2R, M-2S, M-2T, M-2U and M-2I",M-2I,,To Scheduled Maturity Date,no,35,3.00%,0.00%,4.38
Weighted Average Life Tables,139,"Class M-2, M-2R, M-2S, M-2T, M-2U and M-2I",M-2I,,To Early Redemption Date,yes,0,3.00%,0.00%,2.87
Weighted Average Life Tables,139,"Class M-2, M-2R, M-2S, M-2T, M-2U and M-2I",M-2I,,To Early Redemption Date,yes,5,3.00%,0.00%,3.12
Weighted Average Life Tables,139,"Class M-2, M-2R, M-2S, M-2T, M-2U and M-2I",M-2I,,To Early Redemption Date,yes,10,3.00%,0.00%,3.45
Weighted Average Life Tables,139,"Class M-2, M-2R, M-2S, M-2T, M-2U and M-2I",M-2I,,To Early Redemption Date,yes,15,3.00%,0.00%,3.94
Weighted Average Life Tables,139,"Class M-2, M-2R, M-2S, M-2T, M-2U and M-2I",M-2I,,To Early Redemption Date,yes,25,3.00%,0.00%,5.02
Weighted Average Life Tables,139,"Class M-2, M-2R, M-2S, M-2T, M-2U and M-2I",M-2I,,To Early Redemption Date,yes,35,3.00%,0.00%,4.38
Weighted Average Life Tables,139,"Class M-2, M-2R, M-2S, M-2T, M-2U and M-2I",M-2,,To Scheduled Maturity Date,no,0,5.00%,0.00%,1.69
Weighted Average Life Tables,139,"Class M-2, M-2R, M-2S, M-2T, M-2U and M-2I",M-2,,To Scheduled Maturity Date,no,5,5.00%,0.00%,1.77
Weighted Average Life Tables,139,"Class M-2, M-2R, M-2S, M-2T, M-2U and M-2I",M-2,,To Scheduled Maturity Date,no,10,5.00%,0.00%,1.86
Weighted Average Life Tables,139,"Class M-2, M-2R, M-2S, M-2T, M-2U and M-2I",M-2,,To Scheduled Maturity Date,no,15,5.00%,0.00%,1.98
Weighted Average Life Tables,139,"Class M-2, M-2R, M-2S, M-2T, M-2U and M-2I",M-2,,To Scheduled Maturity Date,no,25,5.00%,0.00%,2.33
Weighted Average Life Tables,139,"Class M-2, M-2R, M-2S, M-2T, M-2U and M-2I",M-2,,To Scheduled Maturity Date,no,35,5.00%,0.00%,3.14
Weighted Average Life Tables,139,"Class M-2, M-2R, M-2S, M-2T, M-2U and M-2I",M-2,,To Early Redemption Date,yes,0,5.00%,0.00%,1.69
Weighted Average Life Tables,139,"Class M-2, M-2R, M-2S, M-2T, M-2U and M-2I",M-2,,To Early Redemption Date,yes,5,5.00%,0.00%,1.77
Weighted Average Life Tables,139,"Class M-2, M-2R, M-2S, M-2T, M-2U and M-2I",M-2,,To Early Redemption Date,yes,10,5.00%,0.00%,1.86
Weighted Average Life Tables,139,"Class M-2, M-2R, M-2S, M-2T, M-2U and M-2I",M-2,,To Early Redemption Date,yes,15,5.00%,0.00%,1.98
Weighted Average Life Tables,139,"Class M-2, M-2R, M-2S, M-2T, M-2U and M-2I",M-2,,To Early Redemption Date,yes,25,5.00%,0.00%,2.33
Weighted Average Life Tables,139,"Class M-2, M-2R, M-2S, M-2T, M-2U and M-2I",M-2,,To Early Redemption Date,yes,35,5.00%,0.00%,3.14
Weighted Average Life Tables,139,"Class M-2, M-2R, M-2S, M-2T, M-2U and M-2I",M-2R,,To Scheduled Maturity Date,no,0,5.00%,0.00%,1.69
Weighted Average Life Tables,139,"Class M-2, M-2R, M-2S, M-2T, M-2U and M-2I",M-2R,,To Scheduled Maturity Date,no,5,5.00%,0.00%,1.77
Weighted Average Life Tables,139,"Class M-2, M-2R, M-2S, M-2T, M-2U and M-2I",M-2R,,To Scheduled Maturity Date,no,10,5.00%,0.00%,1.86
Weighted Average Life Tables,139,"Class M-2, M-2R, M-2S, M-2T, M-2U and M-2I",M-2R,,To Scheduled Maturity Date,no,15,5.00%,0.00%,1.98
Weighted Average Life Tables,139,"Class M-2, M-2R, M-2S, M-2T, M-2U and M-2I",M-2R,,To Scheduled Maturity Date,no,25,5.00%,0.00%,2.33
Weighted Average Life Tables,139,"Class M-2, M-2R, M-2S, M-2T, M-2U and M-2I",M-2R,,To Scheduled Maturity Date,no,35,5.00%,0.00%,3.14
Weighted Average Life Tables,139,"Class M-2, M-2R, M-2S, M-2T, M-2U and M-2I",M-2R,,To Early Redemption Date,yes,0,5.00%,0.00%,1.69
Weighted Average Life Tables,139,"Class M-2, M-2R, M-2S, M-2T, M-2U and M-2I",M-2R,,To Early Redemption Date,yes,5,5.00%,0.00%,1.77
Weighted Average Life Tables,139,"Class M-2, M-2R, M-2S, M-2T, M-2U and M-2I",M-2R,,To Early Redemption Date,yes,10,5.00%,0.00%,1.86
Weighted Average Life Tables,139,"Class M-2, M-2R, M-2S, M-2T, M-2U and M-2I",M-2R,,To Early Redemption Date,yes,15,5.00%,0.00%,1.98
Weighted Average Life Tables,139,"Class M-2, M-2R, M-2S, M-2T, M-2U and M-2I",M-2R,,To Early Redemption Date,yes,25,5.00%,0.00%,2.33
Weighted Average Life Tables,139,"Class M-2, M-2R, M-2S, M-2T, M-2U and M-2I",M-2R,,To Early Redemption Date,yes,35,5.00%,0.00%,3.14
Weighted Average Life Tables,139,"Class M-2, M-2R, M-2S, M-2T, M-2U and M-2I",M-2S,,To Scheduled Maturity Date,no,0,5.00%,0.00%,1.69
Weighted Average Life Tables,139,"Class M-2, M-2R, M-2S, M-2T, M-2U and M-2I",M-2S,,To Scheduled Maturity Date,no,5,5.00%,0.00%,1.77
Weighted Average Life Tables,139,"Class M-2, M-2R, M-2S, M-2T, M-2U and M-2I",M-2S,,To Scheduled Maturity Date,no,10,5.00%,0.00%,1.86
Weighted Average Life Tables,139,"Class M-2, M-2R, M-2S, M-2T, M-2U and M-2I",M-2S,,To Scheduled Maturity Date,no,15,5.00%,0.00%,1.98
Weighted Average Life Tables,139,"Class M-2, M-2R, M-2S, M-2T, M-2U and M-2I",M-2S,,To Scheduled Maturity Date,no,25,5.00%,0.00%,2.33
Weighted Average Life Tables,139,"Class M-2, M-2R, M-2S, M-2T, M-2U and M-2I",M-2S,,To Scheduled Maturity Date,no,35,5.00%,0.00%,3.14
Weighted Average Life Tables,139,"Class M-2, M-2R, M-2S, M-2T, M-2U and M-2I",M-2S,,To Early Redemption Date,yes,0,5.00%,0.00%,1.69
Weighted Average Life Tables,139,"Class M-2, M-2R, M-2S, M-2T, M-2U and M-2I",M-2S,,To Early Redemption Date,yes,5,5.00%,0.00%,1.77
Weighted Average Life Tables,139,"Class M-2, M-2R, M-2S, M-2T, M-2U and M-2I",M-2S,,To Early Redemption Date,yes,10,5.00%,0.00%,1.86
Weighted Average Life Tables,139,"Class M-2, M-2R, M-2S, M-2T, M-2U and M-2I",M-2S,,To Early Redemption Date,yes,15,5.00%,0.00%,1.98
Weighted Average Life Tables,139,"Class M-2, M-2R, M-2S, M-2T, M-2U and M-2I",M-2S,,To Early Redemption Date,yes,25,5.00%,0.00%,2.33
Weighted Average Life Tables,139,"Class M-2, M-2R, M-2S, M-2T, M-2U and M-2I",M-2S,,To Early Redemption Date,yes,35,5.00%,0.00%,3.14
Weighted Average Life Tables,139,"Class M-2, M-2R, M-2S, M-2T, M-2U and M-2I",M-2T,,To Scheduled Maturity Date,no,0,5.00%,0.00%,1.69
Weighted Average Life Tables,139,"Class M-2, M-2R, M-2S, M-2T, M-2U and M-2I",M-2T,,To Scheduled Maturity Date,no,5,5.00%,0.00%,1.77
Weighted Average Life Tables,139,"Class M-2, M-2R, M-2S, M-2T, M-2U and M-2I",M-2T,,To Scheduled Maturity Date,no,10,5.00%,0.00%,1.86
Weighted Average Life Tables,139,"Class M-2, M-2R, M-2S, M-2T, M-2U and M-2I",M-2T,,To Scheduled Maturity Date,no,15,5.00%,0.00%,1.98
Weighted Average Life Tables,139,"Class M-2, M-2R, M-2S, M-2T, M-2U and M-2I",M-2T,,To Scheduled Maturity Date,no,25,5.00%,0.00%,2.33
Weighted Average Life Tables,139,"Class M-2, M-2R, M-2S, M-2T, M-2U and M-2I",M-2T,,To Scheduled Maturity Date,no,35,5.00%,0.00%,3.14
Weighted Average Life Tables,139,"Class M-2, M-2R, M-2S, M-2T, M-2U and M-2I",M-2T,,To Early Redemption Date,yes,0,5.00%,0.00%,1.69
Weighted Average Life Tables,139,"Class M-2, M-2R, M-2S, M-2T, M-2U and M-2I",M-2T,,To Early Redemption Date,yes,5,5.00%,0.00%,1.77
Weighted Average Life Tables,139,"Class M-2, M-2R, M-2S, M-2T, M-2U and M-2I",M-2T,,To Early Redemption Date,yes,10,5.00%,0.00%,1.86
Weighted Average Life Tables,139,"Class M-2, M-2R, M-2S, M-2T, M-2U and M-2I",M-2T,,To Early Redemption Date,yes,15,5.00%,0.00%,1.98
Weighted Average Life Tables,139,"Class M-2, M-2R, M-2S, M-2T, M-2U and M-2I",M-2T,,To Early Redemption Date,yes,25,5.00%,0.00%,2.33
Weighted Average Life Tables,139,"Class M-2, M-2R, M-2S, M-2T, M-2U and M-2I",M-2T,,To Early Redemption Date,yes,35,5.00%,0.00%,3.14
Weighted Average Life Tables,139,"Class M-2, M-2R, M-2S, M-2T, M-2U and M-2I",M-2U,,To Scheduled Maturity Date,no,0,5.00%,0.00%,1.69
Weighted Average Life Tables,139,"Class M-2, M-2R, M-2S, M-2T, M-2U and M-2I",M-2U,,To Scheduled Maturity Date,no,5,5.00%,0.00%,1.77
Weighted Average Life Tables,139,"Class M-2, M-2R, M-2S, M-2T, M-2U and M-2I",M-2U,,To Scheduled Maturity Date,no,10,5.00%,0.00%,1.86
Weighted Average Life Tables,139,"Class M-2, M-2R, M-2S, M-2T, M-2U and M-2I",M-2U,,To Scheduled Maturity Date,no,15,5.00%,0.00%,1.98
Weighted Average Life Tables,139,"Class M-2, M-2R, M-2S, M-2T, M-2U and M-2I",M-2U,,To Scheduled Maturity Date,no,25,5.00%,0.00%,2.33
Weighted Average Life Tables,139,"Class M-2, M-2R, M-2S, M-2T, M-2U and M-2I",M-2U,,To Scheduled Maturity Date,no,35,5.00%,0.00%,3.14
Weighted Average Life Tables,139,"Class M-2, M-2R, M-2S, M-2T, M-2U and M-2I",M-2U,,To Early Redemption Date,yes,0,5.00%,0.00%,1.69
Weighted Average Life Tables,139,"Class M-2, M-2R, M-2S, M-2T, M-2U and M-2I",M-2U,,To Early Redemption Date,yes,5,5.00%,0.00%,1.77
Weighted Average Life Tables,139,"Class M-2, M-2R, M-2S, M-2T, M-2U and M-2I",M-2U,,To Early Redemption Date,yes,10,5.00%,0.00%,1.86
Weighted Average Life Tables,139,"Class M-2, M-2R, M-2S, M-2T, M-2U and M-2I",M-2U,,To Early Redemption Date,yes,15,5.00%,0.00%,1.98
Weighted Average Life Tables,139,"Class M-2, M-2R, M-2S, M-2T, M-2U and M-2I",M-2U,,To Early Redemption Date,yes,25,5.00%,0.00%,2.33
Weighted Average Life Tables,139,"Class M-2, M-2R, M-2S, M-2T, M-2U and M-2I",M-2U,,To Early Redemption Date,yes,35,5.00%,0.00%,3.14
Weighted Average Life Tables,139,"Class M-2, M-2R, M-2S, M-2T, M-2U and M-2I",M-2I,,To Scheduled Maturity Date,no,0,5.00%,0.00%,1.69
Weighted Average Life Tables,139,"Class M-2, M-2R, M-2S, M-2T, M-2U and M-2I",M-2I,,To Scheduled Maturity Date,no,5,5.00%,0.00%,1.77
Weighted Average Life Tables,139,"Class M-2, M-2R, M-2S, M-2T, M-2U and M-2I",M-2I,,To Scheduled Maturity Date,no,10,5.00%,0.00%,1.86
Weighted Average Life Tables,139,"Class M-2, M-2R, M-2S, M-2T, M-2U and M-2I",M-2I,,To Scheduled Maturity Date,no,15,5.00%,0.00%,1.98
Weighted Average Life Tables,139,"Class M-2, M-2R, M-2S, M-2T, M-2U and M-2I",M-2I,,To Scheduled Maturity Date,no,25,5.00%,0.00%,2.33
Weighted Average Life Tables,139,"Class M-2, M-2R, M-2S, M-2T, M-2U and M-2I",M-2I,,To Scheduled Maturity Date,no,35,5.00%,0.00%,3.14
Weighted Average Life Tables,139,"Class M-2, M-2R, M-2S, M-2T, M-2U and M-2I",M-2I,,To Early Redemption Date,yes,0,5.00%,0.00%,1.69
Weighted Average Life Tables,139,"Class M-2, M-2R, M-2S, M-2T, M-2U and M-2I",M-2I,,To Early Redemption Date,yes,5,5.00%,0.00%,1.77
Weighted Average Life Tables,139,"Class M-2, M-2R, M-2S, M-2T, M-2U and M-2I",M-2I,,To Early Redemption Date,yes,10,5.00%,0.00%,1.86
Weighted Average Life Tables,139,"Class M-2, M-2R, M-2S, M-2T, M-2U and M-2I",M-2I,,To Early Redemption Date,yes,15,5.00%,0.00%,1.98
Weighted Average Life Tables,139,"Class M-2, M-2R, M-2S, M-2T, M-2U and M-2I",M-2I,,To Early Redemption Date,yes,25,5.00%,0.00%,2.33
Weighted Average Life Tables,139,"Class M-2, M-2R, M-2S, M-2T, M-2U and M-2I",M-2I,,To Early Redemption Date,yes,35,5.00%,0.00%,3.14
Weighted Average Life Tables,139,"Class M-2, M-2R, M-2S, M-2T, M-2U and M-2I",M-2,,To Scheduled Maturity Date,no,0,0.00%,0.01%,19.60
Weighted Average Life Tables,139,"Class M-2, M-2R, M-2S, M-2T, M-2U and M-2I",M-2,,To Scheduled Maturity Date,no,5,0.00%,0.01%,8.40
Weighted Average Life Tables,139,"Class M-2, M-2R, M-2S, M-2T, M-2U and M-2I",M-2,,To Scheduled Maturity Date,no,10,0.00%,0.01%,4.66
Weighted Average Life Tables,139,"Class M-2, M-2R, M-2S, M-2T, M-2U and M-2I",M-2,,To Scheduled Maturity Date,no,15,0.00%,0.01%,3.11
Weighted Average Life Tables,139,"Class M-2, M-2R, M-2S, M-2T, M-2U and M-2I",M-2,,To Scheduled Maturity Date,no,25,0.00%,0.01%,1.84
Weighted Average Life Tables,139,"Class M-2, M-2R, M-2S, M-2T, M-2U and M-2I",M-2,,To Scheduled Maturity Date,no,35,0.00%,0.01%,1.27
Weighted Average Life Tables,139,"Class M-2, M-2R, M-2S, M-2T, M-2U and M-2I",M-2,,To Early Redemption Date,yes,0,0.00%,0.01%,5.02
Weighted Average Life Tables,139,"Class M-2, M-2R, M-2S, M-2T, M-2U and M-2I",M-2,,To Early Redemption Date,yes,5,0.00%,0.01%,5.02
Weighted Average Life Tables,139,"Class M-2, M-2R, M-2S, M-2T, M-2U and M-2I",M-2,,To Early Redemption Date,yes,10,0.00%,0.01%,4.61
Weighted Average Life Tables,139,"Class M-2, M-2R, M-2S, M-2T, M-2U and M-2I",M-2,,To Early Redemption Date,yes,15,0.00%,0.01%,3.11
Weighted Average Life Tables,139,"Class M-2, M-2R, M-2S, M-2T, M-2U and M-2I",M-2,,To Early Redemption Date,yes,25,0.00%,0.01%,1.84
Weighted Average Life Tables,139,"Class M-2, M-2R, M-2S, M-2T, M-2U and M-2I",M-2,,To Early Redemption Date,yes,35,0.00%,0.01%,1.27
Weighted Average Life Tables,139,"Class M-2, M-2R, M-2S, M-2T, M-2U and M-2I",M-2R,,To Scheduled Maturity Date,no,0,0.00%,0.01%,19.60
Weighted Average Life Tables,139,"Class M-2, M-2R, M-2S, M-2T, M-2U and M-2I",M-2R,,To Scheduled Maturity Date,no,5,0.00%,0.01%,8.40
Weighted Average Life Tables,139,"Class M-2, M-2R, M-2S, M-2T, M-2U and M-2I",M-2R,,To Scheduled Maturity Date,no,10,0.00%,0.01%,4.66
Weighted Average Life Tables,139,"Class M-2, M-2R, M-2S, M-2T, M-2U and M-2I",M-2R,,To Scheduled Maturity Date,no,15,0.00%,0.01%,3.11
Weighted Average Life Tables,139,"Class M-2, M-2R, M-2S, M-2T, M-2U and M-2I",M-2R,,To Scheduled Maturity Date,no,25,0.00%,0.01%,1.84
Weighted Average Life Tables,139,"Class M-2, M-2R, M-2S, M-2T, M-2U and M-2I",M-2R,,To Scheduled Maturity Date,no,35,0.00%,0.01%,1.27
Weighted Average Life Tables,139,"Class M-2, M-2R, M-2S, M-2T, M-2U and M-2I",M-2R,,To Early Redemption Date,yes,0,0.00%,0.01%,5.02
Weighted Average Life Tables,139,"Class M-2, M-2R, M-2S, M-2T, M-2U and M-2I",M-2R,,To Early Redemption Date,yes,5,0.00%,0.01%,5.02
Weighted Average Life Tables,139,"Class M-2, M-2R, M-2S, M-2T, M-2U and M-2I",M-2R,,To Early Redemption Date,yes,10,0.00%,0.01%,4.61
Weighted Average Life Tables,139,"Class M-2, M-2R, M-2S, M-2T, M-2U and M-2I",M-2R,,To Early Redemption Date,yes,15,0.00%,0.01%,3.11
Weighted Average Life Tables,139,"Class M-2, M-2R, M-2S, M-2T, M-2U and M-2I",M-2R,,To Early Redemption Date,yes,25,0.00%,0.01%,1.84
Weighted Average Life Tables,139,"Class M-2, M-2R, M-2S, M-2T, M-2U and M-2I",M-2R,,To Early Redemption Date,yes,35,0.00%,0.01%,1.27
Weighted Average Life Tables,139,"Class M-2, M-2R, M-2S, M-2T, M-2U and M-2I",M-2S,,To Scheduled Maturity Date,no,0,0.00%,0.01%,19.60
Weighted Average Life Tables,139,"Class M-2, M-2R, M-2S, M-2T, M-2U and M-2I",M-2S,,To Scheduled Maturity Date,no,5,0.00%,0.01%,8.40
Weighted Average Life Tables,139,"Class M-2, M-2R, M-2S, M-2T, M-2U and M-2I",M-2S,,To Scheduled Maturity Date,no,10,0.00%,0.01%,4.66
Weighted Average Life Tables,139,"Class M-2, M-2R, M-2S, M-2T, M-2U and M-2I",M-2S,,To Scheduled Maturity Date,no,15,0.00%,0.01%,3.11
Weighted Average Life Tables,139,"Class M-2, M-2R, M-2S, M-2T, M-2U and M-2I",M-2S,,To Scheduled Maturity Date,no,25,0.00%,0.01%,1.84
Weighted Average Life Tables,139,"Class M-2, M-2R, M-2S, M-2T, M-2U and M-2I",M-2S,,To Scheduled Maturity Date,no,35,0.00%,0.01%,1.27
Weighted Average Life Tables,139,"Class M-2, M-2R, M-2S, M-2T, M-2U and M-2I",M-2S,,To Early Redemption Date,yes,0,0.00%,0.01%,5.02
Weighted Average Life Tables,139,"Class M-2, M-2R, M-2S, M-2T, M-2U and M-2I",M-2S,,To Early Redemption Date,yes,5,0.00%,0.01%,5.02
Weighted Average Life Tables,139,"Class M-2, M-2R, M-2S, M-2T, M-2U and M-2I",M-2S,,To Early Redemption Date,yes,10,0.00%,0.01%,4.61
Weighted Average Life Tables,139,"Class M-2, M-2R, M-2S, M-2T, M-2U and M-2I",M-2S,,To Early Redemption Date,yes,15,0.00%,0.01%,3.11
Weighted Average Life Tables,139,"Class M-2, M-2R, M-2S, M-2T, M-2U and M-2I",M-2S,,To Early Redemption Date,yes,25,0.00%,0.01%,1.84
Weighted Average Life Tables,139,"Class M-2, M-2R, M-2S, M-2T, M-2U and M-2I",M-2S,,To Early Redemption Date,yes,35,0.00%,0.01%,1.27
Weighted Average Life Tables,139,"Class M-2, M-2R, M-2S, M-2T, M-2U and M-2I",M-2T,,To Scheduled Maturity Date,no,0,0.00%,0.01%,19.60
Weighted Average Life Tables,139,"Class M-2, M-2R, M-2S, M-2T, M-2U and M-2I",M-2T,,To Scheduled Maturity Date,no,5,0.00%,0.01%,8.40
Weighted Average Life Tables,139,"Class M-2, M-2R, M-2S, M-2T, M-2U and M-2I",M-2T,,To Scheduled Maturity Date,no,10,0.00%,0.01%,4.66
Weighted Average Life Tables,139,"Class M-2, M-2R, M-2S, M-2T, M-2U and M-2I",M-2T,,To Scheduled Maturity Date,no,15,0.00%,0.01%,3.11
Weighted Average Life Tables,139,"Class M-2, M-2R, M-2S, M-2T, M-2U and M-2I",M-2T,,To Scheduled Maturity Date,no,25,0.00%,0.01%,1.84
Weighted Average Life Tables,139,"Class M-2, M-2R, M-2S, M-2T, M-2U and M-2I",M-2T,,To Scheduled Maturity Date,no,35,0.00%,0.01%,1.27
Weighted Average Life Tables,139,"Class M-2, M-2R, M-2S, M-2T, M-2U and M-2I",M-2T,,To Early Redemption Date,yes,0,0.00%,0.01%,5.02
Weighted Average Life Tables,139,"Class M-2, M-2R, M-2S, M-2T, M-2U and M-2I",M-2T,,To Early Redemption Date,yes,5,0.00%,0.01%,5.02
Weighted Average Life Tables,139,"Class M-2, M-2R, M-2S, M-2T, M-2U and M-2I",M-2T,,To Early Redemption Date,yes,10,0.00%,0.01%,4.61
Weighted Average Life Tables,139,"Class M-2, M-2R, M-2S, M-2T, M-2U and M-2I",M-2T,,To Early Redemption Date,yes,15,0.00%,0.01%,3.11
Weighted Average Life Tables,139,"Class M-2, M-2R, M-2S, M-2T, M-2U and M-2I",M-2T,,To Early Redemption Date,yes,25,0.00%,0.01%,1.84
Weighted Average Life Tables,139,"Class M-2, M-2R, M-2S, M-2T, M-2U and M-2I",M-2T,,To Early Redemption Date,yes,35,0.00%,0.01%,1.27
Weighted Average Life Tables,139,"Class M-2, M-2R, M-2S, M-2T, M-2U and M-2I",M-2U,,To Scheduled Maturity Date,no,0,0.00%,0.01%,19.60
Weighted Average Life Tables,139,"Class M-2, M-2R, M-2S, M-2T, M-2U and M-2I",M-2U,,To Scheduled Maturity Date,no,5,0.00%,0.01%,8.40
Weighted Average Life Tables,139,"Class M-2, M-2R, M-2S, M-2T, M-2U and M-2I",M-2U,,To Scheduled Maturity Date,no,10,0.00%,0.01%,4.66
Weighted Average Life Tables,139,"Class M-2, M-2R, M-2S, M-2T, M-2U and M-2I",M-2U,,To Scheduled Maturity Date,no,15,0.00%,0.01%,3.11
Weighted Average Life Tables,139,"Class M-2, M-2R, M-2S, M-2T, M-2U and M-2I",M-2U,,To Scheduled Maturity Date,no,25,0.00%,0.01%,1.84
Weighted Average Life Tables,139,"Class M-2, M-2R, M-2S, M-2T, M-2U and M-2I",M-2U,,To Scheduled Maturity Date,no,35,0.00%,0.01%,1.27
Weighted Average Life Tables,139,"Class M-2, M-2R, M-2S, M-2T, M-2U and M-2I",M-2U,,To Early Redemption Date,yes,0,0.00%,0.01%,5.02
Weighted Average Life Tables,139,"Class M-2, M-2R, M-2S, M-2T, M-2U and M-2I",M-2U,,To Early Redemption Date,yes,5,0.00%,0.01%,5.02
Weighted Average Life Tables,139,"Class M-2, M-2R, M-2S, M-2T, M-2U and M-2I",M-2U,,To Early Redemption Date,yes,10,0.00%,0.01%,4.61
Weighted Average Life Tables,139,"Class M-2, M-2R, M-2S, M-2T, M-2U and M-2I",M-2U,,To Early Redemption Date,yes,15,0.00%,0.01%,3.11
Weighted Average Life Tables,139,"Class M-2, M-2R, M-2S, M-2T, M-2U and M-2I",M-2U,,To Early Redemption Date,yes,25,0.00%,0.01%,1.84
Weighted Average Life Tables,139,"Class M-2, M-2R, M-2S, M-2T, M-2U and M-2I",M-2U,,To Early Redemption Date,yes,35,0.00%,0.01%,1.27
Weighted Average Life Tables,139,"Class M-2, M-2R, M-2S, M-2T, M-2U and M-2I",M-2I,,To Scheduled Maturity Date,no,0,0.00%,0.01%,19.60
Weighted Average Life Tables,139,"Class M-2, M-2R, M-2S, M-2T, M-2U and M-2I",M-2I,,To Scheduled Maturity Date,no,5,0.00%,0.01%,8.40
Weighted Average Life Tables,139,"Class M-2, M-2R, M-2S, M-2T, M-2U and M-2I",M-2I,,To Scheduled Maturity Date,no,10,0.00%,0.01%,4.66
Weighted Average Life Tables,139,"Class M-2, M-2R, M-2S, M-2T, M-2U and M-2I",M-2I,,To Scheduled Maturity Date,no,15,0.00%,0.01%,3.11
Weighted Average Life Tables,139,"Class M-2, M-2R, M-2S, M-2T, M-2U and M-2I",M-2I,,To Scheduled Maturity Date,no,25,0.00%,0.01%,1.84
Weighted Average Life Tables,139,"Class M-2, M-2R, M-2S, M-2T, M-2U and M-2I",M-2I,,To Scheduled Maturity Date,no,35,0.00%,0.01%,1.27
Weighted Average Life Tables,139,"Class M-2, M-2R, M-2S, M-2T, M-2U and M-2I",M-2I,,To Early Redemption Date,yes,0,0.00%,0.01%,5.02
Weighted Average Life Tables,139,"Class M-2, M-2R, M-2S, M-2T, M-2U and M-2I",M-2I,,To Early Redemption Date,yes,5,0.00%,0.01%,5.02
Weighted Average Life Tables,139,"Class M-2, M-2R, M-2S, M-2T, M-2U and M-2I",M-2I,,To Early Redemption Date,yes,10,0.00%,0.01%,4.61
Weighted Average Life Tables,139,"Class M-2, M-2R, M-2S, M-2T, M-2U and M-2I",M-2I,,To Early Redemption Date,yes,15,0.00%,0.01%,3.11
Weighted Average Life Tables,139,"Class M-2, M-2R, M-2S, M-2T, M-2U and M-2I",M-2I,,To Early Redemption Date,yes,25,0.00%,0.01%,1.84
Weighted Average Life Tables,139,"Class M-2, M-2R, M-2S, M-2T, M-2U and M-2I",M-2I,,To Early Redemption Date,yes,35,0.00%,0.01%,1.27
Weighted Average Life Tables,139,"Class M-2, M-2R, M-2S, M-2T, M-2U and M-2I",M-2,,To Scheduled Maturity Date,no,0,0.50%,0.03%,19.33
Weighted Average Life Tables,139,"Class M-2, M-2R, M-2S, M-2T, M-2U and M-2I",M-2,,To Scheduled Maturity Date,no,5,0.50%,0.03%,18.29
Weighted Average Life Tables,139,"Class M-2, M-2R, M-2S, M-2T, M-2U and M-2I",M-2,,To Scheduled Maturity Date,no,10,0.50%,0.03%,8.78
Weighted Average Life Tables,139,"Class M-2, M-2R, M-2S, M-2T, M-2U and M-2I",M-2,,To Scheduled Maturity Date,no,15,0.50%,0.03%,5.61
Weighted Average Life Tables,139,"Class M-2, M-2R, M-2S, M-2T, M-2U and M-2I",M-2,,To Scheduled Maturity Date,no,25,0.50%,0.03%,2.91
Weighted Average Life Tables,139,"Class M-2, M-2R, M-2S, M-2T, M-2U and M-2I",M-2,,To Scheduled Maturity Date,no,35,0.50%,0.03%,1.81
Weighted Average Life Tables,139,"Class M-2, M-2R, M-2S, M-2T, M-2U and M-2I",M-2,,To Early Redemption Date,yes,0,0.50%,0.03%,5.02
Weighted Average Life Tables,139,"Class M-2, M-2R, M-2S, M-2T, M-2U and M-2I",M-2,,To Early Redemption Date,yes,5,0.50%,0.03%,5.02
Weighted Average Life Tables,139,"Class M-2, M-2R, M-2S, M-2T, M-2U and M-2I",M-2,,To Early Redemption Date,yes,10,0.50%,0.03%,5.02
Weighted Average Life Tables,139,"Class M-2, M-2R, M-2S, M-2T, M-2U and M-2I",M-2,,To Early Redemption Date,yes,15,0.50%,0.03%,5.02
Weighted Average Life Tables,139,"Class M-2, M-2R, M-2S, M-2T, M-2U and M-2I",M-2,,To Early Redemption Date,yes,25,0.50%,0.03%,2.91
Weighted Average Life Tables,139,"Class M-2, M-2R, M-2S, M-2T, M-2U and M-2I",M-2,,To Early Redemption Date,yes,35,0.50%,0.03%,1.81
Weighted Average Life Tables,139,"Class M-2, M-2R, M-2S, M-2T, M-2U and M-2I",M-2R,,To Scheduled Maturity Date,no,0,0.50%,0.03%,19.33
Weighted Average Life Tables,139,"Class M-2, M-2R, M-2S, M-2T, M-2U and M-2I",M-2R,,To Scheduled Maturity Date,no,5,0.50%,0.03%,18.29
Weighted Average Life Tables,139,"Class M-2, M-2R, M-2S, M-2T, M-2U and M-2I",M-2R,,To Scheduled Maturity Date,no,10,0.50%,0.03%,8.78
Weighted Average Life Tables,139,"Class M-2, M-2R, M-2S, M-2T, M-2U and M-2I",M-2R,,To Scheduled Maturity Date,no,15,0.50%,0.03%,5.61
Weighted Average Life Tables,139,"Class M-2, M-2R, M-2S, M-2T, M-2U and M-2I",M-2R,,To Scheduled Maturity Date,no,25,0.50%,0.03%,2.91
Weighted Average Life Tables,139,"Class M-2, M-2R, M-2S, M-2T, M-2U and M-2I",M-2R,,To Scheduled Maturity Date,no,35,0.50%,0.03%,1.81
Weighted Average Life Tables,139,"Class M-2, M-2R, M-2S, M-2T, M-2U and M-2I",M-2R,,To Early Redemption Date,yes,0,0.50%,0.03%,5.02
Weighted Average Life Tables,139,"Class M-2, M-2R, M-2S, M-2T, M-2U and M-2I",M-2R,,To Early Redemption Date,yes,5,0.50%,0.03%,5.02
Weighted Average Life Tables,139,"Class M-2, M-2R, M-2S, M-2T, M-2U and M-2I",M-2R,,To Early Redemption Date,yes,10,0.50%,0.03%,5.02
Weighted Average Life Tables,139,"Class M-2, M-2R, M-2S, M-2T, M-2U and M-2I",M-2R,,To Early Redemption Date,yes,15,0.50%,0.03%,5.02
Weighted Average Life Tables,139,"Class M-2, M-2R, M-2S, M-2T, M-2U and M-2I",M-2R,,To Early Redemption Date,yes,25,0.50%,0.03%,2.91
Weighted Average Life Tables,139,"Class M-2, M-2R, M-2S, M-2T, M-2U and M-2I",M-2R,,To Early Redemption Date,yes,35,0.50%,0.03%,1.81
Weighted Average Life Tables,139,"Class M-2, M-2R, M-2S, M-2T, M-2U and M-2I",M-2S,,To Scheduled Maturity Date,no,0,0.50%,0.03%,19.33
Weighted Average Life Tables,139,"Class M-2, M-2R, M-2S, M-2T, M-2U and M-2I",M-2S,,To Scheduled Maturity Date,no,5,0.50%,0.03%,18.29
Weighted Average Life Tables,139,"Class M-2, M-2R, M-2S, M-2T, M-2U and M-2I",M-2S,,To Scheduled Maturity Date,no,10,0.50%,0.03%,8.78
Weighted Average Life Tables,139,"Class M-2, M-2R, M-2S, M-2T, M-2U and M-2I",M-2S,,To Scheduled Maturity Date,no,15,0.50%,0.03%,5.61
Weighted Average Life Tables,139,"Class M-2, M-2R, M-2S, M-2T, M-2U and M-2I",M-2S,,To Scheduled Maturity Date,no,25,0.50%,0.03%,2.91
Weighted Average Life Tables,139,"Class M-2, M-2R, M-2S, M-2T, M-2U and M-2I",M-2S,,To Scheduled Maturity Date,no,35,0.50%,0.03%,1.81
Weighted Average Life Tables,139,"Class M-2, M-2R, M-2S, M-2T, M-2U and M-2I",M-2S,,To Early Redemption Date,yes,0,0.50%,0.03%,5.02
Weighted Average Life Tables,139,"Class M-2, M-2R, M-2S, M-2T, M-2U and M-2I",M-2S,,To Early Redemption Date,yes,5,0.50%,0.03%,5.02
Weighted Average Life Tables,139,"Class M-2, M-2R, M-2S, M-2T, M-2U and M-2I",M-2S,,To Early Redemption Date,yes,10,0.50%,0.03%,5.02
Weighted Average Life Tables,139,"Class M-2, M-2R, M-2S, M-2T, M-2U and M-2I",M-2S,,To Early Redemption Date,yes,15,0.50%,0.03%,5.02
Weighted Average Life Tables,139,"Class M-2, M-2R, M-2S, M-2T, M-2U and M-2I",M-2S,,To Early Redemption Date,yes,25,0.50%,0.03%,2.91
Weighted Average Life Tables,139,"Class M-2, M-2R, M-2S, M-2T, M-2U and M-2I",M-2S,,To Early Redemption Date,yes,35,0.50%,0.03%,1.81
Weighted Average Life Tables,139,"Class M-2, M-2R, M-2S, M-2T, M-2U and M-2I",M-2T,,To Scheduled Maturity Date,no,0,0.50%,0.03%,19.33
Weighted Average Life Tables,139,"Class M-2, M-2R, M-2S, M-2T, M-2U and M-2I",M-2T,,To Scheduled Maturity Date,no,5,0.50%,0.03%,18.29
Weighted Average Life Tables,139,"Class M-2, M-2R, M-2S, M-2T, M-2U and M-2I",M-2T,,To Scheduled Maturity Date,no,10,0.50%,0.03%,8.78
Weighted Average Life Tables,139,"Class M-2, M-2R, M-2S, M-2T, M-2U and M-2I",M-2T,,To Scheduled Maturity Date,no,15,0.50%,0.03%,5.61
Weighted Average Life Tables,139,"Class M-2, M-2R, M-2S, M-2T, M-2U and M-2I",M-2T,,To Scheduled Maturity Date,no,25,0.50%,0.03%,2.91
Weighted Average Life Tables,139,"Class M-2, M-2R, M-2S, M-2T, M-2U and M-2I",M-2T,,To Scheduled Maturity Date,no,35,0.50%,0.03%,1.81
Weighted Average Life Tables,139,"Class M-2, M-2R, M-2S, M-2T, M-2U and M-2I",M-2T,,To Early Redemption Date,yes,0,0.50%,0.03%,5.02
Weighted Average Life Tables,139,"Class M-2, M-2R, M-2S, M-2T, M-2U and M-2I",M-2T,,To Early Redemption Date,yes,5,0.50%,0.03%,5.02
Weighted Average Life Tables,139,"Class M-2, M-2R, M-2S, M-2T, M-2U and M-2I",M-2T,,To Early Redemption Date,yes,10,0.50%,0.03%,5.02
Weighted Average Life Tables,139,"Class M-2, M-2R, M-2S, M-2T, M-2U and M-2I",M-2T,,To Early Redemption Date,yes,15,0.50%,0.03%,5.02
Weighted Average Life Tables,139,"Class M-2, M-2R, M-2S, M-2T, M-2U and M-2I",M-2T,,To Early Redemption Date,yes,25,0.50%,0.03%,2.91
Weighted Average Life Tables,139,"Class M-2, M-2R, M-2S, M-2T, M-2U and M-2I",M-2T,,To Early Redemption Date,yes,35,0.50%,0.03%,1.81
Weighted Average Life Tables,139,"Class M-2, M-2R, M-2S, M-2T, M-2U and M-2I",M-2U,,To Scheduled Maturity Date,no,0,0.50%,0.03%,19.33
Weighted Average Life Tables,139,"Class M-2, M-2R, M-2S, M-2T, M-2U and M-2I",M-2U,,To Scheduled Maturity Date,no,5,0.50%,0.03%,18.29
Weighted Average Life Tables,139,"Class M-2, M-2R, M-2S, M-2T, M-2U and M-2I",M-2U,,To Scheduled Maturity Date,no,10,0.50%,0.03%,8.78
Weighted Average Life Tables,139,"Class M-2, M-2R, M-2S, M-2T, M-2U and M-2I",M-2U,,To Scheduled Maturity Date,no,15,0.50%,0.03%,5.61
Weighted Average Life Tables,139,"Class M-2, M-2R, M-2S, M-2T, M-2U and M-2I",M-2U,,To Scheduled Maturity Date,no,25,0.50%,0.03%,2.91
Weighted Average Life Tables,139,"Class M-2, M-2R, M-2S, M-2T, M-2U and M-2I",M-2U,,To Scheduled Maturity Date,no,35,0.50%,0.03%,1.81
Weighted Average Life Tables,139,"Class M-2, M-2R, M-2S, M-2T, M-2U and M-2I",M-2U,,To Early Redemption Date,yes,0,0.50%,0.03%,5.02
Weighted Average Life Tables,139,"Class M-2, M-2R, M-2S, M-2T, M-2U and M-2I",M-2U,,To Early Redemption Date,yes,5,0.50%,0.03%,5.02
Weighted Average Life Tables,139,"Class M-2, M-2R, M-2S, M-2T, M-2U and M-2I",M-2U,,To Early Redemption Date,yes,10,0.50%,0.03%,5.02
Weighted Average Life Tables,139,"Class M-2, M-2R, M-2S, M-2T, M-2U and M-2I",M-2U,,To Early Redemption Date,yes,15,0.50%,0.03%,5.02
Weighted Average Life Tables,139,"Class M-2, M-2R, M-2S, M-2T, M-2U and M-2I",M-2U,,To Early Redemption Date,yes,25,0.50%,0.03%,2.91
Weighted Average Life Tables,139,"Class M-2, M-2R, M-2S, M-2T, M-2U and M-2I",M-2U,,To Early Redemption Date,yes,35,0.50%,0.03%,1.81
Weighted Average Life Tables,139,"Class M-2, M-2R, M-2S, M-2T, M-2U and M-2I",M-2I,,To Scheduled Maturity Date,no,0,0.50%,0.03%,19.33
Weighted Average Life Tables,139,"Class M-2, M-2R, M-2S, M-2T, M-2U and M-2I",M-2I,,To Scheduled Maturity Date,no,5,0.50%,0.03%,18.29
Weighted Average Life Tables,139,"Class M-2, M-2R, M-2S, M-2T, M-2U and M-2I",M-2I,,To Scheduled Maturity Date,no,10,0.50%,0.03%,8.78
Weighted Average Life Tables,139,"Class M-2, M-2R, M-2S, M-2T, M-2U and M-2I",M-2I,,To Scheduled Maturity Date,no,15,0.50%,0.03%,5.61
Weighted Average Life Tables,139,"Class M-2, M-2R, M-2S, M-2T, M-2U and M-2I",M-2I,,To Scheduled Maturity Date,no,25,0.50%,0.03%,2.91
Weighted Average Life Tables,139,"Class M-2, M-2R, M-2S, M-2T, M-2U and M-2I",M-2I,,To Scheduled Maturity Date,no,35,0.50%,0.03%,1.81
Weighted Average Life Tables,139,"Class M-2, M-2R, M-2S, M-2T, M-2U and M-2I",M-2I,,To Early Redemption Date,yes,0,0.50%,0.03%,5.02
Weighted Average Life Tables,139,"Class M-2, M-2R, M-2S, M-2T, M-2U and M-2I",M-2I,,To Early Redemption Date,yes,5,0.50%,0.03%,5.02
Weighted Average Life Tables,139,"Class M-2, M-2R, M-2S, M-2T, M-2U and M-2I",M-2I,,To Early Redemption Date,yes,10,0.50%,0.03%,5.02
Weighted Average Life Tables,139,"Class M-2, M-2R, M-2S, M-2T, M-2U and M-2I",M-2I,,To Early Redemption Date,yes,15,0.50%,0.03%,5.02
Weighted Average Life Tables,139,"Class M-2, M-2R, M-2S, M-2T, M-2U and M-2I",M-2I,,To Early Redemption Date,yes,25,0.50%,0.03%,2.91
Weighted Average Life Tables,139,"Class M-2, M-2R, M-2S, M-2T, M-2U and M-2I",M-2I,,To Early Redemption Date,yes,35,0.50%,0.03%,1.81
Weighted Average Life Tables,139,"Class M-2, M-2R, M-2S, M-2T, M-2U and M-2I",M-2,,To Scheduled Maturity Date,no,0,1.00%,0.10%,7.25
Weighted Average Life Tables,139,"Class M-2, M-2R, M-2S, M-2T, M-2U and M-2I",M-2,,To Scheduled Maturity Date,no,5,1.00%,0.10%,9.59
Weighted Average Life Tables,139,"Class M-2, M-2R, M-2S, M-2T, M-2U and M-2I",M-2,,To Scheduled Maturity Date,no,10,1.00%,0.10%,19.22
Weighted Average Life Tables,139,"Class M-2, M-2R, M-2S, M-2T, M-2U and M-2I",M-2,,To Scheduled Maturity Date,no,15,1.00%,0.10%,17.45
Weighted Average Life Tables,139,"Class M-2, M-2R, M-2S, M-2T, M-2U and M-2I",M-2,,To Scheduled Maturity Date,no,25,1.00%,0.10%,8.68
Weighted Average Life Tables,139,"Class M-2, M-2R, M-2S, M-2T, M-2U and M-2I",M-2,,To Scheduled Maturity Date,no,35,1.00%,0.10%,5.56
Weighted Average Life Tables,139,"Class M-2, M-2R, M-2S, M-2T, M-2U and M-2I",M-2,,To Early Redemption Date,yes,0,1.00%,0.10%,5.02
Weighted Average Life Tables,139,"Class M-2, M-2R, M-2S, M-2T, M-2U and M-2I",M-2,,To Early Redemption Date,yes,5,1.00%,0.10%,5.02
Weighted Average Life Tables,139,"Class M-2, M-2R, M-2S, M-2T, M-2U and M-2I",M-2,,To Early Redemption Date,yes,10,1.00%,0.10%,5.02
Weighted Average Life Tables,139,"Class M-2, M-2R, M-2S, M-2T, M-2U and M-2I",M-2,,To Early Redemption Date,yes,15,1.00%,0.10%,5.02
Weighted Average Life Tables,139,"Class M-2, M-2R, M-2S, M-2T, M-2U and M-2I",M-2,,To Early Redemption Date,yes,25,1.00%,0.10%,5.02
Weighted Average Life Tables,139,"Class M-2, M-2R, M-2S, M-2T, M-2U and M-2I",M-2,,To Early Redemption Date,yes,35,1.00%,0.10%,5.02
Weighted Average Life Tables,139,"Class M-2, M-2R, M-2S, M-2T, M-2U and M-2I",M-2R,,To Scheduled Maturity Date,no,0,1.00%,0.10%,7.25
Weighted Average Life Tables,139,"Class M-2, M-2R, M-2S, M-2T, M-2U and M-2I",M-2R,,To Scheduled Maturity Date,no,5,1.00%,0.10%,9.59
Weighted Average Life Tables,139,"Class M-2, M-2R, M-2S, M-2T, M-2U and M-2I",M-2R,,To Scheduled Maturity Date,no,10,1.00%,0.10%,19.22
Weighted Average Life Tables,139,"Class M-2, M-2R, M-2S, M-2T, M-2U and M-2I",M-2R,,To Scheduled Maturity Date,no,15,1.00%,0.10%,17.45
Weighted Average Life Tables,139,"Class M-2, M-2R, M-2S, M-2T, M-2U and M-2I",M-2R,,To Scheduled Maturity Date,no,25,1.00%,0.10%,8.68
Weighted Average Life Tables,139,"Class M-2, M-2R, M-2S, M-2T, M-2U and M-2I",M-2R,,To Scheduled Maturity Date,no,35,1.00%,0.10%,5.56
Weighted Average Life Tables,139,"Class M-2, M-2R, M-2S, M-2T, M-2U and M-2I",M-2R,,To Early Redemption Date,yes,0,1.00%,0.10%,5.02
Weighted Average Life Tables,139,"Class M-2, M-2R, M-2S, M-2T, M-2U and M-2I",M-2R,,To Early Redemption Date,yes,5,1.00%,0.10%,5.02
Weighted Average Life Tables,139,"Class M-2, M-2R, M-2S, M-2T, M-2U and M-2I",M-2R,,To Early Redemption Date,yes,10,1.00%,0.10%,5.02
Weighted Average Life Tables,139,"Class M-2, M-2R, M-2S, M-2T, M-2U and M-2I",M-2R,,To Early Redemption Date,yes,15,1.00%,0.10%,5.02
Weighted Average Life Tables,139,"Class M-2, M-2R, M-2S, M-2T, M-2U and M-2I",M-2R,,To Early Redemption Date,yes,25,1.00%,0.10%,5.02
Weighted Average Life Tables,139,"Class M-2, M-2R, M-2S, M-2T, M-2U and M-2I",M-2R,,To Early Redemption Date,yes,35,1.00%,0.10%,5.02
Weighted Average Life Tables,139,"Class M-2, M-2R, M-2S, M-2T, M-2U and M-2I",M-2S,,To Scheduled Maturity Date,no,0,1.00%,0.10%,7.25
Weighted Average Life Tables,139,"Class M-2, M-2R, M-2S, M-2T, M-2U and M-2I",M-2S,,To Scheduled Maturity Date,no,5,1.00%,0.10%,9.59
Weighted Average Life Tables,139,"Class M-2, M-2R, M-2S, M-2T, M-2U and M-2I",M-2S,,To Scheduled Maturity Date,no,10,1.00%,0.10%,19.22
Weighted Average Life Tables,139,"Class M-2, M-2R, M-2S, M-2T, M-2U and M-2I",M-2S,,To Scheduled Maturity Date,no,15,1.00%,0.10%,17.45
Weighted Average Life Tables,139,"Class M-2, M-2R, M-2S, M-2T, M-2U and M-2I",M-2S,,To Scheduled Maturity Date,no,25,1.00%,0.10%,8.68
Weighted Average Life Tables,139,"Class M-2, M-2R, M-2S, M-2T, M-2U and M-2I",M-2S,,To Scheduled Maturity Date,no,35,1.00%,0.10%,5.56
Weighted Average Life Tables,139,"Class M-2, M-2R, M-2S, M-2T, M-2U and M-2I",M-2S,,To Early Redemption Date,yes,0,1.00%,0.10%,5.02
Weighted Average Life Tables,139,"Class M-2, M-2R, M-2S, M-2T, M-2U and M-2I",M-2S,,To Early Redemption Date,yes,5,1.00%,0.10%,5.02
Weighted Average Life Tables,139,"Class M-2, M-2R, M-2S, M-2T, M-2U and M-2I",M-2S,,To Early Redemption Date,yes,10,1.00%,0.10%,5.02
Weighted Average Life Tables,139,"Class M-2, M-2R, M-2S, M-2T, M-2U and M-2I",M-2S,,To Early Redemption Date,yes,15,1.00%,0.10%,5.02
Weighted Average Life Tables,139,"Class M-2, M-2R, M-2S, M-2T, M-2U and M-2I",M-2S,,To Early Redemption Date,yes,25,1.00%,0.10%,5.02
Weighted Average Life Tables,139,"Class M-2, M-2R, M-2S, M-2T, M-2U and M-2I",M-2S,,To Early Redemption Date,yes,35,1.00%,0.10%,5.02
Weighted Average Life Tables,139,"Class M-2, M-2R, M-2S, M-2T, M-2U and M-2I",M-2T,,To Scheduled Maturity Date,no,0,1.00%,0.10%,7.25
Weighted Average Life Tables,139,"Class M-2, M-2R, M-2S, M-2T, M-2U and M-2I",M-2T,,To Scheduled Maturity Date,no,5,1.00%,0.10%,9.59
Weighted Average Life Tables,139,"Class M-2, M-2R, M-2S, M-2T, M-2U and M-2I",M-2T,,To Scheduled Maturity Date,no,10,1.00%,0.10%,19.22
Weighted Average Life Tables,139,"Class M-2, M-2R, M-2S, M-2T, M-2U and M-2I",M-2T,,To Scheduled Maturity Date,no,15,1.00%,0.10%,17.45
Weighted Average Life Tables,139,"Class M-2, M-2R, M-2S, M-2T, M-2U and M-2I",M-2T,,To Scheduled Maturity Date,no,25,1.00%,0.10%,8.68
Weighted Average Life Tables,139,"Class M-2, M-2R, M-2S, M-2T, M-2U and M-2I",M-2T,,To Scheduled Maturity Date,no,35,1.00%,0.10%,5.56
Weighted Average Life Tables,139,"Class M-2, M-2R, M-2S, M-2T, M-2U and M-2I",M-2T,,To Early Redemption Date,yes,0,1.00%,0.10%,5.02
Weighted Average Life Tables,139,"Class M-2, M-2R, M-2S, M-2T, M-2U and M-2I",M-2T,,To Early Redemption Date,yes,5,1.00%,0.10%,5.02
Weighted Average Life Tables,139,"Class M-2, M-2R, M-2S, M-2T, M-2U and M-2I",M-2T,,To Early Redemption Date,yes,10,1.00%,0.10%,5.02
Weighted Average Life Tables,139,"Class M-2, M-2R, M-2S, M-2T, M-2U and M-2I",M-2T,,To Early Redemption Date,yes,15,1.00%,0.10%,5.02
Weighted Average Life Tables,139,"Class M-2, M-2R, M-2S, M-2T, M-2U and M-2I",M-2T,,To Early Redemption Date,yes,25,1.00%,0.10%,5.02
Weighted Average Life Tables,139,"Class M-2, M-2R, M-2S, M-2T, M-2U and M-2I",M-2T,,To Early Redemption Date,yes,35,1.00%,0.10%,5.02
Weighted Average Life Tables,139,"Class M-2, M-2R, M-2S, M-2T, M-2U and M-2I",M-2U,,To Scheduled Maturity Date,no,0,1.00%,0.10%,7.25
Weighted Average Life Tables,139,"Class M-2, M-2R, M-2S, M-2T, M-2U and M-2I",M-2U,,To Scheduled Maturity Date,no,5,1.00%,0.10%,9.59
Weighted Average Life Tables,139,"Class M-2, M-2R, M-2S, M-2T, M-2U and M-2I",M-2U,,To Scheduled Maturity Date,no,10,1.00%,0.10%,19.22
Weighted Average Life Tables,139,"Class M-2, M-2R, M-2S, M-2T, M-2U and M-2I",M-2U,,To Scheduled Maturity Date,no,15,1.00%,0.10%,17.45
Weighted Average Life Tables,139,"Class M-2, M-2R, M-2S, M-2T, M-2U and M-2I",M-2U,,To Scheduled Maturity Date,no,25,1.00%,0.10%,8.68
Weighted Average Life Tables,139,"Class M-2, M-2R, M-2S, M-2T, M-2U and M-2I",M-2U,,To Scheduled Maturity Date,no,35,1.00%,0.10%,5.56
Weighted Average Life Tables,139,"Class M-2, M-2R, M-2S, M-2T, M-2U and M-2I",M-2U,,To Early Redemption Date,yes,0,1.00%,0.10%,5.02
Weighted Average Life Tables,139,"Class M-2, M-2R, M-2S, M-2T, M-2U and M-2I",M-2U,,To Early Redemption Date,yes,5,1.00%,0.10%,5.02
Weighted Average Life Tables,139,"Class M-2, M-2R, M-2S, M-2T, M-2U and M-2I",M-2U,,To Early Redemption Date,yes,10,1.00%,0.10%,5.02
Weighted Average Life Tables,139,"Class M-2, M-2R, M-2S, M-2T, M-2U and M-2I",M-2U,,To Early Redemption Date,yes,15,1.00%,0.10%,5.02
Weighted Average Life Tables,139,"Class M-2, M-2R, M-2S, M-2T, M-2U and M-2I",M-2U,,To Early Redemption Date,yes,25,1.00%,0.10%,5.02
Weighted Average Life Tables,139,"Class M-2, M-2R, M-2S, M-2T, M-2U and M-2I",M-2U,,To Early Redemption Date,yes,35,1.00%,0.10%,5.02
Weighted Average Life Tables,139,"Class M-2, M-2R, M-2S, M-2T, M-2U and M-2I",M-2I,,To Scheduled Maturity Date,no,0,1.00%,0.10%,7.25
Weighted Average Life Tables,139,"Class M-2, M-2R, M-2S, M-2T, M-2U and M-2I",M-2I,,To Scheduled Maturity Date,no,5,1.00%,0.10%,9.59
Weighted Average Life Tables,139,"Class M-2, M-2R, M-2S, M-2T, M-2U and M-2I",M-2I,,To Scheduled Maturity Date,no,10,1.00%,0.10%,19.22
Weighted Average Life Tables,139,"Class M-2, M-2R, M-2S, M-2T, M-2U and M-2I",M-2I,,To Scheduled Maturity Date,no,15,1.00%,0.10%,17.45
Weighted Average Life Tables,139,"Class M-2, M-2R, M-2S, M-2T, M-2U and M-2I",M-2I,,To Scheduled Maturity Date,no,25,1.00%,0.10%,8.68
Weighted Average Life Tables,139,"Class M-2, M-2R, M-2S, M-2T, M-2U and M-2I",M-2I,,To Scheduled Maturity Date,no,35,1.00%,0.10%,5.56
Weighted Average Life Tables,139,"Class M-2, M-2R, M-2S, M-2T, M-2U and M-2I",M-2I,,To Early Redemption Date,yes,0,1.00%,0.10%,5.02
Weighted Average Life Tables,139,"Class M-2, M-2R, M-2S, M-2T, M-2U and M-2I",M-2I,,To Early Redemption Date,yes,5,1.00%,0.10%,5.02
Weighted Average Life Tables,139,"Class M-2, M-2R, M-2S, M-2T, M-2U and M-2I",M-2I,,To Early Redemption Date,yes,10,1.00%,0.10%,5.02
Weighted Average Life Tables,139,"Class M-2, M-2R, M-2S, M-2T, M-2U and M-2I",M-2I,,To Early Redemption Date,yes,15,1.00%,0.10%,5.02
Weighted Average Life Tables,139,"Class M-2, M-2R, M-2S, M-2T, M-2U and M-2I",M-2I,,To Early Redemption Date,yes,25,1.00%,0.10%,5.02
Weighted Average Life Tables,139,"Class M-2, M-2R, M-2S, M-2T, M-2U and M-2I",M-2I,,To Early Redemption Date,yes,35,1.00%,0.10%,5.02
Weighted Average Life Tables,140,"Class M-2A, M-2AR, M-2AS, M-2AT, M-2AU and M-2AI",M-2A,,To Scheduled Maturity Date,no,0,0.00%,0.00%,18.00
Weighted Average Life Tables,140,"Class M-2A, M-2AR, M-2AS, M-2AT, M-2AU and M-2AI",M-2A,,To Scheduled Maturity Date,no,5,0.00%,0.00%,7.35
Weighted Average Life Tables,140,"Class M-2A, M-2AR, M-2AS, M-2AT, M-2AU and M-2AI",M-2A,,To Scheduled Maturity Date,no,10,0.00%,0.00%,4.11
Weighted Average Life Tables,140,"Class M-2A, M-2AR, M-2AS, M-2AT, M-2AU and M-2AI",M-2A,,To Scheduled Maturity Date,no,15,0.00%,0.00%,2.78
Weighted Average Life Tables,140,"Class M-2A, M-2AR, M-2AS, M-2AT, M-2AU and M-2AI",M-2A,,To Scheduled Maturity Date,no,25,0.00%,0.00%,1.62
Weighted Average Life Tables,140,"Class M-2A, M-2AR, M-2AS, M-2AT, M-2AU and M-2AI",M-2A,,To Scheduled Maturity Date,no,35,0.00%,0.00%,1.09
Weighted Average Life Tables,140,"Class M-2A, M-2AR, M-2AS, M-2AT, M-2AU and M-2AI",M-2A,,To Early Redemption Date,yes,0,0.00%,0.00%,5.02
Weighted Average Life Tables,140,"Class M-2A, M-2AR, M-2AS, M-2AT, M-2AU and M-2AI",M-2A,,To Early Redemption Date,yes,5,0.00%,0.00%,5.02
Weighted Average Life Tables,140,"Class M-2A, M-2AR, M-2AS, M-2AT, M-2AU and M-2AI",M-2A,,To Early Redemption Date,yes,10,0.00%,0.00%,4.11
Weighted Average Life Tables,140,"Class M-2A, M-2AR, M-2AS, M-2AT, M-2AU and M-2AI",M-2A,,To Early Redemption Date,yes,15,0.00%,0.00%,2.78
Weighted Average Life Tables,140,"Class M-2A, M-2AR, M-2AS, M-2AT, M-2AU and M-2AI",M-2A,,To Early Redemption Date,yes,25,0.00%,0.00%,1.62
Weighted Average Life Tables,140,"Class M-2A, M-2AR, M-2AS, M-2AT, M-2AU and M-2AI",M-2A,,To Early Redemption Date,yes,35,0.00%,0.00%,1.09
Weighted Average Life Tables,140,"Class M-2A, M-2AR, M-2AS, M-2AT, M-2AU and M-2AI",M-2AR,,To Scheduled Maturity Date,no,0,0.00%,0.00%,18.00
Weighted Average Life Tables,140,"Class M-2A, M-2AR, M-2AS, M-2AT, M-2AU and M-2AI",M-2AR,,To Scheduled Maturity Date,no,5,0.00%,0.00%,7.35
Weighted Average Life Tables,140,"Class M-2A, M-2AR, M-2AS, M-2AT, M-2AU and M-2AI",M-2AR,,To Scheduled Maturity Date,no,10,0.00%,0.00%,4.11
Weighted Average Life Tables,140,"Class M-2A, M-2AR, M-2AS, M-2AT, M-2AU and M-2AI",M-2AR,,To Scheduled Maturity Date,no,15,0.00%,0.00%,2.78
Weighted Average Life Tables,140,"Class M-2A, M-2AR, M-2AS, M-2AT, M-2AU and M-2AI",M-2AR,,To Scheduled Maturity Date,no,25,0.00%,0.00%,1.62
Weighted Average Life Tables,140,"Class M-2A, M-2AR, M-2AS, M-2AT, M-2AU and M-2AI",M-2AR,,To Scheduled Maturity Date,no,35,0.00%,0.00%,1.09
Weighted Average Life Tables,140,"Class M-2A, M-2AR, M-2AS, M-2AT, M-2AU and M-2AI",M-2AR,,To Early Redemption Date,yes,0,0.00%,0.00%,5.02
Weighted Average Life Tables,140,"Class M-2A, M-2AR, M-2AS, M-2AT, M-2AU and M-2AI",M-2AR,,To Early Redemption Date,yes,5,0.00%,0.00%,5.02
Weighted Average Life Tables,140,"Class M-2A, M-2AR, M-2AS, M-2AT, M-2AU and M-2AI",M-2AR,,To Early Redemption Date,yes,10,0.00%,0.00%,4.11
Weighted Average Life Tables,140,"Class M-2A, M-2AR, M-2AS, M-2AT, M-2AU and M-2AI",M-2AR,,To Early Redemption Date,yes,15,0.00%,0.00%,2.78
Weighted Average Life Tables,140,"Class M-2A, M-2AR, M-2AS, M-2AT, M-2AU and M-2AI",M-2AR,,To Early Redemption Date,yes,25,0.00%,0.00%,1.62
Weighted Average Life Tables,140,"Class M-2A, M-2AR, M-2AS, M-2AT, M-2AU and M-2AI",M-2AR,,To Early Redemption Date,yes,35,0.00%,0.00%,1.09
Weighted Average Life Tables,140,"Class M-2A, M-2AR, M-2AS, M-2AT, M-2AU and M-2AI",M-2AS,,To Scheduled Maturity Date,no,0,0.00%,0.00%,18.00
Weighted Average Life Tables,140,"Class M-2A, M-2AR, M-2AS, M-2AT, M-2AU and M-2AI",M-2AS,,To Scheduled Maturity Date,no,5,0.00%,0.00%,7.35
Weighted Average Life Tables,140,"Class M-2A, M-2AR, M-2AS, M-2AT, M-2AU and M-2AI",M-2AS,,To Scheduled Maturity Date,no,10,0.00%,0.00%,4.11
Weighted Average Life Tables,140,"Class M-2A, M-2AR, M-2AS, M-2AT, M-2AU and M-2AI",M-2AS,,To Scheduled Maturity Date,no,15,0.00%,0.00%,2.78
Weighted Average Life Tables,140,"Class M-2A, M-2AR, M-2AS, M-2AT, M-2AU and M-2AI",M-2AS,,To Scheduled Maturity Date,no,25,0.00%,0.00%,1.62
Weighted Average Life Tables,140,"Class M-2A, M-2AR, M-2AS, M-2AT, M-2AU and M-2AI",M-2AS,,To Scheduled Maturity Date,no,35,0.00%,0.00%,1.09
Weighted Average Life Tables,140,"Class M-2A, M-2AR, M-2AS, M-2AT, M-2AU and M-2AI",M-2AS,,To Early Redemption Date,yes,0,0.00%,0.00%,5.02
Weighted Average Life Tables,140,"Class M-2A, M-2AR, M-2AS, M-2AT, M-2AU and M-2AI",M-2AS,,To Early Redemption Date,yes,5,0.00%,0.00%,5.02
Weighted Average Life Tables,140,"Class M-2A, M-2AR, M-2AS, M-2AT, M-2AU and M-2AI",M-2AS,,To Early Redemption Date,yes,10,0.00%,0.00%,4.11
Weighted Average Life Tables,140,"Class M-2A, M-2AR, M-2AS, M-2AT, M-2AU and M-2AI",M-2AS,,To Early Redemption Date,yes,15,0.00%,0.00%,2.78
Weighted Average Life Tables,140,"Class M-2A, M-2AR, M-2AS, M-2AT, M-2AU and M-2AI",M-2AS,,To Early Redemption Date,yes,25,0.00%,0.00%,1.62
Weighted Average Life Tables,140,"Class M-2A, M-2AR, M-2AS, M-2AT, M-2AU and M-2AI",M-2AS,,To Early Redemption Date,yes,35,0.00%,0.00%,1.09
Weighted Average Life Tables,140,"Class M-2A, M-2AR, M-2AS, M-2AT, M-2AU and M-2AI",M-2AT,,To Scheduled Maturity Date,no,0,0.00%,0.00%,18.00
Weighted Average Life Tables,140,"Class M-2A, M-2AR, M-2AS, M-2AT, M-2AU and M-2AI",M-2AT,,To Scheduled Maturity Date,no,5,0.00%,0.00%,7.35
Weighted Average Life Tables,140,"Class M-2A, M-2AR, M-2AS, M-2AT, M-2AU and M-2AI",M-2AT,,To Scheduled Maturity Date,no,10,0.00%,0.00%,4.11
Weighted Average Life Tables,140,"Class M-2A, M-2AR, M-2AS, M-2AT, M-2AU and M-2AI",M-2AT,,To Scheduled Maturity Date,no,15,0.00%,0.00%,2.78
Weighted Average Life Tables,140,"Class M-2A, M-2AR, M-2AS, M-2AT, M-2AU and M-2AI",M-2AT,,To Scheduled Maturity Date,no,25,0.00%,0.00%,1.62
Weighted Average Life Tables,140,"Class M-2A, M-2AR, M-2AS, M-2AT, M-2AU and M-2AI",M-2AT,,To Scheduled Maturity Date,no,35,0.00%,0.00%,1.09
Weighted Average Life Tables,140,"Class M-2A, M-2AR, M-2AS, M-2AT, M-2AU and M-2AI",M-2AT,,To Early Redemption Date,yes,0,0.00%,0.00%,5.02
Weighted Average Life Tables,140,"Class M-2A, M-2AR, M-2AS, M-2AT, M-2AU and M-2AI",M-2AT,,To Early Redemption Date,yes,5,0.00%,0.00%,5.02
Weighted Average Life Tables,140,"Class M-2A, M-2AR, M-2AS, M-2AT, M-2AU and M-2AI",M-2AT,,To Early Redemption Date,yes,10,0.00%,0.00%,4.11
Weighted Average Life Tables,140,"Class M-2A, M-2AR, M-2AS, M-2AT, M-2AU and M-2AI",M-2AT,,To Early Redemption Date,yes,15,0.00%,0.00%,2.78
Weighted Average Life Tables,140,"Class M-2A, M-2AR, M-2AS, M-2AT, M-2AU and M-2AI",M-2AT,,To Early Redemption Date,yes,25,0.00%,0.00%,1.62
Weighted Average Life Tables,140,"Class M-2A, M-2AR, M-2AS, M-2AT, M-2AU and M-2AI",M-2AT,,To Early Redemption Date,yes,35,0.00%,0.00%,1.09
Weighted Average Life Tables,140,"Class M-2A, M-2AR, M-2AS, M-2AT, M-2AU and M-2AI",M-2AU,,To Scheduled Maturity Date,no,0,0.00%,0.00%,18.00
Weighted Average Life Tables,140,"Class M-2A, M-2AR, M-2AS, M-2AT, M-2AU and M-2AI",M-2AU,,To Scheduled Maturity Date,no,5,0.00%,0.00%,7.35
Weighted Average Life Tables,140,"Class M-2A, M-2AR, M-2AS, M-2AT, M-2AU and M-2AI",M-2AU,,To Scheduled Maturity Date,no,10,0.00%,0.00%,4.11
Weighted Average Life Tables,140,"Class M-2A, M-2AR, M-2AS, M-2AT, M-2AU and M-2AI",M-2AU,,To Scheduled Maturity Date,no,15,0.00%,0.00%,2.78
Weighted Average Life Tables,140,"Class M-2A, M-2AR, M-2AS, M-2AT, M-2AU and M-2AI",M-2AU,,To Scheduled Maturity Date,no,25,0.00%,0.00%,1.62
Weighted Average Life Tables,140,"Class M-2A, M-2AR, M-2AS, M-2AT, M-2AU and M-2AI",M-2AU,,To Scheduled Maturity Date,no,35,0.00%,0.00%,1.09
Weighted Average Life Tables,140,"Class M-2A, M-2AR, M-2AS, M-2AT, M-2AU and M-2AI",M-2AU,,To Early Redemption Date,yes,0,0.00%,0.00%,5.02
Weighted Average Life Tables,140,"Class M-2A, M-2AR, M-2AS, M-2AT, M-2AU and M-2AI",M-2AU,,To Early Redemption Date,yes,5,0.00%,0.00%,5.02
Weighted Average Life Tables,140,"Class M-2A, M-2AR, M-2AS, M-2AT, M-2AU and M-2AI",M-2AU,,To Early Redemption Date,yes,10,0.00%,0.00%,4.11
Weighted Average Life Tables,140,"Class M-2A, M-2AR, M-2AS, M-2AT, M-2AU and M-2AI",M-2AU,,To Early Redemption Date,yes,15,0.00%,0.00%,2.78
Weighted Average Life Tables,140,"Class M-2A, M-2AR, M-2AS, M-2AT, M-2AU and M-2AI",M-2AU,,To Early Redemption Date,yes,25,0.00%,0.00%,1.62
Weighted Average Life Tables,140,"Class M-2A, M-2AR, M-2AS, M-2AT, M-2AU and M-2AI",M-2AU,,To Early Redemption Date,yes,35,0.00%,0.00%,1.09
Weighted Average Life Tables,140,"Class M-2A, M-2AR, M-2AS, M-2AT, M-2AU and M-2AI",M-2AI,,To Scheduled Maturity Date,no,0,0.00%,0.00%,18.00
Weighted Average Life Tables,140,"Class M-2A, M-2AR, M-2AS, M-2AT, M-2AU and M-2AI",M-2AI,,To Scheduled Maturity Date,no,5,0.00%,0.00%,7.35
Weighted Average Life Tables,140,"Class M-2A, M-2AR, M-2AS, M-2AT, M-2AU and M-2AI",M-2AI,,To Scheduled Maturity Date,no,10,0.00%,0.00%,4.11
Weighted Average Life Tables,140,"Class M-2A, M-2AR, M-2AS, M-2AT, M-2AU and M-2AI",M-2AI,,To Scheduled Maturity Date,no,15,0.00%,0.00%,2.78
Weighted Average Life Tables,140,"Class M-2A, M-2AR, M-2AS, M-2AT, M-2AU and M-2AI",M-2AI,,To Scheduled Maturity Date,no,25,0.00%,0.00%,1.62
Weighted Average Life Tables,140,"Class M-2A, M-2AR, M-2AS, M-2AT, M-2AU and M-2AI",M-2AI,,To Scheduled Maturity Date,no,35,0.00%,0.00%,1.09
Weighted Average Life Tables,140,"Class M-2A, M-2AR, M-2AS, M-2AT, M-2AU and M-2AI",M-2AI,,To Early Redemption Date,yes,0,0.00%,0.00%,5.02
Weighted Average Life Tables,140,"Class M-2A, M-2AR, M-2AS, M-2AT, M-2AU and M-2AI",M-2AI,,To Early Redemption Date,yes,5,0.00%,0.00%,5.02
Weighted Average Life Tables,140,"Class M-2A, M-2AR, M-2AS, M-2AT, M-2AU and M-2AI",M-2AI,,To Early Redemption Date,yes,10,0.00%,0.00%,4.11
Weighted Average Life Tables,140,"Class M-2A, M-2AR, M-2AS, M-2AT, M-2AU and M-2AI",M-2AI,,To Early Redemption Date,yes,15,0.00%,0.00%,2.78
Weighted Average Life Tables,140,"Class M-2A, M-2AR, M-2AS, M-2AT, M-2AU and M-2AI",M-2AI,,To Early Redemption Date,yes,25,0.00%,0.00%,1.62
Weighted Average Life Tables,140,"Class M-2A, M-2AR, M-2AS, M-2AT, M-2AU and M-2AI",M-2AI,,To Early Redemption Date,yes,35,0.00%,0.00%,1.09
Weighted Average Life Tables,140,"Class M-2A, M-2AR, M-2AS, M-2AT, M-2AU and M-2AI",M-2A,,To Scheduled Maturity Date,no,0,0.25%,0.00%,20.02
Weighted Average Life Tables,140,"Class M-2A, M-2AR, M-2AS, M-2AT, M-2AU and M-2AI",M-2A,,To Scheduled Maturity Date,no,5,0.25%,0.00%,10.28
Weighted Average Life Tables,140,"Class M-2A, M-2AR, M-2AS, M-2AT, M-2AU and M-2AI",M-2A,,To Scheduled Maturity Date,no,10,0.25%,0.00%,5.00
Weighted Average Life Tables,140,"Class M-2A, M-2AR, M-2AS, M-2AT, M-2AU and M-2AI",M-2A,,To Scheduled Maturity Date,no,15,0.25%,0.00%,3.20
Weighted Average Life Tables,140,"Class M-2A, M-2AR, M-2AS, M-2AT, M-2AU and M-2AI",M-2A,,To Scheduled Maturity Date,no,25,0.25%,0.00%,1.79
Weighted Average Life Tables,140,"Class M-2A, M-2AR, M-2AS, M-2AT, M-2AU and M-2AI",M-2A,,To Scheduled Maturity Date,no,35,0.25%,0.00%,1.18
Weighted Average Life Tables,140,"Class M-2A, M-2AR, M-2AS, M-2AT, M-2AU and M-2AI",M-2A,,To Early Redemption Date,yes,0,0.25%,0.00%,5.02
Weighted Average Life Tables,140,"Class M-2A, M-2AR, M-2AS, M-2AT, M-2AU and M-2AI",M-2A,,To Early Redemption Date,yes,5,0.25%,0.00%,5.02
Weighted Average Life Tables,140,"Class M-2A, M-2AR, M-2AS, M-2AT, M-2AU and M-2AI",M-2A,,To Early Redemption Date,yes,10,0.25%,0.00%,4.90
Weighted Average Life Tables,140,"Class M-2A, M-2AR, M-2AS, M-2AT, M-2AU and M-2AI",M-2A,,To Early Redemption Date,yes,15,0.25%,0.00%,3.20
Weighted Average Life Tables,140,"Class M-2A, M-2AR, M-2AS, M-2AT, M-2AU and M-2AI",M-2A,,To Early Redemption Date,yes,25,0.25%,0.00%,1.79
Weighted Average Life Tables,140,"Class M-2A, M-2AR, M-2AS, M-2AT, M-2AU and M-2AI",M-2A,,To Early Redemption Date,yes,35,0.25%,0.00%,1.18
Weighted Average Life Tables,140,"Class M-2A, M-2AR, M-2AS, M-2AT, M-2AU and M-2AI",M-2AR,,To Scheduled Maturity Date,no,0,0.25%,0.00%,20.02
Weighted Average Life Tables,140,"Class M-2A, M-2AR, M-2AS, M-2AT, M-2AU and M-2AI",M-2AR,,To Scheduled Maturity Date,no,5,0.25%,0.00%,10.28
Weighted Average Life Tables,140,"Class M-2A, M-2AR, M-2AS, M-2AT, M-2AU and M-2AI",M-2AR,,To Scheduled Maturity Date,no,10,0.25%,0.00%,5.00
Weighted Average Life Tables,140,"Class M-2A, M-2AR, M-2AS, M-2AT, M-2AU and M-2AI",M-2AR,,To Scheduled Maturity Date,no,15,0.25%,0.00%,3.20
Weighted Average Life Tables,140,"Class M-2A, M-2AR, M-2AS, M-2AT, M-2AU and M-2AI",M-2AR,,To Scheduled Maturity Date,no,25,0.25%,0.00%,1.79
Weighted Average Life Tables,140,"Class M-2A, M-2AR, M-2AS, M-2AT, M-2AU and M-2AI",M-2AR,,To Scheduled Maturity Date,no,35,0.25%,0.00%,1.18
Weighted Average Life Tables,140,"Class M-2A, M-2AR, M-2AS, M-2AT, M-2AU and M-2AI",M-2AR,,To Early Redemption Date,yes,0,0.25%,0.00%,5.02
Weighted Average Life Tables,140,"Class M-2A, M-2AR, M-2AS, M-2AT, M-2AU and M-2AI",M-2AR,,To Early Redemption Date,yes,5,0.25%,0.00%,5.02
Weighted Average Life Tables,140,"Class M-2A, M-2AR, M-2AS, M-2AT, M-2AU and M-2AI",M-2AR,,To Early Redemption Date,yes,10,0.25%,0.00%,4.90
Weighted Average Life Tables,140,"Class M-2A, M-2AR, M-2AS, M-2AT, M-2AU and M-2AI",M-2AR,,To Early Redemption Date,yes,15,0.25%,0.00%,3.20
Weighted Average Life Tables,140,"Class M-2A, M-2AR, M-2AS, M-2AT, M-2AU and M-2AI",M-2AR,,To Early Redemption Date,yes,25,0.25%,0.00%,1.79
Weighted Average Life Tables,140,"Class M-2A, M-2AR, M-2AS, M-2AT, M-2AU and M-2AI",M-2AR,,To Early Redemption Date,yes,35,0.25%,0.00%,1.18
Weighted Average Life Tables,140,"Class M-2A, M-2AR, M-2AS, M-2AT, M-2AU and M-2AI",M-2AS,,To Scheduled Maturity Date,no,0,0.25%,0.00%,20.02
Weighted Average Life Tables,140,"Class M-2A, M-2AR, M-2AS, M-2AT, M-2AU and M-2AI",M-2AS,,To Scheduled Maturity Date,no,5,0.25%,0.00%,10.28
Weighted Average Life Tables,140,"Class M-2A, M-2AR, M-2AS, M-2AT, M-2AU and M-2AI",M-2AS,,To Scheduled Maturity Date,no,10,0.25%,0.00%,5.00
Weighted Average Life Tables,140,"Class M-2A, M-2AR, M-2AS, M-2AT, M-2AU and M-2AI",M-2AS,,To Scheduled Maturity Date,no,15,0.25%,0.00%,3.20
Weighted Average Life Tables,140,"Class M-2A, M-2AR, M-2AS, M-2AT, M-2AU and M-2AI",M-2AS,,To Scheduled Maturity Date,no,25,0.25%,0.00%,1.79
Weighted Average Life Tables,140,"Class M-2A, M-2AR, M-2AS, M-2AT, M-2AU and M-2AI",M-2AS,,To Scheduled Maturity Date,no,35,0.25%,0.00%,1.18
Weighted Average Life Tables,140,"Class M-2A, M-2AR, M-2AS, M-2AT, M-2AU and M-2AI",M-2AS,,To Early Redemption Date,yes,0,0.25%,0.00%,5.02
Weighted Average Life Tables,140,"Class M-2A, M-2AR, M-2AS, M-2AT, M-2AU and M-2AI",M-2AS,,To Early Redemption Date,yes,5,0.25%,0.00%,5.02
Weighted Average Life Tables,140,"Class M-2A, M-2AR, M-2AS, M-2AT, M-2AU and M-2AI",M-2AS,,To Early Redemption Date,yes,10,0.25%,0.00%,4.90
Weighted Average Life Tables,140,"Class M-2A, M-2AR, M-2AS, M-2AT, M-2AU and M-2AI",M-2AS,,To Early Redemption Date,yes,15,0.25%,0.00%,3.20
Weighted Average Life Tables,140,"Class M-2A, M-2AR, M-2AS, M-2AT, M-2AU and M-2AI",M-2AS,,To Early Redemption Date,yes,25,0.25%,0.00%,1.79
Weighted Average Life Tables,140,"Class M-2A, M-2AR, M-2AS, M-2AT, M-2AU and M-2AI",M-2AS,,To Early Redemption Date,yes,35,0.25%,0.00%,1.18
Weighted Average Life Tables,140,"Class M-2A, M-2AR, M-2AS, M-2AT, M-2AU and M-2AI",M-2AT,,To Scheduled Maturity Date,no,0,0.25%,0.00%,20.02
Weighted Average Life Tables,140,"Class M-2A, M-2AR, M-2AS, M-2AT, M-2AU and M-2AI",M-2AT,,To Scheduled Maturity Date,no,5,0.25%,0.00%,10.28
Weighted Average Life Tables,140,"Class M-2A, M-2AR, M-2AS, M-2AT, M-2AU and M-2AI",M-2AT,,To Scheduled Maturity Date,no,10,0.25%,0.00%,5.00
Weighted Average Life Tables,140,"Class M-2A, M-2AR, M-2AS, M-2AT, M-2AU and M-2AI",M-2AT,,To Scheduled Maturity Date,no,15,0.25%,0.00%,3.20
Weighted Average Life Tables,140,"Class M-2A, M-2AR, M-2AS, M-2AT, M-2AU and M-2AI",M-2AT,,To Scheduled Maturity Date,no,25,0.25%,0.00%,1.79
Weighted Average Life Tables,140,"Class M-2A, M-2AR, M-2AS, M-2AT, M-2AU and M-2AI",M-2AT,,To Scheduled Maturity Date,no,35,0.25%,0.00%,1.18
Weighted Average Life Tables,140,"Class M-2A, M-2AR, M-2AS, M-2AT, M-2AU and M-2AI",M-2AT,,To Early Redemption Date,yes,0,0.25%,0.00%,5.02
Weighted Average Life Tables,140,"Class M-2A, M-2AR, M-2AS, M-2AT, M-2AU and M-2AI",M-2AT,,To Early Redemption Date,yes,5,0.25%,0.00%,5.02
Weighted Average Life Tables,140,"Class M-2A, M-2AR, M-2AS, M-2AT, M-2AU and M-2AI",M-2AT,,To Early Redemption Date,yes,10,0.25%,0.00%,4.90
Weighted Average Life Tables,140,"Class M-2A, M-2AR, M-2AS, M-2AT, M-2AU and M-2AI",M-2AT,,To Early Redemption Date,yes,15,0.25%,0.00%,3.20
Weighted Average Life Tables,140,"Class M-2A, M-2AR, M-2AS, M-2AT, M-2AU and M-2AI",M-2AT,,To Early Redemption Date,yes,25,0.25%,0.00%,1.79
Weighted Average Life Tables,140,"Class M-2A, M-2AR, M-2AS, M-2AT, M-2AU and M-2AI",M-2AT,,To Early Redemption Date,yes,35,0.25%,0.00%,1.18
Weighted Average Life Tables,140,"Class M-2A, M-2AR, M-2AS, M-2AT, M-2AU and M-2AI",M-2AU,,To Scheduled Maturity Date,no,0,0.25%,0.00%,20.02
Weighted Average Life Tables,140,"Class M-2A, M-2AR, M-2AS, M-2AT, M-2AU and M-2AI",M-2AU,,To Scheduled Maturity Date,no,5,0.25%,0.00%,10.28
Weighted Average Life Tables,140,"Class M-2A, M-2AR, M-2AS, M-2AT, M-2AU and M-2AI",M-2AU,,To Scheduled Maturity Date,no,10,0.25%,0.00%,5.00
Weighted Average Life Tables,140,"Class M-2A, M-2AR, M-2AS, M-2AT, M-2AU and M-2AI",M-2AU,,To Scheduled Maturity Date,no,15,0.25%,0.00%,3.20
Weighted Average Life Tables,140,"Class M-2A, M-2AR, M-2AS, M-2AT, M-2AU and M-2AI",M-2AU,,To Scheduled Maturity Date,no,25,0.25%,0.00%,1.79
Weighted Average Life Tables,140,"Class M-2A, M-2AR, M-2AS, M-2AT, M-2AU and M-2AI",M-2AU,,To Scheduled Maturity Date,no,35,0.25%,0.00%,1.18
Weighted Average Life Tables,140,"Class M-2A, M-2AR, M-2AS, M-2AT, M-2AU and M-2AI",M-2AU,,To Early Redemption Date,yes,0,0.25%,0.00%,5.02
Weighted Average Life Tables,140,"Class M-2A, M-2AR, M-2AS, M-2AT, M-2AU and M-2AI",M-2AU,,To Early Redemption Date,yes,5,0.25%,0.00%,5.02
Weighted Average Life Tables,140,"Class M-2A, M-2AR, M-2AS, M-2AT, M-2AU and M-2AI",M-2AU,,To Early Redemption Date,yes,10,0.25%,0.00%,4.90
Weighted Average Life Tables,140,"Class M-2A, M-2AR, M-2AS, M-2AT, M-2AU and M-2AI",M-2AU,,To Early Redemption Date,yes,15,0.25%,0.00%,3.20
Weighted Average Life Tables,140,"Class M-2A, M-2AR, M-2AS, M-2AT, M-2AU and M-2AI",M-2AU,,To Early Redemption Date,yes,25,0.25%,0.00%,1.79
Weighted Average Life Tables,140,"Class M-2A, M-2AR, M-2AS, M-2AT, M-2AU and M-2AI",M-2AU,,To Early Redemption Date,yes,35,0.25%,0.00%,1.18
Weighted Average Life Tables,140,"Class M-2A, M-2AR, M-2AS, M-2AT, M-2AU and M-2AI",M-2AI,,To Scheduled Maturity Date,no,0,0.25%,0.00%,20.02
Weighted Average Life Tables,140,"Class M-2A, M-2AR, M-2AS, M-2AT, M-2AU and M-2AI",M-2AI,,To Scheduled Maturity Date,no,5,0.25%,0.00%,10.28
Weighted Average Life Tables,140,"Class M-2A, M-2AR, M-2AS, M-2AT, M-2AU and M-2AI",M-2AI,,To Scheduled Maturity Date,no,10,0.25%,0.00%,5.00
Weighted Average Life Tables,140,"Class M-2A, M-2AR, M-2AS, M-2AT, M-2AU and M-2AI",M-2AI,,To Scheduled Maturity Date,no,15,0.25%,0.00%,3.20
Weighted Average Life Tables,140,"Class M-2A, M-2AR, M-2AS, M-2AT, M-2AU and M-2AI",M-2AI,,To Scheduled Maturity Date,no,25,0.25%,0.00%,1.79
Weighted Average Life Tables,140,"Class M-2A, M-2AR, M-2AS, M-2AT, M-2AU and M-2AI",M-2AI,,To Scheduled Maturity Date,no,35,0.25%,0.00%,1.18
Weighted Average Life Tables,140,"Class M-2A, M-2AR, M-2AS, M-2AT, M-2AU and M-2AI",M-2AI,,To Early Redemption Date,yes,0,0.25%,0.00%,5.02
Weighted Average Life Tables,140,"Class M-2A, M-2AR, M-2AS, M-2AT, M-2AU and M-2AI",M-2AI,,To Early Redemption Date,yes,5,0.25%,0.00%,5.02
Weighted Average Life Tables,140,"Class M-2A, M-2AR, M-2AS, M-2AT, M-2AU and M-2AI",M-2AI,,To Early Redemption Date,yes,10,0.25%,0.00%,4.90
Weighted Average Life Tables,140,"Class M-2A, M-2AR, M-2AS, M-2AT, M-2AU and M-2AI",M-2AI,,To Early Redemption Date,yes,15,0.25%,0.00%,3.20
Weighted Average Life Tables,140,"Class M-2A, M-2AR, M-2AS, M-2AT, M-2AU and M-2AI",M-2AI,,To Early Redemption Date,yes,25,0.25%,0.00%,1.79
Weighted Average Life Tables,140,"Class M-2A, M-2AR, M-2AS, M-2AT, M-2AU and M-2AI",M-2AI,,To Early Redemption Date,yes,35,0.25%,0.00%,1.18
Weighted Average Life Tables,140,"Class M-2A, M-2AR, M-2AS, M-2AT, M-2AU and M-2AI",M-2A,,To Scheduled Maturity Date,no,0,0.50%,0.00%,20.02
Weighted Average Life Tables,140,"Class M-2A, M-2AR, M-2AS, M-2AT, M-2AU and M-2AI",M-2A,,To Scheduled Maturity Date,no,5,0.50%,0.00%,16.00
Weighted Average Life Tables,140,"Class M-2A, M-2AR, M-2AS, M-2AT, M-2AU and M-2AI",M-2A,,To Scheduled Maturity Date,no,10,0.50%,0.00%,6.29
Weighted Average Life Tables,140,"Class M-2A, M-2AR, M-2AS, M-2AT, M-2AU and M-2AI",M-2A,,To Scheduled Maturity Date,no,15,0.50%,0.00%,3.68
Weighted Average Life Tables,140,"Class M-2A, M-2AR, M-2AS, M-2AT, M-2AU and M-2AI",M-2A,,To Scheduled Maturity Date,no,25,0.50%,0.00%,2.02
Weighted Average Life Tables,140,"Class M-2A, M-2AR, M-2AS, M-2AT, M-2AU and M-2AI",M-2A,,To Scheduled Maturity Date,no,35,0.50%,0.00%,1.36
Weighted Average Life Tables,140,"Class M-2A, M-2AR, M-2AS, M-2AT, M-2AU and M-2AI",M-2A,,To Early Redemption Date,yes,0,0.50%,0.00%,5.02
Weighted Average Life Tables,140,"Class M-2A, M-2AR, M-2AS, M-2AT, M-2AU and M-2AI",M-2A,,To Early Redemption Date,yes,5,0.50%,0.00%,5.02
Weighted Average Life Tables,140,"Class M-2A, M-2AR, M-2AS, M-2AT, M-2AU and M-2AI",M-2A,,To Early Redemption Date,yes,10,0.50%,0.00%,5.02
Weighted Average Life Tables,140,"Class M-2A, M-2AR, M-2AS, M-2AT, M-2AU and M-2AI",M-2A,,To Early Redemption Date,yes,15,0.50%,0.00%,3.68
Weighted Average Life Tables,140,"Class M-2A, M-2AR, M-2AS, M-2AT, M-2AU and M-2AI",M-2A,,To Early Redemption Date,yes,25,0.50%,0.00%,2.02
Weighted Average Life Tables,140,"Class M-2A, M-2AR, M-2AS, M-2AT, M-2AU and M-2AI",M-2A,,To Early Redemption Date,yes,35,0.50%,0.00%,1.36
Weighted Average Life Tables,140,"Class M-2A, M-2AR, M-2AS, M-2AT, M-2AU and M-2AI",M-2AR,,To Scheduled Maturity Date,no,0,0.50%,0.00%,20.02
Weighted Average Life Tables,140,"Class M-2A, M-2AR, M-2AS, M-2AT, M-2AU and M-2AI",M-2AR,,To Scheduled Maturity Date,no,5,0.50%,0.00%,16.00
Weighted Average Life Tables,140,"Class M-2A, M-2AR, M-2AS, M-2AT, M-2AU and M-2AI",M-2AR,,To Scheduled Maturity Date,no,10,0.50%,0.00%,6.29
Weighted Average Life Tables,140,"Class M-2A, M-2AR, M-2AS, M-2AT, M-2AU and M-2AI",M-2AR,,To Scheduled Maturity Date,no,15,0.50%,0.00%,3.68
Weighted Average Life Tables,140,"Class M-2A, M-2AR, M-2AS, M-2AT, M-2AU and M-2AI",M-2AR,,To Scheduled Maturity Date,no,25,0.50%,0.00%,2.02
Weighted Average Life Tables,140,"Class M-2A, M-2AR, M-2AS, M-2AT, M-2AU and M-2AI",M-2AR,,To Scheduled Maturity Date,no,35,0.50%,0.00%,1.36
Weighted Average Life Tables,140,"Class M-2A, M-2AR, M-2AS, M-2AT, M-2AU and M-2AI",M-2AR,,To Early Redemption Date,yes,0,0.50%,0.00%,5.02
Weighted Average Life Tables,140,"Class M-2A, M-2AR, M-2AS, M-2AT, M-2AU and M-2AI",M-2AR,,To Early Redemption Date,yes,5,0.50%,0.00%,5.02
Weighted Average Life Tables,140,"Class M-2A, M-2AR, M-2AS, M-2AT, M-2AU and M-2AI",M-2AR,,To Early Redemption Date,yes,10,0.50%,0.00%,5.02
Weighted Average Life Tables,140,"Class M-2A, M-2AR, M-2AS, M-2AT, M-2AU and M-2AI",M-2AR,,To Early Redemption Date,yes,15,0.50%,0.00%,3.68
Weighted Average Life Tables,140,"Class M-2A, M-2AR, M-2AS, M-2AT, M-2AU and M-2AI",M-2AR,,To Early Redemption Date,yes,25,0.50%,0.00%,2.02
Weighted Average Life Tables,140,"Class M-2A, M-2AR, M-2AS, M-2AT, M-2AU and M-2AI",M-2AR,,To Early Redemption Date,yes,35,0.50%,0.00%,1.36
Weighted Average Life Tables,140,"Class M-2A, M-2AR, M-2AS, M-2AT, M-2AU and M-2AI",M-2AS,,To Scheduled Maturity Date,no,0,0.50%,0.00%,20.02
Weighted Average Life Tables,140,"Class M-2A, M-2AR, M-2AS, M-2AT, M-2AU and M-2AI",M-2AS,,To Scheduled Maturity Date,no,5,0.50%,0.00%,16.00
Weighted Average Life Tables,140,"Class M-2A, M-2AR, M-2AS, M-2AT, M-2AU and M-2AI",M-2AS,,To Scheduled Maturity Date,no,10,0.50%,0.00%,6.29
Weighted Average Life Tables,140,"Class M-2A, M-2AR, M-2AS, M-2AT, M-2AU and M-2AI",M-2AS,,To Scheduled Maturity Date,no,15,0.50%,0.00%,3.68
Weighted Average Life Tables,140,"Class M-2A, M-2AR, M-2AS, M-2AT, M-2AU and M-2AI",M-2AS,,To Scheduled Maturity Date,no,25,0.50%,0.00%,2.02
Weighted Average Life Tables,140,"Class M-2A, M-2AR, M-2AS, M-2AT, M-2AU and M-2AI",M-2AS,,To Scheduled Maturity Date,no,35,0.50%,0.00%,1.36
Weighted Average Life Tables,140,"Class M-2A, M-2AR, M-2AS, M-2AT, M-2AU and M-2AI",M-2AS,,To Early Redemption Date,yes,0,0.50%,0.00%,5.02
Weighted Average Life Tables,140,"Class M-2A, M-2AR, M-2AS, M-2AT, M-2AU and M-2AI",M-2AS,,To Early Redemption Date,yes,5,0.50%,0.00%,5.02
Weighted Average Life Tables,140,"Class M-2A, M-2AR, M-2AS, M-2AT, M-2AU and M-2AI",M-2AS,,To Early Redemption Date,yes,10,0.50%,0.00%,5.02
Weighted Average Life Tables,140,"Class M-2A, M-2AR, M-2AS, M-2AT, M-2AU and M-2AI",M-2AS,,To Early Redemption Date,yes,15,0.50%,0.00%,3.68
Weighted Average Life Tables,140,"Class M-2A, M-2AR, M-2AS, M-2AT, M-2AU and M-2AI",M-2AS,,To Early Redemption Date,yes,25,0.50%,0.00%,2.02
Weighted Average Life Tables,140,"Class M-2A, M-2AR, M-2AS, M-2AT, M-2AU and M-2AI",M-2AS,,To Early Redemption Date,yes,35,0.50%,0.00%,1.36
Weighted Average Life Tables,140,"Class M-2A, M-2AR, M-2AS, M-2AT, M-2AU and M-2AI",M-2AT,,To Scheduled Maturity Date,no,0,0.50%,0.00%,20.02
Weighted Average Life Tables,140,"Class M-2A, M-2AR, M-2AS, M-2AT, M-2AU and M-2AI",M-2AT,,To Scheduled Maturity Date,no,5,0.50%,0.00%,16.00
Weighted Average Life Tables,140,"Class M-2A, M-2AR, M-2AS, M-2AT, M-2AU and M-2AI",M-2AT,,To Scheduled Maturity Date,no,10,0.50%,0.00%,6.29
Weighted Average Life Tables,140,"Class M-2A, M-2AR, M-2AS, M-2AT, M-2AU and M-2AI",M-2AT,,To Scheduled Maturity Date,no,15,0.50%,0.00%,3.68
Weighted Average Life Tables,140,"Class M-2A, M-2AR, M-2AS, M-2AT, M-2AU and M-2AI",M-2AT,,To Scheduled Maturity Date,no,25,0.50%,0.00%,2.02
Weighted Average Life Tables,140,"Class M-2A, M-2AR, M-2AS, M-2AT, M-2AU and M-2AI",M-2AT,,To Scheduled Maturity Date,no,35,0.50%,0.00%,1.36
Weighted Average Life Tables,140,"Class M-2A, M-2AR, M-2AS, M-2AT, M-2AU and M-2AI",M-2AT,,To Early Redemption Date,yes,0,0.50%,0.00%,5.02
Weighted Average Life Tables,140,"Class M-2A, M-2AR, M-2AS, M-2AT, M-2AU and M-2AI",M-2AT,,To Early Redemption Date,yes,5,0.50%,0.00%,5.02
Weighted Average Life Tables,140,"Class M-2A, M-2AR, M-2AS, M-2AT, M-2AU and M-2AI",M-2AT,,To Early Redemption Date,yes,10,0.50%,0.00%,5.02
Weighted Average Life Tables,140,"Class M-2A, M-2AR, M-2AS, M-2AT, M-2AU and M-2AI",M-2AT,,To Early Redemption Date,yes,15,0.50%,0.00%,3.68
Weighted Average Life Tables,140,"Class M-2A, M-2AR, M-2AS, M-2AT, M-2AU and M-2AI",M-2AT,,To Early Redemption Date,yes,25,0.50%,0.00%,2.02
Weighted Average Life Tables,140,"Class M-2A, M-2AR, M-2AS, M-2AT, M-2AU and M-2AI",M-2AT,,To Early Redemption Date,yes,35,0.50%,0.00%,1.36
Weighted Average Life Tables,140,"Class M-2A, M-2AR, M-2AS, M-2AT, M-2AU and M-2AI",M-2AU,,To Scheduled Maturity Date,no,0,0.50%,0.00%,20.02
Weighted Average Life Tables,140,"Class M-2A, M-2AR, M-2AS, M-2AT, M-2AU and M-2AI",M-2AU,,To Scheduled Maturity Date,no,5,0.50%,0.00%,16.00
Weighted Average Life Tables,140,"Class M-2A, M-2AR, M-2AS, M-2AT, M-2AU and M-2AI",M-2AU,,To Scheduled Maturity Date,no,10,0.50%,0.00%,6.29
Weighted Average Life Tables,140,"Class M-2A, M-2AR, M-2AS, M-2AT, M-2AU and M-2AI",M-2AU,,To Scheduled Maturity Date,no,15,0.50%,0.00%,3.68
Weighted Average Life Tables,140,"Class M-2A, M-2AR, M-2AS, M-2AT, M-2AU and M-2AI",M-2AU,,To Scheduled Maturity Date,no,25,0.50%,0.00%,2.02
Weighted Average Life Tables,140,"Class M-2A, M-2AR, M-2AS, M-2AT, M-2AU and M-2AI",M-2AU,,To Scheduled Maturity Date,no,35,0.50%,0.00%,1.36
Weighted Average Life Tables,140,"Class M-2A, M-2AR, M-2AS, M-2AT, M-2AU and M-2AI",M-2AU,,To Early Redemption Date,yes,0,0.50%,0.00%,5.02
Weighted Average Life Tables,140,"Class M-2A, M-2AR, M-2AS, M-2AT, M-2AU and M-2AI",M-2AU,,To Early Redemption Date,yes,5,0.50%,0.00%,5.02
Weighted Average Life Tables,140,"Class M-2A, M-2AR, M-2AS, M-2AT, M-2AU and M-2AI",M-2AU,,To Early Redemption Date,yes,10,0.50%,0.00%,5.02
Weighted Average Life Tables,140,"Class M-2A, M-2AR, M-2AS, M-2AT, M-2AU and M-2AI",M-2AU,,To Early Redemption Date,yes,15,0.50%,0.00%,3.68
Weighted Average Life Tables,140,"Class M-2A, M-2AR, M-2AS, M-2AT, M-2AU and M-2AI",M-2AU,,To Early Redemption Date,yes,25,0.50%,0.00%,2.02
Weighted Average Life Tables,140,"Class M-2A, M-2AR, M-2AS, M-2AT, M-2AU and M-2AI",M-2AU,,To Early Redemption Date,yes,35,0.50%,0.00%,1.36
Weighted Average Life Tables,140,"Class M-2A, M-2AR, M-2AS, M-2AT, M-2AU and M-2AI",M-2AI,,To Scheduled Maturity Date,no,0,0.50%,0.00%,20.02
Weighted Average Life Tables,140,"Class M-2A, M-2AR, M-2AS, M-2AT, M-2AU and M-2AI",M-2AI,,To Scheduled Maturity Date,no,5,0.50%,0.00%,16.00
Weighted Average Life Tables,140,"Class M-2A, M-2AR, M-2AS, M-2AT, M-2AU and M-2AI",M-2AI,,To Scheduled Maturity Date,no,10,0.50%,0.00%,6.29
Weighted Average Life Tables,140,"Class M-2A, M-2AR, M-2AS, M-2AT, M-2AU and M-2AI",M-2AI,,To Scheduled Maturity Date,no,15,0.50%,0.00%,3.68
Weighted Average Life Tables,140,"Class M-2A, M-2AR, M-2AS, M-2AT, M-2AU and M-2AI",M-2AI,,To Scheduled Maturity Date,no,25,0.50%,0.00%,2.02
Weighted Average Life Tables,140,"Class M-2A, M-2AR, M-2AS, M-2AT, M-2AU and M-2AI",M-2AI,,To Scheduled Maturity Date,no,35,0.50%,0.00%,1.36
Weighted Average Life Tables,140,"Class M-2A, M-2AR, M-2AS, M-2AT, M-2AU and M-2AI",M-2AI,,To Early Redemption Date,yes,0,0.50%,0.00%,5.02
Weighted Average Life Tables,140,"Class M-2A, M-2AR, M-2AS, M-2AT, M-2AU and M-2AI",M-2AI,,To Early Redemption Date,yes,5,0.50%,0.00%,5.02
Weighted Average Life Tables,140,"Class M-2A, M-2AR, M-2AS, M-2AT, M-2AU and M-2AI",M-2AI,,To Early Redemption Date,yes,10,0.50%,0.00%,5.02
Weighted Average Life Tables,140,"Class M-2A, M-2AR, M-2AS, M-2AT, M-2AU and M-2AI",M-2AI,,To Early Redemption Date,yes,15,0.50%,0.00%,3.68
Weighted Average Life Tables,140,"Class M-2A, M-2AR, M-2AS, M-2AT, M-2AU and M-2AI",M-2AI,,To Early Redemption Date,yes,25,0.50%,0.00%,2.02
Weighted Average Life Tables,140,"Class M-2A, M-2AR, M-2AS, M-2AT, M-2AU and M-2AI",M-2AI,,To Early Redemption Date,yes,35,0.50%,0.00%,1.36
Weighted Average Life Tables,140,"Class M-2A, M-2AR, M-2AS, M-2AT, M-2AU and M-2AI",M-2A,,To Scheduled Maturity Date,no,0,1.00%,0.00%,9.64
Weighted Average Life Tables,140,"Class M-2A, M-2AR, M-2AS, M-2AT, M-2AU and M-2AI",M-2A,,To Scheduled Maturity Date,no,5,1.00%,0.00%,14.12
Weighted Average Life Tables,140,"Class M-2A, M-2AR, M-2AS, M-2AT, M-2AU and M-2AI",M-2A,,To Scheduled Maturity Date,no,10,1.00%,0.00%,19.85
Weighted Average Life Tables,140,"Class M-2A, M-2AR, M-2AS, M-2AT, M-2AU and M-2AI",M-2A,,To Scheduled Maturity Date,no,15,1.00%,0.00%,13.39
Weighted Average Life Tables,140,"Class M-2A, M-2AR, M-2AS, M-2AT, M-2AU and M-2AI",M-2A,,To Scheduled Maturity Date,no,25,1.00%,0.00%,7.76
Weighted Average Life Tables,140,"Class M-2A, M-2AR, M-2AS, M-2AT, M-2AU and M-2AI",M-2A,,To Scheduled Maturity Date,no,35,1.00%,0.00%,4.94
Weighted Average Life Tables,140,"Class M-2A, M-2AR, M-2AS, M-2AT, M-2AU and M-2AI",M-2A,,To Early Redemption Date,yes,0,1.00%,0.00%,5.02
Weighted Average Life Tables,140,"Class M-2A, M-2AR, M-2AS, M-2AT, M-2AU and M-2AI",M-2A,,To Early Redemption Date,yes,5,1.00%,0.00%,5.02
Weighted Average Life Tables,140,"Class M-2A, M-2AR, M-2AS, M-2AT, M-2AU and M-2AI",M-2A,,To Early Redemption Date,yes,10,1.00%,0.00%,5.02
Weighted Average Life Tables,140,"Class M-2A, M-2AR, M-2AS, M-2AT, M-2AU and M-2AI",M-2A,,To Early Redemption Date,yes,15,1.00%,0.00%,5.02
Weighted Average Life Tables,140,"Class M-2A, M-2AR, M-2AS, M-2AT, M-2AU and M-2AI",M-2A,,To Early Redemption Date,yes,25,1.00%,0.00%,5.02
Weighted Average Life Tables,140,"Class M-2A, M-2AR, M-2AS, M-2AT, M-2AU and M-2AI",M-2A,,To Early Redemption Date,yes,35,1.00%,0.00%,4.88
Weighted Average Life Tables,140,"Class M-2A, M-2AR, M-2AS, M-2AT, M-2AU and M-2AI",M-2AR,,To Scheduled Maturity Date,no,0,1.00%,0.00%,9.64
Weighted Average Life Tables,140,"Class M-2A, M-2AR, M-2AS, M-2AT, M-2AU and M-2AI",M-2AR,,To Scheduled Maturity Date,no,5,1.00%,0.00%,14.12
Weighted Average Life Tables,140,"Class M-2A, M-2AR, M-2AS, M-2AT, M-2AU and M-2AI",M-2AR,,To Scheduled Maturity Date,no,10,1.00%,0.00%,19.85
Weighted Average Life Tables,140,"Class M-2A, M-2AR, M-2AS, M-2AT, M-2AU and M-2AI",M-2AR,,To Scheduled Maturity Date,no,15,1.00%,0.00%,13.39
Weighted Average Life Tables,140,"Class M-2A, M-2AR, M-2AS, M-2AT, M-2AU and M-2AI",M-2AR,,To Scheduled Maturity Date,no,25,1.00%,0.00%,7.76
Weighted Average Life Tables,140,"Class M-2A, M-2AR, M-2AS, M-2AT, M-2AU and M-2AI",M-2AR,,To Scheduled Maturity Date,no,35,1.00%,0.00%,4.94
Weighted Average Life Tables,140,"Class M-2A, M-2AR, M-2AS, M-2AT, M-2AU and M-2AI",M-2AR,,To Early Redemption Date,yes,0,1.00%,0.00%,5.02
Weighted Average Life Tables,140,"Class M-2A, M-2AR, M-2AS, M-2AT, M-2AU and M-2AI",M-2AR,,To Early Redemption Date,yes,5,1.00%,0.00%,5.02
Weighted Average Life Tables,140,"Class M-2A, M-2AR, M-2AS, M-2AT, M-2AU and M-2AI",M-2AR,,To Early Redemption Date,yes,10,1.00%,0.00%,5.02
Weighted Average Life Tables,140,"Class M-2A, M-2AR, M-2AS, M-2AT, M-2AU and M-2AI",M-2AR,,To Early Redemption Date,yes,15,1.00%,0.00%,5.02
Weighted Average Life Tables,140,"Class M-2A, M-2AR, M-2AS, M-2AT, M-2AU and M-2AI",M-2AR,,To Early Redemption Date,yes,25,1.00%,0.00%,5.02
Weighted Average Life Tables,140,"Class M-2A, M-2AR, M-2AS, M-2AT, M-2AU and M-2AI",M-2AR,,To Early Redemption Date,yes,35,1.00%,0.00%,4.88
Weighted Average Life Tables,140,"Class M-2A, M-2AR, M-2AS, M-2AT, M-2AU and M-2AI",M-2AS,,To Scheduled Maturity Date,no,0,1.00%,0.00%,9.64
Weighted Average Life Tables,140,"Class M-2A, M-2AR, M-2AS, M-2AT, M-2AU and M-2AI",M-2AS,,To Scheduled Maturity Date,no,5,1.00%,0.00%,14.12
Weighted Average Life Tables,140,"Class M-2A, M-2AR, M-2AS, M-2AT, M-2AU and M-2AI",M-2AS,,To Scheduled Maturity Date,no,10,1.00%,0.00%,19.85
Weighted Average Life Tables,140,"Class M-2A, M-2AR, M-2AS, M-2AT, M-2AU and M-2AI",M-2AS,,To Scheduled Maturity Date,no,15,1.00%,0.00%,13.39
Weighted Average Life Tables,140,"Class M-2A, M-2AR, M-2AS, M-2AT, M-2AU and M-2AI",M-2AS,,To Scheduled Maturity Date,no,25,1.00%,0.00%,7.76
Weighted Average Life Tables,140,"Class M-2A, M-2AR, M-2AS, M-2AT, M-2AU and M-2AI",M-2AS,,To Scheduled Maturity Date,no,35,1.00%,0.00%,4.94
Weighted Average Life Tables,140,"Class M-2A, M-2AR, M-2AS, M-2AT, M-2AU and M-2AI",M-2AS,,To Early Redemption Date,yes,0,1.00%,0.00%,5.02
Weighted Average Life Tables,140,"Class M-2A, M-2AR, M-2AS, M-2AT, M-2AU and M-2AI",M-2AS,,To Early Redemption Date,yes,5,1.00%,0.00%,5.02
Weighted Average Life Tables,140,"Class M-2A, M-2AR, M-2AS, M-2AT, M-2AU and M-2AI",M-2AS,,To Early Redemption Date,yes,10,1.00%,0.00%,5.02
Weighted Average Life Tables,140,"Class M-2A, M-2AR, M-2AS, M-2AT, M-2AU and M-2AI",M-2AS,,To Early Redemption Date,yes,15,1.00%,0.00%,5.02
Weighted Average Life Tables,140,"Class M-2A, M-2AR, M-2AS, M-2AT, M-2AU and M-2AI",M-2AS,,To Early Redemption Date,yes,25,1.00%,0.00%,5.02
Weighted Average Life Tables,140,"Class M-2A, M-2AR, M-2AS, M-2AT, M-2AU and M-2AI",M-2AS,,To Early Redemption Date,yes,35,1.00%,0.00%,4.88
Weighted Average Life Tables,140,"Class M-2A, M-2AR, M-2AS, M-2AT, M-2AU and M-2AI",M-2AT,,To Scheduled Maturity Date,no,0,1.00%,0.00%,9.64
Weighted Average Life Tables,140,"Class M-2A, M-2AR, M-2AS, M-2AT, M-2AU and M-2AI",M-2AT,,To Scheduled Maturity Date,no,5,1.00%,0.00%,14.12
Weighted Average Life Tables,140,"Class M-2A, M-2AR, M-2AS, M-2AT, M-2AU and M-2AI",M-2AT,,To Scheduled Maturity Date,no,10,1.00%,0.00%,19.85
Weighted Average Life Tables,140,"Class M-2A, M-2AR, M-2AS, M-2AT, M-2AU and M-2AI",M-2AT,,To Scheduled Maturity Date,no,15,1.00%,0.00%,13.39
Weighted Average Life Tables,140,"Class M-2A, M-2AR, M-2AS, M-2AT, M-2AU and M-2AI",M-2AT,,To Scheduled Maturity Date,no,25,1.00%,0.00%,7.76
Weighted Average Life Tables,140,"Class M-2A, M-2AR, M-2AS, M-2AT, M-2AU and M-2AI",M-2AT,,To Scheduled Maturity Date,no,35,1.00%,0.00%,4.94
Weighted Average Life Tables,140,"Class M-2A, M-2AR, M-2AS, M-2AT, M-2AU and M-2AI",M-2AT,,To Early Redemption Date,yes,0,1.00%,0.00%,5.02
Weighted Average Life Tables,140,"Class M-2A, M-2AR, M-2AS, M-2AT, M-2AU and M-2AI",M-2AT,,To Early Redemption Date,yes,5,1.00%,0.00%,5.02
Weighted Average Life Tables,140,"Class M-2A, M-2AR, M-2AS, M-2AT, M-2AU and M-2AI",M-2AT,,To Early Redemption Date,yes,10,1.00%,0.00%,5.02
Weighted Average Life Tables,140,"Class M-2A, M-2AR, M-2AS, M-2AT, M-2AU and M-2AI",M-2AT,,To Early Redemption Date,yes,15,1.00%,0.00%,5.02
Weighted Average Life Tables,140,"Class M-2A, M-2AR, M-2AS, M-2AT, M-2AU and M-2AI",M-2AT,,To Early Redemption Date,yes,25,1.00%,0.00%,5.02
Weighted Average Life Tables,140,"Class M-2A, M-2AR, M-2AS, M-2AT, M-2AU and M-2AI",M-2AT,,To Early Redemption Date,yes,35,1.00%,0.00%,4.88
Weighted Average Life Tables,140,"Class M-2A, M-2AR, M-2AS, M-2AT, M-2AU and M-2AI",M-2AU,,To Scheduled Maturity Date,no,0,1.00%,0.00%,9.64
Weighted Average Life Tables,140,"Class M-2A, M-2AR, M-2AS, M-2AT, M-2AU and M-2AI",M-2AU,,To Scheduled Maturity Date,no,5,1.00%,0.00%,14.12
Weighted Average Life Tables,140,"Class M-2A, M-2AR, M-2AS, M-2AT, M-2AU and M-2AI",M-2AU,,To Scheduled Maturity Date,no,10,1.00%,0.00%,19.85
Weighted Average Life Tables,140,"Class M-2A, M-2AR, M-2AS, M-2AT, M-2AU and M-2AI",M-2AU,,To Scheduled Maturity Date,no,15,1.00%,0.00%,13.39
Weighted Average Life Tables,140,"Class M-2A, M-2AR, M-2AS, M-2AT, M-2AU and M-2AI",M-2AU,,To Scheduled Maturity Date,no,25,1.00%,0.00%,7.76
Weighted Average Life Tables,140,"Class M-2A, M-2AR, M-2AS, M-2AT, M-2AU and M-2AI",M-2AU,,To Scheduled Maturity Date,no,35,1.00%,0.00%,4.94
Weighted Average Life Tables,140,"Class M-2A, M-2AR, M-2AS, M-2AT, M-2AU and M-2AI",M-2AU,,To Early Redemption Date,yes,0,1.00%,0.00%,5.02
Weighted Average Life Tables,140,"Class M-2A, M-2AR, M-2AS, M-2AT, M-2AU and M-2AI",M-2AU,,To Early Redemption Date,yes,5,1.00%,0.00%,5.02
Weighted Average Life Tables,140,"Class M-2A, M-2AR, M-2AS, M-2AT, M-2AU and M-2AI",M-2AU,,To Early Redemption Date,yes,10,1.00%,0.00%,5.02
Weighted Average Life Tables,140,"Class M-2A, M-2AR, M-2AS, M-2AT, M-2AU and M-2AI",M-2AU,,To Early Redemption Date,yes,15,1.00%,0.00%,5.02
Weighted Average Life Tables,140,"Class M-2A, M-2AR, M-2AS, M-2AT, M-2AU and M-2AI",M-2AU,,To Early Redemption Date,yes,25,1.00%,0.00%,5.02
Weighted Average Life Tables,140,"Class M-2A, M-2AR, M-2AS, M-2AT, M-2AU and M-2AI",M-2AU,,To Early Redemption Date,yes,35,1.00%,0.00%,4.88
Weighted Average Life Tables,140,"Class M-2A, M-2AR, M-2AS, M-2AT, M-2AU and M-2AI",M-2AI,,To Scheduled Maturity Date,no,0,1.00%,0.00%,9.64
Weighted Average Life Tables,140,"Class M-2A, M-2AR, M-2AS, M-2AT, M-2AU and M-2AI",M-2AI,,To Scheduled Maturity Date,no,5,1.00%,0.00%,14.12
Weighted Average Life Tables,140,"Class M-2A, M-2AR, M-2AS, M-2AT, M-2AU and M-2AI",M-2AI,,To Scheduled Maturity Date,no,10,1.00%,0.00%,19.85
Weighted Average Life Tables,140,"Class M-2A, M-2AR, M-2AS, M-2AT, M-2AU and M-2AI",M-2AI,,To Scheduled Maturity Date,no,15,1.00%,0.00%,13.39
Weighted Average Life Tables,140,"Class M-2A, M-2AR, M-2AS, M-2AT, M-2AU and M-2AI",M-2AI,,To Scheduled Maturity Date,no,25,1.00%,0.00%,7.76
Weighted Average Life Tables,140,"Class M-2A, M-2AR, M-2AS, M-2AT, M-2AU and M-2AI",M-2AI,,To Scheduled Maturity Date,no,35,1.00%,0.00%,4.94
Weighted Average Life Tables,140,"Class M-2A, M-2AR, M-2AS, M-2AT, M-2AU and M-2AI",M-2AI,,To Early Redemption Date,yes,0,1.00%,0.00%,5.02
Weighted Average Life Tables,140,"Class M-2A, M-2AR, M-2AS, M-2AT, M-2AU and M-2AI",M-2AI,,To Early Redemption Date,yes,5,1.00%,0.00%,5.02
Weighted Average Life Tables,140,"Class M-2A, M-2AR, M-2AS, M-2AT, M-2AU and M-2AI",M-2AI,,To Early Redemption Date,yes,10,1.00%,0.00%,5.02
Weighted Average Life Tables,140,"Class M-2A, M-2AR, M-2AS, M-2AT, M-2AU and M-2AI",M-2AI,,To Early Redemption Date,yes,15,1.00%,0.00%,5.02
Weighted Average Life Tables,140,"Class M-2A, M-2AR, M-2AS, M-2AT, M-2AU and M-2AI",M-2AI,,To Early Redemption Date,yes,25,1.00%,0.00%,5.02
Weighted Average Life Tables,140,"Class M-2A, M-2AR, M-2AS, M-2AT, M-2AU and M-2AI",M-2AI,,To Early Redemption Date,yes,35,1.00%,0.00%,4.88
Weighted Average Life Tables,140,"Class M-2A, M-2AR, M-2AS, M-2AT, M-2AU and M-2AI",M-2A,,To Scheduled Maturity Date,no,0,1.50%,0.00%,6.22
Weighted Average Life Tables,140,"Class M-2A, M-2AR, M-2AS, M-2AT, M-2AU and M-2AI",M-2A,,To Scheduled Maturity Date,no,5,1.50%,0.00%,7.60
Weighted Average Life Tables,140,"Class M-2A, M-2AR, M-2AS, M-2AT, M-2AU and M-2AI",M-2A,,To Scheduled Maturity Date,no,10,1.50%,0.00%,10.86
Weighted Average Life Tables,140,"Class M-2A, M-2AR, M-2AS, M-2AT, M-2AU and M-2AI",M-2A,,To Scheduled Maturity Date,no,15,1.50%,0.00%,15.24
Weighted Average Life Tables,140,"Class M-2A, M-2AR, M-2AS, M-2AT, M-2AU and M-2AI",M-2A,,To Scheduled Maturity Date,no,25,1.50%,0.00%,9.55
Weighted Average Life Tables,140,"Class M-2A, M-2AR, M-2AS, M-2AT, M-2AU and M-2AI",M-2A,,To Scheduled Maturity Date,no,35,1.50%,0.00%,6.62
Weighted Average Life Tables,140,"Class M-2A, M-2AR, M-2AS, M-2AT, M-2AU and M-2AI",M-2A,,To Early Redemption Date,yes,0,1.50%,0.00%,5.02
Weighted Average Life Tables,140,"Class M-2A, M-2AR, M-2AS, M-2AT, M-2AU and M-2AI",M-2A,,To Early Redemption Date,yes,5,1.50%,0.00%,5.02
Weighted Average Life Tables,140,"Class M-2A, M-2AR, M-2AS, M-2AT, M-2AU and M-2AI",M-2A,,To Early Redemption Date,yes,10,1.50%,0.00%,5.02
Weighted Average Life Tables,140,"Class M-2A, M-2AR, M-2AS, M-2AT, M-2AU and M-2AI",M-2A,,To Early Redemption Date,yes,15,1.50%,0.00%,5.02
Weighted Average Life Tables,140,"Class M-2A, M-2AR, M-2AS, M-2AT, M-2AU and M-2AI",M-2A,,To Early Redemption Date,yes,25,1.50%,0.00%,5.02
Weighted Average Life Tables,140,"Class M-2A, M-2AR, M-2AS, M-2AT, M-2AU and M-2AI",M-2A,,To Early Redemption Date,yes,35,1.50%,0.00%,5.02
Weighted Average Life Tables,140,"Class M-2A, M-2AR, M-2AS, M-2AT, M-2AU and M-2AI",M-2AR,,To Scheduled Maturity Date,no,0,1.50%,0.00%,6.22
Weighted Average Life Tables,140,"Class M-2A, M-2AR, M-2AS, M-2AT, M-2AU and M-2AI",M-2AR,,To Scheduled Maturity Date,no,5,1.50%,0.00%,7.60
Weighted Average Life Tables,140,"Class M-2A, M-2AR, M-2AS, M-2AT, M-2AU and M-2AI",M-2AR,,To Scheduled Maturity Date,no,10,1.50%,0.00%,10.86
Weighted Average Life Tables,140,"Class M-2A, M-2AR, M-2AS, M-2AT, M-2AU and M-2AI",M-2AR,,To Scheduled Maturity Date,no,15,1.50%,0.00%,15.24
Weighted Average Life Tables,140,"Class M-2A, M-2AR, M-2AS, M-2AT, M-2AU and M-2AI",M-2AR,,To Scheduled Maturity Date,no,25,1.50%,0.00%,9.55
Weighted Average Life Tables,140,"Class M-2A, M-2AR, M-2AS, M-2AT, M-2AU and M-2AI",M-2AR,,To Scheduled Maturity Date,no,35,1.50%,0.00%,6.62
Weighted Average Life Tables,140,"Class M-2A, M-2AR, M-2AS, M-2AT, M-2AU and M-2AI",M-2AR,,To Early Redemption Date,yes,0,1.50%,0.00%,5.02
Weighted Average Life Tables,140,"Class M-2A, M-2AR, M-2AS, M-2AT, M-2AU and M-2AI",M-2AR,,To Early Redemption Date,yes,5,1.50%,0.00%,5.02
Weighted Average Life Tables,140,"Class M-2A, M-2AR, M-2AS, M-2AT, M-2AU and M-2AI",M-2AR,,To Early Redemption Date,yes,10,1.50%,0.00%,5.02
Weighted Average Life Tables,140,"Class M-2A, M-2AR, M-2AS, M-2AT, M-2AU and M-2AI",M-2AR,,To Early Redemption Date,yes,15,1.50%,0.00%,5.02
Weighted Average Life Tables,140,"Class M-2A, M-2AR, M-2AS, M-2AT, M-2AU and M-2AI",M-2AR,,To Early Redemption Date,yes,25,1.50%,0.00%,5.02
Weighted Average Life Tables,140,"Class M-2A, M-2AR, M-2AS, M-2AT, M-2AU and M-2AI",M-2AR,,To Early Redemption Date,yes,35,1.50%,0.00%,5.02
Weighted Average Life Tables,140,"Class M-2A, M-2AR, M-2AS, M-2AT, M-2AU and M-2AI",M-2AS,,To Scheduled Maturity Date,no,0,1.50%,0.00%,6.22
Weighted Average Life Tables,140,"Class M-2A, M-2AR, M-2AS, M-2AT, M-2AU and M-2AI",M-2AS,,To Scheduled Maturity Date,no,5,1.50%,0.00%,7.60
Weighted Average Life Tables,140,"Class M-2A, M-2AR, M-2AS, M-2AT, M-2AU and M-2AI",M-2AS,,To Scheduled Maturity Date,no,10,1.50%,0.00%,10.86
Weighted Average Life Tables,140,"Class M-2A, M-2AR, M-2AS, M-2AT, M-2AU and M-2AI",M-2AS,,To Scheduled Maturity Date,no,15,1.50%,0.00%,15.24
Weighted Average Life Tables,140,"Class M-2A, M-2AR, M-2AS, M-2AT, M-2AU and M-2AI",M-2AS,,To Scheduled Maturity Date,no,25,1.50%,0.00%,9.55
Weighted Average Life Tables,140,"Class M-2A, M-2AR, M-2AS, M-2AT, M-2AU and M-2AI",M-2AS,,To Scheduled Maturity Date,no,35,1.50%,0.00%,6.62
Weighted Average Life Tables,140,"Class M-2A, M-2AR, M-2AS, M-2AT, M-2AU and M-2AI",M-2AS,,To Early Redemption Date,yes,0,1.50%,0.00%,5.02
Weighted Average Life Tables,140,"Class M-2A, M-2AR, M-2AS, M-2AT, M-2AU and M-2AI",M-2AS,,To Early Redemption Date,yes,5,1.50%,0.00%,5.02
Weighted Average Life Tables,140,"Class M-2A, M-2AR, M-2AS, M-2AT, M-2AU and M-2AI",M-2AS,,To Early Redemption Date,yes,10,1.50%,0.00%,5.02
Weighted Average Life Tables,140,"Class M-2A, M-2AR, M-2AS, M-2AT, M-2AU and M-2AI",M-2AS,,To Early Redemption Date,yes,15,1.50%,0.00%,5.02
Weighted Average Life Tables,140,"Class M-2A, M-2AR, M-2AS, M-2AT, M-2AU and M-2AI",M-2AS,,To Early Redemption Date,yes,25,1.50%,0.00%,5.02
Weighted Average Life Tables,140,"Class M-2A, M-2AR, M-2AS, M-2AT, M-2AU and M-2AI",M-2AS,,To Early Redemption Date,yes,35,1.50%,0.00%,5.02
Weighted Average Life Tables,140,"Class M-2A, M-2AR, M-2AS, M-2AT, M-2AU and M-2AI",M-2AT,,To Scheduled Maturity Date,no,0,1.50%,0.00%,6.22
Weighted Average Life Tables,140,"Class M-2A, M-2AR, M-2AS, M-2AT, M-2AU and M-2AI",M-2AT,,To Scheduled Maturity Date,no,5,1.50%,0.00%,7.60
Weighted Average Life Tables,140,"Class M-2A, M-2AR, M-2AS, M-2AT, M-2AU and M-2AI",M-2AT,,To Scheduled Maturity Date,no,10,1.50%,0.00%,10.86
Weighted Average Life Tables,140,"Class M-2A, M-2AR, M-2AS, M-2AT, M-2AU and M-2AI",M-2AT,,To Scheduled Maturity Date,no,15,1.50%,0.00%,15.24
Weighted Average Life Tables,140,"Class M-2A, M-2AR, M-2AS, M-2AT, M-2AU and M-2AI",M-2AT,,To Scheduled Maturity Date,no,25,1.50%,0.00%,9.55
Weighted Average Life Tables,140,"Class M-2A, M-2AR, M-2AS, M-2AT, M-2AU and M-2AI",M-2AT,,To Scheduled Maturity Date,no,35,1.50%,0.00%,6.62
Weighted Average Life Tables,140,"Class M-2A, M-2AR, M-2AS, M-2AT, M-2AU and M-2AI",M-2AT,,To Early Redemption Date,yes,0,1.50%,0.00%,5.02
Weighted Average Life Tables,140,"Class M-2A, M-2AR, M-2AS, M-2AT, M-2AU and M-2AI",M-2AT,,To Early Redemption Date,yes,5,1.50%,0.00%,5.02
Weighted Average Life Tables,140,"Class M-2A, M-2AR, M-2AS, M-2AT, M-2AU and M-2AI",M-2AT,,To Early Redemption Date,yes,10,1.50%,0.00%,5.02
Weighted Average Life Tables,140,"Class M-2A, M-2AR, M-2AS, M-2AT, M-2AU and M-2AI",M-2AT,,To Early Redemption Date,yes,15,1.50%,0.00%,5.02
Weighted Average Life Tables,140,"Class M-2A, M-2AR, M-2AS, M-2AT, M-2AU and M-2AI",M-2AT,,To Early Redemption Date,yes,25,1.50%,0.00%,5.02
Weighted Average Life Tables,140,"Class M-2A, M-2AR, M-2AS, M-2AT, M-2AU and M-2AI",M-2AT,,To Early Redemption Date,yes,35,1.50%,0.00%,5.02
Weighted Average Life Tables,140,"Class M-2A, M-2AR, M-2AS, M-2AT, M-2AU and M-2AI",M-2AU,,To Scheduled Maturity Date,no,0,1.50%,0.00%,6.22
Weighted Average Life Tables,140,"Class M-2A, M-2AR, M-2AS, M-2AT, M-2AU and M-2AI",M-2AU,,To Scheduled Maturity Date,no,5,1.50%,0.00%,7.60
Weighted Average Life Tables,140,"Class M-2A, M-2AR, M-2AS, M-2AT, M-2AU and M-2AI",M-2AU,,To Scheduled Maturity Date,no,10,1.50%,0.00%,10.86
Weighted Average Life Tables,140,"Class M-2A, M-2AR, M-2AS, M-2AT, M-2AU and M-2AI",M-2AU,,To Scheduled Maturity Date,no,15,1.50%,0.00%,15.24
Weighted Average Life Tables,140,"Class M-2A, M-2AR, M-2AS, M-2AT, M-2AU and M-2AI",M-2AU,,To Scheduled Maturity Date,no,25,1.50%,0.00%,9.55
Weighted Average Life Tables,140,"Class M-2A, M-2AR, M-2AS, M-2AT, M-2AU and M-2AI",M-2AU,,To Scheduled Maturity Date,no,35,1.50%,0.00%,6.62
Weighted Average Life Tables,140,"Class M-2A, M-2AR, M-2AS, M-2AT, M-2AU and M-2AI",M-2AU,,To Early Redemption Date,yes,0,1.50%,0.00%,5.02
Weighted Average Life Tables,140,"Class M-2A, M-2AR, M-2AS, M-2AT, M-2AU and M-2AI",M-2AU,,To Early Redemption Date,yes,5,1.50%,0.00%,5.02
Weighted Average Life Tables,140,"Class M-2A, M-2AR, M-2AS, M-2AT, M-2AU and M-2AI",M-2AU,,To Early Redemption Date,yes,10,1.50%,0.00%,5.02
Weighted Average Life Tables,140,"Class M-2A, M-2AR, M-2AS, M-2AT, M-2AU and M-2AI",M-2AU,,To Early Redemption Date,yes,15,1.50%,0.00%,5.02
Weighted Average Life Tables,140,"Class M-2A, M-2AR, M-2AS, M-2AT, M-2AU and M-2AI",M-2AU,,To Early Redemption Date,yes,25,1.50%,0.00%,5.02
Weighted Average Life Tables,140,"Class M-2A, M-2AR, M-2AS, M-2AT, M-2AU and M-2AI",M-2AU,,To Early Redemption Date,yes,35,1.50%,0.00%,5.02
Weighted Average Life Tables,140,"Class M-2A, M-2AR, M-2AS, M-2AT, M-2AU and M-2AI",M-2AI,,To Scheduled Maturity Date,no,0,1.50%,0.00%,6.22
Weighted Average Life Tables,140,"Class M-2A, M-2AR, M-2AS, M-2AT, M-2AU and M-2AI",M-2AI,,To Scheduled Maturity Date,no,5,1.50%,0.00%,7.60
Weighted Average Life Tables,140,"Class M-2A, M-2AR, M-2AS, M-2AT, M-2AU and M-2AI",M-2AI,,To Scheduled Maturity Date,no,10,1.50%,0.00%,10.86
Weighted Average Life Tables,140,"Class M-2A, M-2AR, M-2AS, M-2AT, M-2AU and M-2AI",M-2AI,,To Scheduled Maturity Date,no,15,1.50%,0.00%,15.24
Weighted Average Life Tables,140,"Class M-2A, M-2AR, M-2AS, M-2AT, M-2AU and M-2AI",M-2AI,,To Scheduled Maturity Date,no,25,1.50%,0.00%,9.55
Weighted Average Life Tables,140,"Class M-2A, M-2AR, M-2AS, M-2AT, M-2AU and M-2AI",M-2AI,,To Scheduled Maturity Date,no,35,1.50%,0.00%,6.62
Weighted Average Life Tables,140,"Class M-2A, M-2AR, M-2AS, M-2AT, M-2AU and M-2AI",M-2AI,,To Early Redemption Date,yes,0,1.50%,0.00%,5.02
Weighted Average Life Tables,140,"Class M-2A, M-2AR, M-2AS, M-2AT, M-2AU and M-2AI",M-2AI,,To Early Redemption Date,yes,5,1.50%,0.00%,5.02
Weighted Average Life Tables,140,"Class M-2A, M-2AR, M-2AS, M-2AT, M-2AU and M-2AI",M-2AI,,To Early Redemption Date,yes,10,1.50%,0.00%,5.02
Weighted Average Life Tables,140,"Class M-2A, M-2AR, M-2AS, M-2AT, M-2AU and M-2AI",M-2AI,,To Early Redemption Date,yes,15,1.50%,0.00%,5.02
Weighted Average Life Tables,140,"Class M-2A, M-2AR, M-2AS, M-2AT, M-2AU and M-2AI",M-2AI,,To Early Redemption Date,yes,25,1.50%,0.00%,5.02
Weighted Average Life Tables,140,"Class M-2A, M-2AR, M-2AS, M-2AT, M-2AU and M-2AI",M-2AI,,To Early Redemption Date,yes,35,1.50%,0.00%,5.02
Weighted Average Life Tables,140,"Class M-2A, M-2AR, M-2AS, M-2AT, M-2AU and M-2AI",M-2A,,To Scheduled Maturity Date,no,0,2.50%,0.00%,3.64
Weighted Average Life Tables,140,"Class M-2A, M-2AR, M-2AS, M-2AT, M-2AU and M-2AI",M-2A,,To Scheduled Maturity Date,no,5,2.50%,0.00%,4.04
Weighted Average Life Tables,140,"Class M-2A, M-2AR, M-2AS, M-2AT, M-2AU and M-2AI",M-2A,,To Scheduled Maturity Date,no,10,2.50%,0.00%,4.64
Weighted Average Life Tables,140,"Class M-2A, M-2AR, M-2AS, M-2AT, M-2AU and M-2AI",M-2A,,To Scheduled Maturity Date,no,15,2.50%,0.00%,5.68
Weighted Average Life Tables,140,"Class M-2A, M-2AR, M-2AS, M-2AT, M-2AU and M-2AI",M-2A,,To Scheduled Maturity Date,no,25,2.50%,0.00%,6.21
Weighted Average Life Tables,140,"Class M-2A, M-2AR, M-2AS, M-2AT, M-2AU and M-2AI",M-2A,,To Scheduled Maturity Date,no,35,2.50%,0.00%,4.77
Weighted Average Life Tables,140,"Class M-2A, M-2AR, M-2AS, M-2AT, M-2AU and M-2AI",M-2A,,To Early Redemption Date,yes,0,2.50%,0.00%,3.64
Weighted Average Life Tables,140,"Class M-2A, M-2AR, M-2AS, M-2AT, M-2AU and M-2AI",M-2A,,To Early Redemption Date,yes,5,2.50%,0.00%,4.04
Weighted Average Life Tables,140,"Class M-2A, M-2AR, M-2AS, M-2AT, M-2AU and M-2AI",M-2A,,To Early Redemption Date,yes,10,2.50%,0.00%,4.64
Weighted Average Life Tables,140,"Class M-2A, M-2AR, M-2AS, M-2AT, M-2AU and M-2AI",M-2A,,To Early Redemption Date,yes,15,2.50%,0.00%,5.02
Weighted Average Life Tables,140,"Class M-2A, M-2AR, M-2AS, M-2AT, M-2AU and M-2AI",M-2A,,To Early Redemption Date,yes,25,2.50%,0.00%,5.02
Weighted Average Life Tables,140,"Class M-2A, M-2AR, M-2AS, M-2AT, M-2AU and M-2AI",M-2A,,To Early Redemption Date,yes,35,2.50%,0.00%,4.72
Weighted Average Life Tables,140,"Class M-2A, M-2AR, M-2AS, M-2AT, M-2AU and M-2AI",M-2AR,,To Scheduled Maturity Date,no,0,2.50%,0.00%,3.64
Weighted Average Life Tables,140,"Class M-2A, M-2AR, M-2AS, M-2AT, M-2AU and M-2AI",M-2AR,,To Scheduled Maturity Date,no,5,2.50%,0.00%,4.04
Weighted Average Life Tables,140,"Class M-2A, M-2AR, M-2AS, M-2AT, M-2AU and M-2AI",M-2AR,,To Scheduled Maturity Date,no,10,2.50%,0.00%,4.64
Weighted Average Life Tables,140,"Class M-2A, M-2AR, M-2AS, M-2AT, M-2AU and M-2AI",M-2AR,,To Scheduled Maturity Date,no,15,2.50%,0.00%,5.68
Weighted Average Life Tables,140,"Class M-2A, M-2AR, M-2AS, M-2AT, M-2AU and M-2AI",M-2AR,,To Scheduled Maturity Date,no,25,2.50%,0.00%,6.21
Weighted Average Life Tables,140,"Class M-2A, M-2AR, M-2AS, M-2AT, M-2AU and M-2AI",M-2AR,,To Scheduled Maturity Date,no,35,2.50%,0.00%,4.77
Weighted Average Life Tables,140,"Class M-2A, M-2AR, M-2AS, M-2AT, M-2AU and M-2AI",M-2AR,,To Early Redemption Date,yes,0,2.50%,0.00%,3.64
Weighted Average Life Tables,140,"Class M-2A, M-2AR, M-2AS, M-2AT, M-2AU and M-2AI",M-2AR,,To Early Redemption Date,yes,5,2.50%,0.00%,4.04
Weighted Average Life Tables,140,"Class M-2A, M-2AR, M-2AS, M-2AT, M-2AU and M-2AI",M-2AR,,To Early Redemption Date,yes,10,2.50%,0.00%,4.64
Weighted Average Life Tables,140,"Class M-2A, M-2AR, M-2AS, M-2AT, M-2AU and M-2AI",M-2AR,,To Early Redemption Date,yes,15,2.50%,0.00%,5.02
Weighted Average Life Tables,140,"Class M-2A, M-2AR, M-2AS, M-2AT, M-2AU and M-2AI",M-2AR,,To Early Redemption Date,yes,25,2.50%,0.00%,5.02
Weighted Average Life Tables,140,"Class M-2A, M-2AR, M-2AS, M-2AT, M-2AU and M-2AI",M-2AR,,To Early Redemption Date,yes,35,2.50%,0.00%,4.72
Weighted Average Life Tables,140,"Class M-2A, M-2AR, M-2AS, M-2AT, M-2AU and M-2AI",M-2AS,,To Scheduled Maturity Date,no,0,2.50%,0.00%,3.64
Weighted Average Life Tables,140,"Class M-2A, M-2AR, M-2AS, M-2AT, M-2AU and M-2AI",M-2AS,,To Scheduled Maturity Date,no,5,2.50%,0.00%,4.04
Weighted Average Life Tables,140,"Class M-2A, M-2AR, M-2AS, M-2AT, M-2AU and M-2AI",M-2AS,,To Scheduled Maturity Date,no,10,2.50%,0.00%,4.64
Weighted Average Life Tables,140,"Class M-2A, M-2AR, M-2AS, M-2AT, M-2AU and M-2AI",M-2AS,,To Scheduled Maturity Date,no,15,2.50%,0.00%,5.68
Weighted Average Life Tables,140,"Class M-2A, M-2AR, M-2AS, M-2AT, M-2AU and M-2AI",M-2AS,,To Scheduled Maturity Date,no,25,2.50%,0.00%,6.21
Weighted Average Life Tables,140,"Class M-2A, M-2AR, M-2AS, M-2AT, M-2AU and M-2AI",M-2AS,,To Scheduled Maturity Date,no,35,2.50%,0.00%,4.77
Weighted Average Life Tables,140,"Class M-2A, M-2AR, M-2AS, M-2AT, M-2AU and M-2AI",M-2AS,,To Early Redemption Date,yes,0,2.50%,0.00%,3.64
Weighted Average Life Tables,140,"Class M-2A, M-2AR, M-2AS, M-2AT, M-2AU and M-2AI",M-2AS,,To Early Redemption Date,yes,5,2.50%,0.00%,4.04
Weighted Average Life Tables,140,"Class M-2A, M-2AR, M-2AS, M-2AT, M-2AU and M-2AI",M-2AS,,To Early Redemption Date,yes,10,2.50%,0.00%,4.64
Weighted Average Life Tables,140,"Class M-2A, M-2AR, M-2AS, M-2AT, M-2AU and M-2AI",M-2AS,,To Early Redemption Date,yes,15,2.50%,0.00%,5.02
Weighted Average Life Tables,140,"Class M-2A, M-2AR, M-2AS, M-2AT, M-2AU and M-2AI",M-2AS,,To Early Redemption Date,yes,25,2.50%,0.00%,5.02
Weighted Average Life Tables,140,"Class M-2A, M-2AR, M-2AS, M-2AT, M-2AU and M-2AI",M-2AS,,To Early Redemption Date,yes,35,2.50%,0.00%,4.72
Weighted Average Life Tables,140,"Class M-2A, M-2AR, M-2AS, M-2AT, M-2AU and M-2AI",M-2AT,,To Scheduled Maturity Date,no,0,2.50%,0.00%,3.64
Weighted Average Life Tables,140,"Class M-2A, M-2AR, M-2AS, M-2AT, M-2AU and M-2AI",M-2AT,,To Scheduled Maturity Date,no,5,2.50%,0.00%,4.04
Weighted Average Life Tables,140,"Class M-2A, M-2AR, M-2AS, M-2AT, M-2AU and M-2AI",M-2AT,,To Scheduled Maturity Date,no,10,2.50%,0.00%,4.64
Weighted Average Life Tables,140,"Class M-2A, M-2AR, M-2AS, M-2AT, M-2AU and M-2AI",M-2AT,,To Scheduled Maturity Date,no,15,2.50%,0.00%,5.68
Weighted Average Life Tables,140,"Class M-2A, M-2AR, M-2AS, M-2AT, M-2AU and M-2AI",M-2AT,,To Scheduled Maturity Date,no,25,2.50%,0.00%,6.21
Weighted Average Life Tables,140,"Class M-2A, M-2AR, M-2AS, M-2AT, M-2AU and M-2AI",M-2AT,,To Scheduled Maturity Date,no,35,2.50%,0.00%,4.77
Weighted Average Life Tables,140,"Class M-2A, M-2AR, M-2AS, M-2AT, M-2AU and M-2AI",M-2AT,,To Early Redemption Date,yes,0,2.50%,0.00%,3.64
Weighted Average Life Tables,140,"Class M-2A, M-2AR, M-2AS, M-2AT, M-2AU and M-2AI",M-2AT,,To Early Redemption Date,yes,5,2.50%,0.00%,4.04
Weighted Average Life Tables,140,"Class M-2A, M-2AR, M-2AS, M-2AT, M-2AU and M-2AI",M-2AT,,To Early Redemption Date,yes,10,2.50%,0.00%,4.64
Weighted Average Life Tables,140,"Class M-2A, M-2AR, M-2AS, M-2AT, M-2AU and M-2AI",M-2AT,,To Early Redemption Date,yes,15,2.50%,0.00%,5.02
Weighted Average Life Tables,140,"Class M-2A, M-2AR, M-2AS, M-2AT, M-2AU and M-2AI",M-2AT,,To Early Redemption Date,yes,25,2.50%,0.00%,5.02
Weighted Average Life Tables,140,"Class M-2A, M-2AR, M-2AS, M-2AT, M-2AU and M-2AI",M-2AT,,To Early Redemption Date,yes,35,2.50%,0.00%,4.72
Weighted Average Life Tables,140,"Class M-2A, M-2AR, M-2AS, M-2AT, M-2AU and M-2AI",M-2AU,,To Scheduled Maturity Date,no,0,2.50%,0.00%,3.64
Weighted Average Life Tables,140,"Class M-2A, M-2AR, M-2AS, M-2AT, M-2AU and M-2AI",M-2AU,,To Scheduled Maturity Date,no,5,2.50%,0.00%,4.04
Weighted Average Life Tables,140,"Class M-2A, M-2AR, M-2AS, M-2AT, M-2AU and M-2AI",M-2AU,,To Scheduled Maturity Date,no,10,2.50%,0.00%,4.64
Weighted Average Life Tables,140,"Class M-2A, M-2AR, M-2AS, M-2AT, M-2AU and M-2AI",M-2AU,,To Scheduled Maturity Date,no,15,2.50%,0.00%,5.68
Weighted Average Life Tables,140,"Class M-2A, M-2AR, M-2AS, M-2AT, M-2AU and M-2AI",M-2AU,,To Scheduled Maturity Date,no,25,2.50%,0.00%,6.21
Weighted Average Life Tables,140,"Class M-2A, M-2AR, M-2AS, M-2AT, M-2AU and M-2AI",M-2AU,,To Scheduled Maturity Date,no,35,2.50%,0.00%,4.77
Weighted Average Life Tables,140,"Class M-2A, M-2AR, M-2AS, M-2AT, M-2AU and M-2AI",M-2AU,,To Early Redemption Date,yes,0,2.50%,0.00%,3.64
Weighted Average Life Tables,140,"Class M-2A, M-2AR, M-2AS, M-2AT, M-2AU and M-2AI",M-2AU,,To Early Redemption Date,yes,5,2.50%,0.00%,4.04
Weighted Average Life Tables,140,"Class M-2A, M-2AR, M-2AS, M-2AT, M-2AU and M-2AI",M-2AU,,To Early Redemption Date,yes,10,2.50%,0.00%,4.64
Weighted Average Life Tables,140,"Class M-2A, M-2AR, M-2AS, M-2AT, M-2AU and M-2AI",M-2AU,,To Early Redemption Date,yes,15,2.50%,0.00%,5.02
Weighted Average Life Tables,140,"Class M-2A, M-2AR, M-2AS, M-2AT, M-2AU and M-2AI",M-2AU,,To Early Redemption Date,yes,25,2.50%,0.00%,5.02
Weighted Average Life Tables,140,"Class M-2A, M-2AR, M-2AS, M-2AT, M-2AU and M-2AI",M-2AU,,To Early Redemption Date,yes,35,2.50%,0.00%,4.72
Weighted Average Life Tables,140,"Class M-2A, M-2AR, M-2AS, M-2AT, M-2AU and M-2AI",M-2AI,,To Scheduled Maturity Date,no,0,2.50%,0.00%,3.64
Weighted Average Life Tables,140,"Class M-2A, M-2AR, M-2AS, M-2AT, M-2AU and M-2AI",M-2AI,,To Scheduled Maturity Date,no,5,2.50%,0.00%,4.04
Weighted Average Life Tables,140,"Class M-2A, M-2AR, M-2AS, M-2AT, M-2AU and M-2AI",M-2AI,,To Scheduled Maturity Date,no,10,2.50%,0.00%,4.64
Weighted Average Life Tables,140,"Class M-2A, M-2AR, M-2AS, M-2AT, M-2AU and M-2AI",M-2AI,,To Scheduled Maturity Date,no,15,2.50%,0.00%,5.68
Weighted Average Life Tables,140,"Class M-2A, M-2AR, M-2AS, M-2AT, M-2AU and M-2AI",M-2AI,,To Scheduled Maturity Date,no,25,2.50%,0.00%,6.21
Weighted Average Life Tables,140,"Class M-2A, M-2AR, M-2AS, M-2AT, M-2AU and M-2AI",M-2AI,,To Scheduled Maturity Date,no,35,2.50%,0.00%,4.77
Weighted Average Life Tables,140,"Class M-2A, M-2AR, M-2AS, M-2AT, M-2AU and M-2AI",M-2AI,,To Early Redemption Date,yes,0,2.50%,0.00%,3.64
Weighted Average Life Tables,140,"Class M-2A, M-2AR, M-2AS, M-2AT, M-2AU and M-2AI",M-2AI,,To Early Redemption Date,yes,5,2.50%,0.00%,4.04
Weighted Average Life Tables,140,"Class M-2A, M-2AR, M-2AS, M-2AT, M-2AU and M-2AI",M-2AI,,To Early Redemption Date,yes,10,2.50%,0.00%,4.64
Weighted Average Life Tables,140,"Class M-2A, M-2AR, M-2AS, M-2AT, M-2AU and M-2AI",M-2AI,,To Early Redemption Date,yes,15,2.50%,0.00%,5.02
Weighted Average Life Tables,140,"Class M-2A, M-2AR, M-2AS, M-2AT, M-2AU and M-2AI",M-2AI,,To Early Redemption Date,yes,25,2.50%,0.00%,5.02
Weighted Average Life Tables,140,"Class M-2A, M-2AR, M-2AS, M-2AT, M-2AU and M-2AI",M-2AI,,To Early Redemption Date,yes,35,2.50%,0.00%,4.72
Weighted Average Life Tables,140,"Class M-2A, M-2AR, M-2AS, M-2AT, M-2AU and M-2AI",M-2A,,To Scheduled Maturity Date,no,0,3.00%,0.00%,3.00
Weighted Average Life Tables,140,"Class M-2A, M-2AR, M-2AS, M-2AT, M-2AU and M-2AI",M-2A,,To Scheduled Maturity Date,no,5,3.00%,0.00%,3.27
Weighted Average Life Tables,140,"Class M-2A, M-2AR, M-2AS, M-2AT, M-2AU and M-2AI",M-2A,,To Scheduled Maturity Date,no,10,3.00%,0.00%,3.64
Weighted Average Life Tables,140,"Class M-2A, M-2AR, M-2AS, M-2AT, M-2AU and M-2AI",M-2A,,To Scheduled Maturity Date,no,15,3.00%,0.00%,4.20
Weighted Average Life Tables,140,"Class M-2A, M-2AR, M-2AS, M-2AT, M-2AU and M-2AI",M-2A,,To Scheduled Maturity Date,no,25,3.00%,0.00%,6.17
Weighted Average Life Tables,140,"Class M-2A, M-2AR, M-2AS, M-2AT, M-2AU and M-2AI",M-2A,,To Scheduled Maturity Date,no,35,3.00%,0.00%,4.12
Weighted Average Life Tables,140,"Class M-2A, M-2AR, M-2AS, M-2AT, M-2AU and M-2AI",M-2A,,To Early Redemption Date,yes,0,3.00%,0.00%,3.00
Weighted Average Life Tables,140,"Class M-2A, M-2AR, M-2AS, M-2AT, M-2AU and M-2AI",M-2A,,To Early Redemption Date,yes,5,3.00%,0.00%,3.27
Weighted Average Life Tables,140,"Class M-2A, M-2AR, M-2AS, M-2AT, M-2AU and M-2AI",M-2A,,To Early Redemption Date,yes,10,3.00%,0.00%,3.64
Weighted Average Life Tables,140,"Class M-2A, M-2AR, M-2AS, M-2AT, M-2AU and M-2AI",M-2A,,To Early Redemption Date,yes,15,3.00%,0.00%,4.20
Weighted Average Life Tables,140,"Class M-2A, M-2AR, M-2AS, M-2AT, M-2AU and M-2AI",M-2A,,To Early Redemption Date,yes,25,3.00%,0.00%,5.02
Weighted Average Life Tables,140,"Class M-2A, M-2AR, M-2AS, M-2AT, M-2AU and M-2AI",M-2A,,To Early Redemption Date,yes,35,3.00%,0.00%,4.12
Weighted Average Life Tables,140,"Class M-2A, M-2AR, M-2AS, M-2AT, M-2AU and M-2AI",M-2AR,,To Scheduled Maturity Date,no,0,3.00%,0.00%,3.00
Weighted Average Life Tables,140,"Class M-2A, M-2AR, M-2AS, M-2AT, M-2AU and M-2AI",M-2AR,,To Scheduled Maturity Date,no,5,3.00%,0.00%,3.27
Weighted Average Life Tables,140,"Class M-2A, M-2AR, M-2AS, M-2AT, M-2AU and M-2AI",M-2AR,,To Scheduled Maturity Date,no,10,3.00%,0.00%,3.64
Weighted Average Life Tables,140,"Class M-2A, M-2AR, M-2AS, M-2AT, M-2AU and M-2AI",M-2AR,,To Scheduled Maturity Date,no,15,3.00%,0.00%,4.20
Weighted Average Life Tables,140,"Class M-2A, M-2AR, M-2AS, M-2AT, M-2AU and M-2AI",M-2AR,,To Scheduled Maturity Date,no,25,3.00%,0.00%,6.17
Weighted Average Life Tables,140,"Class M-2A, M-2AR, M-2AS, M-2AT, M-2AU and M-2AI",M-2AR,,To Scheduled Maturity Date,no,35,3.00%,0.00%,4.12
Weighted Average Life Tables,140,"Class M-2A, M-2AR, M-2AS, M-2AT, M-2AU and M-2AI",M-2AR,,To Early Redemption Date,yes,0,3.00%,0.00%,3.00
Weighted Average Life Tables,140,"Class M-2A, M-2AR, M-2AS, M-2AT, M-2AU and M-2AI",M-2AR,,To Early Redemption Date,yes,5,3.00%,0.00%,3.27
Weighted Average Life Tables,140,"Class M-2A, M-2AR, M-2AS, M-2AT, M-2AU and M-2AI",M-2AR,,To Early Redemption Date,yes,10,3.00%,0.00%,3.64
Weighted Average Life Tables,140,"Class M-2A, M-2AR, M-2AS, M-2AT, M-2AU and M-2AI",M-2AR,,To Early Redemption Date,yes,15,3.00%,0.00%,4.20
Weighted Average Life Tables,140,"Class M-2A, M-2AR, M-2AS, M-2AT, M-2AU and M-2AI",M-2AR,,To Early Redemption Date,yes,25,3.00%,0.00%,5.02
Weighted Average Life Tables,140,"Class M-2A, M-2AR, M-2AS, M-2AT, M-2AU and M-2AI",M-2AR,,To Early Redemption Date,yes,35,3.00%,0.00%,4.12
Weighted Average Life Tables,140,"Class M-2A, M-2AR, M-2AS, M-2AT, M-2AU and M-2AI",M-2AS,,To Scheduled Maturity Date,no,0,3.00%,0.00%,3.00
Weighted Average Life Tables,140,"Class M-2A, M-2AR, M-2AS, M-2AT, M-2AU and M-2AI",M-2AS,,To Scheduled Maturity Date,no,5,3.00%,0.00%,3.27
Weighted Average Life Tables,140,"Class M-2A, M-2AR, M-2AS, M-2AT, M-2AU and M-2AI",M-2AS,,To Scheduled Maturity Date,no,10,3.00%,0.00%,3.64
Weighted Average Life Tables,140,"Class M-2A, M-2AR, M-2AS, M-2AT, M-2AU and M-2AI",M-2AS,,To Scheduled Maturity Date,no,15,3.00%,0.00%,4.20
Weighted Average Life Tables,140,"Class M-2A, M-2AR, M-2AS, M-2AT, M-2AU and M-2AI",M-2AS,,To Scheduled Maturity Date,no,25,3.00%,0.00%,6.17
Weighted Average Life Tables,140,"Class M-2A, M-2AR, M-2AS, M-2AT, M-2AU and M-2AI",M-2AS,,To Scheduled Maturity Date,no,35,3.00%,0.00%,4.12
Weighted Average Life Tables,140,"Class M-2A, M-2AR, M-2AS, M-2AT, M-2AU and M-2AI",M-2AS,,To Early Redemption Date,yes,0,3.00%,0.00%,3.00
Weighted Average Life Tables,140,"Class M-2A, M-2AR, M-2AS, M-2AT, M-2AU and M-2AI",M-2AS,,To Early Redemption Date,yes,5,3.00%,0.00%,3.27
Weighted Average Life Tables,140,"Class M-2A, M-2AR, M-2AS, M-2AT, M-2AU and M-2AI",M-2AS,,To Early Redemption Date,yes,10,3.00%,0.00%,3.64
Weighted Average Life Tables,140,"Class M-2A, M-2AR, M-2AS, M-2AT, M-2AU and M-2AI",M-2AS,,To Early Redemption Date,yes,15,3.00%,0.00%,4.20
Weighted Average Life Tables,140,"Class M-2A, M-2AR, M-2AS, M-2AT, M-2AU and M-2AI",M-2AS,,To Early Redemption Date,yes,25,3.00%,0.00%,5.02
Weighted Average Life Tables,140,"Class M-2A, M-2AR, M-2AS, M-2AT, M-2AU and M-2AI",M-2AS,,To Early Redemption Date,yes,35,3.00%,0.00%,4.12
Weighted Average Life Tables,140,"Class M-2A, M-2AR, M-2AS, M-2AT, M-2AU and M-2AI",M-2AT,,To Scheduled Maturity Date,no,0,3.00%,0.00%,3.00
Weighted Average Life Tables,140,"Class M-2A, M-2AR, M-2AS, M-2AT, M-2AU and M-2AI",M-2AT,,To Scheduled Maturity Date,no,5,3.00%,0.00%,3.27
Weighted Average Life Tables,140,"Class M-2A, M-2AR, M-2AS, M-2AT, M-2AU and M-2AI",M-2AT,,To Scheduled Maturity Date,no,10,3.00%,0.00%,3.64
Weighted Average Life Tables,140,"Class M-2A, M-2AR, M-2AS, M-2AT, M-2AU and M-2AI",M-2AT,,To Scheduled Maturity Date,no,15,3.00%,0.00%,4.20
Weighted Average Life Tables,140,"Class M-2A, M-2AR, M-2AS, M-2AT, M-2AU and M-2AI",M-2AT,,To Scheduled Maturity Date,no,25,3.00%,0.00%,6.17
Weighted Average Life Tables,140,"Class M-2A, M-2AR, M-2AS, M-2AT, M-2AU and M-2AI",M-2AT,,To Scheduled Maturity Date,no,35,3.00%,0.00%,4.12
Weighted Average Life Tables,140,"Class M-2A, M-2AR, M-2AS, M-2AT, M-2AU and M-2AI",M-2AT,,To Early Redemption Date,yes,0,3.00%,0.00%,3.00
Weighted Average Life Tables,140,"Class M-2A, M-2AR, M-2AS, M-2AT, M-2AU and M-2AI",M-2AT,,To Early Redemption Date,yes,5,3.00%,0.00%,3.27
Weighted Average Life Tables,140,"Class M-2A, M-2AR, M-2AS, M-2AT, M-2AU and M-2AI",M-2AT,,To Early Redemption Date,yes,10,3.00%,0.00%,3.64
Weighted Average Life Tables,140,"Class M-2A, M-2AR, M-2AS, M-2AT, M-2AU and M-2AI",M-2AT,,To Early Redemption Date,yes,15,3.00%,0.00%,4.20
Weighted Average Life Tables,140,"Class M-2A, M-2AR, M-2AS, M-2AT, M-2AU and M-2AI",M-2AT,,To Early Redemption Date,yes,25,3.00%,0.00%,5.02
Weighted Average Life Tables,140,"Class M-2A, M-2AR, M-2AS, M-2AT, M-2AU and M-2AI",M-2AT,,To Early Redemption Date,yes,35,3.00%,0.00%,4.12
Weighted Average Life Tables,140,"Class M-2A, M-2AR, M-2AS, M-2AT, M-2AU and M-2AI",M-2AU,,To Scheduled Maturity Date,no,0,3.00%,0.00%,3.00
Weighted Average Life Tables,140,"Class M-2A, M-2AR, M-2AS, M-2AT, M-2AU and M-2AI",M-2AU,,To Scheduled Maturity Date,no,5,3.00%,0.00%,3.27
Weighted Average Life Tables,140,"Class M-2A, M-2AR, M-2AS, M-2AT, M-2AU and M-2AI",M-2AU,,To Scheduled Maturity Date,no,10,3.00%,0.00%,3.64
Weighted Average Life Tables,140,"Class M-2A, M-2AR, M-2AS, M-2AT, M-2AU and M-2AI",M-2AU,,To Scheduled Maturity Date,no,15,3.00%,0.00%,4.20
Weighted Average Life Tables,140,"Class M-2A, M-2AR, M-2AS, M-2AT, M-2AU and M-2AI",M-2AU,,To Scheduled Maturity Date,no,25,3.00%,0.00%,6.17
Weighted Average Life Tables,140,"Class M-2A, M-2AR, M-2AS, M-2AT, M-2AU and M-2AI",M-2AU,,To Scheduled Maturity Date,no,35,3.00%,0.00%,4.12
Weighted Average Life Tables,140,"Class M-2A, M-2AR, M-2AS, M-2AT, M-2AU and M-2AI",M-2AU,,To Early Redemption Date,yes,0,3.00%,0.00%,3.00
Weighted Average Life Tables,140,"Class M-2A, M-2AR, M-2AS, M-2AT, M-2AU and M-2AI",M-2AU,,To Early Redemption Date,yes,5,3.00%,0.00%,3.27
Weighted Average Life Tables,140,"Class M-2A, M-2AR, M-2AS, M-2AT, M-2AU and M-2AI",M-2AU,,To Early Redemption Date,yes,10,3.00%,0.00%,3.64
Weighted Average Life Tables,140,"Class M-2A, M-2AR, M-2AS, M-2AT, M-2AU and M-2AI",M-2AU,,To Early Redemption Date,yes,15,3.00%,0.00%,4.20
Weighted Average Life Tables,140,"Class M-2A, M-2AR, M-2AS, M-2AT, M-2AU and M-2AI",M-2AU,,To Early Redemption Date,yes,25,3.00%,0.00%,5.02
Weighted Average Life Tables,140,"Class M-2A, M-2AR, M-2AS, M-2AT, M-2AU and M-2AI",M-2AU,,To Early Redemption Date,yes,35,3.00%,0.00%,4.12
Weighted Average Life Tables,140,"Class M-2A, M-2AR, M-2AS, M-2AT, M-2AU and M-2AI",M-2AI,,To Scheduled Maturity Date,no,0,3.00%,0.00%,3.00
Weighted Average Life Tables,140,"Class M-2A, M-2AR, M-2AS, M-2AT, M-2AU and M-2AI",M-2AI,,To Scheduled Maturity Date,no,5,3.00%,0.00%,3.27
Weighted Average Life Tables,140,"Class M-2A, M-2AR, M-2AS, M-2AT, M-2AU and M-2AI",M-2AI,,To Scheduled Maturity Date,no,10,3.00%,0.00%,3.64
Weighted Average Life Tables,140,"Class M-2A, M-2AR, M-2AS, M-2AT, M-2AU and M-2AI",M-2AI,,To Scheduled Maturity Date,no,15,3.00%,0.00%,4.20
Weighted Average Life Tables,140,"Class M-2A, M-2AR, M-2AS, M-2AT, M-2AU and M-2AI",M-2AI,,To Scheduled Maturity Date,no,25,3.00%,0.00%,6.17
Weighted Average Life Tables,140,"Class M-2A, M-2AR, M-2AS, M-2AT, M-2AU and M-2AI",M-2AI,,To Scheduled Maturity Date,no,35,3.00%,0.00%,4.12
Weighted Average Life Tables,140,"Class M-2A, M-2AR, M-2AS, M-2AT, M-2AU and M-2AI",M-2AI,,To Early Redemption Date,yes,0,3.00%,0.00%,3.00
Weighted Average Life Tables,140,"Class M-2A, M-2AR, M-2AS, M-2AT, M-2AU and M-2AI",M-2AI,,To Early Redemption Date,yes,5,3.00%,0.00%,3.27
Weighted Average Life Tables,140,"Class M-2A, M-2AR, M-2AS, M-2AT, M-2AU and M-2AI",M-2AI,,To Early Redemption Date,yes,10,3.00%,0.00%,3.64
Weighted Average Life Tables,140,"Class M-2A, M-2AR, M-2AS, M-2AT, M-2AU and M-2AI",M-2AI,,To Early Redemption Date,yes,15,3.00%,0.00%,4.20
Weighted Average Life Tables,140,"Class M-2A, M-2AR, M-2AS, M-2AT, M-2AU and M-2AI",M-2AI,,To Early Redemption Date,yes,25,3.00%,0.00%,5.02
Weighted Average Life Tables,140,"Class M-2A, M-2AR, M-2AS, M-2AT, M-2AU and M-2AI",M-2AI,,To Early Redemption Date,yes,35,3.00%,0.00%,4.12
Weighted Average Life Tables,140,"Class M-2A, M-2AR, M-2AS, M-2AT, M-2AU and M-2AI",M-2A,,To Scheduled Maturity Date,no,0,5.00%,0.00%,1.76
Weighted Average Life Tables,140,"Class M-2A, M-2AR, M-2AS, M-2AT, M-2AU and M-2AI",M-2A,,To Scheduled Maturity Date,no,5,5.00%,0.00%,1.85
Weighted Average Life Tables,140,"Class M-2A, M-2AR, M-2AS, M-2AT, M-2AU and M-2AI",M-2A,,To Scheduled Maturity Date,no,10,5.00%,0.00%,1.95
Weighted Average Life Tables,140,"Class M-2A, M-2AR, M-2AS, M-2AT, M-2AU and M-2AI",M-2A,,To Scheduled Maturity Date,no,15,5.00%,0.00%,2.09
Weighted Average Life Tables,140,"Class M-2A, M-2AR, M-2AS, M-2AT, M-2AU and M-2AI",M-2A,,To Scheduled Maturity Date,no,25,5.00%,0.00%,2.49
Weighted Average Life Tables,140,"Class M-2A, M-2AR, M-2AS, M-2AT, M-2AU and M-2AI",M-2A,,To Scheduled Maturity Date,no,35,5.00%,0.00%,3.46
Weighted Average Life Tables,140,"Class M-2A, M-2AR, M-2AS, M-2AT, M-2AU and M-2AI",M-2A,,To Early Redemption Date,yes,0,5.00%,0.00%,1.76
Weighted Average Life Tables,140,"Class M-2A, M-2AR, M-2AS, M-2AT, M-2AU and M-2AI",M-2A,,To Early Redemption Date,yes,5,5.00%,0.00%,1.85
Weighted Average Life Tables,140,"Class M-2A, M-2AR, M-2AS, M-2AT, M-2AU and M-2AI",M-2A,,To Early Redemption Date,yes,10,5.00%,0.00%,1.95
Weighted Average Life Tables,140,"Class M-2A, M-2AR, M-2AS, M-2AT, M-2AU and M-2AI",M-2A,,To Early Redemption Date,yes,15,5.00%,0.00%,2.09
Weighted Average Life Tables,140,"Class M-2A, M-2AR, M-2AS, M-2AT, M-2AU and M-2AI",M-2A,,To Early Redemption Date,yes,25,5.00%,0.00%,2.49
Weighted Average Life Tables,140,"Class M-2A, M-2AR, M-2AS, M-2AT, M-2AU and M-2AI",M-2A,,To Early Redemption Date,yes,35,5.00%,0.00%,3.46
Weighted Average Life Tables,140,"Class M-2A, M-2AR, M-2AS, M-2AT, M-2AU and M-2AI",M-2AR,,To Scheduled Maturity Date,no,0,5.00%,0.00%,1.76
Weighted Average Life Tables,140,"Class M-2A, M-2AR, M-2AS, M-2AT, M-2AU and M-2AI",M-2AR,,To Scheduled Maturity Date,no,5,5.00%,0.00%,1.85
Weighted Average Life Tables,140,"Class M-2A, M-2AR, M-2AS, M-2AT, M-2AU and M-2AI",M-2AR,,To Scheduled Maturity Date,no,10,5.00%,0.00%,1.95
Weighted Average Life Tables,140,"Class M-2A, M-2AR, M-2AS, M-2AT, M-2AU and M-2AI",M-2AR,,To Scheduled Maturity Date,no,15,5.00%,0.00%,2.09
Weighted Average Life Tables,140,"Class M-2A, M-2AR, M-2AS, M-2AT, M-2AU and M-2AI",M-2AR,,To Scheduled Maturity Date,no,25,5.00%,0.00%,2.49
Weighted Average Life Tables,140,"Class M-2A, M-2AR, M-2AS, M-2AT, M-2AU and M-2AI",M-2AR,,To Scheduled Maturity Date,no,35,5.00%,0.00%,3.46
Weighted Average Life Tables,140,"Class M-2A, M-2AR, M-2AS, M-2AT, M-2AU and M-2AI",M-2AR,,To Early Redemption Date,yes,0,5.00%,0.00%,1.76
Weighted Average Life Tables,140,"Class M-2A, M-2AR, M-2AS, M-2AT, M-2AU and M-2AI",M-2AR,,To Early Redemption Date,yes,5,5.00%,0.00%,1.85
Weighted Average Life Tables,140,"Class M-2A, M-2AR, M-2AS, M-2AT, M-2AU and M-2AI",M-2AR,,To Early Redemption Date,yes,10,5.00%,0.00%,1.95
Weighted Average Life Tables,140,"Class M-2A, M-2AR, M-2AS, M-2AT, M-2AU and M-2AI",M-2AR,,To Early Redemption Date,yes,15,5.00%,0.00%,2.09
Weighted Average Life Tables,140,"Class M-2A, M-2AR, M-2AS, M-2AT, M-2AU and M-2AI",M-2AR,,To Early Redemption Date,yes,25,5.00%,0.00%,2.49
Weighted Average Life Tables,140,"Class M-2A, M-2AR, M-2AS, M-2AT, M-2AU and M-2AI",M-2AR,,To Early Redemption Date,yes,35,5.00%,0.00%,3.46
Weighted Average Life Tables,140,"Class M-2A, M-2AR, M-2AS, M-2AT, M-2AU and M-2AI",M-2AS,,To Scheduled Maturity Date,no,0,5.00%,0.00%,1.76
Weighted Average Life Tables,140,"Class M-2A, M-2AR, M-2AS, M-2AT, M-2AU and M-2AI",M-2AS,,To Scheduled Maturity Date,no,5,5.00%,0.00%,1.85
Weighted Average Life Tables,140,"Class M-2A, M-2AR, M-2AS, M-2AT, M-2AU and M-2AI",M-2AS,,To Scheduled Maturity Date,no,10,5.00%,0.00%,1.95
Weighted Average Life Tables,140,"Class M-2A, M-2AR, M-2AS, M-2AT, M-2AU and M-2AI",M-2AS,,To Scheduled Maturity Date,no,15,5.00%,0.00%,2.09
Weighted Average Life Tables,140,"Class M-2A, M-2AR, M-2AS, M-2AT, M-2AU and M-2AI",M-2AS,,To Scheduled Maturity Date,no,25,5.00%,0.00%,2.49
Weighted Average Life Tables,140,"Class M-2A, M-2AR, M-2AS, M-2AT, M-2AU and M-2AI",M-2AS,,To Scheduled Maturity Date,no,35,5.00%,0.00%,3.46
Weighted Average Life Tables,140,"Class M-2A, M-2AR, M-2AS, M-2AT, M-2AU and M-2AI",M-2AS,,To Early Redemption Date,yes,0,5.00%,0.00%,1.76
Weighted Average Life Tables,140,"Class M-2A, M-2AR, M-2AS, M-2AT, M-2AU and M-2AI",M-2AS,,To Early Redemption Date,yes,5,5.00%,0.00%,1.85
Weighted Average Life Tables,140,"Class M-2A, M-2AR, M-2AS, M-2AT, M-2AU and M-2AI",M-2AS,,To Early Redemption Date,yes,10,5.00%,0.00%,1.95
Weighted Average Life Tables,140,"Class M-2A, M-2AR, M-2AS, M-2AT, M-2AU and M-2AI",M-2AS,,To Early Redemption Date,yes,15,5.00%,0.00%,2.09
Weighted Average Life Tables,140,"Class M-2A, M-2AR, M-2AS, M-2AT, M-2AU and M-2AI",M-2AS,,To Early Redemption Date,yes,25,5.00%,0.00%,2.49
Weighted Average Life Tables,140,"Class M-2A, M-2AR, M-2AS, M-2AT, M-2AU and M-2AI",M-2AS,,To Early Redemption Date,yes,35,5.00%,0.00%,3.46
Weighted Average Life Tables,140,"Class M-2A, M-2AR, M-2AS, M-2AT, M-2AU and M-2AI",M-2AT,,To Scheduled Maturity Date,no,0,5.00%,0.00%,1.76
Weighted Average Life Tables,140,"Class M-2A, M-2AR, M-2AS, M-2AT, M-2AU and M-2AI",M-2AT,,To Scheduled Maturity Date,no,5,5.00%,0.00%,1.85
Weighted Average Life Tables,140,"Class M-2A, M-2AR, M-2AS, M-2AT, M-2AU and M-2AI",M-2AT,,To Scheduled Maturity Date,no,10,5.00%,0.00%,1.95
Weighted Average Life Tables,140,"Class M-2A, M-2AR, M-2AS, M-2AT, M-2AU and M-2AI",M-2AT,,To Scheduled Maturity Date,no,15,5.00%,0.00%,2.09
Weighted Average Life Tables,140,"Class M-2A, M-2AR, M-2AS, M-2AT, M-2AU and M-2AI",M-2AT,,To Scheduled Maturity Date,no,25,5.00%,0.00%,2.49
Weighted Average Life Tables,140,"Class M-2A, M-2AR, M-2AS, M-2AT, M-2AU and M-2AI",M-2AT,,To Scheduled Maturity Date,no,35,5.00%,0.00%,3.46
Weighted Average Life Tables,140,"Class M-2A, M-2AR, M-2AS, M-2AT, M-2AU and M-2AI",M-2AT,,To Early Redemption Date,yes,0,5.00%,0.00%,1.76
Weighted Average Life Tables,140,"Class M-2A, M-2AR, M-2AS, M-2AT, M-2AU and M-2AI",M-2AT,,To Early Redemption Date,yes,5,5.00%,0.00%,1.85
Weighted Average Life Tables,140,"Class M-2A, M-2AR, M-2AS, M-2AT, M-2AU and M-2AI",M-2AT,,To Early Redemption Date,yes,10,5.00%,0.00%,1.95
Weighted Average Life Tables,140,"Class M-2A, M-2AR, M-2AS, M-2AT, M-2AU and M-2AI",M-2AT,,To Early Redemption Date,yes,15,5.00%,0.00%,2.09
Weighted Average Life Tables,140,"Class M-2A, M-2AR, M-2AS, M-2AT, M-2AU and M-2AI",M-2AT,,To Early Redemption Date,yes,25,5.00%,0.00%,2.49
Weighted Average Life Tables,140,"Class M-2A, M-2AR, M-2AS, M-2AT, M-2AU and M-2AI",M-2AT,,To Early Redemption Date,yes,35,5.00%,0.00%,3.46
Weighted Average Life Tables,140,"Class M-2A, M-2AR, M-2AS, M-2AT, M-2AU and M-2AI",M-2AU,,To Scheduled Maturity Date,no,0,5.00%,0.00%,1.76
Weighted Average Life Tables,140,"Class M-2A, M-2AR, M-2AS, M-2AT, M-2AU and M-2AI",M-2AU,,To Scheduled Maturity Date,no,5,5.00%,0.00%,1.85
Weighted Average Life Tables,140,"Class M-2A, M-2AR, M-2AS, M-2AT, M-2AU and M-2AI",M-2AU,,To Scheduled Maturity Date,no,10,5.00%,0.00%,1.95
Weighted Average Life Tables,140,"Class M-2A, M-2AR, M-2AS, M-2AT, M-2AU and M-2AI",M-2AU,,To Scheduled Maturity Date,no,15,5.00%,0.00%,2.09
Weighted Average Life Tables,140,"Class M-2A, M-2AR, M-2AS, M-2AT, M-2AU and M-2AI",M-2AU,,To Scheduled Maturity Date,no,25,5.00%,0.00%,2.49
Weighted Average Life Tables,140,"Class M-2A, M-2AR, M-2AS, M-2AT, M-2AU and M-2AI",M-2AU,,To Scheduled Maturity Date,no,35,5.00%,0.00%,3.46
Weighted Average Life Tables,140,"Class M-2A, M-2AR, M-2AS, M-2AT, M-2AU and M-2AI",M-2AU,,To Early Redemption Date,yes,0,5.00%,0.00%,1.76
Weighted Average Life Tables,140,"Class M-2A, M-2AR, M-2AS, M-2AT, M-2AU and M-2AI",M-2AU,,To Early Redemption Date,yes,5,5.00%,0.00%,1.85
Weighted Average Life Tables,140,"Class M-2A, M-2AR, M-2AS, M-2AT, M-2AU and M-2AI",M-2AU,,To Early Redemption Date,yes,10,5.00%,0.00%,1.95
Weighted Average Life Tables,140,"Class M-2A, M-2AR, M-2AS, M-2AT, M-2AU and M-2AI",M-2AU,,To Early Redemption Date,yes,15,5.00%,0.00%,2.09
Weighted Average Life Tables,140,"Class M-2A, M-2AR, M-2AS, M-2AT, M-2AU and M-2AI",M-2AU,,To Early Redemption Date,yes,25,5.00%,0.00%,2.49
Weighted Average Life Tables,140,"Class M-2A, M-2AR, M-2AS, M-2AT, M-2AU and M-2AI",M-2AU,,To Early Redemption Date,yes,35,5.00%,0.00%,3.46
Weighted Average Life Tables,140,"Class M-2A, M-2AR, M-2AS, M-2AT, M-2AU and M-2AI",M-2AI,,To Scheduled Maturity Date,no,0,5.00%,0.00%,1.76
Weighted Average Life Tables,140,"Class M-2A, M-2AR, M-2AS, M-2AT, M-2AU and M-2AI",M-2AI,,To Scheduled Maturity Date,no,5,5.00%,0.00%,1.85
Weighted Average Life Tables,140,"Class M-2A, M-2AR, M-2AS, M-2AT, M-2AU and M-2AI",M-2AI,,To Scheduled Maturity Date,no,10,5.00%,0.00%,1.95
Weighted Average Life Tables,140,"Class M-2A, M-2AR, M-2AS, M-2AT, M-2AU and M-2AI",M-2AI,,To Scheduled Maturity Date,no,15,5.00%,0.00%,2.09
Weighted Average Life Tables,140,"Class M-2A, M-2AR, M-2AS, M-2AT, M-2AU and M-2AI",M-2AI,,To Scheduled Maturity Date,no,25,5.00%,0.00%,2.49
Weighted Average Life Tables,140,"Class M-2A, M-2AR, M-2AS, M-2AT, M-2AU and M-2AI",M-2AI,,To Scheduled Maturity Date,no,35,5.00%,0.00%,3.46
Weighted Average Life Tables,140,"Class M-2A, M-2AR, M-2AS, M-2AT, M-2AU and M-2AI",M-2AI,,To Early Redemption Date,yes,0,5.00%,0.00%,1.76
Weighted Average Life Tables,140,"Class M-2A, M-2AR, M-2AS, M-2AT, M-2AU and M-2AI",M-2AI,,To Early Redemption Date,yes,5,5.00%,0.00%,1.85
Weighted Average Life Tables,140,"Class M-2A, M-2AR, M-2AS, M-2AT, M-2AU and M-2AI",M-2AI,,To Early Redemption Date,yes,10,5.00%,0.00%,1.95
Weighted Average Life Tables,140,"Class M-2A, M-2AR, M-2AS, M-2AT, M-2AU and M-2AI",M-2AI,,To Early Redemption Date,yes,15,5.00%,0.00%,2.09
Weighted Average Life Tables,140,"Class M-2A, M-2AR, M-2AS, M-2AT, M-2AU and M-2AI",M-2AI,,To Early Redemption Date,yes,25,5.00%,0.00%,2.49
Weighted Average Life Tables,140,"Class M-2A, M-2AR, M-2AS, M-2AT, M-2AU and M-2AI",M-2AI,,To Early Redemption Date,yes,35,5.00%,0.00%,3.46
Weighted Average Life Tables,140,"Class M-2A, M-2AR, M-2AS, M-2AT, M-2AU and M-2AI",M-2A,,To Scheduled Maturity Date,no,0,0.00%,0.01%,19.20
Weighted Average Life Tables,140,"Class M-2A, M-2AR, M-2AS, M-2AT, M-2AU and M-2AI",M-2A,,To Scheduled Maturity Date,no,5,0.00%,0.01%,7.79
Weighted Average Life Tables,140,"Class M-2A, M-2AR, M-2AS, M-2AT, M-2AU and M-2AI",M-2A,,To Scheduled Maturity Date,no,10,0.00%,0.01%,4.30
Weighted Average Life Tables,140,"Class M-2A, M-2AR, M-2AS, M-2AT, M-2AU and M-2AI",M-2A,,To Scheduled Maturity Date,no,15,0.00%,0.01%,2.87
Weighted Average Life Tables,140,"Class M-2A, M-2AR, M-2AS, M-2AT, M-2AU and M-2AI",M-2A,,To Scheduled Maturity Date,no,25,0.00%,0.01%,1.70
Weighted Average Life Tables,140,"Class M-2A, M-2AR, M-2AS, M-2AT, M-2AU and M-2AI",M-2A,,To Scheduled Maturity Date,no,35,0.00%,0.01%,1.17
Weighted Average Life Tables,140,"Class M-2A, M-2AR, M-2AS, M-2AT, M-2AU and M-2AI",M-2A,,To Early Redemption Date,yes,0,0.00%,0.01%,5.02
Weighted Average Life Tables,140,"Class M-2A, M-2AR, M-2AS, M-2AT, M-2AU and M-2AI",M-2A,,To Early Redemption Date,yes,5,0.00%,0.01%,5.02
Weighted Average Life Tables,140,"Class M-2A, M-2AR, M-2AS, M-2AT, M-2AU and M-2AI",M-2A,,To Early Redemption Date,yes,10,0.00%,0.01%,4.30
Weighted Average Life Tables,140,"Class M-2A, M-2AR, M-2AS, M-2AT, M-2AU and M-2AI",M-2A,,To Early Redemption Date,yes,15,0.00%,0.01%,2.87
Weighted Average Life Tables,140,"Class M-2A, M-2AR, M-2AS, M-2AT, M-2AU and M-2AI",M-2A,,To Early Redemption Date,yes,25,0.00%,0.01%,1.70
Weighted Average Life Tables,140,"Class M-2A, M-2AR, M-2AS, M-2AT, M-2AU and M-2AI",M-2A,,To Early Redemption Date,yes,35,0.00%,0.01%,1.17
Weighted Average Life Tables,140,"Class M-2A, M-2AR, M-2AS, M-2AT, M-2AU and M-2AI",M-2AR,,To Scheduled Maturity Date,no,0,0.00%,0.01%,19.20
Weighted Average Life Tables,140,"Class M-2A, M-2AR, M-2AS, M-2AT, M-2AU and M-2AI",M-2AR,,To Scheduled Maturity Date,no,5,0.00%,0.01%,7.79
Weighted Average Life Tables,140,"Class M-2A, M-2AR, M-2AS, M-2AT, M-2AU and M-2AI",M-2AR,,To Scheduled Maturity Date,no,10,0.00%,0.01%,4.30
Weighted Average Life Tables,140,"Class M-2A, M-2AR, M-2AS, M-2AT, M-2AU and M-2AI",M-2AR,,To Scheduled Maturity Date,no,15,0.00%,0.01%,2.87
Weighted Average Life Tables,140,"Class M-2A, M-2AR, M-2AS, M-2AT, M-2AU and M-2AI",M-2AR,,To Scheduled Maturity Date,no,25,0.00%,0.01%,1.70
Weighted Average Life Tables,140,"Class M-2A, M-2AR, M-2AS, M-2AT, M-2AU and M-2AI",M-2AR,,To Scheduled Maturity Date,no,35,0.00%,0.01%,1.17
Weighted Average Life Tables,140,"Class M-2A, M-2AR, M-2AS, M-2AT, M-2AU and M-2AI",M-2AR,,To Early Redemption Date,yes,0,0.00%,0.01%,5.02
Weighted Average Life Tables,140,"Class M-2A, M-2AR, M-2AS, M-2AT, M-2AU and M-2AI",M-2AR,,To Early Redemption Date,yes,5,0.00%,0.01%,5.02
Weighted Average Life Tables,140,"Class M-2A, M-2AR, M-2AS, M-2AT, M-2AU and M-2AI",M-2AR,,To Early Redemption Date,yes,10,0.00%,0.01%,4.30
Weighted Average Life Tables,140,"Class M-2A, M-2AR, M-2AS, M-2AT, M-2AU and M-2AI",M-2AR,,To Early Redemption Date,yes,15,0.00%,0.01%,2.87
Weighted Average Life Tables,140,"Class M-2A, M-2AR, M-2AS, M-2AT, M-2AU and M-2AI",M-2AR,,To Early Redemption Date,yes,25,0.00%,0.01%,1.70
Weighted Average Life Tables,140,"Class M-2A, M-2AR, M-2AS, M-2AT, M-2AU and M-2AI",M-2AR,,To Early Redemption Date,yes,35,0.00%,0.01%,1.17
Weighted Average Life Tables,140,"Class M-2A, M-2AR, M-2AS, M-2AT, M-2AU and M-2AI",M-2AS,,To Scheduled Maturity Date,no,0,0.00%,0.01%,19.20
Weighted Average Life Tables,140,"Class M-2A, M-2AR, M-2AS, M-2AT, M-2AU and M-2AI",M-2AS,,To Scheduled Maturity Date,no,5,0.00%,0.01%,7.79
Weighted Average Life Tables,140,"Class M-2A, M-2AR, M-2AS, M-2AT, M-2AU and M-2AI",M-2AS,,To Scheduled Maturity Date,no,10,0.00%,0.01%,4.30
Weighted Average Life Tables,140,"Class M-2A, M-2AR, M-2AS, M-2AT, M-2AU and M-2AI",M-2AS,,To Scheduled Maturity Date,no,15,0.00%,0.01%,2.87
Weighted Average Life Tables,140,"Class M-2A, M-2AR, M-2AS, M-2AT, M-2AU and M-2AI",M-2AS,,To Scheduled Maturity Date,no,25,0.00%,0.01%,1.70
Weighted Average Life Tables,140,"Class M-2A, M-2AR, M-2AS, M-2AT, M-2AU and M-2AI",M-2AS,,To Scheduled Maturity Date,no,35,0.00%,0.01%,1.17
Weighted Average Life Tables,140,"Class M-2A, M-2AR, M-2AS, M-2AT, M-2AU and M-2AI",M-2AS,,To Early Redemption Date,yes,0,0.00%,0.01%,5.02
Weighted Average Life Tables,140,"Class M-2A, M-2AR, M-2AS, M-2AT, M-2AU and M-2AI",M-2AS,,To Early Redemption Date,yes,5,0.00%,0.01%,5.02
Weighted Average Life Tables,140,"Class M-2A, M-2AR, M-2AS, M-2AT, M-2AU and M-2AI",M-2AS,,To Early Redemption Date,yes,10,0.00%,0.01%,4.30
Weighted Average Life Tables,140,"Class M-2A, M-2AR, M-2AS, M-2AT, M-2AU and M-2AI",M-2AS,,To Early Redemption Date,yes,15,0.00%,0.01%,2.87
Weighted Average Life Tables,140,"Class M-2A, M-2AR, M-2AS, M-2AT, M-2AU and M-2AI",M-2AS,,To Early Redemption Date,yes,25,0.00%,0.01%,1.70
Weighted Average Life Tables,140,"Class M-2A, M-2AR, M-2AS, M-2AT, M-2AU and M-2AI",M-2AS,,To Early Redemption Date,yes,35,0.00%,0.01%,1.17
Weighted Average Life Tables,140,"Class M-2A, M-2AR, M-2AS, M-2AT, M-2AU and M-2AI",M-2AT,,To Scheduled Maturity Date,no,0,0.00%,0.01%,19.20
Weighted Average Life Tables,140,"Class M-2A, M-2AR, M-2AS, M-2AT, M-2AU and M-2AI",M-2AT,,To Scheduled Maturity Date,no,5,0.00%,0.01%,7.79
Weighted Average Life Tables,140,"Class M-2A, M-2AR, M-2AS, M-2AT, M-2AU and M-2AI",M-2AT,,To Scheduled Maturity Date,no,10,0.00%,0.01%,4.30
Weighted Average Life Tables,140,"Class M-2A, M-2AR, M-2AS, M-2AT, M-2AU and M-2AI",M-2AT,,To Scheduled Maturity Date,no,15,0.00%,0.01%,2.87
Weighted Average Life Tables,140,"Class M-2A, M-2AR, M-2AS, M-2AT, M-2AU and M-2AI",M-2AT,,To Scheduled Maturity Date,no,25,0.00%,0.01%,1.70
Weighted Average Life Tables,140,"Class M-2A, M-2AR, M-2AS, M-2AT, M-2AU and M-2AI",M-2AT,,To Scheduled Maturity Date,no,35,0.00%,0.01%,1.17
Weighted Average Life Tables,140,"Class M-2A, M-2AR, M-2AS, M-2AT, M-2AU and M-2AI",M-2AT,,To Early Redemption Date,yes,0,0.00%,0.01%,5.02
Weighted Average Life Tables,140,"Class M-2A, M-2AR, M-2AS, M-2AT, M-2AU and M-2AI",M-2AT,,To Early Redemption Date,yes,5,0.00%,0.01%,5.02
Weighted Average Life Tables,140,"Class M-2A, M-2AR, M-2AS, M-2AT, M-2AU and M-2AI",M-2AT,,To Early Redemption Date,yes,10,0.00%,0.01%,4.30
Weighted Average Life Tables,140,"Class M-2A, M-2AR, M-2AS, M-2AT, M-2AU and M-2AI",M-2AT,,To Early Redemption Date,yes,15,0.00%,0.01%,2.87
Weighted Average Life Tables,140,"Class M-2A, M-2AR, M-2AS, M-2AT, M-2AU and M-2AI",M-2AT,,To Early Redemption Date,yes,25,0.00%,0.01%,1.70
Weighted Average Life Tables,140,"Class M-2A, M-2AR, M-2AS, M-2AT, M-2AU and M-2AI",M-2AT,,To Early Redemption Date,yes,35,0.00%,0.01%,1.17
Weighted Average Life Tables,140,"Class M-2A, M-2AR, M-2AS, M-2AT, M-2AU and M-2AI",M-2AU,,To Scheduled Maturity Date,no,0,0.00%,0.01%,19.20
Weighted Average Life Tables,140,"Class M-2A, M-2AR, M-2AS, M-2AT, M-2AU and M-2AI",M-2AU,,To Scheduled Maturity Date,no,5,0.00%,0.01%,7.79
Weighted Average Life Tables,140,"Class M-2A, M-2AR, M-2AS, M-2AT, M-2AU and M-2AI",M-2AU,,To Scheduled Maturity Date,no,10,0.00%,0.01%,4.30
Weighted Average Life Tables,140,"Class M-2A, M-2AR, M-2AS, M-2AT, M-2AU and M-2AI",M-2AU,,To Scheduled Maturity Date,no,15,0.00%,0.01%,2.87
Weighted Average Life Tables,140,"Class M-2A, M-2AR, M-2AS, M-2AT, M-2AU and M-2AI",M-2AU,,To Scheduled Maturity Date,no,25,0.00%,0.01%,1.70
Weighted Average Life Tables,140,"Class M-2A, M-2AR, M-2AS, M-2AT, M-2AU and M-2AI",M-2AU,,To Scheduled Maturity Date,no,35,0.00%,0.01%,1.17
Weighted Average Life Tables,140,"Class M-2A, M-2AR, M-2AS, M-2AT, M-2AU and M-2AI",M-2AU,,To Early Redemption Date,yes,0,0.00%,0.01%,5.02
Weighted Average Life Tables,140,"Class M-2A, M-2AR, M-2AS, M-2AT, M-2AU and M-2AI",M-2AU,,To Early Redemption Date,yes,5,0.00%,0.01%,5.02
Weighted Average Life Tables,140,"Class M-2A, M-2AR, M-2AS, M-2AT, M-2AU and M-2AI",M-2AU,,To Early Redemption Date,yes,10,0.00%,0.01%,4.30
Weighted Average Life Tables,140,"Class M-2A, M-2AR, M-2AS, M-2AT, M-2AU and M-2AI",M-2AU,,To Early Redemption Date,yes,15,0.00%,0.01%,2.87
Weighted Average Life Tables,140,"Class M-2A, M-2AR, M-2AS, M-2AT, M-2AU and M-2AI",M-2AU,,To Early Redemption Date,yes,25,0.00%,0.01%,1.70
Weighted Average Life Tables,140,"Class M-2A, M-2AR, M-2AS, M-2AT, M-2AU and M-2AI",M-2AU,,To Early Redemption Date,yes,35,0.00%,0.01%,1.17
Weighted Average Life Tables,140,"Class M-2A, M-2AR, M-2AS, M-2AT, M-2AU and M-2AI",M-2AI,,To Scheduled Maturity Date,no,0,0.00%,0.01%,19.20
Weighted Average Life Tables,140,"Class M-2A, M-2AR, M-2AS, M-2AT, M-2AU and M-2AI",M-2AI,,To Scheduled Maturity Date,no,5,0.00%,0.01%,7.79
Weighted Average Life Tables,140,"Class M-2A, M-2AR, M-2AS, M-2AT, M-2AU and M-2AI",M-2AI,,To Scheduled Maturity Date,no,10,0.00%,0.01%,4.30
Weighted Average Life Tables,140,"Class M-2A, M-2AR, M-2AS, M-2AT, M-2AU and M-2AI",M-2AI,,To Scheduled Maturity Date,no,15,0.00%,0.01%,2.87
Weighted Average Life Tables,140,"Class M-2A, M-2AR, M-2AS, M-2AT, M-2AU and M-2AI",M-2AI,,To Scheduled Maturity Date,no,25,0.00%,0.01%,1.70
Weighted Average Life Tables,140,"Class M-2A, M-2AR, M-2AS, M-2AT, M-2AU and M-2AI",M-2AI,,To Scheduled Maturity Date,no,35,0.00%,0.01%,1.17
Weighted Average Life Tables,140,"Class M-2A, M-2AR, M-2AS, M-2AT, M-2AU and M-2AI",M-2AI,,To Early Redemption Date,yes,0,0.00%,0.01%,5.02
Weighted Average Life Tables,140,"Class M-2A, M-2AR, M-2AS, M-2AT, M-2AU and M-2AI",M-2AI,,To Early Redemption Date,yes,5,0.00%,0.01%,5.02
Weighted Average Life Tables,140,"Class M-2A, M-2AR, M-2AS, M-2AT, M-2AU and M-2AI",M-2AI,,To Early Redemption Date,yes,10,0.00%,0.01%,4.30
Weighted Average Life Tables,140,"Class M-2A, M-2AR, M-2AS, M-2AT, M-2AU and M-2AI",M-2AI,,To Early Redemption Date,yes,15,0.00%,0.01%,2.87
Weighted Average Life Tables,140,"Class M-2A, M-2AR, M-2AS, M-2AT, M-2AU and M-2AI",M-2AI,,To Early Redemption Date,yes,25,0.00%,0.01%,1.70
Weighted Average Life Tables,140,"Class M-2A, M-2AR, M-2AS, M-2AT, M-2AU and M-2AI",M-2AI,,To Early Redemption Date,yes,35,0.00%,0.01%,1.17
Weighted Average Life Tables,140,"Class M-2A, M-2AR, M-2AS, M-2AT, M-2AU and M-2AI",M-2A,,To Scheduled Maturity Date,no,0,0.50%,0.03%,20.02
Weighted Average Life Tables,140,"Class M-2A, M-2AR, M-2AS, M-2AT, M-2AU and M-2AI",M-2A,,To Scheduled Maturity Date,no,5,0.50%,0.03%,16.68
Weighted Average Life Tables,140,"Class M-2A, M-2AR, M-2AS, M-2AT, M-2AU and M-2AI",M-2A,,To Scheduled Maturity Date,no,10,0.50%,0.03%,8.28
Weighted Average Life Tables,140,"Class M-2A, M-2AR, M-2AS, M-2AT, M-2AU and M-2AI",M-2A,,To Scheduled Maturity Date,no,15,0.50%,0.03%,5.31
Weighted Average Life Tables,140,"Class M-2A, M-2AR, M-2AS, M-2AT, M-2AU and M-2AI",M-2A,,To Scheduled Maturity Date,no,25,0.50%,0.03%,2.72
Weighted Average Life Tables,140,"Class M-2A, M-2AR, M-2AS, M-2AT, M-2AU and M-2AI",M-2A,,To Scheduled Maturity Date,no,35,0.50%,0.03%,1.63
Weighted Average Life Tables,140,"Class M-2A, M-2AR, M-2AS, M-2AT, M-2AU and M-2AI",M-2A,,To Early Redemption Date,yes,0,0.50%,0.03%,5.02
Weighted Average Life Tables,140,"Class M-2A, M-2AR, M-2AS, M-2AT, M-2AU and M-2AI",M-2A,,To Early Redemption Date,yes,5,0.50%,0.03%,5.02
Weighted Average Life Tables,140,"Class M-2A, M-2AR, M-2AS, M-2AT, M-2AU and M-2AI",M-2A,,To Early Redemption Date,yes,10,0.50%,0.03%,5.02
Weighted Average Life Tables,140,"Class M-2A, M-2AR, M-2AS, M-2AT, M-2AU and M-2AI",M-2A,,To Early Redemption Date,yes,15,0.50%,0.03%,5.02
Weighted Average Life Tables,140,"Class M-2A, M-2AR, M-2AS, M-2AT, M-2AU and M-2AI",M-2A,,To Early Redemption Date,yes,25,0.50%,0.03%,2.72
Weighted Average Life Tables,140,"Class M-2A, M-2AR, M-2AS, M-2AT, M-2AU and M-2AI",M-2A,,To Early Redemption Date,yes,35,0.50%,0.03%,1.63
Weighted Average Life Tables,140,"Class M-2A, M-2AR, M-2AS, M-2AT, M-2AU and M-2AI",M-2AR,,To Scheduled Maturity Date,no,0,0.50%,0.03%,20.02
Weighted Average Life Tables,140,"Class M-2A, M-2AR, M-2AS, M-2AT, M-2AU and M-2AI",M-2AR,,To Scheduled Maturity Date,no,5,0.50%,0.03%,16.68
Weighted Average Life Tables,140,"Class M-2A, M-2AR, M-2AS, M-2AT, M-2AU and M-2AI",M-2AR,,To Scheduled Maturity Date,no,10,0.50%,0.03%,8.28
Weighted Average Life Tables,140,"Class M-2A, M-2AR, M-2AS, M-2AT, M-2AU and M-2AI",M-2AR,,To Scheduled Maturity Date,no,15,0.50%,0.03%,5.31
Weighted Average Life Tables,140,"Class M-2A, M-2AR, M-2AS, M-2AT, M-2AU and M-2AI",M-2AR,,To Scheduled Maturity Date,no,25,0.50%,0.03%,2.72
Weighted Average Life Tables,140,"Class M-2A, M-2AR, M-2AS, M-2AT, M-2AU and M-2AI",M-2AR,,To Scheduled Maturity Date,no,35,0.50%,0.03%,1.63
Weighted Average Life Tables,140,"Class M-2A, M-2AR, M-2AS, M-2AT, M-2AU and M-2AI",M-2AR,,To Early Redemption Date,yes,0,0.50%,0.03%,5.02
Weighted Average Life Tables,140,"Class M-2A, M-2AR, M-2AS, M-2AT, M-2AU and M-2AI",M-2AR,,To Early Redemption Date,yes,5,0.50%,0.03%,5.02
Weighted Average Life Tables,140,"Class M-2A, M-2AR, M-2AS, M-2AT, M-2AU and M-2AI",M-2AR,,To Early Redemption Date,yes,10,0.50%,0.03%,5.02
Weighted Average Life Tables,140,"Class M-2A, M-2AR, M-2AS, M-2AT, M-2AU and M-2AI",M-2AR,,To Early Redemption Date,yes,15,0.50%,0.03%,5.02
Weighted Average Life Tables,140,"Class M-2A, M-2AR, M-2AS, M-2AT, M-2AU and M-2AI",M-2AR,,To Early Redemption Date,yes,25,0.50%,0.03%,2.72
Weighted Average Life Tables,140,"Class M-2A, M-2AR, M-2AS, M-2AT, M-2AU and M-2AI",M-2AR,,To Early Redemption Date,yes,35,0.50%,0.03%,1.63
Weighted Average Life Tables,140,"Class M-2A, M-2AR, M-2AS, M-2AT, M-2AU and M-2AI",M-2AS,,To Scheduled Maturity Date,no,0,0.50%,0.03%,20.02
Weighted Average Life Tables,140,"Class M-2A, M-2AR, M-2AS, M-2AT, M-2AU and M-2AI",M-2AS,,To Scheduled Maturity Date,no,5,0.50%,0.03%,16.68
Weighted Average Life Tables,140,"Class M-2A, M-2AR, M-2AS, M-2AT, M-2AU and M-2AI",M-2AS,,To Scheduled Maturity Date,no,10,0.50%,0.03%,8.28
Weighted Average Life Tables,140,"Class M-2A, M-2AR, M-2AS, M-2AT, M-2AU and M-2AI",M-2AS,,To Scheduled Maturity Date,no,15,0.50%,0.03%,5.31
Weighted Average Life Tables,140,"Class M-2A, M-2AR, M-2AS, M-2AT, M-2AU and M-2AI",M-2AS,,To Scheduled Maturity Date,no,25,0.50%,0.03%,2.72
Weighted Average Life Tables,140,"Class M-2A, M-2AR, M-2AS, M-2AT, M-2AU and M-2AI",M-2AS,,To Scheduled Maturity Date,no,35,0.50%,0.03%,1.63
Weighted Average Life Tables,140,"Class M-2A, M-2AR, M-2AS, M-2AT, M-2AU and M-2AI",M-2AS,,To Early Redemption Date,yes,0,0.50%,0.03%,5.02
Weighted Average Life Tables,140,"Class M-2A, M-2AR, M-2AS, M-2AT, M-2AU and M-2AI",M-2AS,,To Early Redemption Date,yes,5,0.50%,0.03%,5.02
Weighted Average Life Tables,140,"Class M-2A, M-2AR, M-2AS, M-2AT, M-2AU and M-2AI",M-2AS,,To Early Redemption Date,yes,10,0.50%,0.03%,5.02
Weighted Average Life Tables,140,"Class M-2A, M-2AR, M-2AS, M-2AT, M-2AU and M-2AI",M-2AS,,To Early Redemption Date,yes,15,0.50%,0.03%,5.02
Weighted Average Life Tables,140,"Class M-2A, M-2AR, M-2AS, M-2AT, M-2AU and M-2AI",M-2AS,,To Early Redemption Date,yes,25,0.50%,0.03%,2.72
Weighted Average Life Tables,140,"Class M-2A, M-2AR, M-2AS, M-2AT, M-2AU and M-2AI",M-2AS,,To Early Redemption Date,yes,35,0.50%,0.03%,1.63
Weighted Average Life Tables,140,"Class M-2A, M-2AR, M-2AS, M-2AT, M-2AU and M-2AI",M-2AT,,To Scheduled Maturity Date,no,0,0.50%,0.03%,20.02
Weighted Average Life Tables,140,"Class M-2A, M-2AR, M-2AS, M-2AT, M-2AU and M-2AI",M-2AT,,To Scheduled Maturity Date,no,5,0.50%,0.03%,16.68
Weighted Average Life Tables,140,"Class M-2A, M-2AR, M-2AS, M-2AT, M-2AU and M-2AI",M-2AT,,To Scheduled Maturity Date,no,10,0.50%,0.03%,8.28
Weighted Average Life Tables,140,"Class M-2A, M-2AR, M-2AS, M-2AT, M-2AU and M-2AI",M-2AT,,To Scheduled Maturity Date,no,15,0.50%,0.03%,5.31
Weighted Average Life Tables,140,"Class M-2A, M-2AR, M-2AS, M-2AT, M-2AU and M-2AI",M-2AT,,To Scheduled Maturity Date,no,25,0.50%,0.03%,2.72
Weighted Average Life Tables,140,"Class M-2A, M-2AR, M-2AS, M-2AT, M-2AU and M-2AI",M-2AT,,To Scheduled Maturity Date,no,35,0.50%,0.03%,1.63
Weighted Average Life Tables,140,"Class M-2A, M-2AR, M-2AS, M-2AT, M-2AU and M-2AI",M-2AT,,To Early Redemption Date,yes,0,0.50%,0.03%,5.02
Weighted Average Life Tables,140,"Class M-2A, M-2AR, M-2AS, M-2AT, M-2AU and M-2AI",M-2AT,,To Early Redemption Date,yes,5,0.50%,0.03%,5.02
Weighted Average Life Tables,140,"Class M-2A, M-2AR, M-2AS, M-2AT, M-2AU and M-2AI",M-2AT,,To Early Redemption Date,yes,10,0.50%,0.03%,5.02
Weighted Average Life Tables,140,"Class M-2A, M-2AR, M-2AS, M-2AT, M-2AU and M-2AI",M-2AT,,To Early Redemption Date,yes,15,0.50%,0.03%,5.02
Weighted Average Life Tables,140,"Class M-2A, M-2AR, M-2AS, M-2AT, M-2AU and M-2AI",M-2AT,,To Early Redemption Date,yes,25,0.50%,0.03%,2.72
Weighted Average Life Tables,140,"Class M-2A, M-2AR, M-2AS, M-2AT, M-2AU and M-2AI",M-2AT,,To Early Redemption Date,yes,35,0.50%,0.03%,1.63
Weighted Average Life Tables,140,"Class M-2A, M-2AR, M-2AS, M-2AT, M-2AU and M-2AI",M-2AU,,To Scheduled Maturity Date,no,0,0.50%,0.03%,20.02
Weighted Average Life Tables,140,"Class M-2A, M-2AR, M-2AS, M-2AT, M-2AU and M-2AI",M-2AU,,To Scheduled Maturity Date,no,5,0.50%,0.03%,16.68
Weighted Average Life Tables,140,"Class M-2A, M-2AR, M-2AS, M-2AT, M-2AU and M-2AI",M-2AU,,To Scheduled Maturity Date,no,10,0.50%,0.03%,8.28
Weighted Average Life Tables,140,"Class M-2A, M-2AR, M-2AS, M-2AT, M-2AU and M-2AI",M-2AU,,To Scheduled Maturity Date,no,15,0.50%,0.03%,5.31
Weighted Average Life Tables,140,"Class M-2A, M-2AR, M-2AS, M-2AT, M-2AU and M-2AI",M-2AU,,To Scheduled Maturity Date,no,25,0.50%,0.03%,2.72
Weighted Average Life Tables,140,"Class M-2A, M-2AR, M-2AS, M-2AT, M-2AU and M-2AI",M-2AU,,To Scheduled Maturity Date,no,35,0.50%,0.03%,1.63
Weighted Average Life Tables,140,"Class M-2A, M-2AR, M-2AS, M-2AT, M-2AU and M-2AI",M-2AU,,To Early Redemption Date,yes,0,0.50%,0.03%,5.02
Weighted Average Life Tables,140,"Class M-2A, M-2AR, M-2AS, M-2AT, M-2AU and M-2AI",M-2AU,,To Early Redemption Date,yes,5,0.50%,0.03%,5.02
Weighted Average Life Tables,140,"Class M-2A, M-2AR, M-2AS, M-2AT, M-2AU and M-2AI",M-2AU,,To Early Redemption Date,yes,10,0.50%,0.03%,5.02
Weighted Average Life Tables,140,"Class M-2A, M-2AR, M-2AS, M-2AT, M-2AU and M-2AI",M-2AU,,To Early Redemption Date,yes,15,0.50%,0.03%,5.02
Weighted Average Life Tables,140,"Class M-2A, M-2AR, M-2AS, M-2AT, M-2AU and M-2AI",M-2AU,,To Early Redemption Date,yes,25,0.50%,0.03%,2.72
Weighted Average Life Tables,140,"Class M-2A, M-2AR, M-2AS, M-2AT, M-2AU and M-2AI",M-2AU,,To Early Redemption Date,yes,35,0.50%,0.03%,1.63
Weighted Average Life Tables,140,"Class M-2A, M-2AR, M-2AS, M-2AT, M-2AU and M-2AI",M-2AI,,To Scheduled Maturity Date,no,0,0.50%,0.03%,20.02
Weighted Average Life Tables,140,"Class M-2A, M-2AR, M-2AS, M-2AT, M-2AU and M-2AI",M-2AI,,To Scheduled Maturity Date,no,5,0.50%,0.03%,16.68
Weighted Average Life Tables,140,"Class M-2A, M-2AR, M-2AS, M-2AT, M-2AU and M-2AI",M-2AI,,To Scheduled Maturity Date,no,10,0.50%,0.03%,8.28
Weighted Average Life Tables,140,"Class M-2A, M-2AR, M-2AS, M-2AT, M-2AU and M-2AI",M-2AI,,To Scheduled Maturity Date,no,15,0.50%,0.03%,5.31
Weighted Average Life Tables,140,"Class M-2A, M-2AR, M-2AS, M-2AT, M-2AU and M-2AI",M-2AI,,To Scheduled Maturity Date,no,25,0.50%,0.03%,2.72
Weighted Average Life Tables,140,"Class M-2A, M-2AR, M-2AS, M-2AT, M-2AU and M-2AI",M-2AI,,To Scheduled Maturity Date,no,35,0.50%,0.03%,1.63
Weighted Average Life Tables,140,"Class M-2A, M-2AR, M-2AS, M-2AT, M-2AU and M-2AI",M-2AI,,To Early Redemption Date,yes,0,0.50%,0.03%,5.02
Weighted Average Life Tables,140,"Class M-2A, M-2AR, M-2AS, M-2AT, M-2AU and M-2AI",M-2AI,,To Early Redemption Date,yes,5,0.50%,0.03%,5.02
Weighted Average Life Tables,140,"Class M-2A, M-2AR, M-2AS, M-2AT, M-2AU and M-2AI",M-2AI,,To Early Redemption Date,yes,10,0.50%,0.03%,5.02
Weighted Average Life Tables,140,"Class M-2A, M-2AR, M-2AS, M-2AT, M-2AU and M-2AI",M-2AI,,To Early Redemption Date,yes,15,0.50%,0.03%,5.02
Weighted Average Life Tables,140,"Class M-2A, M-2AR, M-2AS, M-2AT, M-2AU and M-2AI",M-2AI,,To Early Redemption Date,yes,25,0.50%,0.03%,2.72
Weighted Average Life Tables,140,"Class M-2A, M-2AR, M-2AS, M-2AT, M-2AU and M-2AI",M-2AI,,To Early Redemption Date,yes,35,0.50%,0.03%,1.63
Weighted Average Life Tables,140,"Class M-2A, M-2AR, M-2AS, M-2AT, M-2AU and M-2AI",M-2A,,To Scheduled Maturity Date,no,0,1.00%,0.10%,7.56
Weighted Average Life Tables,140,"Class M-2A, M-2AR, M-2AS, M-2AT, M-2AU and M-2AI",M-2A,,To Scheduled Maturity Date,no,5,1.00%,0.10%,10.15
Weighted Average Life Tables,140,"Class M-2A, M-2AR, M-2AS, M-2AT, M-2AU and M-2AI",M-2A,,To Scheduled Maturity Date,no,10,1.00%,0.10%,20.02
Weighted Average Life Tables,140,"Class M-2A, M-2AR, M-2AS, M-2AT, M-2AU and M-2AI",M-2A,,To Scheduled Maturity Date,no,15,1.00%,0.10%,15.58
Weighted Average Life Tables,140,"Class M-2A, M-2AR, M-2AS, M-2AT, M-2AU and M-2AI",M-2A,,To Scheduled Maturity Date,no,25,1.00%,0.10%,8.46
Weighted Average Life Tables,140,"Class M-2A, M-2AR, M-2AS, M-2AT, M-2AU and M-2AI",M-2A,,To Scheduled Maturity Date,no,35,1.00%,0.10%,5.43
Weighted Average Life Tables,140,"Class M-2A, M-2AR, M-2AS, M-2AT, M-2AU and M-2AI",M-2A,,To Early Redemption Date,yes,0,1.00%,0.10%,5.02
Weighted Average Life Tables,140,"Class M-2A, M-2AR, M-2AS, M-2AT, M-2AU and M-2AI",M-2A,,To Early Redemption Date,yes,5,1.00%,0.10%,5.02
Weighted Average Life Tables,140,"Class M-2A, M-2AR, M-2AS, M-2AT, M-2AU and M-2AI",M-2A,,To Early Redemption Date,yes,10,1.00%,0.10%,5.02
Weighted Average Life Tables,140,"Class M-2A, M-2AR, M-2AS, M-2AT, M-2AU and M-2AI",M-2A,,To Early Redemption Date,yes,15,1.00%,0.10%,5.02
Weighted Average Life Tables,140,"Class M-2A, M-2AR, M-2AS, M-2AT, M-2AU and M-2AI",M-2A,,To Early Redemption Date,yes,25,1.00%,0.10%,5.02
Weighted Average Life Tables,140,"Class M-2A, M-2AR, M-2AS, M-2AT, M-2AU and M-2AI",M-2A,,To Early Redemption Date,yes,35,1.00%,0.10%,5.02
Weighted Average Life Tables,140,"Class M-2A, M-2AR, M-2AS, M-2AT, M-2AU and M-2AI",M-2AR,,To Scheduled Maturity Date,no,0,1.00%,0.10%,7.56
Weighted Average Life Tables,140,"Class M-2A, M-2AR, M-2AS, M-2AT, M-2AU and M-2AI",M-2AR,,To Scheduled Maturity Date,no,5,1.00%,0.10%,10.15
Weighted Average Life Tables,140,"Class M-2A, M-2AR, M-2AS, M-2AT, M-2AU and M-2AI",M-2AR,,To Scheduled Maturity Date,no,10,1.00%,0.10%,20.02
Weighted Average Life Tables,140,"Class M-2A, M-2AR, M-2AS, M-2AT, M-2AU and M-2AI",M-2AR,,To Scheduled Maturity Date,no,15,1.00%,0.10%,15.58
Weighted Average Life Tables,140,"Class M-2A, M-2AR, M-2AS, M-2AT, M-2AU and M-2AI",M-2AR,,To Scheduled Maturity Date,no,25,1.00%,0.10%,8.46
Weighted Average Life Tables,140,"Class M-2A, M-2AR, M-2AS, M-2AT, M-2AU and M-2AI",M-2AR,,To Scheduled Maturity Date,no,35,1.00%,0.10%,5.43
Weighted Average Life Tables,140,"Class M-2A, M-2AR, M-2AS, M-2AT, M-2AU and M-2AI",M-2AR,,To Early Redemption Date,yes,0,1.00%,0.10%,5.02
Weighted Average Life Tables,140,"Class M-2A, M-2AR, M-2AS, M-2AT, M-2AU and M-2AI",M-2AR,,To Early Redemption Date,yes,5,1.00%,0.10%,5.02
Weighted Average Life Tables,140,"Class M-2A, M-2AR, M-2AS, M-2AT, M-2AU and M-2AI",M-2AR,,To Early Redemption Date,yes,10,1.00%,0.10%,5.02
Weighted Average Life Tables,140,"Class M-2A, M-2AR, M-2AS, M-2AT, M-2AU and M-2AI",M-2AR,,To Early Redemption Date,yes,15,1.00%,0.10%,5.02
Weighted Average Life Tables,140,"Class M-2A, M-2AR, M-2AS, M-2AT, M-2AU and M-2AI",M-2AR,,To Early Redemption Date,yes,25,1.00%,0.10%,5.02
Weighted Average Life Tables,140,"Class M-2A, M-2AR, M-2AS, M-2AT, M-2AU and M-2AI",M-2AR,,To Early Redemption Date,yes,35,1.00%,0.10%,5.02
Weighted Average Life Tables,140,"Class M-2A, M-2AR, M-2AS, M-2AT, M-2AU and M-2AI",M-2AS,,To Scheduled Maturity Date,no,0,1.00%,0.10%,7.56
Weighted Average Life Tables,140,"Class M-2A, M-2AR, M-2AS, M-2AT, M-2AU and M-2AI",M-2AS,,To Scheduled Maturity Date,no,5,1.00%,0.10%,10.15
Weighted Average Life Tables,140,"Class M-2A, M-2AR, M-2AS, M-2AT, M-2AU and M-2AI",M-2AS,,To Scheduled Maturity Date,no,10,1.00%,0.10%,20.02
Weighted Average Life Tables,140,"Class M-2A, M-2AR, M-2AS, M-2AT, M-2AU and M-2AI",M-2AS,,To Scheduled Maturity Date,no,15,1.00%,0.10%,15.58
Weighted Average Life Tables,140,"Class M-2A, M-2AR, M-2AS, M-2AT, M-2AU and M-2AI",M-2AS,,To Scheduled Maturity Date,no,25,1.00%,0.10%,8.46
Weighted Average Life Tables,140,"Class M-2A, M-2AR, M-2AS, M-2AT, M-2AU and M-2AI",M-2AS,,To Scheduled Maturity Date,no,35,1.00%,0.10%,5.43
Weighted Average Life Tables,140,"Class M-2A, M-2AR, M-2AS, M-2AT, M-2AU and M-2AI",M-2AS,,To Early Redemption Date,yes,0,1.00%,0.10%,5.02
Weighted Average Life Tables,140,"Class M-2A, M-2AR, M-2AS, M-2AT, M-2AU and M-2AI",M-2AS,,To Early Redemption Date,yes,5,1.00%,0.10%,5.02
Weighted Average Life Tables,140,"Class M-2A, M-2AR, M-2AS, M-2AT, M-2AU and M-2AI",M-2AS,,To Early Redemption Date,yes,10,1.00%,0.10%,5.02
Weighted Average Life Tables,140,"Class M-2A, M-2AR, M-2AS, M-2AT, M-2AU and M-2AI",M-2AS,,To Early Redemption Date,yes,15,1.00%,0.10%,5.02
Weighted Average Life Tables,140,"Class M-2A, M-2AR, M-2AS, M-2AT, M-2AU and M-2AI",M-2AS,,To Early Redemption Date,yes,25,1.00%,0.10%,5.02
Weighted Average Life Tables,140,"Class M-2A, M-2AR, M-2AS, M-2AT, M-2AU and M-2AI",M-2AS,,To Early Redemption Date,yes,35,1.00%,0.10%,5.02
Weighted Average Life Tables,140,"Class M-2A, M-2AR, M-2AS, M-2AT, M-2AU and M-2AI",M-2AT,,To Scheduled Maturity Date,no,0,1.00%,0.10%,7.56
Weighted Average Life Tables,140,"Class M-2A, M-2AR, M-2AS, M-2AT, M-2AU and M-2AI",M-2AT,,To Scheduled Maturity Date,no,5,1.00%,0.10%,10.15
Weighted Average Life Tables,140,"Class M-2A, M-2AR, M-2AS, M-2AT, M-2AU and M-2AI",M-2AT,,To Scheduled Maturity Date,no,10,1.00%,0.10%,20.02
Weighted Average Life Tables,140,"Class M-2A, M-2AR, M-2AS, M-2AT, M-2AU and M-2AI",M-2AT,,To Scheduled Maturity Date,no,15,1.00%,0.10%,15.58
Weighted Average Life Tables,140,"Class M-2A, M-2AR, M-2AS, M-2AT, M-2AU and M-2AI",M-2AT,,To Scheduled Maturity Date,no,25,1.00%,0.10%,8.46
Weighted Average Life Tables,140,"Class M-2A, M-2AR, M-2AS, M-2AT, M-2AU and M-2AI",M-2AT,,To Scheduled Maturity Date,no,35,1.00%,0.10%,5.43
Weighted Average Life Tables,140,"Class M-2A, M-2AR, M-2AS, M-2AT, M-2AU and M-2AI",M-2AT,,To Early Redemption Date,yes,0,1.00%,0.10%,5.02
Weighted Average Life Tables,140,"Class M-2A, M-2AR, M-2AS, M-2AT, M-2AU and M-2AI",M-2AT,,To Early Redemption Date,yes,5,1.00%,0.10%,5.02
Weighted Average Life Tables,140,"Class M-2A, M-2AR, M-2AS, M-2AT, M-2AU and M-2AI",M-2AT,,To Early Redemption Date,yes,10,1.00%,0.10%,5.02
Weighted Average Life Tables,140,"Class M-2A, M-2AR, M-2AS, M-2AT, M-2AU and M-2AI",M-2AT,,To Early Redemption Date,yes,15,1.00%,0.10%,5.02
Weighted Average Life Tables,140,"Class M-2A, M-2AR, M-2AS, M-2AT, M-2AU and M-2AI",M-2AT,,To Early Redemption Date,yes,25,1.00%,0.10%,5.02
Weighted Average Life Tables,140,"Class M-2A, M-2AR, M-2AS, M-2AT, M-2AU and M-2AI",M-2AT,,To Early Redemption Date,yes,35,1.00%,0.10%,5.02
Weighted Average Life Tables,140,"Class M-2A, M-2AR, M-2AS, M-2AT, M-2AU and M-2AI",M-2AU,,To Scheduled Maturity Date,no,0,1.00%,0.10%,7.56
Weighted Average Life Tables,140,"Class M-2A, M-2AR, M-2AS, M-2AT, M-2AU and M-2AI",M-2AU,,To Scheduled Maturity Date,no,5,1.00%,0.10%,10.15
Weighted Average Life Tables,140,"Class M-2A, M-2AR, M-2AS, M-2AT, M-2AU and M-2AI",M-2AU,,To Scheduled Maturity Date,no,10,1.00%,0.10%,20.02
Weighted Average Life Tables,140,"Class M-2A, M-2AR, M-2AS, M-2AT, M-2AU and M-2AI",M-2AU,,To Scheduled Maturity Date,no,15,1.00%,0.10%,15.58
Weighted Average Life Tables,140,"Class M-2A, M-2AR, M-2AS, M-2AT, M-2AU and M-2AI",M-2AU,,To Scheduled Maturity Date,no,25,1.00%,0.10%,8.46
Weighted Average Life Tables,140,"Class M-2A, M-2AR, M-2AS, M-2AT, M-2AU and M-2AI",M-2AU,,To Scheduled Maturity Date,no,35,1.00%,0.10%,5.43
Weighted Average Life Tables,140,"Class M-2A, M-2AR, M-2AS, M-2AT, M-2AU and M-2AI",M-2AU,,To Early Redemption Date,yes,0,1.00%,0.10%,5.02
Weighted Average Life Tables,140,"Class M-2A, M-2AR, M-2AS, M-2AT, M-2AU and M-2AI",M-2AU,,To Early Redemption Date,yes,5,1.00%,0.10%,5.02
Weighted Average Life Tables,140,"Class M-2A, M-2AR, M-2AS, M-2AT, M-2AU and M-2AI",M-2AU,,To Early Redemption Date,yes,10,1.00%,0.10%,5.02
Weighted Average Life Tables,140,"Class M-2A, M-2AR, M-2AS, M-2AT, M-2AU and M-2AI",M-2AU,,To Early Redemption Date,yes,15,1.00%,0.10%,5.02
Weighted Average Life Tables,140,"Class M-2A, M-2AR, M-2AS, M-2AT, M-2AU and M-2AI",M-2AU,,To Early Redemption Date,yes,25,1.00%,0.10%,5.02
Weighted Average Life Tables,140,"Class M-2A, M-2AR, M-2AS, M-2AT, M-2AU and M-2AI",M-2AU,,To Early Redemption Date,yes,35,1.00%,0.10%,5.02
Weighted Average Life Tables,140,"Class M-2A, M-2AR, M-2AS, M-2AT, M-2AU and M-2AI",M-2AI,,To Scheduled Maturity Date,no,0,1.00%,0.10%,7.56
Weighted Average Life Tables,140,"Class M-2A, M-2AR, M-2AS, M-2AT, M-2AU and M-2AI",M-2AI,,To Scheduled Maturity Date,no,5,1.00%,0.10%,10.15
Weighted Average Life Tables,140,"Class M-2A, M-2AR, M-2AS, M-2AT, M-2AU and M-2AI",M-2AI,,To Scheduled Maturity Date,no,10,1.00%,0.10%,20.02
Weighted Average Life Tables,140,"Class M-2A, M-2AR, M-2AS, M-2AT, M-2AU and M-2AI",M-2AI,,To Scheduled Maturity Date,no,15,1.00%,0.10%,15.58
Weighted Average Life Tables,140,"Class M-2A, M-2AR, M-2AS, M-2AT, M-2AU and M-2AI",M-2AI,,To Scheduled Maturity Date,no,25,1.00%,0.10%,8.46
Weighted Average Life Tables,140,"Class M-2A, M-2AR, M-2AS, M-2AT, M-2AU and M-2AI",M-2AI,,To Scheduled Maturity Date,no,35,1.00%,0.10%,5.43
Weighted Average Life Tables,140,"Class M-2A, M-2AR, M-2AS, M-2AT, M-2AU and M-2AI",M-2AI,,To Early Redemption Date,yes,0,1.00%,0.10%,5.02
Weighted Average Life Tables,140,"Class M-2A, M-2AR, M-2AS, M-2AT, M-2AU and M-2AI",M-2AI,,To Early Redemption Date,yes,5,1.00%,0.10%,5.02
Weighted Average Life Tables,140,"Class M-2A, M-2AR, M-2AS, M-2AT, M-2AU and M-2AI",M-2AI,,To Early Redemption Date,yes,10,1.00%,0.10%,5.02
Weighted Average Life Tables,140,"Class M-2A, M-2AR, M-2AS, M-2AT, M-2AU and M-2AI",M-2AI,,To Early Redemption Date,yes,15,1.00%,0.10%,5.02
Weighted Average Life Tables,140,"Class M-2A, M-2AR, M-2AS, M-2AT, M-2AU and M-2AI",M-2AI,,To Early Redemption Date,yes,25,1.00%,0.10%,5.02
Weighted Average Life Tables,140,"Class M-2A, M-2AR, M-2AS, M-2AT, M-2AU and M-2AI",M-2AI,,To Early Redemption Date,yes,35,1.00%,0.10%,5.02
Weighted Average Life Tables,140,"Class M-2B, M-2BR, M-2BS, M-2BT, M-2BU, M-2BI, M-2RB*, M-2SB*, M-2TB* and M-2UB*",M-2B,,To Scheduled Maturity Date,no,0,0.00%,0.00%,19.29
Weighted Average Life Tables,140,"Class M-2B, M-2BR, M-2BS, M-2BT, M-2BU, M-2BI, M-2RB*, M-2SB*, M-2TB* and M-2UB*",M-2B,,To Scheduled Maturity Date,no,5,0.00%,0.00%,8.51
Weighted Average Life Tables,140,"Class M-2B, M-2BR, M-2BS, M-2BT, M-2BU, M-2BI, M-2RB*, M-2SB*, M-2TB* and M-2UB*",M-2B,,To Scheduled Maturity Date,no,10,0.00%,0.00%,4.81
Weighted Average Life Tables,140,"Class M-2B, M-2BR, M-2BS, M-2BT, M-2BU, M-2BI, M-2RB*, M-2SB*, M-2TB* and M-2UB*",M-2B,,To Scheduled Maturity Date,no,15,0.00%,0.00%,3.26
Weighted Average Life Tables,140,"Class M-2B, M-2BR, M-2BS, M-2BT, M-2BU, M-2BI, M-2RB*, M-2SB*, M-2TB* and M-2UB*",M-2B,,To Scheduled Maturity Date,no,25,0.00%,0.00%,1.89
Weighted Average Life Tables,140,"Class M-2B, M-2BR, M-2BS, M-2BT, M-2BU, M-2BI, M-2RB*, M-2SB*, M-2TB* and M-2UB*",M-2B,,To Scheduled Maturity Date,no,35,0.00%,0.00%,1.28
Weighted Average Life Tables,140,"Class M-2B, M-2BR, M-2BS, M-2BT, M-2BU, M-2BI, M-2RB*, M-2SB*, M-2TB* and M-2UB*",M-2B,,To Early Redemption Date,yes,0,0.00%,0.00%,5.02
Weighted Average Life Tables,140,"Class M-2B, M-2BR, M-2BS, M-2BT, M-2BU, M-2BI, M-2RB*, M-2SB*, M-2TB* and M-2UB*",M-2B,,To Early Redemption Date,yes,5,0.00%,0.00%,5.02
Weighted Average Life Tables,140,"Class M-2B, M-2BR, M-2BS, M-2BT, M-2BU, M-2BI, M-2RB*, M-2SB*, M-2TB* and M-2UB*",M-2B,,To Early Redemption Date,yes,10,0.00%,0.00%,4.79
Weighted Average Life Tables,140,"Class M-2B, M-2BR, M-2BS, M-2BT, M-2BU, M-2BI, M-2RB*, M-2SB*, M-2TB* and M-2UB*",M-2B,,To Early Redemption Date,yes,15,0.00%,0.00%,3.26
Weighted Average Life Tables,140,"Class M-2B, M-2BR, M-2BS, M-2BT, M-2BU, M-2BI, M-2RB*, M-2SB*, M-2TB* and M-2UB*",M-2B,,To Early Redemption Date,yes,25,0.00%,0.00%,1.89
Weighted Average Life Tables,140,"Class M-2B, M-2BR, M-2BS, M-2BT, M-2BU, M-2BI, M-2RB*, M-2SB*, M-2TB* and M-2UB*",M-2B,,To Early Redemption Date,yes,35,0.00%,0.00%,1.28
Weighted Average Life Tables,140,"Class M-2B, M-2BR, M-2BS, M-2BT, M-2BU, M-2BI, M-2RB*, M-2SB*, M-2TB* and M-2UB*",M-2BR,,To Scheduled Maturity Date,no,0,0.00%,0.00%,19.29
Weighted Average Life Tables,140,"Class M-2B, M-2BR, M-2BS, M-2BT, M-2BU, M-2BI, M-2RB*, M-2SB*, M-2TB* and M-2UB*",M-2BR,,To Scheduled Maturity Date,no,5,0.00%,0.00%,8.51
Weighted Average Life Tables,140,"Class M-2B, M-2BR, M-2BS, M-2BT, M-2BU, M-2BI, M-2RB*, M-2SB*, M-2TB* and M-2UB*",M-2BR,,To Scheduled Maturity Date,no,10,0.00%,0.00%,4.81
Weighted Average Life Tables,140,"Class M-2B, M-2BR, M-2BS, M-2BT, M-2BU, M-2BI, M-2RB*, M-2SB*, M-2TB* and M-2UB*",M-2BR,,To Scheduled Maturity Date,no,15,0.00%,0.00%,3.26
Weighted Average Life Tables,140,"Class M-2B, M-2BR, M-2BS, M-2BT, M-2BU, M-2BI, M-2RB*, M-2SB*, M-2TB* and M-2UB*",M-2BR,,To Scheduled Maturity Date,no,25,0.00%,0.00%,1.89
Weighted Average Life Tables,140,"Class M-2B, M-2BR, M-2BS, M-2BT, M-2BU, M-2BI, M-2RB*, M-2SB*, M-2TB* and M-2UB*",M-2BR,,To Scheduled Maturity Date,no,35,0.00%,0.00%,1.28
Weighted Average Life Tables,140,"Class M-2B, M-2BR, M-2BS, M-2BT, M-2BU, M-2BI, M-2RB*, M-2SB*, M-2TB* and M-2UB*",M-2BR,,To Early Redemption Date,yes,0,0.00%,0.00%,5.02
Weighted Average Life Tables,140,"Class M-2B, M-2BR, M-2BS, M-2BT, M-2BU, M-2BI, M-2RB*, M-2SB*, M-2TB* and M-2UB*",M-2BR,,To Early Redemption Date,yes,5,0.00%,0.00%,5.02
Weighted Average Life Tables,140,"Class M-2B, M-2BR, M-2BS, M-2BT, M-2BU, M-2BI, M-2RB*, M-2SB*, M-2TB* and M-2UB*",M-2BR,,To Early Redemption Date,yes,10,0.00%,0.00%,4.79
Weighted Average Life Tables,140,"Class M-2B, M-2BR, M-2BS, M-2BT, M-2BU, M-2BI, M-2RB*, M-2SB*, M-2TB* and M-2UB*",M-2BR,,To Early Redemption Date,yes,15,0.00%,0.00%,3.26
Weighted Average Life Tables,140,"Class M-2B, M-2BR, M-2BS, M-2BT, M-2BU, M-2BI, M-2RB*, M-2SB*, M-2TB* and M-2UB*",M-2BR,,To Early Redemption Date,yes,25,0.00%,0.00%,1.89
Weighted Average Life Tables,140,"Class M-2B, M-2BR, M-2BS, M-2BT, M-2BU, M-2BI, M-2RB*, M-2SB*, M-2TB* and M-2UB*",M-2BR,,To Early Redemption Date,yes,35,0.00%,0.00%,1.28
Weighted Average Life Tables,140,"Class M-2B, M-2BR, M-2BS, M-2BT, M-2BU, M-2BI, M-2RB*, M-2SB*, M-2TB* and M-2UB*",M-2BS,,To Scheduled Maturity Date,no,0,0.00%,0.00%,19.29
Weighted Average Life Tables,140,"Class M-2B, M-2BR, M-2BS, M-2BT, M-2BU, M-2BI, M-2RB*, M-2SB*, M-2TB* and M-2UB*",M-2BS,,To Scheduled Maturity Date,no,5,0.00%,0.00%,8.51
Weighted Average Life Tables,140,"Class M-2B, M-2BR, M-2BS, M-2BT, M-2BU, M-2BI, M-2RB*, M-2SB*, M-2TB* and M-2UB*",M-2BS,,To Scheduled Maturity Date,no,10,0.00%,0.00%,4.81
Weighted Average Life Tables,140,"Class M-2B, M-2BR, M-2BS, M-2BT, M-2BU, M-2BI, M-2RB*, M-2SB*, M-2TB* and M-2UB*",M-2BS,,To Scheduled Maturity Date,no,15,0.00%,0.00%,3.26
Weighted Average Life Tables,140,"Class M-2B, M-2BR, M-2BS, M-2BT, M-2BU, M-2BI, M-2RB*, M-2SB*, M-2TB* and M-2UB*",M-2BS,,To Scheduled Maturity Date,no,25,0.00%,0.00%,1.89
Weighted Average Life Tables,140,"Class M-2B, M-2BR, M-2BS, M-2BT, M-2BU, M-2BI, M-2RB*, M-2SB*, M-2TB* and M-2UB*",M-2BS,,To Scheduled Maturity Date,no,35,0.00%,0.00%,1.28
Weighted Average Life Tables,140,"Class M-2B, M-2BR, M-2BS, M-2BT, M-2BU, M-2BI, M-2RB*, M-2SB*, M-2TB* and M-2UB*",M-2BS,,To Early Redemption Date,yes,0,0.00%,0.00%,5.02
Weighted Average Life Tables,140,"Class M-2B, M-2BR, M-2BS, M-2BT, M-2BU, M-2BI, M-2RB*, M-2SB*, M-2TB* and M-2UB*",M-2BS,,To Early Redemption Date,yes,5,0.00%,0.00%,5.02
Weighted Average Life Tables,140,"Class M-2B, M-2BR, M-2BS, M-2BT, M-2BU, M-2BI, M-2RB*, M-2SB*, M-2TB* and M-2UB*",M-2BS,,To Early Redemption Date,yes,10,0.00%,0.00%,4.79
Weighted Average Life Tables,140,"Class M-2B, M-2BR, M-2BS, M-2BT, M-2BU, M-2BI, M-2RB*, M-2SB*, M-2TB* and M-2UB*",M-2BS,,To Early Redemption Date,yes,15,0.00%,0.00%,3.26
Weighted Average Life Tables,140,"Class M-2B, M-2BR, M-2BS, M-2BT, M-2BU, M-2BI, M-2RB*, M-2SB*, M-2TB* and M-2UB*",M-2BS,,To Early Redemption Date,yes,25,0.00%,0.00%,1.89
Weighted Average Life Tables,140,"Class M-2B, M-2BR, M-2BS, M-2BT, M-2BU, M-2BI, M-2RB*, M-2SB*, M-2TB* and M-2UB*",M-2BS,,To Early Redemption Date,yes,35,0.00%,0.00%,1.28
Weighted Average Life Tables,140,"Class M-2B, M-2BR, M-2BS, M-2BT, M-2BU, M-2BI, M-2RB*, M-2SB*, M-2TB* and M-2UB*",M-2BT,,To Scheduled Maturity Date,no,0,0.00%,0.00%,19.29
Weighted Average Life Tables,140,"Class M-2B, M-2BR, M-2BS, M-2BT, M-2BU, M-2BI, M-2RB*, M-2SB*, M-2TB* and M-2UB*",M-2BT,,To Scheduled Maturity Date,no,5,0.00%,0.00%,8.51
Weighted Average Life Tables,140,"Class M-2B, M-2BR, M-2BS, M-2BT, M-2BU, M-2BI, M-2RB*, M-2SB*, M-2TB* and M-2UB*",M-2BT,,To Scheduled Maturity Date,no,10,0.00%,0.00%,4.81
Weighted Average Life Tables,140,"Class M-2B, M-2BR, M-2BS, M-2BT, M-2BU, M-2BI, M-2RB*, M-2SB*, M-2TB* and M-2UB*",M-2BT,,To Scheduled Maturity Date,no,15,0.00%,0.00%,3.26
Weighted Average Life Tables,140,"Class M-2B, M-2BR, M-2BS, M-2BT, M-2BU, M-2BI, M-2RB*, M-2SB*, M-2TB* and M-2UB*",M-2BT,,To Scheduled Maturity Date,no,25,0.00%,0.00%,1.89
Weighted Average Life Tables,140,"Class M-2B, M-2BR, M-2BS, M-2BT, M-2BU, M-2BI, M-2RB*, M-2SB*, M-2TB* and M-2UB*",M-2BT,,To Scheduled Maturity Date,no,35,0.00%,0.00%,1.28
Weighted Average Life Tables,140,"Class M-2B, M-2BR, M-2BS, M-2BT, M-2BU, M-2BI, M-2RB*, M-2SB*, M-2TB* and M-2UB*",M-2BT,,To Early Redemption Date,yes,0,0.00%,0.00%,5.02
Weighted Average Life Tables,140,"Class M-2B, M-2BR, M-2BS, M-2BT, M-2BU, M-2BI, M-2RB*, M-2SB*, M-2TB* and M-2UB*",M-2BT,,To Early Redemption Date,yes,5,0.00%,0.00%,5.02
Weighted Average Life Tables,140,"Class M-2B, M-2BR, M-2BS, M-2BT, M-2BU, M-2BI, M-2RB*, M-2SB*, M-2TB* and M-2UB*",M-2BT,,To Early Redemption Date,yes,10,0.00%,0.00%,4.79
Weighted Average Life Tables,140,"Class M-2B, M-2BR, M-2BS, M-2BT, M-2BU, M-2BI, M-2RB*, M-2SB*, M-2TB* and M-2UB*",M-2BT,,To Early Redemption Date,yes,15,0.00%,0.00%,3.26
Weighted Average Life Tables,140,"Class M-2B, M-2BR, M-2BS, M-2BT, M-2BU, M-2BI, M-2RB*, M-2SB*, M-2TB* and M-2UB*",M-2BT,,To Early Redemption Date,yes,25,0.00%,0.00%,1.89
Weighted Average Life Tables,140,"Class M-2B, M-2BR, M-2BS, M-2BT, M-2BU, M-2BI, M-2RB*, M-2SB*, M-2TB* and M-2UB*",M-2BT,,To Early Redemption Date,yes,35,0.00%,0.00%,1.28
Weighted Average Life Tables,140,"Class M-2B, M-2BR, M-2BS, M-2BT, M-2BU, M-2BI, M-2RB*, M-2SB*, M-2TB* and M-2UB*",M-2BU,,To Scheduled Maturity Date,no,0,0.00%,0.00%,19.29
Weighted Average Life Tables,140,"Class M-2B, M-2BR, M-2BS, M-2BT, M-2BU, M-2BI, M-2RB*, M-2SB*, M-2TB* and M-2UB*",M-2BU,,To Scheduled Maturity Date,no,5,0.00%,0.00%,8.51
Weighted Average Life Tables,140,"Class M-2B, M-2BR, M-2BS, M-2BT, M-2BU, M-2BI, M-2RB*, M-2SB*, M-2TB* and M-2UB*",M-2BU,,To Scheduled Maturity Date,no,10,0.00%,0.00%,4.81
Weighted Average Life Tables,140,"Class M-2B, M-2BR, M-2BS, M-2BT, M-2BU, M-2BI, M-2RB*, M-2SB*, M-2TB* and M-2UB*",M-2BU,,To Scheduled Maturity Date,no,15,0.00%,0.00%,3.26
Weighted Average Life Tables,140,"Class M-2B, M-2BR, M-2BS, M-2BT, M-2BU, M-2BI, M-2RB*, M-2SB*, M-2TB* and M-2UB*",M-2BU,,To Scheduled Maturity Date,no,25,0.00%,0.00%,1.89
Weighted Average Life Tables,140,"Class M-2B, M-2BR, M-2BS, M-2BT, M-2BU, M-2BI, M-2RB*, M-2SB*, M-2TB* and M-2UB*",M-2BU,,To Scheduled Maturity Date,no,35,0.00%,0.00%,1.28
Weighted Average Life Tables,140,"Class M-2B, M-2BR, M-2BS, M-2BT, M-2BU, M-2BI, M-2RB*, M-2SB*, M-2TB* and M-2UB*",M-2BU,,To Early Redemption Date,yes,0,0.00%,0.00%,5.02
Weighted Average Life Tables,140,"Class M-2B, M-2BR, M-2BS, M-2BT, M-2BU, M-2BI, M-2RB*, M-2SB*, M-2TB* and M-2UB*",M-2BU,,To Early Redemption Date,yes,5,0.00%,0.00%,5.02
Weighted Average Life Tables,140,"Class M-2B, M-2BR, M-2BS, M-2BT, M-2BU, M-2BI, M-2RB*, M-2SB*, M-2TB* and M-2UB*",M-2BU,,To Early Redemption Date,yes,10,0.00%,0.00%,4.79
Weighted Average Life Tables,140,"Class M-2B, M-2BR, M-2BS, M-2BT, M-2BU, M-2BI, M-2RB*, M-2SB*, M-2TB* and M-2UB*",M-2BU,,To Early Redemption Date,yes,15,0.00%,0.00%,3.26
Weighted Average Life Tables,140,"Class M-2B, M-2BR, M-2BS, M-2BT, M-2BU, M-2BI, M-2RB*, M-2SB*, M-2TB* and M-2UB*",M-2BU,,To Early Redemption Date,yes,25,0.00%,0.00%,1.89
Weighted Average Life Tables,140,"Class M-2B, M-2BR, M-2BS, M-2BT, M-2BU, M-2BI, M-2RB*, M-2SB*, M-2TB* and M-2UB*",M-2BU,,To Early Redemption Date,yes,35,0.00%,0.00%,1.28
Weighted Average Life Tables,140,"Class M-2B, M-2BR, M-2BS, M-2BT, M-2BU, M-2BI, M-2RB*, M-2SB*, M-2TB* and M-2UB*",M-2BI,,To Scheduled Maturity Date,no,0,0.00%,0.00%,19.29
Weighted Average Life Tables,140,"Class M-2B, M-2BR, M-2BS, M-2BT, M-2BU, M-2BI, M-2RB*, M-2SB*, M-2TB* and M-2UB*",M-2BI,,To Scheduled Maturity Date,no,5,0.00%,0.00%,8.51
Weighted Average Life Tables,140,"Class M-2B, M-2BR, M-2BS, M-2BT, M-2BU, M-2BI, M-2RB*, M-2SB*, M-2TB* and M-2UB*",M-2BI,,To Scheduled Maturity Date,no,10,0.00%,0.00%,4.81
Weighted Average Life Tables,140,"Class M-2B, M-2BR, M-2BS, M-2BT, M-2BU, M-2BI, M-2RB*, M-2SB*, M-2TB* and M-2UB*",M-2BI,,To Scheduled Maturity Date,no,15,0.00%,0.00%,3.26
Weighted Average Life Tables,140,"Class M-2B, M-2BR, M-2BS, M-2BT, M-2BU, M-2BI, M-2RB*, M-2SB*, M-2TB* and M-2UB*",M-2BI,,To Scheduled Maturity Date,no,25,0.00%,0.00%,1.89
Weighted Average Life Tables,140,"Class M-2B, M-2BR, M-2BS, M-2BT, M-2BU, M-2BI, M-2RB*, M-2SB*, M-2TB* and M-2UB*",M-2BI,,To Scheduled Maturity Date,no,35,0.00%,0.00%,1.28
Weighted Average Life Tables,140,"Class M-2B, M-2BR, M-2BS, M-2BT, M-2BU, M-2BI, M-2RB*, M-2SB*, M-2TB* and M-2UB*",M-2BI,,To Early Redemption Date,yes,0,0.00%,0.00%,5.02
Weighted Average Life Tables,140,"Class M-2B, M-2BR, M-2BS, M-2BT, M-2BU, M-2BI, M-2RB*, M-2SB*, M-2TB* and M-2UB*",M-2BI,,To Early Redemption Date,yes,5,0.00%,0.00%,5.02
Weighted Average Life Tables,140,"Class M-2B, M-2BR, M-2BS, M-2BT, M-2BU, M-2BI, M-2RB*, M-2SB*, M-2TB* and M-2UB*",M-2BI,,To Early Redemption Date,yes,10,0.00%,0.00%,4.79
Weighted Average Life Tables,140,"Class M-2B, M-2BR, M-2BS, M-2BT, M-2BU, M-2BI, M-2RB*, M-2SB*, M-2TB* and M-2UB*",M-2BI,,To Early Redemption Date,yes,15,0.00%,0.00%,3.26
Weighted Average Life Tables,140,"Class M-2B, M-2BR, M-2BS, M-2BT, M-2BU, M-2BI, M-2RB*, M-2SB*, M-2TB* and M-2UB*",M-2BI,,To Early Redemption Date,yes,25,0.00%,0.00%,1.89
Weighted Average Life Tables,140,"Class M-2B, M-2BR, M-2BS, M-2BT, M-2BU, M-2BI, M-2RB*, M-2SB*, M-2TB* and M-2UB*",M-2BI,,To Early Redemption Date,yes,35,0.00%,0.00%,1.28
Weighted Average Life Tables,140,"Class M-2B, M-2BR, M-2BS, M-2BT, M-2BU, M-2BI, M-2RB*, M-2SB*, M-2TB* and M-2UB*",M-2RB,*,To Scheduled Maturity Date,no,0,0.00%,0.00%,19.29
Weighted Average Life Tables,140,"Class M-2B, M-2BR, M-2BS, M-2BT, M-2BU, M-2BI, M-2RB*, M-2SB*, M-2TB* and M-2UB*",M-2RB,*,To Scheduled Maturity Date,no,5,0.00%,0.00%,8.51
Weighted Average Life Tables,140,"Class M-2B, M-2BR, M-2BS, M-2BT, M-2BU, M-2BI, M-2RB*, M-2SB*, M-2TB* and M-2UB*",M-2RB,*,To Scheduled Maturity Date,no,10,0.00%,0.00%,4.81
Weighted Average Life Tables,140,"Class M-2B, M-2BR, M-2BS, M-2BT, M-2BU, M-2BI, M-2RB*, M-2SB*, M-2TB* and M-2UB*",M-2RB,*,To Scheduled Maturity Date,no,15,0.00%,0.00%,3.26
Weighted Average Life Tables,140,"Class M-2B, M-2BR, M-2BS, M-2BT, M-2BU, M-2BI, M-2RB*, M-2SB*, M-2TB* and M-2UB*",M-2RB,*,To Scheduled Maturity Date,no,25,0.00%,0.00%,1.89
Weighted Average Life Tables,140,"Class M-2B, M-2BR, M-2BS, M-2BT, M-2BU, M-2BI, M-2RB*, M-2SB*, M-2TB* and M-2UB*",M-2RB,*,To Scheduled Maturity Date,no,35,0.00%,0.00%,1.28
Weighted Average Life Tables,140,"Class M-2B, M-2BR, M-2BS, M-2BT, M-2BU, M-2BI, M-2RB*, M-2SB*, M-2TB* and M-2UB*",M-2RB,*,To Early Redemption Date,yes,0,0.00%,0.00%,5.02
Weighted Average Life Tables,140,"Class M-2B, M-2BR, M-2BS, M-2BT, M-2BU, M-2BI, M-2RB*, M-2SB*, M-2TB* and M-2UB*",M-2RB,*,To Early Redemption Date,yes,5,0.00%,0.00%,5.02
Weighted Average Life Tables,140,"Class M-2B, M-2BR, M-2BS, M-2BT, M-2BU, M-2BI, M-2RB*, M-2SB*, M-2TB* and M-2UB*",M-2RB,*,To Early Redemption Date,yes,10,0.00%,0.00%,4.79
Weighted Average Life Tables,140,"Class M-2B, M-2BR, M-2BS, M-2BT, M-2BU, M-2BI, M-2RB*, M-2SB*, M-2TB* and M-2UB*",M-2RB,*,To Early Redemption Date,yes,15,0.00%,0.00%,3.26
Weighted Average Life Tables,140,"Class M-2B, M-2BR, M-2BS, M-2BT, M-2BU, M-2BI, M-2RB*, M-2SB*, M-2TB* and M-2UB*",M-2RB,*,To Early Redemption Date,yes,25,0.00%,0.00%,1.89
Weighted Average Life Tables,140,"Class M-2B, M-2BR, M-2BS, M-2BT, M-2BU, M-2BI, M-2RB*, M-2SB*, M-2TB* and M-2UB*",M-2RB,*,To Early Redemption Date,yes,35,0.00%,0.00%,1.28
Weighted Average Life Tables,140,"Class M-2B, M-2BR, M-2BS, M-2BT, M-2BU, M-2BI, M-2RB*, M-2SB*, M-2TB* and M-2UB*",M-2SB,*,To Scheduled Maturity Date,no,0,0.00%,0.00%,19.29
Weighted Average Life Tables,140,"Class M-2B, M-2BR, M-2BS, M-2BT, M-2BU, M-2BI, M-2RB*, M-2SB*, M-2TB* and M-2UB*",M-2SB,*,To Scheduled Maturity Date,no,5,0.00%,0.00%,8.51
Weighted Average Life Tables,140,"Class M-2B, M-2BR, M-2BS, M-2BT, M-2BU, M-2BI, M-2RB*, M-2SB*, M-2TB* and M-2UB*",M-2SB,*,To Scheduled Maturity Date,no,10,0.00%,0.00%,4.81
Weighted Average Life Tables,140,"Class M-2B, M-2BR, M-2BS, M-2BT, M-2BU, M-2BI, M-2RB*, M-2SB*, M-2TB* and M-2UB*",M-2SB,*,To Scheduled Maturity Date,no,15,0.00%,0.00%,3.26
Weighted Average Life Tables,140,"Class M-2B, M-2BR, M-2BS, M-2BT, M-2BU, M-2BI, M-2RB*, M-2SB*, M-2TB* and M-2UB*",M-2SB,*,To Scheduled Maturity Date,no,25,0.00%,0.00%,1.89
Weighted Average Life Tables,140,"Class M-2B, M-2BR, M-2BS, M-2BT, M-2BU, M-2BI, M-2RB*, M-2SB*, M-2TB* and M-2UB*",M-2SB,*,To Scheduled Maturity Date,no,35,0.00%,0.00%,1.28
Weighted Average Life Tables,140,"Class M-2B, M-2BR, M-2BS, M-2BT, M-2BU, M-2BI, M-2RB*, M-2SB*, M-2TB* and M-2UB*",M-2SB,*,To Early Redemption Date,yes,0,0.00%,0.00%,5.02
Weighted Average Life Tables,140,"Class M-2B, M-2BR, M-2BS, M-2BT, M-2BU, M-2BI, M-2RB*, M-2SB*, M-2TB* and M-2UB*",M-2SB,*,To Early Redemption Date,yes,5,0.00%,0.00%,5.02
Weighted Average Life Tables,140,"Class M-2B, M-2BR, M-2BS, M-2BT, M-2BU, M-2BI, M-2RB*, M-2SB*, M-2TB* and M-2UB*",M-2SB,*,To Early Redemption Date,yes,10,0.00%,0.00%,4.79
Weighted Average Life Tables,140,"Class M-2B, M-2BR, M-2BS, M-2BT, M-2BU, M-2BI, M-2RB*, M-2SB*, M-2TB* and M-2UB*",M-2SB,*,To Early Redemption Date,yes,15,0.00%,0.00%,3.26
Weighted Average Life Tables,140,"Class M-2B, M-2BR, M-2BS, M-2BT, M-2BU, M-2BI, M-2RB*, M-2SB*, M-2TB* and M-2UB*",M-2SB,*,To Early Redemption Date,yes,25,0.00%,0.00%,1.89
Weighted Average Life Tables,140,"Class M-2B, M-2BR, M-2BS, M-2BT, M-2BU, M-2BI, M-2RB*, M-2SB*, M-2TB* and M-2UB*",M-2SB,*,To Early Redemption Date,yes,35,0.00%,0.00%,1.28
Weighted Average Life Tables,140,"Class M-2B, M-2BR, M-2BS, M-2BT, M-2BU, M-2BI, M-2RB*, M-2SB*, M-2TB* and M-2UB*",M-2TB,*,To Scheduled Maturity Date,no,0,0.00%,0.00%,19.29
Weighted Average Life Tables,140,"Class M-2B, M-2BR, M-2BS, M-2BT, M-2BU, M-2BI, M-2RB*, M-2SB*, M-2TB* and M-2UB*",M-2TB,*,To Scheduled Maturity Date,no,5,0.00%,0.00%,8.51
Weighted Average Life Tables,140,"Class M-2B, M-2BR, M-2BS, M-2BT, M-2BU, M-2BI, M-2RB*, M-2SB*, M-2TB* and M-2UB*",M-2TB,*,To Scheduled Maturity Date,no,10,0.00%,0.00%,4.81
Weighted Average Life Tables,140,"Class M-2B, M-2BR, M-2BS, M-2BT, M-2BU, M-2BI, M-2RB*, M-2SB*, M-2TB* and M-2UB*",M-2TB,*,To Scheduled Maturity Date,no,15,0.00%,0.00%,3.26
Weighted Average Life Tables,140,"Class M-2B, M-2BR, M-2BS, M-2BT, M-2BU, M-2BI, M-2RB*, M-2SB*, M-2TB* and M-2UB*",M-2TB,*,To Scheduled Maturity Date,no,25,0.00%,0.00%,1.89
Weighted Average Life Tables,140,"Class M-2B, M-2BR, M-2BS, M-2BT, M-2BU, M-2BI, M-2RB*, M-2SB*, M-2TB* and M-2UB*",M-2TB,*,To Scheduled Maturity Date,no,35,0.00%,0.00%,1.28
Weighted Average Life Tables,140,"Class M-2B, M-2BR, M-2BS, M-2BT, M-2BU, M-2BI, M-2RB*, M-2SB*, M-2TB* and M-2UB*",M-2TB,*,To Early Redemption Date,yes,0,0.00%,0.00%,5.02
Weighted Average Life Tables,140,"Class M-2B, M-2BR, M-2BS, M-2BT, M-2BU, M-2BI, M-2RB*, M-2SB*, M-2TB* and M-2UB*",M-2TB,*,To Early Redemption Date,yes,5,0.00%,0.00%,5.02
Weighted Average Life Tables,140,"Class M-2B, M-2BR, M-2BS, M-2BT, M-2BU, M-2BI, M-2RB*, M-2SB*, M-2TB* and M-2UB*",M-2TB,*,To Early Redemption Date,yes,10,0.00%,0.00%,4.79
Weighted Average Life Tables,140,"Class M-2B, M-2BR, M-2BS, M-2BT, M-2BU, M-2BI, M-2RB*, M-2SB*, M-2TB* and M-2UB*",M-2TB,*,To Early Redemption Date,yes,15,0.00%,0.00%,3.26
Weighted Average Life Tables,140,"Class M-2B, M-2BR, M-2BS, M-2BT, M-2BU, M-2BI, M-2RB*, M-2SB*, M-2TB* and M-2UB*",M-2TB,*,To Early Redemption Date,yes,25,0.00%,0.00%,1.89
Weighted Average Life Tables,140,"Class M-2B, M-2BR, M-2BS, M-2BT, M-2BU, M-2BI, M-2RB*, M-2SB*, M-2TB* and M-2UB*",M-2TB,*,To Early Redemption Date,yes,35,0.00%,0.00%,1.28
Weighted Average Life Tables,140,"Class M-2B, M-2BR, M-2BS, M-2BT, M-2BU, M-2BI, M-2RB*, M-2SB*, M-2TB* and M-2UB*",M-2UB,*,To Scheduled Maturity Date,no,0,0.00%,0.00%,19.29
Weighted Average Life Tables,140,"Class M-2B, M-2BR, M-2BS, M-2BT, M-2BU, M-2BI, M-2RB*, M-2SB*, M-2TB* and M-2UB*",M-2UB,*,To Scheduled Maturity Date,no,5,0.00%,0.00%,8.51
Weighted Average Life Tables,140,"Class M-2B, M-2BR, M-2BS, M-2BT, M-2BU, M-2BI, M-2RB*, M-2SB*, M-2TB* and M-2UB*",M-2UB,*,To Scheduled Maturity Date,no,10,0.00%,0.00%,4.81
Weighted Average Life Tables,140,"Class M-2B, M-2BR, M-2BS, M-2BT, M-2BU, M-2BI, M-2RB*, M-2SB*, M-2TB* and M-2UB*",M-2UB,*,To Scheduled Maturity Date,no,15,0.00%,0.00%,3.26
Weighted Average Life Tables,140,"Class M-2B, M-2BR, M-2BS, M-2BT, M-2BU, M-2BI, M-2RB*, M-2SB*, M-2TB* and M-2UB*",M-2UB,*,To Scheduled Maturity Date,no,25,0.00%,0.00%,1.89
Weighted Average Life Tables,140,"Class M-2B, M-2BR, M-2BS, M-2BT, M-2BU, M-2BI, M-2RB*, M-2SB*, M-2TB* and M-2UB*",M-2UB,*,To Scheduled Maturity Date,no,35,0.00%,0.00%,1.28
Weighted Average Life Tables,140,"Class M-2B, M-2BR, M-2BS, M-2BT, M-2BU, M-2BI, M-2RB*, M-2SB*, M-2TB* and M-2UB*",M-2UB,*,To Early Redemption Date,yes,0,0.00%,0.00%,5.02
Weighted Average Life Tables,140,"Class M-2B, M-2BR, M-2BS, M-2BT, M-2BU, M-2BI, M-2RB*, M-2SB*, M-2TB* and M-2UB*",M-2UB,*,To Early Redemption Date,yes,5,0.00%,0.00%,5.02
Weighted Average Life Tables,140,"Class M-2B, M-2BR, M-2BS, M-2BT, M-2BU, M-2BI, M-2RB*, M-2SB*, M-2TB* and M-2UB*",M-2UB,*,To Early Redemption Date,yes,10,0.00%,0.00%,4.79
Weighted Average Life Tables,140,"Class M-2B, M-2BR, M-2BS, M-2BT, M-2BU, M-2BI, M-2RB*, M-2SB*, M-2TB* and M-2UB*",M-2UB,*,To Early Redemption Date,yes,15,0.00%,0.00%,3.26
Weighted Average Life Tables,140,"Class M-2B, M-2BR, M-2BS, M-2BT, M-2BU, M-2BI, M-2RB*, M-2SB*, M-2TB* and M-2UB*",M-2UB,*,To Early Redemption Date,yes,25,0.00%,0.00%,1.89
Weighted Average Life Tables,140,"Class M-2B, M-2BR, M-2BS, M-2BT, M-2BU, M-2BI, M-2RB*, M-2SB*, M-2TB* and M-2UB*",M-2UB,*,To Early Redemption Date,yes,35,0.00%,0.00%,1.28
Weighted Average Life Tables,140,"Class M-2B, M-2BR, M-2BS, M-2BT, M-2BU, M-2BI, M-2RB*, M-2SB*, M-2TB* and M-2UB*",M-2B,,To Scheduled Maturity Date,no,0,0.25%,0.00%,20.02
Weighted Average Life Tables,140,"Class M-2B, M-2BR, M-2BS, M-2BT, M-2BU, M-2BI, M-2RB*, M-2SB*, M-2TB* and M-2UB*",M-2B,,To Scheduled Maturity Date,no,5,0.25%,0.00%,11.99
Weighted Average Life Tables,140,"Class M-2B, M-2BR, M-2BS, M-2BT, M-2BU, M-2BI, M-2RB*, M-2SB*, M-2TB* and M-2UB*",M-2B,,To Scheduled Maturity Date,no,10,0.25%,0.00%,5.89
Weighted Average Life Tables,140,"Class M-2B, M-2BR, M-2BS, M-2BT, M-2BU, M-2BI, M-2RB*, M-2SB*, M-2TB* and M-2UB*",M-2B,,To Scheduled Maturity Date,no,15,0.25%,0.00%,3.75
Weighted Average Life Tables,140,"Class M-2B, M-2BR, M-2BS, M-2BT, M-2BU, M-2BI, M-2RB*, M-2SB*, M-2TB* and M-2UB*",M-2B,,To Scheduled Maturity Date,no,25,0.25%,0.00%,2.10
Weighted Average Life Tables,140,"Class M-2B, M-2BR, M-2BS, M-2BT, M-2BU, M-2BI, M-2RB*, M-2SB*, M-2TB* and M-2UB*",M-2B,,To Scheduled Maturity Date,no,35,0.25%,0.00%,1.38
Weighted Average Life Tables,140,"Class M-2B, M-2BR, M-2BS, M-2BT, M-2BU, M-2BI, M-2RB*, M-2SB*, M-2TB* and M-2UB*",M-2B,,To Early Redemption Date,yes,0,0.25%,0.00%,5.02
Weighted Average Life Tables,140,"Class M-2B, M-2BR, M-2BS, M-2BT, M-2BU, M-2BI, M-2RB*, M-2SB*, M-2TB* and M-2UB*",M-2B,,To Early Redemption Date,yes,5,0.25%,0.00%,5.02
Weighted Average Life Tables,140,"Class M-2B, M-2BR, M-2BS, M-2BT, M-2BU, M-2BI, M-2RB*, M-2SB*, M-2TB* and M-2UB*",M-2B,,To Early Redemption Date,yes,10,0.25%,0.00%,5.02
Weighted Average Life Tables,140,"Class M-2B, M-2BR, M-2BS, M-2BT, M-2BU, M-2BI, M-2RB*, M-2SB*, M-2TB* and M-2UB*",M-2B,,To Early Redemption Date,yes,15,0.25%,0.00%,3.75
Weighted Average Life Tables,140,"Class M-2B, M-2BR, M-2BS, M-2BT, M-2BU, M-2BI, M-2RB*, M-2SB*, M-2TB* and M-2UB*",M-2B,,To Early Redemption Date,yes,25,0.25%,0.00%,2.10
Weighted Average Life Tables,140,"Class M-2B, M-2BR, M-2BS, M-2BT, M-2BU, M-2BI, M-2RB*, M-2SB*, M-2TB* and M-2UB*",M-2B,,To Early Redemption Date,yes,35,0.25%,0.00%,1.38
Weighted Average Life Tables,140,"Class M-2B, M-2BR, M-2BS, M-2BT, M-2BU, M-2BI, M-2RB*, M-2SB*, M-2TB* and M-2UB*",M-2BR,,To Scheduled Maturity Date,no,0,0.25%,0.00%,20.02
Weighted Average Life Tables,140,"Class M-2B, M-2BR, M-2BS, M-2BT, M-2BU, M-2BI, M-2RB*, M-2SB*, M-2TB* and M-2UB*",M-2BR,,To Scheduled Maturity Date,no,5,0.25%,0.00%,11.99
Weighted Average Life Tables,140,"Class M-2B, M-2BR, M-2BS, M-2BT, M-2BU, M-2BI, M-2RB*, M-2SB*, M-2TB* and M-2UB*",M-2BR,,To Scheduled Maturity Date,no,10,0.25%,0.00%,5.89
Weighted Average Life Tables,140,"Class M-2B, M-2BR, M-2BS, M-2BT, M-2BU, M-2BI, M-2RB*, M-2SB*, M-2TB* and M-2UB*",M-2BR,,To Scheduled Maturity Date,no,15,0.25%,0.00%,3.75
Weighted Average Life Tables,140,"Class M-2B, M-2BR, M-2BS, M-2BT, M-2BU, M-2BI, M-2RB*, M-2SB*, M-2TB* and M-2UB*",M-2BR,,To Scheduled Maturity Date,no,25,0.25%,0.00%,2.10
Weighted Average Life Tables,140,"Class M-2B, M-2BR, M-2BS, M-2BT, M-2BU, M-2BI, M-2RB*, M-2SB*, M-2TB* and M-2UB*",M-2BR,,To Scheduled Maturity Date,no,35,0.25%,0.00%,1.38
Weighted Average Life Tables,140,"Class M-2B, M-2BR, M-2BS, M-2BT, M-2BU, M-2BI, M-2RB*, M-2SB*, M-2TB* and M-2UB*",M-2BR,,To Early Redemption Date,yes,0,0.25%,0.00%,5.02
Weighted Average Life Tables,140,"Class M-2B, M-2BR, M-2BS, M-2BT, M-2BU, M-2BI, M-2RB*, M-2SB*, M-2TB* and M-2UB*",M-2BR,,To Early Redemption Date,yes,5,0.25%,0.00%,5.02
Weighted Average Life Tables,140,"Class M-2B, M-2BR, M-2BS, M-2BT, M-2BU, M-2BI, M-2RB*, M-2SB*, M-2TB* and M-2UB*",M-2BR,,To Early Redemption Date,yes,10,0.25%,0.00%,5.02
Weighted Average Life Tables,140,"Class M-2B, M-2BR, M-2BS, M-2BT, M-2BU, M-2BI, M-2RB*, M-2SB*, M-2TB* and M-2UB*",M-2BR,,To Early Redemption Date,yes,15,0.25%,0.00%,3.75
Weighted Average Life Tables,140,"Class M-2B, M-2BR, M-2BS, M-2BT, M-2BU, M-2BI, M-2RB*, M-2SB*, M-2TB* and M-2UB*",M-2BR,,To Early Redemption Date,yes,25,0.25%,0.00%,2.10
Weighted Average Life Tables,140,"Class M-2B, M-2BR, M-2BS, M-2BT, M-2BU, M-2BI, M-2RB*, M-2SB*, M-2TB* and M-2UB*",M-2BR,,To Early Redemption Date,yes,35,0.25%,0.00%,1.38
Weighted Average Life Tables,140,"Class M-2B, M-2BR, M-2BS, M-2BT, M-2BU, M-2BI, M-2RB*, M-2SB*, M-2TB* and M-2UB*",M-2BS,,To Scheduled Maturity Date,no,0,0.25%,0.00%,20.02
Weighted Average Life Tables,140,"Class M-2B, M-2BR, M-2BS, M-2BT, M-2BU, M-2BI, M-2RB*, M-2SB*, M-2TB* and M-2UB*",M-2BS,,To Scheduled Maturity Date,no,5,0.25%,0.00%,11.99
Weighted Average Life Tables,140,"Class M-2B, M-2BR, M-2BS, M-2BT, M-2BU, M-2BI, M-2RB*, M-2SB*, M-2TB* and M-2UB*",M-2BS,,To Scheduled Maturity Date,no,10,0.25%,0.00%,5.89
Weighted Average Life Tables,140,"Class M-2B, M-2BR, M-2BS, M-2BT, M-2BU, M-2BI, M-2RB*, M-2SB*, M-2TB* and M-2UB*",M-2BS,,To Scheduled Maturity Date,no,15,0.25%,0.00%,3.75
Weighted Average Life Tables,140,"Class M-2B, M-2BR, M-2BS, M-2BT, M-2BU, M-2BI, M-2RB*, M-2SB*, M-2TB* and M-2UB*",M-2BS,,To Scheduled Maturity Date,no,25,0.25%,0.00%,2.10
Weighted Average Life Tables,140,"Class M-2B, M-2BR, M-2BS, M-2BT, M-2BU, M-2BI, M-2RB*, M-2SB*, M-2TB* and M-2UB*",M-2BS,,To Scheduled Maturity Date,no,35,0.25%,0.00%,1.38
Weighted Average Life Tables,140,"Class M-2B, M-2BR, M-2BS, M-2BT, M-2BU, M-2BI, M-2RB*, M-2SB*, M-2TB* and M-2UB*",M-2BS,,To Early Redemption Date,yes,0,0.25%,0.00%,5.02
Weighted Average Life Tables,140,"Class M-2B, M-2BR, M-2BS, M-2BT, M-2BU, M-2BI, M-2RB*, M-2SB*, M-2TB* and M-2UB*",M-2BS,,To Early Redemption Date,yes,5,0.25%,0.00%,5.02
Weighted Average Life Tables,140,"Class M-2B, M-2BR, M-2BS, M-2BT, M-2BU, M-2BI, M-2RB*, M-2SB*, M-2TB* and M-2UB*",M-2BS,,To Early Redemption Date,yes,10,0.25%,0.00%,5.02
Weighted Average Life Tables,140,"Class M-2B, M-2BR, M-2BS, M-2BT, M-2BU, M-2BI, M-2RB*, M-2SB*, M-2TB* and M-2UB*",M-2BS,,To Early Redemption Date,yes,15,0.25%,0.00%,3.75
Weighted Average Life Tables,140,"Class M-2B, M-2BR, M-2BS, M-2BT, M-2BU, M-2BI, M-2RB*, M-2SB*, M-2TB* and M-2UB*",M-2BS,,To Early Redemption Date,yes,25,0.25%,0.00%,2.10
Weighted Average Life Tables,140,"Class M-2B, M-2BR, M-2BS, M-2BT, M-2BU, M-2BI, M-2RB*, M-2SB*, M-2TB* and M-2UB*",M-2BS,,To Early Redemption Date,yes,35,0.25%,0.00%,1.38
Weighted Average Life Tables,140,"Class M-2B, M-2BR, M-2BS, M-2BT, M-2BU, M-2BI, M-2RB*, M-2SB*, M-2TB* and M-2UB*",M-2BT,,To Scheduled Maturity Date,no,0,0.25%,0.00%,20.02
Weighted Average Life Tables,140,"Class M-2B, M-2BR, M-2BS, M-2BT, M-2BU, M-2BI, M-2RB*, M-2SB*, M-2TB* and M-2UB*",M-2BT,,To Scheduled Maturity Date,no,5,0.25%,0.00%,11.99
Weighted Average Life Tables,140,"Class M-2B, M-2BR, M-2BS, M-2BT, M-2BU, M-2BI, M-2RB*, M-2SB*, M-2TB* and M-2UB*",M-2BT,,To Scheduled Maturity Date,no,10,0.25%,0.00%,5.89
Weighted Average Life Tables,140,"Class M-2B, M-2BR, M-2BS, M-2BT, M-2BU, M-2BI, M-2RB*, M-2SB*, M-2TB* and M-2UB*",M-2BT,,To Scheduled Maturity Date,no,15,0.25%,0.00%,3.75
Weighted Average Life Tables,140,"Class M-2B, M-2BR, M-2BS, M-2BT, M-2BU, M-2BI, M-2RB*, M-2SB*, M-2TB* and M-2UB*",M-2BT,,To Scheduled Maturity Date,no,25,0.25%,0.00%,2.10
Weighted Average Life Tables,140,"Class M-2B, M-2BR, M-2BS, M-2BT, M-2BU, M-2BI, M-2RB*, M-2SB*, M-2TB* and M-2UB*",M-2BT,,To Scheduled Maturity Date,no,35,0.25%,0.00%,1.38
Weighted Average Life Tables,140,"Class M-2B, M-2BR, M-2BS, M-2BT, M-2BU, M-2BI, M-2RB*, M-2SB*, M-2TB* and M-2UB*",M-2BT,,To Early Redemption Date,yes,0,0.25%,0.00%,5.02
Weighted Average Life Tables,140,"Class M-2B, M-2BR, M-2BS, M-2BT, M-2BU, M-2BI, M-2RB*, M-2SB*, M-2TB* and M-2UB*",M-2BT,,To Early Redemption Date,yes,5,0.25%,0.00%,5.02
Weighted Average Life Tables,140,"Class M-2B, M-2BR, M-2BS, M-2BT, M-2BU, M-2BI, M-2RB*, M-2SB*, M-2TB* and M-2UB*",M-2BT,,To Early Redemption Date,yes,10,0.25%,0.00%,5.02
Weighted Average Life Tables,140,"Class M-2B, M-2BR, M-2BS, M-2BT, M-2BU, M-2BI, M-2RB*, M-2SB*, M-2TB* and M-2UB*",M-2BT,,To Early Redemption Date,yes,15,0.25%,0.00%,3.75
Weighted Average Life Tables,140,"Class M-2B, M-2BR, M-2BS, M-2BT, M-2BU, M-2BI, M-2RB*, M-2SB*, M-2TB* and M-2UB*",M-2BT,,To Early Redemption Date,yes,25,0.25%,0.00%,2.10
Weighted Average Life Tables,140,"Class M-2B, M-2BR, M-2BS, M-2BT, M-2BU, M-2BI, M-2RB*, M-2SB*, M-2TB* and M-2UB*",M-2BT,,To Early Redemption Date,yes,35,0.25%,0.00%,1.38
Weighted Average Life Tables,140,"Class M-2B, M-2BR, M-2BS, M-2BT, M-2BU, M-2BI, M-2RB*, M-2SB*, M-2TB* and M-2UB*",M-2BU,,To Scheduled Maturity Date,no,0,0.25%,0.00%,20.02
Weighted Average Life Tables,140,"Class M-2B, M-2BR, M-2BS, M-2BT, M-2BU, M-2BI, M-2RB*, M-2SB*, M-2TB* and M-2UB*",M-2BU,,To Scheduled Maturity Date,no,5,0.25%,0.00%,11.99
Weighted Average Life Tables,140,"Class M-2B, M-2BR, M-2BS, M-2BT, M-2BU, M-2BI, M-2RB*, M-2SB*, M-2TB* and M-2UB*",M-2BU,,To Scheduled Maturity Date,no,10,0.25%,0.00%,5.89
Weighted Average Life Tables,140,"Class M-2B, M-2BR, M-2BS, M-2BT, M-2BU, M-2BI, M-2RB*, M-2SB*, M-2TB* and M-2UB*",M-2BU,,To Scheduled Maturity Date,no,15,0.25%,0.00%,3.75
Weighted Average Life Tables,140,"Class M-2B, M-2BR, M-2BS, M-2BT, M-2BU, M-2BI, M-2RB*, M-2SB*, M-2TB* and M-2UB*",M-2BU,,To Scheduled Maturity Date,no,25,0.25%,0.00%,2.10
Weighted Average Life Tables,140,"Class M-2B, M-2BR, M-2BS, M-2BT, M-2BU, M-2BI, M-2RB*, M-2SB*, M-2TB* and M-2UB*",M-2BU,,To Scheduled Maturity Date,no,35,0.25%,0.00%,1.38
Weighted Average Life Tables,140,"Class M-2B, M-2BR, M-2BS, M-2BT, M-2BU, M-2BI, M-2RB*, M-2SB*, M-2TB* and M-2UB*",M-2BU,,To Early Redemption Date,yes,0,0.25%,0.00%,5.02
Weighted Average Life Tables,140,"Class M-2B, M-2BR, M-2BS, M-2BT, M-2BU, M-2BI, M-2RB*, M-2SB*, M-2TB* and M-2UB*",M-2BU,,To Early Redemption Date,yes,5,0.25%,0.00%,5.02
Weighted Average Life Tables,140,"Class M-2B, M-2BR, M-2BS, M-2BT, M-2BU, M-2BI, M-2RB*, M-2SB*, M-2TB* and M-2UB*",M-2BU,,To Early Redemption Date,yes,10,0.25%,0.00%,5.02
Weighted Average Life Tables,140,"Class M-2B, M-2BR, M-2BS, M-2BT, M-2BU, M-2BI, M-2RB*, M-2SB*, M-2TB* and M-2UB*",M-2BU,,To Early Redemption Date,yes,15,0.25%,0.00%,3.75
Weighted Average Life Tables,140,"Class M-2B, M-2BR, M-2BS, M-2BT, M-2BU, M-2BI, M-2RB*, M-2SB*, M-2TB* and M-2UB*",M-2BU,,To Early Redemption Date,yes,25,0.25%,0.00%,2.10
Weighted Average Life Tables,140,"Class M-2B, M-2BR, M-2BS, M-2BT, M-2BU, M-2BI, M-2RB*, M-2SB*, M-2TB* and M-2UB*",M-2BU,,To Early Redemption Date,yes,35,0.25%,0.00%,1.38
Weighted Average Life Tables,140,"Class M-2B, M-2BR, M-2BS, M-2BT, M-2BU, M-2BI, M-2RB*, M-2SB*, M-2TB* and M-2UB*",M-2BI,,To Scheduled Maturity Date,no,0,0.25%,0.00%,20.02
Weighted Average Life Tables,140,"Class M-2B, M-2BR, M-2BS, M-2BT, M-2BU, M-2BI, M-2RB*, M-2SB*, M-2TB* and M-2UB*",M-2BI,,To Scheduled Maturity Date,no,5,0.25%,0.00%,11.99
Weighted Average Life Tables,140,"Class M-2B, M-2BR, M-2BS, M-2BT, M-2BU, M-2BI, M-2RB*, M-2SB*, M-2TB* and M-2UB*",M-2BI,,To Scheduled Maturity Date,no,10,0.25%,0.00%,5.89
Weighted Average Life Tables,140,"Class M-2B, M-2BR, M-2BS, M-2BT, M-2BU, M-2BI, M-2RB*, M-2SB*, M-2TB* and M-2UB*",M-2BI,,To Scheduled Maturity Date,no,15,0.25%,0.00%,3.75
Weighted Average Life Tables,140,"Class M-2B, M-2BR, M-2BS, M-2BT, M-2BU, M-2BI, M-2RB*, M-2SB*, M-2TB* and M-2UB*",M-2BI,,To Scheduled Maturity Date,no,25,0.25%,0.00%,2.10
Weighted Average Life Tables,140,"Class M-2B, M-2BR, M-2BS, M-2BT, M-2BU, M-2BI, M-2RB*, M-2SB*, M-2TB* and M-2UB*",M-2BI,,To Scheduled Maturity Date,no,35,0.25%,0.00%,1.38
Weighted Average Life Tables,140,"Class M-2B, M-2BR, M-2BS, M-2BT, M-2BU, M-2BI, M-2RB*, M-2SB*, M-2TB* and M-2UB*",M-2BI,,To Early Redemption Date,yes,0,0.25%,0.00%,5.02
Weighted Average Life Tables,140,"Class M-2B, M-2BR, M-2BS, M-2BT, M-2BU, M-2BI, M-2RB*, M-2SB*, M-2TB* and M-2UB*",M-2BI,,To Early Redemption Date,yes,5,0.25%,0.00%,5.02
Weighted Average Life Tables,140,"Class M-2B, M-2BR, M-2BS, M-2BT, M-2BU, M-2BI, M-2RB*, M-2SB*, M-2TB* and M-2UB*",M-2BI,,To Early Redemption Date,yes,10,0.25%,0.00%,5.02
Weighted Average Life Tables,140,"Class M-2B, M-2BR, M-2BS, M-2BT, M-2BU, M-2BI, M-2RB*, M-2SB*, M-2TB* and M-2UB*",M-2BI,,To Early Redemption Date,yes,15,0.25%,0.00%,3.75
Weighted Average Life Tables,140,"Class M-2B, M-2BR, M-2BS, M-2BT, M-2BU, M-2BI, M-2RB*, M-2SB*, M-2TB* and M-2UB*",M-2BI,,To Early Redemption Date,yes,25,0.25%,0.00%,2.10
Weighted Average Life Tables,140,"Class M-2B, M-2BR, M-2BS, M-2BT, M-2BU, M-2BI, M-2RB*, M-2SB*, M-2TB* and M-2UB*",M-2BI,,To Early Redemption Date,yes,35,0.25%,0.00%,1.38
Weighted Average Life Tables,140,"Class M-2B, M-2BR, M-2BS, M-2BT, M-2BU, M-2BI, M-2RB*, M-2SB*, M-2TB* and M-2UB*",M-2RB,*,To Scheduled Maturity Date,no,0,0.25%,0.00%,20.02
Weighted Average Life Tables,140,"Class M-2B, M-2BR, M-2BS, M-2BT, M-2BU, M-2BI, M-2RB*, M-2SB*, M-2TB* and M-2UB*",M-2RB,*,To Scheduled Maturity Date,no,5,0.25%,0.00%,11.99
Weighted Average Life Tables,140,"Class M-2B, M-2BR, M-2BS, M-2BT, M-2BU, M-2BI, M-2RB*, M-2SB*, M-2TB* and M-2UB*",M-2RB,*,To Scheduled Maturity Date,no,10,0.25%,0.00%,5.89
Weighted Average Life Tables,140,"Class M-2B, M-2BR, M-2BS, M-2BT, M-2BU, M-2BI, M-2RB*, M-2SB*, M-2TB* and M-2UB*",M-2RB,*,To Scheduled Maturity Date,no,15,0.25%,0.00%,3.75
Weighted Average Life Tables,140,"Class M-2B, M-2BR, M-2BS, M-2BT, M-2BU, M-2BI, M-2RB*, M-2SB*, M-2TB* and M-2UB*",M-2RB,*,To Scheduled Maturity Date,no,25,0.25%,0.00%,2.10
Weighted Average Life Tables,140,"Class M-2B, M-2BR, M-2BS, M-2BT, M-2BU, M-2BI, M-2RB*, M-2SB*, M-2TB* and M-2UB*",M-2RB,*,To Scheduled Maturity Date,no,35,0.25%,0.00%,1.38
Weighted Average Life Tables,140,"Class M-2B, M-2BR, M-2BS, M-2BT, M-2BU, M-2BI, M-2RB*, M-2SB*, M-2TB* and M-2UB*",M-2RB,*,To Early Redemption Date,yes,0,0.25%,0.00%,5.02
Weighted Average Life Tables,140,"Class M-2B, M-2BR, M-2BS, M-2BT, M-2BU, M-2BI, M-2RB*, M-2SB*, M-2TB* and M-2UB*",M-2RB,*,To Early Redemption Date,yes,5,0.25%,0.00%,5.02
Weighted Average Life Tables,140,"Class M-2B, M-2BR, M-2BS, M-2BT, M-2BU, M-2BI, M-2RB*, M-2SB*, M-2TB* and M-2UB*",M-2RB,*,To Early Redemption Date,yes,10,0.25%,0.00%,5.02
Weighted Average Life Tables,140,"Class M-2B, M-2BR, M-2BS, M-2BT, M-2BU, M-2BI, M-2RB*, M-2SB*, M-2TB* and M-2UB*",M-2RB,*,To Early Redemption Date,yes,15,0.25%,0.00%,3.75
Weighted Average Life Tables,140,"Class M-2B, M-2BR, M-2BS, M-2BT, M-2BU, M-2BI, M-2RB*, M-2SB*, M-2TB* and M-2UB*",M-2RB,*,To Early Redemption Date,yes,25,0.25%,0.00%,2.10
Weighted Average Life Tables,140,"Class M-2B, M-2BR, M-2BS, M-2BT, M-2BU, M-2BI, M-2RB*, M-2SB*, M-2TB* and M-2UB*",M-2RB,*,To Early Redemption Date,yes,35,0.25%,0.00%,1.38
Weighted Average Life Tables,140,"Class M-2B, M-2BR, M-2BS, M-2BT, M-2BU, M-2BI, M-2RB*, M-2SB*, M-2TB* and M-2UB*",M-2SB,*,To Scheduled Maturity Date,no,0,0.25%,0.00%,20.02
Weighted Average Life Tables,140,"Class M-2B, M-2BR, M-2BS, M-2BT, M-2BU, M-2BI, M-2RB*, M-2SB*, M-2TB* and M-2UB*",M-2SB,*,To Scheduled Maturity Date,no,5,0.25%,0.00%,11.99
Weighted Average Life Tables,140,"Class M-2B, M-2BR, M-2BS, M-2BT, M-2BU, M-2BI, M-2RB*, M-2SB*, M-2TB* and M-2UB*",M-2SB,*,To Scheduled Maturity Date,no,10,0.25%,0.00%,5.89
Weighted Average Life Tables,140,"Class M-2B, M-2BR, M-2BS, M-2BT, M-2BU, M-2BI, M-2RB*, M-2SB*, M-2TB* and M-2UB*",M-2SB,*,To Scheduled Maturity Date,no,15,0.25%,0.00%,3.75
Weighted Average Life Tables,140,"Class M-2B, M-2BR, M-2BS, M-2BT, M-2BU, M-2BI, M-2RB*, M-2SB*, M-2TB* and M-2UB*",M-2SB,*,To Scheduled Maturity Date,no,25,0.25%,0.00%,2.10
Weighted Average Life Tables,140,"Class M-2B, M-2BR, M-2BS, M-2BT, M-2BU, M-2BI, M-2RB*, M-2SB*, M-2TB* and M-2UB*",M-2SB,*,To Scheduled Maturity Date,no,35,0.25%,0.00%,1.38
Weighted Average Life Tables,140,"Class M-2B, M-2BR, M-2BS, M-2BT, M-2BU, M-2BI, M-2RB*, M-2SB*, M-2TB* and M-2UB*",M-2SB,*,To Early Redemption Date,yes,0,0.25%,0.00%,5.02
Weighted Average Life Tables,140,"Class M-2B, M-2BR, M-2BS, M-2BT, M-2BU, M-2BI, M-2RB*, M-2SB*, M-2TB* and M-2UB*",M-2SB,*,To Early Redemption Date,yes,5,0.25%,0.00%,5.02
Weighted Average Life Tables,140,"Class M-2B, M-2BR, M-2BS, M-2BT, M-2BU, M-2BI, M-2RB*, M-2SB*, M-2TB* and M-2UB*",M-2SB,*,To Early Redemption Date,yes,10,0.25%,0.00%,5.02
Weighted Average Life Tables,140,"Class M-2B, M-2BR, M-2BS, M-2BT, M-2BU, M-2BI, M-2RB*, M-2SB*, M-2TB* and M-2UB*",M-2SB,*,To Early Redemption Date,yes,15,0.25%,0.00%,3.75
Weighted Average Life Tables,140,"Class M-2B, M-2BR, M-2BS, M-2BT, M-2BU, M-2BI, M-2RB*, M-2SB*, M-2TB* and M-2UB*",M-2SB,*,To Early Redemption Date,yes,25,0.25%,0.00%,2.10
Weighted Average Life Tables,140,"Class M-2B, M-2BR, M-2BS, M-2BT, M-2BU, M-2BI, M-2RB*, M-2SB*, M-2TB* and M-2UB*",M-2SB,*,To Early Redemption Date,yes,35,0.25%,0.00%,1.38
Weighted Average Life Tables,140,"Class M-2B, M-2BR, M-2BS, M-2BT, M-2BU, M-2BI, M-2RB*, M-2SB*, M-2TB* and M-2UB*",M-2TB,*,To Scheduled Maturity Date,no,0,0.25%,0.00%,20.02
Weighted Average Life Tables,140,"Class M-2B, M-2BR, M-2BS, M-2BT, M-2BU, M-2BI, M-2RB*, M-2SB*, M-2TB* and M-2UB*",M-2TB,*,To Scheduled Maturity Date,no,5,0.25%,0.00%,11.99
Weighted Average Life Tables,140,"Class M-2B, M-2BR, M-2BS, M-2BT, M-2BU, M-2BI, M-2RB*, M-2SB*, M-2TB* and M-2UB*",M-2TB,*,To Scheduled Maturity Date,no,10,0.25%,0.00%,5.89
Weighted Average Life Tables,140,"Class M-2B, M-2BR, M-2BS, M-2BT, M-2BU, M-2BI, M-2RB*, M-2SB*, M-2TB* and M-2UB*",M-2TB,*,To Scheduled Maturity Date,no,15,0.25%,0.00%,3.75
Weighted Average Life Tables,140,"Class M-2B, M-2BR, M-2BS, M-2BT, M-2BU, M-2BI, M-2RB*, M-2SB*, M-2TB* and M-2UB*",M-2TB,*,To Scheduled Maturity Date,no,25,0.25%,0.00%,2.10
Weighted Average Life Tables,140,"Class M-2B, M-2BR, M-2BS, M-2BT, M-2BU, M-2BI, M-2RB*, M-2SB*, M-2TB* and M-2UB*",M-2TB,*,To Scheduled Maturity Date,no,35,0.25%,0.00%,1.38
Weighted Average Life Tables,140,"Class M-2B, M-2BR, M-2BS, M-2BT, M-2BU, M-2BI, M-2RB*, M-2SB*, M-2TB* and M-2UB*",M-2TB,*,To Early Redemption Date,yes,0,0.25%,0.00%,5.02
Weighted Average Life Tables,140,"Class M-2B, M-2BR, M-2BS, M-2BT, M-2BU, M-2BI, M-2RB*, M-2SB*, M-2TB* and M-2UB*",M-2TB,*,To Early Redemption Date,yes,5,0.25%,0.00%,5.02
Weighted Average Life Tables,140,"Class M-2B, M-2BR, M-2BS, M-2BT, M-2BU, M-2BI, M-2RB*, M-2SB*, M-2TB* and M-2UB*",M-2TB,*,To Early Redemption Date,yes,10,0.25%,0.00%,5.02
Weighted Average Life Tables,140,"Class M-2B, M-2BR, M-2BS, M-2BT, M-2BU, M-2BI, M-2RB*, M-2SB*, M-2TB* and M-2UB*",M-2TB,*,To Early Redemption Date,yes,15,0.25%,0.00%,3.75
Weighted Average Life Tables,140,"Class M-2B, M-2BR, M-2BS, M-2BT, M-2BU, M-2BI, M-2RB*, M-2SB*, M-2TB* and M-2UB*",M-2TB,*,To Early Redemption Date,yes,25,0.25%,0.00%,2.10
Weighted Average Life Tables,140,"Class M-2B, M-2BR, M-2BS, M-2BT, M-2BU, M-2BI, M-2RB*, M-2SB*, M-2TB* and M-2UB*",M-2TB,*,To Early Redemption Date,yes,35,0.25%,0.00%,1.38
Weighted Average Life Tables,140,"Class M-2B, M-2BR, M-2BS, M-2BT, M-2BU, M-2BI, M-2RB*, M-2SB*, M-2TB* and M-2UB*",M-2UB,*,To Scheduled Maturity Date,no,0,0.25%,0.00%,20.02
Weighted Average Life Tables,140,"Class M-2B, M-2BR, M-2BS, M-2BT, M-2BU, M-2BI, M-2RB*, M-2SB*, M-2TB* and M-2UB*",M-2UB,*,To Scheduled Maturity Date,no,5,0.25%,0.00%,11.99
Weighted Average Life Tables,140,"Class M-2B, M-2BR, M-2BS, M-2BT, M-2BU, M-2BI, M-2RB*, M-2SB*, M-2TB* and M-2UB*",M-2UB,*,To Scheduled Maturity Date,no,10,0.25%,0.00%,5.89
Weighted Average Life Tables,140,"Class M-2B, M-2BR, M-2BS, M-2BT, M-2BU, M-2BI, M-2RB*, M-2SB*, M-2TB* and M-2UB*",M-2UB,*,To Scheduled Maturity Date,no,15,0.25%,0.00%,3.75
Weighted Average Life Tables,140,"Class M-2B, M-2BR, M-2BS, M-2BT, M-2BU, M-2BI, M-2RB*, M-2SB*, M-2TB* and M-2UB*",M-2UB,*,To Scheduled Maturity Date,no,25,0.25%,0.00%,2.10
Weighted Average Life Tables,140,"Class M-2B, M-2BR, M-2BS, M-2BT, M-2BU, M-2BI, M-2RB*, M-2SB*, M-2TB* and M-2UB*",M-2UB,*,To Scheduled Maturity Date,no,35,0.25%,0.00%,1.38
Weighted Average Life Tables,140,"Class M-2B, M-2BR, M-2BS, M-2BT, M-2BU, M-2BI, M-2RB*, M-2SB*, M-2TB* and M-2UB*",M-2UB,*,To Early Redemption Date,yes,0,0.25%,0.00%,5.02
Weighted Average Life Tables,140,"Class M-2B, M-2BR, M-2BS, M-2BT, M-2BU, M-2BI, M-2RB*, M-2SB*, M-2TB* and M-2UB*",M-2UB,*,To Early Redemption Date,yes,5,0.25%,0.00%,5.02
Weighted Average Life Tables,140,"Class M-2B, M-2BR, M-2BS, M-2BT, M-2BU, M-2BI, M-2RB*, M-2SB*, M-2TB* and M-2UB*",M-2UB,*,To Early Redemption Date,yes,10,0.25%,0.00%,5.02
Weighted Average Life Tables,140,"Class M-2B, M-2BR, M-2BS, M-2BT, M-2BU, M-2BI, M-2RB*, M-2SB*, M-2TB* and M-2UB*",M-2UB,*,To Early Redemption Date,yes,15,0.25%,0.00%,3.75
Weighted Average Life Tables,140,"Class M-2B, M-2BR, M-2BS, M-2BT, M-2BU, M-2BI, M-2RB*, M-2SB*, M-2TB* and M-2UB*",M-2UB,*,To Early Redemption Date,yes,25,0.25%,0.00%,2.10
Weighted Average Life Tables,140,"Class M-2B, M-2BR, M-2BS, M-2BT, M-2BU, M-2BI, M-2RB*, M-2SB*, M-2TB* and M-2UB*",M-2UB,*,To Early Redemption Date,yes,35,0.25%,0.00%,1.38
Weighted Average Life Tables,140,"Class M-2B, M-2BR, M-2BS, M-2BT, M-2BU, M-2BI, M-2RB*, M-2SB*, M-2TB* and M-2UB*",M-2B,,To Scheduled Maturity Date,no,0,0.50%,0.00%,19.83
Weighted Average Life Tables,140,"Class M-2B, M-2BR, M-2BS, M-2BT, M-2BU, M-2BI, M-2RB*, M-2SB*, M-2TB* and M-2UB*",M-2B,,To Scheduled Maturity Date,no,5,0.50%,0.00%,18.71
Weighted Average Life Tables,140,"Class M-2B, M-2BR, M-2BS, M-2BT, M-2BU, M-2BI, M-2RB*, M-2SB*, M-2TB* and M-2UB*",M-2B,,To Scheduled Maturity Date,no,10,0.50%,0.00%,7.54
Weighted Average Life Tables,140,"Class M-2B, M-2BR, M-2BS, M-2BT, M-2BU, M-2BI, M-2RB*, M-2SB*, M-2TB* and M-2UB*",M-2B,,To Scheduled Maturity Date,no,15,0.50%,0.00%,4.36
Weighted Average Life Tables,140,"Class M-2B, M-2BR, M-2BS, M-2BT, M-2BU, M-2BI, M-2RB*, M-2SB*, M-2TB* and M-2UB*",M-2B,,To Scheduled Maturity Date,no,25,0.50%,0.00%,2.33
Weighted Average Life Tables,140,"Class M-2B, M-2BR, M-2BS, M-2BT, M-2BU, M-2BI, M-2RB*, M-2SB*, M-2TB* and M-2UB*",M-2B,,To Scheduled Maturity Date,no,35,0.50%,0.00%,1.57
Weighted Average Life Tables,140,"Class M-2B, M-2BR, M-2BS, M-2BT, M-2BU, M-2BI, M-2RB*, M-2SB*, M-2TB* and M-2UB*",M-2B,,To Early Redemption Date,yes,0,0.50%,0.00%,5.02
Weighted Average Life Tables,140,"Class M-2B, M-2BR, M-2BS, M-2BT, M-2BU, M-2BI, M-2RB*, M-2SB*, M-2TB* and M-2UB*",M-2B,,To Early Redemption Date,yes,5,0.50%,0.00%,5.02
Weighted Average Life Tables,140,"Class M-2B, M-2BR, M-2BS, M-2BT, M-2BU, M-2BI, M-2RB*, M-2SB*, M-2TB* and M-2UB*",M-2B,,To Early Redemption Date,yes,10,0.50%,0.00%,5.02
Weighted Average Life Tables,140,"Class M-2B, M-2BR, M-2BS, M-2BT, M-2BU, M-2BI, M-2RB*, M-2SB*, M-2TB* and M-2UB*",M-2B,,To Early Redemption Date,yes,15,0.50%,0.00%,4.36
Weighted Average Life Tables,140,"Class M-2B, M-2BR, M-2BS, M-2BT, M-2BU, M-2BI, M-2RB*, M-2SB*, M-2TB* and M-2UB*",M-2B,,To Early Redemption Date,yes,25,0.50%,0.00%,2.33
Weighted Average Life Tables,140,"Class M-2B, M-2BR, M-2BS, M-2BT, M-2BU, M-2BI, M-2RB*, M-2SB*, M-2TB* and M-2UB*",M-2B,,To Early Redemption Date,yes,35,0.50%,0.00%,1.57
Weighted Average Life Tables,140,"Class M-2B, M-2BR, M-2BS, M-2BT, M-2BU, M-2BI, M-2RB*, M-2SB*, M-2TB* and M-2UB*",M-2BR,,To Scheduled Maturity Date,no,0,0.50%,0.00%,19.83
Weighted Average Life Tables,140,"Class M-2B, M-2BR, M-2BS, M-2BT, M-2BU, M-2BI, M-2RB*, M-2SB*, M-2TB* and M-2UB*",M-2BR,,To Scheduled Maturity Date,no,5,0.50%,0.00%,18.71
Weighted Average Life Tables,140,"Class M-2B, M-2BR, M-2BS, M-2BT, M-2BU, M-2BI, M-2RB*, M-2SB*, M-2TB* and M-2UB*",M-2BR,,To Scheduled Maturity Date,no,10,0.50%,0.00%,7.54
Weighted Average Life Tables,140,"Class M-2B, M-2BR, M-2BS, M-2BT, M-2BU, M-2BI, M-2RB*, M-2SB*, M-2TB* and M-2UB*",M-2BR,,To Scheduled Maturity Date,no,15,0.50%,0.00%,4.36
Weighted Average Life Tables,140,"Class M-2B, M-2BR, M-2BS, M-2BT, M-2BU, M-2BI, M-2RB*, M-2SB*, M-2TB* and M-2UB*",M-2BR,,To Scheduled Maturity Date,no,25,0.50%,0.00%,2.33
Weighted Average Life Tables,140,"Class M-2B, M-2BR, M-2BS, M-2BT, M-2BU, M-2BI, M-2RB*, M-2SB*, M-2TB* and M-2UB*",M-2BR,,To Scheduled Maturity Date,no,35,0.50%,0.00%,1.57
Weighted Average Life Tables,140,"Class M-2B, M-2BR, M-2BS, M-2BT, M-2BU, M-2BI, M-2RB*, M-2SB*, M-2TB* and M-2UB*",M-2BR,,To Early Redemption Date,yes,0,0.50%,0.00%,5.02
Weighted Average Life Tables,140,"Class M-2B, M-2BR, M-2BS, M-2BT, M-2BU, M-2BI, M-2RB*, M-2SB*, M-2TB* and M-2UB*",M-2BR,,To Early Redemption Date,yes,5,0.50%,0.00%,5.02
Weighted Average Life Tables,140,"Class M-2B, M-2BR, M-2BS, M-2BT, M-2BU, M-2BI, M-2RB*, M-2SB*, M-2TB* and M-2UB*",M-2BR,,To Early Redemption Date,yes,10,0.50%,0.00%,5.02
Weighted Average Life Tables,140,"Class M-2B, M-2BR, M-2BS, M-2BT, M-2BU, M-2BI, M-2RB*, M-2SB*, M-2TB* and M-2UB*",M-2BR,,To Early Redemption Date,yes,15,0.50%,0.00%,4.36
Weighted Average Life Tables,140,"Class M-2B, M-2BR, M-2BS, M-2BT, M-2BU, M-2BI, M-2RB*, M-2SB*, M-2TB* and M-2UB*",M-2BR,,To Early Redemption Date,yes,25,0.50%,0.00%,2.33
Weighted Average Life Tables,140,"Class M-2B, M-2BR, M-2BS, M-2BT, M-2BU, M-2BI, M-2RB*, M-2SB*, M-2TB* and M-2UB*",M-2BR,,To Early Redemption Date,yes,35,0.50%,0.00%,1.57
Weighted Average Life Tables,140,"Class M-2B, M-2BR, M-2BS, M-2BT, M-2BU, M-2BI, M-2RB*, M-2SB*, M-2TB* and M-2UB*",M-2BS,,To Scheduled Maturity Date,no,0,0.50%,0.00%,19.83
Weighted Average Life Tables,140,"Class M-2B, M-2BR, M-2BS, M-2BT, M-2BU, M-2BI, M-2RB*, M-2SB*, M-2TB* and M-2UB*",M-2BS,,To Scheduled Maturity Date,no,5,0.50%,0.00%,18.71
Weighted Average Life Tables,140,"Class M-2B, M-2BR, M-2BS, M-2BT, M-2BU, M-2BI, M-2RB*, M-2SB*, M-2TB* and M-2UB*",M-2BS,,To Scheduled Maturity Date,no,10,0.50%,0.00%,7.54
Weighted Average Life Tables,140,"Class M-2B, M-2BR, M-2BS, M-2BT, M-2BU, M-2BI, M-2RB*, M-2SB*, M-2TB* and M-2UB*",M-2BS,,To Scheduled Maturity Date,no,15,0.50%,0.00%,4.36
Weighted Average Life Tables,140,"Class M-2B, M-2BR, M-2BS, M-2BT, M-2BU, M-2BI, M-2RB*, M-2SB*, M-2TB* and M-2UB*",M-2BS,,To Scheduled Maturity Date,no,25,0.50%,0.00%,2.33
Weighted Average Life Tables,140,"Class M-2B, M-2BR, M-2BS, M-2BT, M-2BU, M-2BI, M-2RB*, M-2SB*, M-2TB* and M-2UB*",M-2BS,,To Scheduled Maturity Date,no,35,0.50%,0.00%,1.57
Weighted Average Life Tables,140,"Class M-2B, M-2BR, M-2BS, M-2BT, M-2BU, M-2BI, M-2RB*, M-2SB*, M-2TB* and M-2UB*",M-2BS,,To Early Redemption Date,yes,0,0.50%,0.00%,5.02
Weighted Average Life Tables,140,"Class M-2B, M-2BR, M-2BS, M-2BT, M-2BU, M-2BI, M-2RB*, M-2SB*, M-2TB* and M-2UB*",M-2BS,,To Early Redemption Date,yes,5,0.50%,0.00%,5.02
Weighted Average Life Tables,140,"Class M-2B, M-2BR, M-2BS, M-2BT, M-2BU, M-2BI, M-2RB*, M-2SB*, M-2TB* and M-2UB*",M-2BS,,To Early Redemption Date,yes,10,0.50%,0.00%,5.02
Weighted Average Life Tables,140,"Class M-2B, M-2BR, M-2BS, M-2BT, M-2BU, M-2BI, M-2RB*, M-2SB*, M-2TB* and M-2UB*",M-2BS,,To Early Redemption Date,yes,15,0.50%,0.00%,4.36
Weighted Average Life Tables,140,"Class M-2B, M-2BR, M-2BS, M-2BT, M-2BU, M-2BI, M-2RB*, M-2SB*, M-2TB* and M-2UB*",M-2BS,,To Early Redemption Date,yes,25,0.50%,0.00%,2.33
Weighted Average Life Tables,140,"Class M-2B, M-2BR, M-2BS, M-2BT, M-2BU, M-2BI, M-2RB*, M-2SB*, M-2TB* and M-2UB*",M-2BS,,To Early Redemption Date,yes,35,0.50%,0.00%,1.57
Weighted Average Life Tables,140,"Class M-2B, M-2BR, M-2BS, M-2BT, M-2BU, M-2BI, M-2RB*, M-2SB*, M-2TB* and M-2UB*",M-2BT,,To Scheduled Maturity Date,no,0,0.50%,0.00%,19.83
Weighted Average Life Tables,140,"Class M-2B, M-2BR, M-2BS, M-2BT, M-2BU, M-2BI, M-2RB*, M-2SB*, M-2TB* and M-2UB*",M-2BT,,To Scheduled Maturity Date,no,5,0.50%,0.00%,18.71
Weighted Average Life Tables,140,"Class M-2B, M-2BR, M-2BS, M-2BT, M-2BU, M-2BI, M-2RB*, M-2SB*, M-2TB* and M-2UB*",M-2BT,,To Scheduled Maturity Date,no,10,0.50%,0.00%,7.54
Weighted Average Life Tables,140,"Class M-2B, M-2BR, M-2BS, M-2BT, M-2BU, M-2BI, M-2RB*, M-2SB*, M-2TB* and M-2UB*",M-2BT,,To Scheduled Maturity Date,no,15,0.50%,0.00%,4.36
Weighted Average Life Tables,140,"Class M-2B, M-2BR, M-2BS, M-2BT, M-2BU, M-2BI, M-2RB*, M-2SB*, M-2TB* and M-2UB*",M-2BT,,To Scheduled Maturity Date,no,25,0.50%,0.00%,2.33
Weighted Average Life Tables,140,"Class M-2B, M-2BR, M-2BS, M-2BT, M-2BU, M-2BI, M-2RB*, M-2SB*, M-2TB* and M-2UB*",M-2BT,,To Scheduled Maturity Date,no,35,0.50%,0.00%,1.57
Weighted Average Life Tables,140,"Class M-2B, M-2BR, M-2BS, M-2BT, M-2BU, M-2BI, M-2RB*, M-2SB*, M-2TB* and M-2UB*",M-2BT,,To Early Redemption Date,yes,0,0.50%,0.00%,5.02
Weighted Average Life Tables,140,"Class M-2B, M-2BR, M-2BS, M-2BT, M-2BU, M-2BI, M-2RB*, M-2SB*, M-2TB* and M-2UB*",M-2BT,,To Early Redemption Date,yes,5,0.50%,0.00%,5.02
Weighted Average Life Tables,140,"Class M-2B, M-2BR, M-2BS, M-2BT, M-2BU, M-2BI, M-2RB*, M-2SB*, M-2TB* and M-2UB*",M-2BT,,To Early Redemption Date,yes,10,0.50%,0.00%,5.02
Weighted Average Life Tables,140,"Class M-2B, M-2BR, M-2BS, M-2BT, M-2BU, M-2BI, M-2RB*, M-2SB*, M-2TB* and M-2UB*",M-2BT,,To Early Redemption Date,yes,15,0.50%,0.00%,4.36
Weighted Average Life Tables,140,"Class M-2B, M-2BR, M-2BS, M-2BT, M-2BU, M-2BI, M-2RB*, M-2SB*, M-2TB* and M-2UB*",M-2BT,,To Early Redemption Date,yes,25,0.50%,0.00%,2.33
Weighted Average Life Tables,140,"Class M-2B, M-2BR, M-2BS, M-2BT, M-2BU, M-2BI, M-2RB*, M-2SB*, M-2TB* and M-2UB*",M-2BT,,To Early Redemption Date,yes,35,0.50%,0.00%,1.57
Weighted Average Life Tables,140,"Class M-2B, M-2BR, M-2BS, M-2BT, M-2BU, M-2BI, M-2RB*, M-2SB*, M-2TB* and M-2UB*",M-2BU,,To Scheduled Maturity Date,no,0,0.50%,0.00%,19.83
Weighted Average Life Tables,140,"Class M-2B, M-2BR, M-2BS, M-2BT, M-2BU, M-2BI, M-2RB*, M-2SB*, M-2TB* and M-2UB*",M-2BU,,To Scheduled Maturity Date,no,5,0.50%,0.00%,18.71
Weighted Average Life Tables,140,"Class M-2B, M-2BR, M-2BS, M-2BT, M-2BU, M-2BI, M-2RB*, M-2SB*, M-2TB* and M-2UB*",M-2BU,,To Scheduled Maturity Date,no,10,0.50%,0.00%,7.54
Weighted Average Life Tables,140,"Class M-2B, M-2BR, M-2BS, M-2BT, M-2BU, M-2BI, M-2RB*, M-2SB*, M-2TB* and M-2UB*",M-2BU,,To Scheduled Maturity Date,no,15,0.50%,0.00%,4.36
Weighted Average Life Tables,140,"Class M-2B, M-2BR, M-2BS, M-2BT, M-2BU, M-2BI, M-2RB*, M-2SB*, M-2TB* and M-2UB*",M-2BU,,To Scheduled Maturity Date,no,25,0.50%,0.00%,2.33
Weighted Average Life Tables,140,"Class M-2B, M-2BR, M-2BS, M-2BT, M-2BU, M-2BI, M-2RB*, M-2SB*, M-2TB* and M-2UB*",M-2BU,,To Scheduled Maturity Date,no,35,0.50%,0.00%,1.57
Weighted Average Life Tables,140,"Class M-2B, M-2BR, M-2BS, M-2BT, M-2BU, M-2BI, M-2RB*, M-2SB*, M-2TB* and M-2UB*",M-2BU,,To Early Redemption Date,yes,0,0.50%,0.00%,5.02
Weighted Average Life Tables,140,"Class M-2B, M-2BR, M-2BS, M-2BT, M-2BU, M-2BI, M-2RB*, M-2SB*, M-2TB* and M-2UB*",M-2BU,,To Early Redemption Date,yes,5,0.50%,0.00%,5.02
Weighted Average Life Tables,140,"Class M-2B, M-2BR, M-2BS, M-2BT, M-2BU, M-2BI, M-2RB*, M-2SB*, M-2TB* and M-2UB*",M-2BU,,To Early Redemption Date,yes,10,0.50%,0.00%,5.02
Weighted Average Life Tables,140,"Class M-2B, M-2BR, M-2BS, M-2BT, M-2BU, M-2BI, M-2RB*, M-2SB*, M-2TB* and M-2UB*",M-2BU,,To Early Redemption Date,yes,15,0.50%,0.00%,4.36
Weighted Average Life Tables,140,"Class M-2B, M-2BR, M-2BS, M-2BT, M-2BU, M-2BI, M-2RB*, M-2SB*, M-2TB* and M-2UB*",M-2BU,,To Early Redemption Date,yes,25,0.50%,0.00%,2.33
Weighted Average Life Tables,140,"Class M-2B, M-2BR, M-2BS, M-2BT, M-2BU, M-2BI, M-2RB*, M-2SB*, M-2TB* and M-2UB*",M-2BU,,To Early Redemption Date,yes,35,0.50%,0.00%,1.57
Weighted Average Life Tables,140,"Class M-2B, M-2BR, M-2BS, M-2BT, M-2BU, M-2BI, M-2RB*, M-2SB*, M-2TB* and M-2UB*",M-2BI,,To Scheduled Maturity Date,no,0,0.50%,0.00%,19.83
Weighted Average Life Tables,140,"Class M-2B, M-2BR, M-2BS, M-2BT, M-2BU, M-2BI, M-2RB*, M-2SB*, M-2TB* and M-2UB*",M-2BI,,To Scheduled Maturity Date,no,5,0.50%,0.00%,18.71
Weighted Average Life Tables,140,"Class M-2B, M-2BR, M-2BS, M-2BT, M-2BU, M-2BI, M-2RB*, M-2SB*, M-2TB* and M-2UB*",M-2BI,,To Scheduled Maturity Date,no,10,0.50%,0.00%,7.54
Weighted Average Life Tables,140,"Class M-2B, M-2BR, M-2BS, M-2BT, M-2BU, M-2BI, M-2RB*, M-2SB*, M-2TB* and M-2UB*",M-2BI,,To Scheduled Maturity Date,no,15,0.50%,0.00%,4.36
Weighted Average Life Tables,140,"Class M-2B, M-2BR, M-2BS, M-2BT, M-2BU, M-2BI, M-2RB*, M-2SB*, M-2TB* and M-2UB*",M-2BI,,To Scheduled Maturity Date,no,25,0.50%,0.00%,2.33
Weighted Average Life Tables,140,"Class M-2B, M-2BR, M-2BS, M-2BT, M-2BU, M-2BI, M-2RB*, M-2SB*, M-2TB* and M-2UB*",M-2BI,,To Scheduled Maturity Date,no,35,0.50%,0.00%,1.57
Weighted Average Life Tables,140,"Class M-2B, M-2BR, M-2BS, M-2BT, M-2BU, M-2BI, M-2RB*, M-2SB*, M-2TB* and M-2UB*",M-2BI,,To Early Redemption Date,yes,0,0.50%,0.00%,5.02
Weighted Average Life Tables,140,"Class M-2B, M-2BR, M-2BS, M-2BT, M-2BU, M-2BI, M-2RB*, M-2SB*, M-2TB* and M-2UB*",M-2BI,,To Early Redemption Date,yes,5,0.50%,0.00%,5.02
Weighted Average Life Tables,140,"Class M-2B, M-2BR, M-2BS, M-2BT, M-2BU, M-2BI, M-2RB*, M-2SB*, M-2TB* and M-2UB*",M-2BI,,To Early Redemption Date,yes,10,0.50%,0.00%,5.02
Weighted Average Life Tables,140,"Class M-2B, M-2BR, M-2BS, M-2BT, M-2BU, M-2BI, M-2RB*, M-2SB*, M-2TB* and M-2UB*",M-2BI,,To Early Redemption Date,yes,15,0.50%,0.00%,4.36
Weighted Average Life Tables,140,"Class M-2B, M-2BR, M-2BS, M-2BT, M-2BU, M-2BI, M-2RB*, M-2SB*, M-2TB* and M-2UB*",M-2BI,,To Early Redemption Date,yes,25,0.50%,0.00%,2.33
Weighted Average Life Tables,140,"Class M-2B, M-2BR, M-2BS, M-2BT, M-2BU, M-2BI, M-2RB*, M-2SB*, M-2TB* and M-2UB*",M-2BI,,To Early Redemption Date,yes,35,0.50%,0.00%,1.57
Weighted Average Life Tables,140,"Class M-2B, M-2BR, M-2BS, M-2BT, M-2BU, M-2BI, M-2RB*, M-2SB*, M-2TB* and M-2UB*",M-2RB,*,To Scheduled Maturity Date,no,0,0.50%,0.00%,19.83
Weighted Average Life Tables,140,"Class M-2B, M-2BR, M-2BS, M-2BT, M-2BU, M-2BI, M-2RB*, M-2SB*, M-2TB* and M-2UB*",M-2RB,*,To Scheduled Maturity Date,no,5,0.50%,0.00%,18.71
Weighted Average Life Tables,140,"Class M-2B, M-2BR, M-2BS, M-2BT, M-2BU, M-2BI, M-2RB*, M-2SB*, M-2TB* and M-2UB*",M-2RB,*,To Scheduled Maturity Date,no,10,0.50%,0.00%,7.54
Weighted Average Life Tables,140,"Class M-2B, M-2BR, M-2BS, M-2BT, M-2BU, M-2BI, M-2RB*, M-2SB*, M-2TB* and M-2UB*",M-2RB,*,To Scheduled Maturity Date,no,15,0.50%,0.00%,4.36
Weighted Average Life Tables,140,"Class M-2B, M-2BR, M-2BS, M-2BT, M-2BU, M-2BI, M-2RB*, M-2SB*, M-2TB* and M-2UB*",M-2RB,*,To Scheduled Maturity Date,no,25,0.50%,0.00%,2.33
Weighted Average Life Tables,140,"Class M-2B, M-2BR, M-2BS, M-2BT, M-2BU, M-2BI, M-2RB*, M-2SB*, M-2TB* and M-2UB*",M-2RB,*,To Scheduled Maturity Date,no,35,0.50%,0.00%,1.57
Weighted Average Life Tables,140,"Class M-2B, M-2BR, M-2BS, M-2BT, M-2BU, M-2BI, M-2RB*, M-2SB*, M-2TB* and M-2UB*",M-2RB,*,To Early Redemption Date,yes,0,0.50%,0.00%,5.02
Weighted Average Life Tables,140,"Class M-2B, M-2BR, M-2BS, M-2BT, M-2BU, M-2BI, M-2RB*, M-2SB*, M-2TB* and M-2UB*",M-2RB,*,To Early Redemption Date,yes,5,0.50%,0.00%,5.02
Weighted Average Life Tables,140,"Class M-2B, M-2BR, M-2BS, M-2BT, M-2BU, M-2BI, M-2RB*, M-2SB*, M-2TB* and M-2UB*",M-2RB,*,To Early Redemption Date,yes,10,0.50%,0.00%,5.02
Weighted Average Life Tables,140,"Class M-2B, M-2BR, M-2BS, M-2BT, M-2BU, M-2BI, M-2RB*, M-2SB*, M-2TB* and M-2UB*",M-2RB,*,To Early Redemption Date,yes,15,0.50%,0.00%,4.36
Weighted Average Life Tables,140,"Class M-2B, M-2BR, M-2BS, M-2BT, M-2BU, M-2BI, M-2RB*, M-2SB*, M-2TB* and M-2UB*",M-2RB,*,To Early Redemption Date,yes,25,0.50%,0.00%,2.33
Weighted Average Life Tables,140,"Class M-2B, M-2BR, M-2BS, M-2BT, M-2BU, M-2BI, M-2RB*, M-2SB*, M-2TB* and M-2UB*",M-2RB,*,To Early Redemption Date,yes,35,0.50%,0.00%,1.57
Weighted Average Life Tables,140,"Class M-2B, M-2BR, M-2BS, M-2BT, M-2BU, M-2BI, M-2RB*, M-2SB*, M-2TB* and M-2UB*",M-2SB,*,To Scheduled Maturity Date,no,0,0.50%,0.00%,19.83
Weighted Average Life Tables,140,"Class M-2B, M-2BR, M-2BS, M-2BT, M-2BU, M-2BI, M-2RB*, M-2SB*, M-2TB* and M-2UB*",M-2SB,*,To Scheduled Maturity Date,no,5,0.50%,0.00%,18.71
Weighted Average Life Tables,140,"Class M-2B, M-2BR, M-2BS, M-2BT, M-2BU, M-2BI, M-2RB*, M-2SB*, M-2TB* and M-2UB*",M-2SB,*,To Scheduled Maturity Date,no,10,0.50%,0.00%,7.54
Weighted Average Life Tables,140,"Class M-2B, M-2BR, M-2BS, M-2BT, M-2BU, M-2BI, M-2RB*, M-2SB*, M-2TB* and M-2UB*",M-2SB,*,To Scheduled Maturity Date,no,15,0.50%,0.00%,4.36
Weighted Average Life Tables,140,"Class M-2B, M-2BR, M-2BS, M-2BT, M-2BU, M-2BI, M-2RB*, M-2SB*, M-2TB* and M-2UB*",M-2SB,*,To Scheduled Maturity Date,no,25,0.50%,0.00%,2.33
Weighted Average Life Tables,140,"Class M-2B, M-2BR, M-2BS, M-2BT, M-2BU, M-2BI, M-2RB*, M-2SB*, M-2TB* and M-2UB*",M-2SB,*,To Scheduled Maturity Date,no,35,0.50%,0.00%,1.57
Weighted Average Life Tables,140,"Class M-2B, M-2BR, M-2BS, M-2BT, M-2BU, M-2BI, M-2RB*, M-2SB*, M-2TB* and M-2UB*",M-2SB,*,To Early Redemption Date,yes,0,0.50%,0.00%,5.02
Weighted Average Life Tables,140,"Class M-2B, M-2BR, M-2BS, M-2BT, M-2BU, M-2BI, M-2RB*, M-2SB*, M-2TB* and M-2UB*",M-2SB,*,To Early Redemption Date,yes,5,0.50%,0.00%,5.02
Weighted Average Life Tables,140,"Class M-2B, M-2BR, M-2BS, M-2BT, M-2BU, M-2BI, M-2RB*, M-2SB*, M-2TB* and M-2UB*",M-2SB,*,To Early Redemption Date,yes,10,0.50%,0.00%,5.02
Weighted Average Life Tables,140,"Class M-2B, M-2BR, M-2BS, M-2BT, M-2BU, M-2BI, M-2RB*, M-2SB*, M-2TB* and M-2UB*",M-2SB,*,To Early Redemption Date,yes,15,0.50%,0.00%,4.36
Weighted Average Life Tables,140,"Class M-2B, M-2BR, M-2BS, M-2BT, M-2BU, M-2BI, M-2RB*, M-2SB*, M-2TB* and M-2UB*",M-2SB,*,To Early Redemption Date,yes,25,0.50%,0.00%,2.33
Weighted Average Life Tables,140,"Class M-2B, M-2BR, M-2BS, M-2BT, M-2BU, M-2BI, M-2RB*, M-2SB*, M-2TB* and M-2UB*",M-2SB,*,To Early Redemption Date,yes,35,0.50%,0.00%,1.57
Weighted Average Life Tables,140,"Class M-2B, M-2BR, M-2BS, M-2BT, M-2BU, M-2BI, M-2RB*, M-2SB*, M-2TB* and M-2UB*",M-2TB,*,To Scheduled Maturity Date,no,0,0.50%,0.00%,19.83
Weighted Average Life Tables,140,"Class M-2B, M-2BR, M-2BS, M-2BT, M-2BU, M-2BI, M-2RB*, M-2SB*, M-2TB* and M-2UB*",M-2TB,*,To Scheduled Maturity Date,no,5,0.50%,0.00%,18.71
Weighted Average Life Tables,140,"Class M-2B, M-2BR, M-2BS, M-2BT, M-2BU, M-2BI, M-2RB*, M-2SB*, M-2TB* and M-2UB*",M-2TB,*,To Scheduled Maturity Date,no,10,0.50%,0.00%,7.54
Weighted Average Life Tables,140,"Class M-2B, M-2BR, M-2BS, M-2BT, M-2BU, M-2BI, M-2RB*, M-2SB*, M-2TB* and M-2UB*",M-2TB,*,To Scheduled Maturity Date,no,15,0.50%,0.00%,4.36
Weighted Average Life Tables,140,"Class M-2B, M-2BR, M-2BS, M-2BT, M-2BU, M-2BI, M-2RB*, M-2SB*, M-2TB* and M-2UB*",M-2TB,*,To Scheduled Maturity Date,no,25,0.50%,0.00%,2.33
Weighted Average Life Tables,140,"Class M-2B, M-2BR, M-2BS, M-2BT, M-2BU, M-2BI, M-2RB*, M-2SB*, M-2TB* and M-2UB*",M-2TB,*,To Scheduled Maturity Date,no,35,0.50%,0.00%,1.57
Weighted Average Life Tables,140,"Class M-2B, M-2BR, M-2BS, M-2BT, M-2BU, M-2BI, M-2RB*, M-2SB*, M-2TB* and M-2UB*",M-2TB,*,To Early Redemption Date,yes,0,0.50%,0.00%,5.02
Weighted Average Life Tables,140,"Class M-2B, M-2BR, M-2BS, M-2BT, M-2BU, M-2BI, M-2RB*, M-2SB*, M-2TB* and M-2UB*",M-2TB,*,To Early Redemption Date,yes,5,0.50%,0.00%,5.02
Weighted Average Life Tables,140,"Class M-2B, M-2BR, M-2BS, M-2BT, M-2BU, M-2BI, M-2RB*, M-2SB*, M-2TB* and M-2UB*",M-2TB,*,To Early Redemption Date,yes,10,0.50%,0.00%,5.02
Weighted Average Life Tables,140,"Class M-2B, M-2BR, M-2BS, M-2BT, M-2BU, M-2BI, M-2RB*, M-2SB*, M-2TB* and M-2UB*",M-2TB,*,To Early Redemption Date,yes,15,0.50%,0.00%,4.36
Weighted Average Life Tables,140,"Class M-2B, M-2BR, M-2BS, M-2BT, M-2BU, M-2BI, M-2RB*, M-2SB*, M-2TB* and M-2UB*",M-2TB,*,To Early Redemption Date,yes,25,0.50%,0.00%,2.33
Weighted Average Life Tables,140,"Class M-2B, M-2BR, M-2BS, M-2BT, M-2BU, M-2BI, M-2RB*, M-2SB*, M-2TB* and M-2UB*",M-2TB,*,To Early Redemption Date,yes,35,0.50%,0.00%,1.57
Weighted Average Life Tables,140,"Class M-2B, M-2BR, M-2BS, M-2BT, M-2BU, M-2BI, M-2RB*, M-2SB*, M-2TB* and M-2UB*",M-2UB,*,To Scheduled Maturity Date,no,0,0.50%,0.00%,19.83
Weighted Average Life Tables,140,"Class M-2B, M-2BR, M-2BS, M-2BT, M-2BU, M-2BI, M-2RB*, M-2SB*, M-2TB* and M-2UB*",M-2UB,*,To Scheduled Maturity Date,no,5,0.50%,0.00%,18.71
Weighted Average Life Tables,140,"Class M-2B, M-2BR, M-2BS, M-2BT, M-2BU, M-2BI, M-2RB*, M-2SB*, M-2TB* and M-2UB*",M-2UB,*,To Scheduled Maturity Date,no,10,0.50%,0.00%,7.54
Weighted Average Life Tables,140,"Class M-2B, M-2BR, M-2BS, M-2BT, M-2BU, M-2BI, M-2RB*, M-2SB*, M-2TB* and M-2UB*",M-2UB,*,To Scheduled Maturity Date,no,15,0.50%,0.00%,4.36
Weighted Average Life Tables,140,"Class M-2B, M-2BR, M-2BS, M-2BT, M-2BU, M-2BI, M-2RB*, M-2SB*, M-2TB* and M-2UB*",M-2UB,*,To Scheduled Maturity Date,no,25,0.50%,0.00%,2.33
Weighted Average Life Tables,140,"Class M-2B, M-2BR, M-2BS, M-2BT, M-2BU, M-2BI, M-2RB*, M-2SB*, M-2TB* and M-2UB*",M-2UB,*,To Scheduled Maturity Date,no,35,0.50%,0.00%,1.57
Weighted Average Life Tables,140,"Class M-2B, M-2BR, M-2BS, M-2BT, M-2BU, M-2BI, M-2RB*, M-2SB*, M-2TB* and M-2UB*",M-2UB,*,To Early Redemption Date,yes,0,0.50%,0.00%,5.02
Weighted Average Life Tables,140,"Class M-2B, M-2BR, M-2BS, M-2BT, M-2BU, M-2BI, M-2RB*, M-2SB*, M-2TB* and M-2UB*",M-2UB,*,To Early Redemption Date,yes,5,0.50%,0.00%,5.02
Weighted Average Life Tables,140,"Class M-2B, M-2BR, M-2BS, M-2BT, M-2BU, M-2BI, M-2RB*, M-2SB*, M-2TB* and M-2UB*",M-2UB,*,To Early Redemption Date,yes,10,0.50%,0.00%,5.02
Weighted Average Life Tables,140,"Class M-2B, M-2BR, M-2BS, M-2BT, M-2BU, M-2BI, M-2RB*, M-2SB*, M-2TB* and M-2UB*",M-2UB,*,To Early Redemption Date,yes,15,0.50%,0.00%,4.36
Weighted Average Life Tables,140,"Class M-2B, M-2BR, M-2BS, M-2BT, M-2BU, M-2BI, M-2RB*, M-2SB*, M-2TB* and M-2UB*",M-2UB,*,To Early Redemption Date,yes,25,0.50%,0.00%,2.33
Weighted Average Life Tables,140,"Class M-2B, M-2BR, M-2BS, M-2BT, M-2BU, M-2BI, M-2RB*, M-2SB*, M-2TB* and M-2UB*",M-2UB,*,To Early Redemption Date,yes,35,0.50%,0.00%,1.57
Weighted Average Life Tables,140,"Class M-2B, M-2BR, M-2BS, M-2BT, M-2BU, M-2BI, M-2RB*, M-2SB*, M-2TB* and M-2UB*",M-2B,,To Scheduled Maturity Date,no,0,1.00%,0.00%,8.75
Weighted Average Life Tables,140,"Class M-2B, M-2BR, M-2BS, M-2BT, M-2BU, M-2BI, M-2RB*, M-2SB*, M-2TB* and M-2UB*",M-2B,,To Scheduled Maturity Date,no,5,1.00%,0.00%,12.10
Weighted Average Life Tables,140,"Class M-2B, M-2BR, M-2BS, M-2BT, M-2BU, M-2BI, M-2RB*, M-2SB*, M-2TB* and M-2UB*",M-2B,,To Scheduled Maturity Date,no,10,1.00%,0.00%,20.02
Weighted Average Life Tables,140,"Class M-2B, M-2BR, M-2BS, M-2BT, M-2BU, M-2BI, M-2RB*, M-2SB*, M-2TB* and M-2UB*",M-2B,,To Scheduled Maturity Date,no,15,1.00%,0.00%,14.46
Weighted Average Life Tables,140,"Class M-2B, M-2BR, M-2BS, M-2BT, M-2BU, M-2BI, M-2RB*, M-2SB*, M-2TB* and M-2UB*",M-2B,,To Scheduled Maturity Date,no,25,1.00%,0.00%,8.18
Weighted Average Life Tables,140,"Class M-2B, M-2BR, M-2BS, M-2BT, M-2BU, M-2BI, M-2RB*, M-2SB*, M-2TB* and M-2UB*",M-2B,,To Scheduled Maturity Date,no,35,1.00%,0.00%,5.33
Weighted Average Life Tables,140,"Class M-2B, M-2BR, M-2BS, M-2BT, M-2BU, M-2BI, M-2RB*, M-2SB*, M-2TB* and M-2UB*",M-2B,,To Early Redemption Date,yes,0,1.00%,0.00%,5.02
Weighted Average Life Tables,140,"Class M-2B, M-2BR, M-2BS, M-2BT, M-2BU, M-2BI, M-2RB*, M-2SB*, M-2TB* and M-2UB*",M-2B,,To Early Redemption Date,yes,5,1.00%,0.00%,5.02
Weighted Average Life Tables,140,"Class M-2B, M-2BR, M-2BS, M-2BT, M-2BU, M-2BI, M-2RB*, M-2SB*, M-2TB* and M-2UB*",M-2B,,To Early Redemption Date,yes,10,1.00%,0.00%,5.02
Weighted Average Life Tables,140,"Class M-2B, M-2BR, M-2BS, M-2BT, M-2BU, M-2BI, M-2RB*, M-2SB*, M-2TB* and M-2UB*",M-2B,,To Early Redemption Date,yes,15,1.00%,0.00%,5.02
Weighted Average Life Tables,140,"Class M-2B, M-2BR, M-2BS, M-2BT, M-2BU, M-2BI, M-2RB*, M-2SB*, M-2TB* and M-2UB*",M-2B,,To Early Redemption Date,yes,25,1.00%,0.00%,5.02
Weighted Average Life Tables,140,"Class M-2B, M-2BR, M-2BS, M-2BT, M-2BU, M-2BI, M-2RB*, M-2SB*, M-2TB* and M-2UB*",M-2B,,To Early Redemption Date,yes,35,1.00%,0.00%,5.02
Weighted Average Life Tables,140,"Class M-2B, M-2BR, M-2BS, M-2BT, M-2BU, M-2BI, M-2RB*, M-2SB*, M-2TB* and M-2UB*",M-2BR,,To Scheduled Maturity Date,no,0,1.00%,0.00%,8.75
Weighted Average Life Tables,140,"Class M-2B, M-2BR, M-2BS, M-2BT, M-2BU, M-2BI, M-2RB*, M-2SB*, M-2TB* and M-2UB*",M-2BR,,To Scheduled Maturity Date,no,5,1.00%,0.00%,12.10
Weighted Average Life Tables,140,"Class M-2B, M-2BR, M-2BS, M-2BT, M-2BU, M-2BI, M-2RB*, M-2SB*, M-2TB* and M-2UB*",M-2BR,,To Scheduled Maturity Date,no,10,1.00%,0.00%,20.02
Weighted Average Life Tables,140,"Class M-2B, M-2BR, M-2BS, M-2BT, M-2BU, M-2BI, M-2RB*, M-2SB*, M-2TB* and M-2UB*",M-2BR,,To Scheduled Maturity Date,no,15,1.00%,0.00%,14.46
Weighted Average Life Tables,140,"Class M-2B, M-2BR, M-2BS, M-2BT, M-2BU, M-2BI, M-2RB*, M-2SB*, M-2TB* and M-2UB*",M-2BR,,To Scheduled Maturity Date,no,25,1.00%,0.00%,8.18
Weighted Average Life Tables,140,"Class M-2B, M-2BR, M-2BS, M-2BT, M-2BU, M-2BI, M-2RB*, M-2SB*, M-2TB* and M-2UB*",M-2BR,,To Scheduled Maturity Date,no,35,1.00%,0.00%,5.33
Weighted Average Life Tables,140,"Class M-2B, M-2BR, M-2BS, M-2BT, M-2BU, M-2BI, M-2RB*, M-2SB*, M-2TB* and M-2UB*",M-2BR,,To Early Redemption Date,yes,0,1.00%,0.00%,5.02
Weighted Average Life Tables,140,"Class M-2B, M-2BR, M-2BS, M-2BT, M-2BU, M-2BI, M-2RB*, M-2SB*, M-2TB* and M-2UB*",M-2BR,,To Early Redemption Date,yes,5,1.00%,0.00%,5.02
Weighted Average Life Tables,140,"Class M-2B, M-2BR, M-2BS, M-2BT, M-2BU, M-2BI, M-2RB*, M-2SB*, M-2TB* and M-2UB*",M-2BR,,To Early Redemption Date,yes,10,1.00%,0.00%,5.02
Weighted Average Life Tables,140,"Class M-2B, M-2BR, M-2BS, M-2BT, M-2BU, M-2BI, M-2RB*, M-2SB*, M-2TB* and M-2UB*",M-2BR,,To Early Redemption Date,yes,15,1.00%,0.00%,5.02
Weighted Average Life Tables,140,"Class M-2B, M-2BR, M-2BS, M-2BT, M-2BU, M-2BI, M-2RB*, M-2SB*, M-2TB* and M-2UB*",M-2BR,,To Early Redemption Date,yes,25,1.00%,0.00%,5.02
Weighted Average Life Tables,140,"Class M-2B, M-2BR, M-2BS, M-2BT, M-2BU, M-2BI, M-2RB*, M-2SB*, M-2TB* and M-2UB*",M-2BR,,To Early Redemption Date,yes,35,1.00%,0.00%,5.02
Weighted Average Life Tables,140,"Class M-2B, M-2BR, M-2BS, M-2BT, M-2BU, M-2BI, M-2RB*, M-2SB*, M-2TB* and M-2UB*",M-2BS,,To Scheduled Maturity Date,no,0,1.00%,0.00%,8.75
Weighted Average Life Tables,140,"Class M-2B, M-2BR, M-2BS, M-2BT, M-2BU, M-2BI, M-2RB*, M-2SB*, M-2TB* and M-2UB*",M-2BS,,To Scheduled Maturity Date,no,5,1.00%,0.00%,12.10
Weighted Average Life Tables,140,"Class M-2B, M-2BR, M-2BS, M-2BT, M-2BU, M-2BI, M-2RB*, M-2SB*, M-2TB* and M-2UB*",M-2BS,,To Scheduled Maturity Date,no,10,1.00%,0.00%,20.02
Weighted Average Life Tables,140,"Class M-2B, M-2BR, M-2BS, M-2BT, M-2BU, M-2BI, M-2RB*, M-2SB*, M-2TB* and M-2UB*",M-2BS,,To Scheduled Maturity Date,no,15,1.00%,0.00%,14.46
Weighted Average Life Tables,140,"Class M-2B, M-2BR, M-2BS, M-2BT, M-2BU, M-2BI, M-2RB*, M-2SB*, M-2TB* and M-2UB*",M-2BS,,To Scheduled Maturity Date,no,25,1.00%,0.00%,8.18
Weighted Average Life Tables,140,"Class M-2B, M-2BR, M-2BS, M-2BT, M-2BU, M-2BI, M-2RB*, M-2SB*, M-2TB* and M-2UB*",M-2BS,,To Scheduled Maturity Date,no,35,1.00%,0.00%,5.33
Weighted Average Life Tables,140,"Class M-2B, M-2BR, M-2BS, M-2BT, M-2BU, M-2BI, M-2RB*, M-2SB*, M-2TB* and M-2UB*",M-2BS,,To Early Redemption Date,yes,0,1.00%,0.00%,5.02
Weighted Average Life Tables,140,"Class M-2B, M-2BR, M-2BS, M-2BT, M-2BU, M-2BI, M-2RB*, M-2SB*, M-2TB* and M-2UB*",M-2BS,,To Early Redemption Date,yes,5,1.00%,0.00%,5.02
Weighted Average Life Tables,140,"Class M-2B, M-2BR, M-2BS, M-2BT, M-2BU, M-2BI, M-2RB*, M-2SB*, M-2TB* and M-2UB*",M-2BS,,To Early Redemption Date,yes,10,1.00%,0.00%,5.02
Weighted Average Life Tables,140,"Class M-2B, M-2BR, M-2BS, M-2BT, M-2BU, M-2BI, M-2RB*, M-2SB*, M-2TB* and M-2UB*",M-2BS,,To Early Redemption Date,yes,15,1.00%,0.00%,5.02
Weighted Average Life Tables,140,"Class M-2B, M-2BR, M-2BS, M-2BT, M-2BU, M-2BI, M-2RB*, M-2SB*, M-2TB* and M-2UB*",M-2BS,,To Early Redemption Date,yes,25,1.00%,0.00%,5.02
Weighted Average Life Tables,140,"Class M-2B, M-2BR, M-2BS, M-2BT, M-2BU, M-2BI, M-2RB*, M-2SB*, M-2TB* and M-2UB*",M-2BS,,To Early Redemption Date,yes,35,1.00%,0.00%,5.02
Weighted Average Life Tables,140,"Class M-2B, M-2BR, M-2BS, M-2BT, M-2BU, M-2BI, M-2RB*, M-2SB*, M-2TB* and M-2UB*",M-2BT,,To Scheduled Maturity Date,no,0,1.00%,0.00%,8.75
Weighted Average Life Tables,140,"Class M-2B, M-2BR, M-2BS, M-2BT, M-2BU, M-2BI, M-2RB*, M-2SB*, M-2TB* and M-2UB*",M-2BT,,To Scheduled Maturity Date,no,5,1.00%,0.00%,12.10
Weighted Average Life Tables,140,"Class M-2B, M-2BR, M-2BS, M-2BT, M-2BU, M-2BI, M-2RB*, M-2SB*, M-2TB* and M-2UB*",M-2BT,,To Scheduled Maturity Date,no,10,1.00%,0.00%,20.02
Weighted Average Life Tables,140,"Class M-2B, M-2BR, M-2BS, M-2BT, M-2BU, M-2BI, M-2RB*, M-2SB*, M-2TB* and M-2UB*",M-2BT,,To Scheduled Maturity Date,no,15,1.00%,0.00%,14.46
Weighted Average Life Tables,140,"Class M-2B, M-2BR, M-2BS, M-2BT, M-2BU, M-2BI, M-2RB*, M-2SB*, M-2TB* and M-2UB*",M-2BT,,To Scheduled Maturity Date,no,25,1.00%,0.00%,8.18
Weighted Average Life Tables,140,"Class M-2B, M-2BR, M-2BS, M-2BT, M-2BU, M-2BI, M-2RB*, M-2SB*, M-2TB* and M-2UB*",M-2BT,,To Scheduled Maturity Date,no,35,1.00%,0.00%,5.33
Weighted Average Life Tables,140,"Class M-2B, M-2BR, M-2BS, M-2BT, M-2BU, M-2BI, M-2RB*, M-2SB*, M-2TB* and M-2UB*",M-2BT,,To Early Redemption Date,yes,0,1.00%,0.00%,5.02
Weighted Average Life Tables,140,"Class M-2B, M-2BR, M-2BS, M-2BT, M-2BU, M-2BI, M-2RB*, M-2SB*, M-2TB* and M-2UB*",M-2BT,,To Early Redemption Date,yes,5,1.00%,0.00%,5.02
Weighted Average Life Tables,140,"Class M-2B, M-2BR, M-2BS, M-2BT, M-2BU, M-2BI, M-2RB*, M-2SB*, M-2TB* and M-2UB*",M-2BT,,To Early Redemption Date,yes,10,1.00%,0.00%,5.02
Weighted Average Life Tables,140,"Class M-2B, M-2BR, M-2BS, M-2BT, M-2BU, M-2BI, M-2RB*, M-2SB*, M-2TB* and M-2UB*",M-2BT,,To Early Redemption Date,yes,15,1.00%,0.00%,5.02
Weighted Average Life Tables,140,"Class M-2B, M-2BR, M-2BS, M-2BT, M-2BU, M-2BI, M-2RB*, M-2SB*, M-2TB* and M-2UB*",M-2BT,,To Early Redemption Date,yes,25,1.00%,0.00%,5.02
Weighted Average Life Tables,140,"Class M-2B, M-2BR, M-2BS, M-2BT, M-2BU, M-2BI, M-2RB*, M-2SB*, M-2TB* and M-2UB*",M-2BT,,To Early Redemption Date,yes,35,1.00%,0.00%,5.02
Weighted Average Life Tables,140,"Class M-2B, M-2BR, M-2BS, M-2BT, M-2BU, M-2BI, M-2RB*, M-2SB*, M-2TB* and M-2UB*",M-2BU,,To Scheduled Maturity Date,no,0,1.00%,0.00%,8.75
Weighted Average Life Tables,140,"Class M-2B, M-2BR, M-2BS, M-2BT, M-2BU, M-2BI, M-2RB*, M-2SB*, M-2TB* and M-2UB*",M-2BU,,To Scheduled Maturity Date,no,5,1.00%,0.00%,12.10
Weighted Average Life Tables,140,"Class M-2B, M-2BR, M-2BS, M-2BT, M-2BU, M-2BI, M-2RB*, M-2SB*, M-2TB* and M-2UB*",M-2BU,,To Scheduled Maturity Date,no,10,1.00%,0.00%,20.02
Weighted Average Life Tables,140,"Class M-2B, M-2BR, M-2BS, M-2BT, M-2BU, M-2BI, M-2RB*, M-2SB*, M-2TB* and M-2UB*",M-2BU,,To Scheduled Maturity Date,no,15,1.00%,0.00%,14.46
Weighted Average Life Tables,140,"Class M-2B, M-2BR, M-2BS, M-2BT, M-2BU, M-2BI, M-2RB*, M-2SB*, M-2TB* and M-2UB*",M-2BU,,To Scheduled Maturity Date,no,25,1.00%,0.00%,8.18
Weighted Average Life Tables,140,"Class M-2B, M-2BR, M-2BS, M-2BT, M-2BU, M-2BI, M-2RB*, M-2SB*, M-2TB* and M-2UB*",M-2BU,,To Scheduled Maturity Date,no,35,1.00%,0.00%,5.33
Weighted Average Life Tables,140,"Class M-2B, M-2BR, M-2BS, M-2BT, M-2BU, M-2BI, M-2RB*, M-2SB*, M-2TB* and M-2UB*",M-2BU,,To Early Redemption Date,yes,0,1.00%,0.00%,5.02
Weighted Average Life Tables,140,"Class M-2B, M-2BR, M-2BS, M-2BT, M-2BU, M-2BI, M-2RB*, M-2SB*, M-2TB* and M-2UB*",M-2BU,,To Early Redemption Date,yes,5,1.00%,0.00%,5.02
Weighted Average Life Tables,140,"Class M-2B, M-2BR, M-2BS, M-2BT, M-2BU, M-2BI, M-2RB*, M-2SB*, M-2TB* and M-2UB*",M-2BU,,To Early Redemption Date,yes,10,1.00%,0.00%,5.02
Weighted Average Life Tables,140,"Class M-2B, M-2BR, M-2BS, M-2BT, M-2BU, M-2BI, M-2RB*, M-2SB*, M-2TB* and M-2UB*",M-2BU,,To Early Redemption Date,yes,15,1.00%,0.00%,5.02
Weighted Average Life Tables,140,"Class M-2B, M-2BR, M-2BS, M-2BT, M-2BU, M-2BI, M-2RB*, M-2SB*, M-2TB* and M-2UB*",M-2BU,,To Early Redemption Date,yes,25,1.00%,0.00%,5.02
Weighted Average Life Tables,140,"Class M-2B, M-2BR, M-2BS, M-2BT, M-2BU, M-2BI, M-2RB*, M-2SB*, M-2TB* and M-2UB*",M-2BU,,To Early Redemption Date,yes,35,1.00%,0.00%,5.02
Weighted Average Life Tables,140,"Class M-2B, M-2BR, M-2BS, M-2BT, M-2BU, M-2BI, M-2RB*, M-2SB*, M-2TB* and M-2UB*",M-2BI,,To Scheduled Maturity Date,no,0,1.00%,0.00%,8.75
Weighted Average Life Tables,140,"Class M-2B, M-2BR, M-2BS, M-2BT, M-2BU, M-2BI, M-2RB*, M-2SB*, M-2TB* and M-2UB*",M-2BI,,To Scheduled Maturity Date,no,5,1.00%,0.00%,12.10
Weighted Average Life Tables,140,"Class M-2B, M-2BR, M-2BS, M-2BT, M-2BU, M-2BI, M-2RB*, M-2SB*, M-2TB* and M-2UB*",M-2BI,,To Scheduled Maturity Date,no,10,1.00%,0.00%,20.02
Weighted Average Life Tables,140,"Class M-2B, M-2BR, M-2BS, M-2BT, M-2BU, M-2BI, M-2RB*, M-2SB*, M-2TB* and M-2UB*",M-2BI,,To Scheduled Maturity Date,no,15,1.00%,0.00%,14.46
Weighted Average Life Tables,140,"Class M-2B, M-2BR, M-2BS, M-2BT, M-2BU, M-2BI, M-2RB*, M-2SB*, M-2TB* and M-2UB*",M-2BI,,To Scheduled Maturity Date,no,25,1.00%,0.00%,8.18
Weighted Average Life Tables,140,"Class M-2B, M-2BR, M-2BS, M-2BT, M-2BU, M-2BI, M-2RB*, M-2SB*, M-2TB* and M-2UB*",M-2BI,,To Scheduled Maturity Date,no,35,1.00%,0.00%,5.33
Weighted Average Life Tables,140,"Class M-2B, M-2BR, M-2BS, M-2BT, M-2BU, M-2BI, M-2RB*, M-2SB*, M-2TB* and M-2UB*",M-2BI,,To Early Redemption Date,yes,0,1.00%,0.00%,5.02
Weighted Average Life Tables,140,"Class M-2B, M-2BR, M-2BS, M-2BT, M-2BU, M-2BI, M-2RB*, M-2SB*, M-2TB* and M-2UB*",M-2BI,,To Early Redemption Date,yes,5,1.00%,0.00%,5.02
Weighted Average Life Tables,140,"Class M-2B, M-2BR, M-2BS, M-2BT, M-2BU, M-2BI, M-2RB*, M-2SB*, M-2TB* and M-2UB*",M-2BI,,To Early Redemption Date,yes,10,1.00%,0.00%,5.02
Weighted Average Life Tables,140,"Class M-2B, M-2BR, M-2BS, M-2BT, M-2BU, M-2BI, M-2RB*, M-2SB*, M-2TB* and M-2UB*",M-2BI,,To Early Redemption Date,yes,15,1.00%,0.00%,5.02
Weighted Average Life Tables,140,"Class M-2B, M-2BR, M-2BS, M-2BT, M-2BU, M-2BI, M-2RB*, M-2SB*, M-2TB* and M-2UB*",M-2BI,,To Early Redemption Date,yes,25,1.00%,0.00%,5.02
Weighted Average Life Tables,140,"Class M-2B, M-2BR, M-2BS, M-2BT, M-2BU, M-2BI, M-2RB*, M-2SB*, M-2TB* and M-2UB*",M-2BI,,To Early Redemption Date,yes,35,1.00%,0.00%,5.02
Weighted Average Life Tables,140,"Class M-2B, M-2BR, M-2BS, M-2BT, M-2BU, M-2BI, M-2RB*, M-2SB*, M-2TB* and M-2UB*",M-2RB,*,To Scheduled Maturity Date,no,0,1.00%,0.00%,8.75
Weighted Average Life Tables,140,"Class M-2B, M-2BR, M-2BS, M-2BT, M-2BU, M-2BI, M-2RB*, M-2SB*, M-2TB* and M-2UB*",M-2RB,*,To Scheduled Maturity Date,no,5,1.00%,0.00%,12.10
Weighted Average Life Tables,140,"Class M-2B, M-2BR, M-2BS, M-2BT, M-2BU, M-2BI, M-2RB*, M-2SB*, M-2TB* and M-2UB*",M-2RB,*,To Scheduled Maturity Date,no,10,1.00%,0.00%,20.02
Weighted Average Life Tables,140,"Class M-2B, M-2BR, M-2BS, M-2BT, M-2BU, M-2BI, M-2RB*, M-2SB*, M-2TB* and M-2UB*",M-2RB,*,To Scheduled Maturity Date,no,15,1.00%,0.00%,14.46
Weighted Average Life Tables,140,"Class M-2B, M-2BR, M-2BS, M-2BT, M-2BU, M-2BI, M-2RB*, M-2SB*, M-2TB* and M-2UB*",M-2RB,*,To Scheduled Maturity Date,no,25,1.00%,0.00%,8.18
Weighted Average Life Tables,140,"Class M-2B, M-2BR, M-2BS, M-2BT, M-2BU, M-2BI, M-2RB*, M-2SB*, M-2TB* and M-2UB*",M-2RB,*,To Scheduled Maturity Date,no,35,1.00%,0.00%,5.33
Weighted Average Life Tables,140,"Class M-2B, M-2BR, M-2BS, M-2BT, M-2BU, M-2BI, M-2RB*, M-2SB*, M-2TB* and M-2UB*",M-2RB,*,To Early Redemption Date,yes,0,1.00%,0.00%,5.02
Weighted Average Life Tables,140,"Class M-2B, M-2BR, M-2BS, M-2BT, M-2BU, M-2BI, M-2RB*, M-2SB*, M-2TB* and M-2UB*",M-2RB,*,To Early Redemption Date,yes,5,1.00%,0.00%,5.02
Weighted Average Life Tables,140,"Class M-2B, M-2BR, M-2BS, M-2BT, M-2BU, M-2BI, M-2RB*, M-2SB*, M-2TB* and M-2UB*",M-2RB,*,To Early Redemption Date,yes,10,1.00%,0.00%,5.02
Weighted Average Life Tables,140,"Class M-2B, M-2BR, M-2BS, M-2BT, M-2BU, M-2BI, M-2RB*, M-2SB*, M-2TB* and M-2UB*",M-2RB,*,To Early Redemption Date,yes,15,1.00%,0.00%,5.02
Weighted Average Life Tables,140,"Class M-2B, M-2BR, M-2BS, M-2BT, M-2BU, M-2BI, M-2RB*, M-2SB*, M-2TB* and M-2UB*",M-2RB,*,To Early Redemption Date,yes,25,1.00%,0.00%,5.02
Weighted Average Life Tables,140,"Class M-2B, M-2BR, M-2BS, M-2BT, M-2BU, M-2BI, M-2RB*, M-2SB*, M-2TB* and M-2UB*",M-2RB,*,To Early Redemption Date,yes,35,1.00%,0.00%,5.02
Weighted Average Life Tables,140,"Class M-2B, M-2BR, M-2BS, M-2BT, M-2BU, M-2BI, M-2RB*, M-2SB*, M-2TB* and M-2UB*",M-2SB,*,To Scheduled Maturity Date,no,0,1.00%,0.00%,8.75
Weighted Average Life Tables,140,"Class M-2B, M-2BR, M-2BS, M-2BT, M-2BU, M-2BI, M-2RB*, M-2SB*, M-2TB* and M-2UB*",M-2SB,*,To Scheduled Maturity Date,no,5,1.00%,0.00%,12.10
Weighted Average Life Tables,140,"Class M-2B, M-2BR, M-2BS, M-2BT, M-2BU, M-2BI, M-2RB*, M-2SB*, M-2TB* and M-2UB*",M-2SB,*,To Scheduled Maturity Date,no,10,1.00%,0.00%,20.02
Weighted Average Life Tables,140,"Class M-2B, M-2BR, M-2BS, M-2BT, M-2BU, M-2BI, M-2RB*, M-2SB*, M-2TB* and M-2UB*",M-2SB,*,To Scheduled Maturity Date,no,15,1.00%,0.00%,14.46
Weighted Average Life Tables,140,"Class M-2B, M-2BR, M-2BS, M-2BT, M-2BU, M-2BI, M-2RB*, M-2SB*, M-2TB* and M-2UB*",M-2SB,*,To Scheduled Maturity Date,no,25,1.00%,0.00%,8.18
Weighted Average Life Tables,140,"Class M-2B, M-2BR, M-2BS, M-2BT, M-2BU, M-2BI, M-2RB*, M-2SB*, M-2TB* and M-2UB*",M-2SB,*,To Scheduled Maturity Date,no,35,1.00%,0.00%,5.33
Weighted Average Life Tables,140,"Class M-2B, M-2BR, M-2BS, M-2BT, M-2BU, M-2BI, M-2RB*, M-2SB*, M-2TB* and M-2UB*",M-2SB,*,To Early Redemption Date,yes,0,1.00%,0.00%,5.02
Weighted Average Life Tables,140,"Class M-2B, M-2BR, M-2BS, M-2BT, M-2BU, M-2BI, M-2RB*, M-2SB*, M-2TB* and M-2UB*",M-2SB,*,To Early Redemption Date,yes,5,1.00%,0.00%,5.02
Weighted Average Life Tables,140,"Class M-2B, M-2BR, M-2BS, M-2BT, M-2BU, M-2BI, M-2RB*, M-2SB*, M-2TB* and M-2UB*",M-2SB,*,To Early Redemption Date,yes,10,1.00%,0.00%,5.02
Weighted Average Life Tables,140,"Class M-2B, M-2BR, M-2BS, M-2BT, M-2BU, M-2BI, M-2RB*, M-2SB*, M-2TB* and M-2UB*",M-2SB,*,To Early Redemption Date,yes,15,1.00%,0.00%,5.02
Weighted Average Life Tables,140,"Class M-2B, M-2BR, M-2BS, M-2BT, M-2BU, M-2BI, M-2RB*, M-2SB*, M-2TB* and M-2UB*",M-2SB,*,To Early Redemption Date,yes,25,1.00%,0.00%,5.02
Weighted Average Life Tables,140,"Class M-2B, M-2BR, M-2BS, M-2BT, M-2BU, M-2BI, M-2RB*, M-2SB*, M-2TB* and M-2UB*",M-2SB,*,To Early Redemption Date,yes,35,1.00%,0.00%,5.02
Weighted Average Life Tables,140,"Class M-2B, M-2BR, M-2BS, M-2BT, M-2BU, M-2BI, M-2RB*, M-2SB*, M-2TB* and M-2UB*",M-2TB,*,To Scheduled Maturity Date,no,0,1.00%,0.00%,8.75
Weighted Average Life Tables,140,"Class M-2B, M-2BR, M-2BS, M-2BT, M-2BU, M-2BI, M-2RB*, M-2SB*, M-2TB* and M-2UB*",M-2TB,*,To Scheduled Maturity Date,no,5,1.00%,0.00%,12.10
Weighted Average Life Tables,140,"Class M-2B, M-2BR, M-2BS, M-2BT, M-2BU, M-2BI, M-2RB*, M-2SB*, M-2TB* and M-2UB*",M-2TB,*,To Scheduled Maturity Date,no,10,1.00%,0.00%,20.02
Weighted Average Life Tables,140,"Class M-2B, M-2BR, M-2BS, M-2BT, M-2BU, M-2BI, M-2RB*, M-2SB*, M-2TB* and M-2UB*",M-2TB,*,To Scheduled Maturity Date,no,15,1.00%,0.00%,14.46
Weighted Average Life Tables,140,"Class M-2B, M-2BR, M-2BS, M-2BT, M-2BU, M-2BI, M-2RB*, M-2SB*, M-2TB* and M-2UB*",M-2TB,*,To Scheduled Maturity Date,no,25,1.00%,0.00%,8.18
Weighted Average Life Tables,140,"Class M-2B, M-2BR, M-2BS, M-2BT, M-2BU, M-2BI, M-2RB*, M-2SB*, M-2TB* and M-2UB*",M-2TB,*,To Scheduled Maturity Date,no,35,1.00%,0.00%,5.33
Weighted Average Life Tables,140,"Class M-2B, M-2BR, M-2BS, M-2BT, M-2BU, M-2BI, M-2RB*, M-2SB*, M-2TB* and M-2UB*",M-2TB,*,To Early Redemption Date,yes,0,1.00%,0.00%,5.02
Weighted Average Life Tables,140,"Class M-2B, M-2BR, M-2BS, M-2BT, M-2BU, M-2BI, M-2RB*, M-2SB*, M-2TB* and M-2UB*",M-2TB,*,To Early Redemption Date,yes,5,1.00%,0.00%,5.02
Weighted Average Life Tables,140,"Class M-2B, M-2BR, M-2BS, M-2BT, M-2BU, M-2BI, M-2RB*, M-2SB*, M-2TB* and M-2UB*",M-2TB,*,To Early Redemption Date,yes,10,1.00%,0.00%,5.02
Weighted Average Life Tables,140,"Class M-2B, M-2BR, M-2BS, M-2BT, M-2BU, M-2BI, M-2RB*, M-2SB*, M-2TB* and M-2UB*",M-2TB,*,To Early Redemption Date,yes,15,1.00%,0.00%,5.02
Weighted Average Life Tables,140,"Class M-2B, M-2BR, M-2BS, M-2BT, M-2BU, M-2BI, M-2RB*, M-2SB*, M-2TB* and M-2UB*",M-2TB,*,To Early Redemption Date,yes,25,1.00%,0.00%,5.02
Weighted Average Life Tables,140,"Class M-2B, M-2BR, M-2BS, M-2BT, M-2BU, M-2BI, M-2RB*, M-2SB*, M-2TB* and M-2UB*",M-2TB,*,To Early Redemption Date,yes,35,1.00%,0.00%,5.02
Weighted Average Life Tables,140,"Class M-2B, M-2BR, M-2BS, M-2BT, M-2BU, M-2BI, M-2RB*, M-2SB*, M-2TB* and M-2UB*",M-2UB,*,To Scheduled Maturity Date,no,0,1.00%,0.00%,8.75
Weighted Average Life Tables,140,"Class M-2B, M-2BR, M-2BS, M-2BT, M-2BU, M-2BI, M-2RB*, M-2SB*, M-2TB* and M-2UB*",M-2UB,*,To Scheduled Maturity Date,no,5,1.00%,0.00%,12.10
Weighted Average Life Tables,140,"Class M-2B, M-2BR, M-2BS, M-2BT, M-2BU, M-2BI, M-2RB*, M-2SB*, M-2TB* and M-2UB*",M-2UB,*,To Scheduled Maturity Date,no,10,1.00%,0.00%,20.02
Weighted Average Life Tables,140,"Class M-2B, M-2BR, M-2BS, M-2BT, M-2BU, M-2BI, M-2RB*, M-2SB*, M-2TB* and M-2UB*",M-2UB,*,To Scheduled Maturity Date,no,15,1.00%,0.00%,14.46
Weighted Average Life Tables,140,"Class M-2B, M-2BR, M-2BS, M-2BT, M-2BU, M-2BI, M-2RB*, M-2SB*, M-2TB* and M-2UB*",M-2UB,*,To Scheduled Maturity Date,no,25,1.00%,0.00%,8.18
Weighted Average Life Tables,140,"Class M-2B, M-2BR, M-2BS, M-2BT, M-2BU, M-2BI, M-2RB*, M-2SB*, M-2TB* and M-2UB*",M-2UB,*,To Scheduled Maturity Date,no,35,1.00%,0.00%,5.33
Weighted Average Life Tables,140,"Class M-2B, M-2BR, M-2BS, M-2BT, M-2BU, M-2BI, M-2RB*, M-2SB*, M-2TB* and M-2UB*",M-2UB,*,To Early Redemption Date,yes,0,1.00%,0.00%,5.02
Weighted Average Life Tables,140,"Class M-2B, M-2BR, M-2BS, M-2BT, M-2BU, M-2BI, M-2RB*, M-2SB*, M-2TB* and M-2UB*",M-2UB,*,To Early Redemption Date,yes,5,1.00%,0.00%,5.02
Weighted Average Life Tables,140,"Class M-2B, M-2BR, M-2BS, M-2BT, M-2BU, M-2BI, M-2RB*, M-2SB*, M-2TB* and M-2UB*",M-2UB,*,To Early Redemption Date,yes,10,1.00%,0.00%,5.02
Weighted Average Life Tables,140,"Class M-2B, M-2BR, M-2BS, M-2BT, M-2BU, M-2BI, M-2RB*, M-2SB*, M-2TB* and M-2UB*",M-2UB,*,To Early Redemption Date,yes,15,1.00%,0.00%,5.02
Weighted Average Life Tables,140,"Class M-2B, M-2BR, M-2BS, M-2BT, M-2BU, M-2BI, M-2RB*, M-2SB*, M-2TB* and M-2UB*",M-2UB,*,To Early Redemption Date,yes,25,1.00%,0.00%,5.02
Weighted Average Life Tables,140,"Class M-2B, M-2BR, M-2BS, M-2BT, M-2BU, M-2BI, M-2RB*, M-2SB*, M-2TB* and M-2UB*",M-2UB,*,To Early Redemption Date,yes,35,1.00%,0.00%,5.02
Weighted Average Life Tables,140,"Class M-2B, M-2BR, M-2BS, M-2BT, M-2BU, M-2BI, M-2RB*, M-2SB*, M-2TB* and M-2UB*",M-2B,,To Scheduled Maturity Date,no,0,1.50%,0.00%,5.67
Weighted Average Life Tables,140,"Class M-2B, M-2BR, M-2BS, M-2BT, M-2BU, M-2BI, M-2RB*, M-2SB*, M-2TB* and M-2UB*",M-2B,,To Scheduled Maturity Date,no,5,1.50%,0.00%,6.77
Weighted Average Life Tables,140,"Class M-2B, M-2BR, M-2BS, M-2BT, M-2BU, M-2BI, M-2RB*, M-2SB*, M-2TB* and M-2UB*",M-2B,,To Scheduled Maturity Date,no,10,1.50%,0.00%,9.04
Weighted Average Life Tables,140,"Class M-2B, M-2BR, M-2BS, M-2BT, M-2BU, M-2BI, M-2RB*, M-2SB*, M-2TB* and M-2UB*",M-2B,,To Scheduled Maturity Date,no,15,1.50%,0.00%,19.13
Weighted Average Life Tables,140,"Class M-2B, M-2BR, M-2BS, M-2BT, M-2BU, M-2BI, M-2RB*, M-2SB*, M-2TB* and M-2UB*",M-2B,,To Scheduled Maturity Date,no,25,1.50%,0.00%,11.31
Weighted Average Life Tables,140,"Class M-2B, M-2BR, M-2BS, M-2BT, M-2BU, M-2BI, M-2RB*, M-2SB*, M-2TB* and M-2UB*",M-2B,,To Scheduled Maturity Date,no,35,1.50%,0.00%,8.08
Weighted Average Life Tables,140,"Class M-2B, M-2BR, M-2BS, M-2BT, M-2BU, M-2BI, M-2RB*, M-2SB*, M-2TB* and M-2UB*",M-2B,,To Early Redemption Date,yes,0,1.50%,0.00%,5.02
Weighted Average Life Tables,140,"Class M-2B, M-2BR, M-2BS, M-2BT, M-2BU, M-2BI, M-2RB*, M-2SB*, M-2TB* and M-2UB*",M-2B,,To Early Redemption Date,yes,5,1.50%,0.00%,5.02
Weighted Average Life Tables,140,"Class M-2B, M-2BR, M-2BS, M-2BT, M-2BU, M-2BI, M-2RB*, M-2SB*, M-2TB* and M-2UB*",M-2B,,To Early Redemption Date,yes,10,1.50%,0.00%,5.02
Weighted Average Life Tables,140,"Class M-2B, M-2BR, M-2BS, M-2BT, M-2BU, M-2BI, M-2RB*, M-2SB*, M-2TB* and M-2UB*",M-2B,,To Early Redemption Date,yes,15,1.50%,0.00%,5.02
Weighted Average Life Tables,140,"Class M-2B, M-2BR, M-2BS, M-2BT, M-2BU, M-2BI, M-2RB*, M-2SB*, M-2TB* and M-2UB*",M-2B,,To Early Redemption Date,yes,25,1.50%,0.00%,5.02
Weighted Average Life Tables,140,"Class M-2B, M-2BR, M-2BS, M-2BT, M-2BU, M-2BI, M-2RB*, M-2SB*, M-2TB* and M-2UB*",M-2B,,To Early Redemption Date,yes,35,1.50%,0.00%,5.02
Weighted Average Life Tables,140,"Class M-2B, M-2BR, M-2BS, M-2BT, M-2BU, M-2BI, M-2RB*, M-2SB*, M-2TB* and M-2UB*",M-2BR,,To Scheduled Maturity Date,no,0,1.50%,0.00%,5.67
Weighted Average Life Tables,140,"Class M-2B, M-2BR, M-2BS, M-2BT, M-2BU, M-2BI, M-2RB*, M-2SB*, M-2TB* and M-2UB*",M-2BR,,To Scheduled Maturity Date,no,5,1.50%,0.00%,6.77
Weighted Average Life Tables,140,"Class M-2B, M-2BR, M-2BS, M-2BT, M-2BU, M-2BI, M-2RB*, M-2SB*, M-2TB* and M-2UB*",M-2BR,,To Scheduled Maturity Date,no,10,1.50%,0.00%,9.04
Weighted Average Life Tables,140,"Class M-2B, M-2BR, M-2BS, M-2BT, M-2BU, M-2BI, M-2RB*, M-2SB*, M-2TB* and M-2UB*",M-2BR,,To Scheduled Maturity Date,no,15,1.50%,0.00%,19.13
Weighted Average Life Tables,140,"Class M-2B, M-2BR, M-2BS, M-2BT, M-2BU, M-2BI, M-2RB*, M-2SB*, M-2TB* and M-2UB*",M-2BR,,To Scheduled Maturity Date,no,25,1.50%,0.00%,11.31
Weighted Average Life Tables,140,"Class M-2B, M-2BR, M-2BS, M-2BT, M-2BU, M-2BI, M-2RB*, M-2SB*, M-2TB* and M-2UB*",M-2BR,,To Scheduled Maturity Date,no,35,1.50%,0.00%,8.08
Weighted Average Life Tables,140,"Class M-2B, M-2BR, M-2BS, M-2BT, M-2BU, M-2BI, M-2RB*, M-2SB*, M-2TB* and M-2UB*",M-2BR,,To Early Redemption Date,yes,0,1.50%,0.00%,5.02
Weighted Average Life Tables,140,"Class M-2B, M-2BR, M-2BS, M-2BT, M-2BU, M-2BI, M-2RB*, M-2SB*, M-2TB* and M-2UB*",M-2BR,,To Early Redemption Date,yes,5,1.50%,0.00%,5.02
Weighted Average Life Tables,140,"Class M-2B, M-2BR, M-2BS, M-2BT, M-2BU, M-2BI, M-2RB*, M-2SB*, M-2TB* and M-2UB*",M-2BR,,To Early Redemption Date,yes,10,1.50%,0.00%,5.02
Weighted Average Life Tables,140,"Class M-2B, M-2BR, M-2BS, M-2BT, M-2BU, M-2BI, M-2RB*, M-2SB*, M-2TB* and M-2UB*",M-2BR,,To Early Redemption Date,yes,15,1.50%,0.00%,5.02
Weighted Average Life Tables,140,"Class M-2B, M-2BR, M-2BS, M-2BT, M-2BU, M-2BI, M-2RB*, M-2SB*, M-2TB* and M-2UB*",M-2BR,,To Early Redemption Date,yes,25,1.50%,0.00%,5.02
Weighted Average Life Tables,140,"Class M-2B, M-2BR, M-2BS, M-2BT, M-2BU, M-2BI, M-2RB*, M-2SB*, M-2TB* and M-2UB*",M-2BR,,To Early Redemption Date,yes,35,1.50%,0.00%,5.02
Weighted Average Life Tables,140,"Class M-2B, M-2BR, M-2BS, M-2BT, M-2BU, M-2BI, M-2RB*, M-2SB*, M-2TB* and M-2UB*",M-2BS,,To Scheduled Maturity Date,no,0,1.50%,0.00%,5.67
Weighted Average Life Tables,140,"Class M-2B, M-2BR, M-2BS, M-2BT, M-2BU, M-2BI, M-2RB*, M-2SB*, M-2TB* and M-2UB*",M-2BS,,To Scheduled Maturity Date,no,5,1.50%,0.00%,6.77
Weighted Average Life Tables,140,"Class M-2B, M-2BR, M-2BS, M-2BT, M-2BU, M-2BI, M-2RB*, M-2SB*, M-2TB* and M-2UB*",M-2BS,,To Scheduled Maturity Date,no,10,1.50%,0.00%,9.04
Weighted Average Life Tables,140,"Class M-2B, M-2BR, M-2BS, M-2BT, M-2BU, M-2BI, M-2RB*, M-2SB*, M-2TB* and M-2UB*",M-2BS,,To Scheduled Maturity Date,no,15,1.50%,0.00%,19.13
Weighted Average Life Tables,140,"Class M-2B, M-2BR, M-2BS, M-2BT, M-2BU, M-2BI, M-2RB*, M-2SB*, M-2TB* and M-2UB*",M-2BS,,To Scheduled Maturity Date,no,25,1.50%,0.00%,11.31
Weighted Average Life Tables,140,"Class M-2B, M-2BR, M-2BS, M-2BT, M-2BU, M-2BI, M-2RB*, M-2SB*, M-2TB* and M-2UB*",M-2BS,,To Scheduled Maturity Date,no,35,1.50%,0.00%,8.08
Weighted Average Life Tables,140,"Class M-2B, M-2BR, M-2BS, M-2BT, M-2BU, M-2BI, M-2RB*, M-2SB*, M-2TB* and M-2UB*",M-2BS,,To Early Redemption Date,yes,0,1.50%,0.00%,5.02
Weighted Average Life Tables,140,"Class M-2B, M-2BR, M-2BS, M-2BT, M-2BU, M-2BI, M-2RB*, M-2SB*, M-2TB* and M-2UB*",M-2BS,,To Early Redemption Date,yes,5,1.50%,0.00%,5.02
Weighted Average Life Tables,140,"Class M-2B, M-2BR, M-2BS, M-2BT, M-2BU, M-2BI, M-2RB*, M-2SB*, M-2TB* and M-2UB*",M-2BS,,To Early Redemption Date,yes,10,1.50%,0.00%,5.02
Weighted Average Life Tables,140,"Class M-2B, M-2BR, M-2BS, M-2BT, M-2BU, M-2BI, M-2RB*, M-2SB*, M-2TB* and M-2UB*",M-2BS,,To Early Redemption Date,yes,15,1.50%,0.00%,5.02
Weighted Average Life Tables,140,"Class M-2B, M-2BR, M-2BS, M-2BT, M-2BU, M-2BI, M-2RB*, M-2SB*, M-2TB* and M-2UB*",M-2BS,,To Early Redemption Date,yes,25,1.50%,0.00%,5.02
Weighted Average Life Tables,140,"Class M-2B, M-2BR, M-2BS, M-2BT, M-2BU, M-2BI, M-2RB*, M-2SB*, M-2TB* and M-2UB*",M-2BS,,To Early Redemption Date,yes,35,1.50%,0.00%,5.02
Weighted Average Life Tables,140,"Class M-2B, M-2BR, M-2BS, M-2BT, M-2BU, M-2BI, M-2RB*, M-2SB*, M-2TB* and M-2UB*",M-2BT,,To Scheduled Maturity Date,no,0,1.50%,0.00%,5.67
Weighted Average Life Tables,140,"Class M-2B, M-2BR, M-2BS, M-2BT, M-2BU, M-2BI, M-2RB*, M-2SB*, M-2TB* and M-2UB*",M-2BT,,To Scheduled Maturity Date,no,5,1.50%,0.00%,6.77
Weighted Average Life Tables,140,"Class M-2B, M-2BR, M-2BS, M-2BT, M-2BU, M-2BI, M-2RB*, M-2SB*, M-2TB* and M-2UB*",M-2BT,,To Scheduled Maturity Date,no,10,1.50%,0.00%,9.04
Weighted Average Life Tables,140,"Class M-2B, M-2BR, M-2BS, M-2BT, M-2BU, M-2BI, M-2RB*, M-2SB*, M-2TB* and M-2UB*",M-2BT,,To Scheduled Maturity Date,no,15,1.50%,0.00%,19.13
Weighted Average Life Tables,140,"Class M-2B, M-2BR, M-2BS, M-2BT, M-2BU, M-2BI, M-2RB*, M-2SB*, M-2TB* and M-2UB*",M-2BT,,To Scheduled Maturity Date,no,25,1.50%,0.00%,11.31
Weighted Average Life Tables,140,"Class M-2B, M-2BR, M-2BS, M-2BT, M-2BU, M-2BI, M-2RB*, M-2SB*, M-2TB* and M-2UB*",M-2BT,,To Scheduled Maturity Date,no,35,1.50%,0.00%,8.08
Weighted Average Life Tables,140,"Class M-2B, M-2BR, M-2BS, M-2BT, M-2BU, M-2BI, M-2RB*, M-2SB*, M-2TB* and M-2UB*",M-2BT,,To Early Redemption Date,yes,0,1.50%,0.00%,5.02
Weighted Average Life Tables,140,"Class M-2B, M-2BR, M-2BS, M-2BT, M-2BU, M-2BI, M-2RB*, M-2SB*, M-2TB* and M-2UB*",M-2BT,,To Early Redemption Date,yes,5,1.50%,0.00%,5.02
Weighted Average Life Tables,140,"Class M-2B, M-2BR, M-2BS, M-2BT, M-2BU, M-2BI, M-2RB*, M-2SB*, M-2TB* and M-2UB*",M-2BT,,To Early Redemption Date,yes,10,1.50%,0.00%,5.02
Weighted Average Life Tables,140,"Class M-2B, M-2BR, M-2BS, M-2BT, M-2BU, M-2BI, M-2RB*, M-2SB*, M-2TB* and M-2UB*",M-2BT,,To Early Redemption Date,yes,15,1.50%,0.00%,5.02
Weighted Average Life Tables,140,"Class M-2B, M-2BR, M-2BS, M-2BT, M-2BU, M-2BI, M-2RB*, M-2SB*, M-2TB* and M-2UB*",M-2BT,,To Early Redemption Date,yes,25,1.50%,0.00%,5.02
Weighted Average Life Tables,140,"Class M-2B, M-2BR, M-2BS, M-2BT, M-2BU, M-2BI, M-2RB*, M-2SB*, M-2TB* and M-2UB*",M-2BT,,To Early Redemption Date,yes,35,1.50%,0.00%,5.02
Weighted Average Life Tables,140,"Class M-2B, M-2BR, M-2BS, M-2BT, M-2BU, M-2BI, M-2RB*, M-2SB*, M-2TB* and M-2UB*",M-2BU,,To Scheduled Maturity Date,no,0,1.50%,0.00%,5.67
Weighted Average Life Tables,140,"Class M-2B, M-2BR, M-2BS, M-2BT, M-2BU, M-2BI, M-2RB*, M-2SB*, M-2TB* and M-2UB*",M-2BU,,To Scheduled Maturity Date,no,5,1.50%,0.00%,6.77
Weighted Average Life Tables,140,"Class M-2B, M-2BR, M-2BS, M-2BT, M-2BU, M-2BI, M-2RB*, M-2SB*, M-2TB* and M-2UB*",M-2BU,,To Scheduled Maturity Date,no,10,1.50%,0.00%,9.04
Weighted Average Life Tables,140,"Class M-2B, M-2BR, M-2BS, M-2BT, M-2BU, M-2BI, M-2RB*, M-2SB*, M-2TB* and M-2UB*",M-2BU,,To Scheduled Maturity Date,no,15,1.50%,0.00%,19.13
Weighted Average Life Tables,140,"Class M-2B, M-2BR, M-2BS, M-2BT, M-2BU, M-2BI, M-2RB*, M-2SB*, M-2TB* and M-2UB*",M-2BU,,To Scheduled Maturity Date,no,25,1.50%,0.00%,11.31
Weighted Average Life Tables,140,"Class M-2B, M-2BR, M-2BS, M-2BT, M-2BU, M-2BI, M-2RB*, M-2SB*, M-2TB* and M-2UB*",M-2BU,,To Scheduled Maturity Date,no,35,1.50%,0.00%,8.08
Weighted Average Life Tables,140,"Class M-2B, M-2BR, M-2BS, M-2BT, M-2BU, M-2BI, M-2RB*, M-2SB*, M-2TB* and M-2UB*",M-2BU,,To Early Redemption Date,yes,0,1.50%,0.00%,5.02
Weighted Average Life Tables,140,"Class M-2B, M-2BR, M-2BS, M-2BT, M-2BU, M-2BI, M-2RB*, M-2SB*, M-2TB* and M-2UB*",M-2BU,,To Early Redemption Date,yes,5,1.50%,0.00%,5.02
Weighted Average Life Tables,140,"Class M-2B, M-2BR, M-2BS, M-2BT, M-2BU, M-2BI, M-2RB*, M-2SB*, M-2TB* and M-2UB*",M-2BU,,To Early Redemption Date,yes,10,1.50%,0.00%,5.02
Weighted Average Life Tables,140,"Class M-2B, M-2BR, M-2BS, M-2BT, M-2BU, M-2BI, M-2RB*, M-2SB*, M-2TB* and M-2UB*",M-2BU,,To Early Redemption Date,yes,15,1.50%,0.00%,5.02
Weighted Average Life Tables,140,"Class M-2B, M-2BR, M-2BS, M-2BT, M-2BU, M-2BI, M-2RB*, M-2SB*, M-2TB* and M-2UB*",M-2BU,,To Early Redemption Date,yes,25,1.50%,0.00%,5.02
Weighted Average Life Tables,140,"Class M-2B, M-2BR, M-2BS, M-2BT, M-2BU, M-2BI, M-2RB*, M-2SB*, M-2TB* and M-2UB*",M-2BU,,To Early Redemption Date,yes,35,1.50%,0.00%,5.02
Weighted Average Life Tables,140,"Class M-2B, M-2BR, M-2BS, M-2BT, M-2BU, M-2BI, M-2RB*, M-2SB*, M-2TB* and M-2UB*",M-2BI,,To Scheduled Maturity Date,no,0,1.50%,0.00%,5.67
Weighted Average Life Tables,140,"Class M-2B, M-2BR, M-2BS, M-2BT, M-2BU, M-2BI, M-2RB*, M-2SB*, M-2TB* and M-2UB*",M-2BI,,To Scheduled Maturity Date,no,5,1.50%,0.00%,6.77
Weighted Average Life Tables,140,"Class M-2B, M-2BR, M-2BS, M-2BT, M-2BU, M-2BI, M-2RB*, M-2SB*, M-2TB* and M-2UB*",M-2BI,,To Scheduled Maturity Date,no,10,1.50%,0.00%,9.04
Weighted Average Life Tables,140,"Class M-2B, M-2BR, M-2BS, M-2BT, M-2BU, M-2BI, M-2RB*, M-2SB*, M-2TB* and M-2UB*",M-2BI,,To Scheduled Maturity Date,no,15,1.50%,0.00%,19.13
Weighted Average Life Tables,140,"Class M-2B, M-2BR, M-2BS, M-2BT, M-2BU, M-2BI, M-2RB*, M-2SB*, M-2TB* and M-2UB*",M-2BI,,To Scheduled Maturity Date,no,25,1.50%,0.00%,11.31
Weighted Average Life Tables,140,"Class M-2B, M-2BR, M-2BS, M-2BT, M-2BU, M-2BI, M-2RB*, M-2SB*, M-2TB* and M-2UB*",M-2BI,,To Scheduled Maturity Date,no,35,1.50%,0.00%,8.08
Weighted Average Life Tables,140,"Class M-2B, M-2BR, M-2BS, M-2BT, M-2BU, M-2BI, M-2RB*, M-2SB*, M-2TB* and M-2UB*",M-2BI,,To Early Redemption Date,yes,0,1.50%,0.00%,5.02
Weighted Average Life Tables,140,"Class M-2B, M-2BR, M-2BS, M-2BT, M-2BU, M-2BI, M-2RB*, M-2SB*, M-2TB* and M-2UB*",M-2BI,,To Early Redemption Date,yes,5,1.50%,0.00%,5.02
Weighted Average Life Tables,140,"Class M-2B, M-2BR, M-2BS, M-2BT, M-2BU, M-2BI, M-2RB*, M-2SB*, M-2TB* and M-2UB*",M-2BI,,To Early Redemption Date,yes,10,1.50%,0.00%,5.02
Weighted Average Life Tables,140,"Class M-2B, M-2BR, M-2BS, M-2BT, M-2BU, M-2BI, M-2RB*, M-2SB*, M-2TB* and M-2UB*",M-2BI,,To Early Redemption Date,yes,15,1.50%,0.00%,5.02
Weighted Average Life Tables,140,"Class M-2B, M-2BR, M-2BS, M-2BT, M-2BU, M-2BI, M-2RB*, M-2SB*, M-2TB* and M-2UB*",M-2BI,,To Early Redemption Date,yes,25,1.50%,0.00%,5.02
Weighted Average Life Tables,140,"Class M-2B, M-2BR, M-2BS, M-2BT, M-2BU, M-2BI, M-2RB*, M-2SB*, M-2TB* and M-2UB*",M-2BI,,To Early Redemption Date,yes,35,1.50%,0.00%,5.02
Weighted Average Life Tables,140,"Class M-2B, M-2BR, M-2BS, M-2BT, M-2BU, M-2BI, M-2RB*, M-2SB*, M-2TB* and M-2UB*",M-2RB,*,To Scheduled Maturity Date,no,0,1.50%,0.00%,5.67
Weighted Average Life Tables,140,"Class M-2B, M-2BR, M-2BS, M-2BT, M-2BU, M-2BI, M-2RB*, M-2SB*, M-2TB* and M-2UB*",M-2RB,*,To Scheduled Maturity Date,no,5,1.50%,0.00%,6.77
Weighted Average Life Tables,140,"Class M-2B, M-2BR, M-2BS, M-2BT, M-2BU, M-2BI, M-2RB*, M-2SB*, M-2TB* and M-2UB*",M-2RB,*,To Scheduled Maturity Date,no,10,1.50%,0.00%,9.04
Weighted Average Life Tables,140,"Class M-2B, M-2BR, M-2BS, M-2BT, M-2BU, M-2BI, M-2RB*, M-2SB*, M-2TB* and M-2UB*",M-2RB,*,To Scheduled Maturity Date,no,15,1.50%,0.00%,19.13
Weighted Average Life Tables,140,"Class M-2B, M-2BR, M-2BS, M-2BT, M-2BU, M-2BI, M-2RB*, M-2SB*, M-2TB* and M-2UB*",M-2RB,*,To Scheduled Maturity Date,no,25,1.50%,0.00%,11.31
Weighted Average Life Tables,140,"Class M-2B, M-2BR, M-2BS, M-2BT, M-2BU, M-2BI, M-2RB*, M-2SB*, M-2TB* and M-2UB*",M-2RB,*,To Scheduled Maturity Date,no,35,1.50%,0.00%,8.08
Weighted Average Life Tables,140,"Class M-2B, M-2BR, M-2BS, M-2BT, M-2BU, M-2BI, M-2RB*, M-2SB*, M-2TB* and M-2UB*",M-2RB,*,To Early Redemption Date,yes,0,1.50%,0.00%,5.02
Weighted Average Life Tables,140,"Class M-2B, M-2BR, M-2BS, M-2BT, M-2BU, M-2BI, M-2RB*, M-2SB*, M-2TB* and M-2UB*",M-2RB,*,To Early Redemption Date,yes,5,1.50%,0.00%,5.02
Weighted Average Life Tables,140,"Class M-2B, M-2BR, M-2BS, M-2BT, M-2BU, M-2BI, M-2RB*, M-2SB*, M-2TB* and M-2UB*",M-2RB,*,To Early Redemption Date,yes,10,1.50%,0.00%,5.02
Weighted Average Life Tables,140,"Class M-2B, M-2BR, M-2BS, M-2BT, M-2BU, M-2BI, M-2RB*, M-2SB*, M-2TB* and M-2UB*",M-2RB,*,To Early Redemption Date,yes,15,1.50%,0.00%,5.02
Weighted Average Life Tables,140,"Class M-2B, M-2BR, M-2BS, M-2BT, M-2BU, M-2BI, M-2RB*, M-2SB*, M-2TB* and M-2UB*",M-2RB,*,To Early Redemption Date,yes,25,1.50%,0.00%,5.02
Weighted Average Life Tables,140,"Class M-2B, M-2BR, M-2BS, M-2BT, M-2BU, M-2BI, M-2RB*, M-2SB*, M-2TB* and M-2UB*",M-2RB,*,To Early Redemption Date,yes,35,1.50%,0.00%,5.02
Weighted Average Life Tables,140,"Class M-2B, M-2BR, M-2BS, M-2BT, M-2BU, M-2BI, M-2RB*, M-2SB*, M-2TB* and M-2UB*",M-2SB,*,To Scheduled Maturity Date,no,0,1.50%,0.00%,5.67
Weighted Average Life Tables,140,"Class M-2B, M-2BR, M-2BS, M-2BT, M-2BU, M-2BI, M-2RB*, M-2SB*, M-2TB* and M-2UB*",M-2SB,*,To Scheduled Maturity Date,no,5,1.50%,0.00%,6.77
Weighted Average Life Tables,140,"Class M-2B, M-2BR, M-2BS, M-2BT, M-2BU, M-2BI, M-2RB*, M-2SB*, M-2TB* and M-2UB*",M-2SB,*,To Scheduled Maturity Date,no,10,1.50%,0.00%,9.04
Weighted Average Life Tables,140,"Class M-2B, M-2BR, M-2BS, M-2BT, M-2BU, M-2BI, M-2RB*, M-2SB*, M-2TB* and M-2UB*",M-2SB,*,To Scheduled Maturity Date,no,15,1.50%,0.00%,19.13
Weighted Average Life Tables,140,"Class M-2B, M-2BR, M-2BS, M-2BT, M-2BU, M-2BI, M-2RB*, M-2SB*, M-2TB* and M-2UB*",M-2SB,*,To Scheduled Maturity Date,no,25,1.50%,0.00%,11.31
Weighted Average Life Tables,140,"Class M-2B, M-2BR, M-2BS, M-2BT, M-2BU, M-2BI, M-2RB*, M-2SB*, M-2TB* and M-2UB*",M-2SB,*,To Scheduled Maturity Date,no,35,1.50%,0.00%,8.08
Weighted Average Life Tables,140,"Class M-2B, M-2BR, M-2BS, M-2BT, M-2BU, M-2BI, M-2RB*, M-2SB*, M-2TB* and M-2UB*",M-2SB,*,To Early Redemption Date,yes,0,1.50%,0.00%,5.02
Weighted Average Life Tables,140,"Class M-2B, M-2BR, M-2BS, M-2BT, M-2BU, M-2BI, M-2RB*, M-2SB*, M-2TB* and M-2UB*",M-2SB,*,To Early Redemption Date,yes,5,1.50%,0.00%,5.02
Weighted Average Life Tables,140,"Class M-2B, M-2BR, M-2BS, M-2BT, M-2BU, M-2BI, M-2RB*, M-2SB*, M-2TB* and M-2UB*",M-2SB,*,To Early Redemption Date,yes,10,1.50%,0.00%,5.02
Weighted Average Life Tables,140,"Class M-2B, M-2BR, M-2BS, M-2BT, M-2BU, M-2BI, M-2RB*, M-2SB*, M-2TB* and M-2UB*",M-2SB,*,To Early Redemption Date,yes,15,1.50%,0.00%,5.02
Weighted Average Life Tables,140,"Class M-2B, M-2BR, M-2BS, M-2BT, M-2BU, M-2BI, M-2RB*, M-2SB*, M-2TB* and M-2UB*",M-2SB,*,To Early Redemption Date,yes,25,1.50%,0.00%,5.02
Weighted Average Life Tables,140,"Class M-2B, M-2BR, M-2BS, M-2BT, M-2BU, M-2BI, M-2RB*, M-2SB*, M-2TB* and M-2UB*",M-2SB,*,To Early Redemption Date,yes,35,1.50%,0.00%,5.02
Weighted Average Life Tables,140,"Class M-2B, M-2BR, M-2BS, M-2BT, M-2BU, M-2BI, M-2RB*, M-2SB*, M-2TB* and M-2UB*",M-2TB,*,To Scheduled Maturity Date,no,0,1.50%,0.00%,5.67
Weighted Average Life Tables,140,"Class M-2B, M-2BR, M-2BS, M-2BT, M-2BU, M-2BI, M-2RB*, M-2SB*, M-2TB* and M-2UB*",M-2TB,*,To Scheduled Maturity Date,no,5,1.50%,0.00%,6.77
Weighted Average Life Tables,140,"Class M-2B, M-2BR, M-2BS, M-2BT, M-2BU, M-2BI, M-2RB*, M-2SB*, M-2TB* and M-2UB*",M-2TB,*,To Scheduled Maturity Date,no,10,1.50%,0.00%,9.04
Weighted Average Life Tables,140,"Class M-2B, M-2BR, M-2BS, M-2BT, M-2BU, M-2BI, M-2RB*, M-2SB*, M-2TB* and M-2UB*",M-2TB,*,To Scheduled Maturity Date,no,15,1.50%,0.00%,19.13
Weighted Average Life Tables,140,"Class M-2B, M-2BR, M-2BS, M-2BT, M-2BU, M-2BI, M-2RB*, M-2SB*, M-2TB* and M-2UB*",M-2TB,*,To Scheduled Maturity Date,no,25,1.50%,0.00%,11.31
Weighted Average Life Tables,140,"Class M-2B, M-2BR, M-2BS, M-2BT, M-2BU, M-2BI, M-2RB*, M-2SB*, M-2TB* and M-2UB*",M-2TB,*,To Scheduled Maturity Date,no,35,1.50%,0.00%,8.08
Weighted Average Life Tables,140,"Class M-2B, M-2BR, M-2BS, M-2BT, M-2BU, M-2BI, M-2RB*, M-2SB*, M-2TB* and M-2UB*",M-2TB,*,To Early Redemption Date,yes,0,1.50%,0.00%,5.02
Weighted Average Life Tables,140,"Class M-2B, M-2BR, M-2BS, M-2BT, M-2BU, M-2BI, M-2RB*, M-2SB*, M-2TB* and M-2UB*",M-2TB,*,To Early Redemption Date,yes,5,1.50%,0.00%,5.02
Weighted Average Life Tables,140,"Class M-2B, M-2BR, M-2BS, M-2BT, M-2BU, M-2BI, M-2RB*, M-2SB*, M-2TB* and M-2UB*",M-2TB,*,To Early Redemption Date,yes,10,1.50%,0.00%,5.02
Weighted Average Life Tables,140,"Class M-2B, M-2BR, M-2BS, M-2BT, M-2BU, M-2BI, M-2RB*, M-2SB*, M-2TB* and M-2UB*",M-2TB,*,To Early Redemption Date,yes,15,1.50%,0.00%,5.02
Weighted Average Life Tables,140,"Class M-2B, M-2BR, M-2BS, M-2BT, M-2BU, M-2BI, M-2RB*, M-2SB*, M-2TB* and M-2UB*",M-2TB,*,To Early Redemption Date,yes,25,1.50%,0.00%,5.02
Weighted Average Life Tables,140,"Class M-2B, M-2BR, M-2BS, M-2BT, M-2BU, M-2BI, M-2RB*, M-2SB*, M-2TB* and M-2UB*",M-2TB,*,To Early Redemption Date,yes,35,1.50%,0.00%,5.02
Weighted Average Life Tables,140,"Class M-2B, M-2BR, M-2BS, M-2BT, M-2BU, M-2BI, M-2RB*, M-2SB*, M-2TB* and M-2UB*",M-2UB,*,To Scheduled Maturity Date,no,0,1.50%,0.00%,5.67
Weighted Average Life Tables,140,"Class M-2B, M-2BR, M-2BS, M-2BT, M-2BU, M-2BI, M-2RB*, M-2SB*, M-2TB* and M-2UB*",M-2UB,*,To Scheduled Maturity Date,no,5,1.50%,0.00%,6.77
Weighted Average Life Tables,140,"Class M-2B, M-2BR, M-2BS, M-2BT, M-2BU, M-2BI, M-2RB*, M-2SB*, M-2TB* and M-2UB*",M-2UB,*,To Scheduled Maturity Date,no,10,1.50%,0.00%,9.04
Weighted Average Life Tables,140,"Class M-2B, M-2BR, M-2BS, M-2BT, M-2BU, M-2BI, M-2RB*, M-2SB*, M-2TB* and M-2UB*",M-2UB,*,To Scheduled Maturity Date,no,15,1.50%,0.00%,19.13
Weighted Average Life Tables,140,"Class M-2B, M-2BR, M-2BS, M-2BT, M-2BU, M-2BI, M-2RB*, M-2SB*, M-2TB* and M-2UB*",M-2UB,*,To Scheduled Maturity Date,no,25,1.50%,0.00%,11.31
Weighted Average Life Tables,140,"Class M-2B, M-2BR, M-2BS, M-2BT, M-2BU, M-2BI, M-2RB*, M-2SB*, M-2TB* and M-2UB*",M-2UB,*,To Scheduled Maturity Date,no,35,1.50%,0.00%,8.08
Weighted Average Life Tables,140,"Class M-2B, M-2BR, M-2BS, M-2BT, M-2BU, M-2BI, M-2RB*, M-2SB*, M-2TB* and M-2UB*",M-2UB,*,To Early Redemption Date,yes,0,1.50%,0.00%,5.02
Weighted Average Life Tables,140,"Class M-2B, M-2BR, M-2BS, M-2BT, M-2BU, M-2BI, M-2RB*, M-2SB*, M-2TB* and M-2UB*",M-2UB,*,To Early Redemption Date,yes,5,1.50%,0.00%,5.02
Weighted Average Life Tables,140,"Class M-2B, M-2BR, M-2BS, M-2BT, M-2BU, M-2BI, M-2RB*, M-2SB*, M-2TB* and M-2UB*",M-2UB,*,To Early Redemption Date,yes,10,1.50%,0.00%,5.02
Weighted Average Life Tables,140,"Class M-2B, M-2BR, M-2BS, M-2BT, M-2BU, M-2BI, M-2RB*, M-2SB*, M-2TB* and M-2UB*",M-2UB,*,To Early Redemption Date,yes,15,1.50%,0.00%,5.02
Weighted Average Life Tables,140,"Class M-2B, M-2BR, M-2BS, M-2BT, M-2BU, M-2BI, M-2RB*, M-2SB*, M-2TB* and M-2UB*",M-2UB,*,To Early Redemption Date,yes,25,1.50%,0.00%,5.02
Weighted Average Life Tables,140,"Class M-2B, M-2BR, M-2BS, M-2BT, M-2BU, M-2BI, M-2RB*, M-2SB*, M-2TB* and M-2UB*",M-2UB,*,To Early Redemption Date,yes,35,1.50%,0.00%,5.02
Weighted Average Life Tables,140,"Class M-2B, M-2BR, M-2BS, M-2BT, M-2BU, M-2BI, M-2RB*, M-2SB*, M-2TB* and M-2UB*",M-2B,,To Scheduled Maturity Date,no,0,2.50%,0.00%,3.32
Weighted Average Life Tables,140,"Class M-2B, M-2BR, M-2BS, M-2BT, M-2BU, M-2BI, M-2RB*, M-2SB*, M-2TB* and M-2UB*",M-2B,,To Scheduled Maturity Date,no,5,2.50%,0.00%,3.65
Weighted Average Life Tables,140,"Class M-2B, M-2BR, M-2BS, M-2BT, M-2BU, M-2BI, M-2RB*, M-2SB*, M-2TB* and M-2UB*",M-2B,,To Scheduled Maturity Date,no,10,2.50%,0.00%,4.12
Weighted Average Life Tables,140,"Class M-2B, M-2BR, M-2BS, M-2BT, M-2BU, M-2BI, M-2RB*, M-2SB*, M-2TB* and M-2UB*",M-2B,,To Scheduled Maturity Date,no,15,2.50%,0.00%,4.88
Weighted Average Life Tables,140,"Class M-2B, M-2BR, M-2BS, M-2BT, M-2BU, M-2BI, M-2RB*, M-2SB*, M-2TB* and M-2UB*",M-2B,,To Scheduled Maturity Date,no,25,2.50%,0.00%,7.06
Weighted Average Life Tables,140,"Class M-2B, M-2BR, M-2BS, M-2BT, M-2BU, M-2BI, M-2RB*, M-2SB*, M-2TB* and M-2UB*",M-2B,,To Scheduled Maturity Date,no,35,2.50%,0.00%,5.53
Weighted Average Life Tables,140,"Class M-2B, M-2BR, M-2BS, M-2BT, M-2BU, M-2BI, M-2RB*, M-2SB*, M-2TB* and M-2UB*",M-2B,,To Early Redemption Date,yes,0,2.50%,0.00%,3.32
Weighted Average Life Tables,140,"Class M-2B, M-2BR, M-2BS, M-2BT, M-2BU, M-2BI, M-2RB*, M-2SB*, M-2TB* and M-2UB*",M-2B,,To Early Redemption Date,yes,5,2.50%,0.00%,3.65
Weighted Average Life Tables,140,"Class M-2B, M-2BR, M-2BS, M-2BT, M-2BU, M-2BI, M-2RB*, M-2SB*, M-2TB* and M-2UB*",M-2B,,To Early Redemption Date,yes,10,2.50%,0.00%,4.12
Weighted Average Life Tables,140,"Class M-2B, M-2BR, M-2BS, M-2BT, M-2BU, M-2BI, M-2RB*, M-2SB*, M-2TB* and M-2UB*",M-2B,,To Early Redemption Date,yes,15,2.50%,0.00%,4.84
Weighted Average Life Tables,140,"Class M-2B, M-2BR, M-2BS, M-2BT, M-2BU, M-2BI, M-2RB*, M-2SB*, M-2TB* and M-2UB*",M-2B,,To Early Redemption Date,yes,25,2.50%,0.00%,5.02
Weighted Average Life Tables,140,"Class M-2B, M-2BR, M-2BS, M-2BT, M-2BU, M-2BI, M-2RB*, M-2SB*, M-2TB* and M-2UB*",M-2B,,To Early Redemption Date,yes,35,2.50%,0.00%,4.86
Weighted Average Life Tables,140,"Class M-2B, M-2BR, M-2BS, M-2BT, M-2BU, M-2BI, M-2RB*, M-2SB*, M-2TB* and M-2UB*",M-2BR,,To Scheduled Maturity Date,no,0,2.50%,0.00%,3.32
Weighted Average Life Tables,140,"Class M-2B, M-2BR, M-2BS, M-2BT, M-2BU, M-2BI, M-2RB*, M-2SB*, M-2TB* and M-2UB*",M-2BR,,To Scheduled Maturity Date,no,5,2.50%,0.00%,3.65
Weighted Average Life Tables,140,"Class M-2B, M-2BR, M-2BS, M-2BT, M-2BU, M-2BI, M-2RB*, M-2SB*, M-2TB* and M-2UB*",M-2BR,,To Scheduled Maturity Date,no,10,2.50%,0.00%,4.12
Weighted Average Life Tables,140,"Class M-2B, M-2BR, M-2BS, M-2BT, M-2BU, M-2BI, M-2RB*, M-2SB*, M-2TB* and M-2UB*",M-2BR,,To Scheduled Maturity Date,no,15,2.50%,0.00%,4.88
Weighted Average Life Tables,140,"Class M-2B, M-2BR, M-2BS, M-2BT, M-2BU, M-2BI, M-2RB*, M-2SB*, M-2TB* and M-2UB*",M-2BR,,To Scheduled Maturity Date,no,25,2.50%,0.00%,7.06
Weighted Average Life Tables,140,"Class M-2B, M-2BR, M-2BS, M-2BT, M-2BU, M-2BI, M-2RB*, M-2SB*, M-2TB* and M-2UB*",M-2BR,,To Scheduled Maturity Date,no,35,2.50%,0.00%,5.53
Weighted Average Life Tables,140,"Class M-2B, M-2BR, M-2BS, M-2BT, M-2BU, M-2BI, M-2RB*, M-2SB*, M-2TB* and M-2UB*",M-2BR,,To Early Redemption Date,yes,0,2.50%,0.00%,3.32
Weighted Average Life Tables,140,"Class M-2B, M-2BR, M-2BS, M-2BT, M-2BU, M-2BI, M-2RB*, M-2SB*, M-2TB* and M-2UB*",M-2BR,,To Early Redemption Date,yes,5,2.50%,0.00%,3.65
Weighted Average Life Tables,140,"Class M-2B, M-2BR, M-2BS, M-2BT, M-2BU, M-2BI, M-2RB*, M-2SB*, M-2TB* and M-2UB*",M-2BR,,To Early Redemption Date,yes,10,2.50%,0.00%,4.12
Weighted Average Life Tables,140,"Class M-2B, M-2BR, M-2BS, M-2BT, M-2BU, M-2BI, M-2RB*, M-2SB*, M-2TB* and M-2UB*",M-2BR,,To Early Redemption Date,yes,15,2.50%,0.00%,4.84
Weighted Average Life Tables,140,"Class M-2B, M-2BR, M-2BS, M-2BT, M-2BU, M-2BI, M-2RB*, M-2SB*, M-2TB* and M-2UB*",M-2BR,,To Early Redemption Date,yes,25,2.50%,0.00%,5.02
Weighted Average Life Tables,140,"Class M-2B, M-2BR, M-2BS, M-2BT, M-2BU, M-2BI, M-2RB*, M-2SB*, M-2TB* and M-2UB*",M-2BR,,To Early Redemption Date,yes,35,2.50%,0.00%,4.86
Weighted Average Life Tables,140,"Class M-2B, M-2BR, M-2BS, M-2BT, M-2BU, M-2BI, M-2RB*, M-2SB*, M-2TB* and M-2UB*",M-2BS,,To Scheduled Maturity Date,no,0,2.50%,0.00%,3.32
Weighted Average Life Tables,140,"Class M-2B, M-2BR, M-2BS, M-2BT, M-2BU, M-2BI, M-2RB*, M-2SB*, M-2TB* and M-2UB*",M-2BS,,To Scheduled Maturity Date,no,5,2.50%,0.00%,3.65
Weighted Average Life Tables,140,"Class M-2B, M-2BR, M-2BS, M-2BT, M-2BU, M-2BI, M-2RB*, M-2SB*, M-2TB* and M-2UB*",M-2BS,,To Scheduled Maturity Date,no,10,2.50%,0.00%,4.12
Weighted Average Life Tables,140,"Class M-2B, M-2BR, M-2BS, M-2BT, M-2BU, M-2BI, M-2RB*, M-2SB*, M-2TB* and M-2UB*",M-2BS,,To Scheduled Maturity Date,no,15,2.50%,0.00%,4.88
Weighted Average Life Tables,140,"Class M-2B, M-2BR, M-2BS, M-2BT, M-2BU, M-2BI, M-2RB*, M-2SB*, M-2TB* and M-2UB*",M-2BS,,To Scheduled Maturity Date,no,25,2.50%,0.00%,7.06
Weighted Average Life Tables,140,"Class M-2B, M-2BR, M-2BS, M-2BT, M-2BU, M-2BI, M-2RB*, M-2SB*, M-2TB* and M-2UB*",M-2BS,,To Scheduled Maturity Date,no,35,2.50%,0.00%,5.53
Weighted Average Life Tables,140,"Class M-2B, M-2BR, M-2BS, M-2BT, M-2BU, M-2BI, M-2RB*, M-2SB*, M-2TB* and M-2UB*",M-2BS,,To Early Redemption Date,yes,0,2.50%,0.00%,3.32
Weighted Average Life Tables,140,"Class M-2B, M-2BR, M-2BS, M-2BT, M-2BU, M-2BI, M-2RB*, M-2SB*, M-2TB* and M-2UB*",M-2BS,,To Early Redemption Date,yes,5,2.50%,0.00%,3.65
Weighted Average Life Tables,140,"Class M-2B, M-2BR, M-2BS, M-2BT, M-2BU, M-2BI, M-2RB*, M-2SB*, M-2TB* and M-2UB*",M-2BS,,To Early Redemption Date,yes,10,2.50%,0.00%,4.12
Weighted Average Life Tables,140,"Class M-2B, M-2BR, M-2BS, M-2BT, M-2BU, M-2BI, M-2RB*, M-2SB*, M-2TB* and M-2UB*",M-2BS,,To Early Redemption Date,yes,15,2.50%,0.00%,4.84
Weighted Average Life Tables,140,"Class M-2B, M-2BR, M-2BS, M-2BT, M-2BU, M-2BI, M-2RB*, M-2SB*, M-2TB* and M-2UB*",M-2BS,,To Early Redemption Date,yes,25,2.50%,0.00%,5.02
Weighted Average Life Tables,140,"Class M-2B, M-2BR, M-2BS, M-2BT, M-2BU, M-2BI, M-2RB*, M-2SB*, M-2TB* and M-2UB*",M-2BS,,To Early Redemption Date,yes,35,2.50%,0.00%,4.86
Weighted Average Life Tables,140,"Class M-2B, M-2BR, M-2BS, M-2BT, M-2BU, M-2BI, M-2RB*, M-2SB*, M-2TB* and M-2UB*",M-2BT,,To Scheduled Maturity Date,no,0,2.50%,0.00%,3.32
Weighted Average Life Tables,140,"Class M-2B, M-2BR, M-2BS, M-2BT, M-2BU, M-2BI, M-2RB*, M-2SB*, M-2TB* and M-2UB*",M-2BT,,To Scheduled Maturity Date,no,5,2.50%,0.00%,3.65
Weighted Average Life Tables,140,"Class M-2B, M-2BR, M-2BS, M-2BT, M-2BU, M-2BI, M-2RB*, M-2SB*, M-2TB* and M-2UB*",M-2BT,,To Scheduled Maturity Date,no,10,2.50%,0.00%,4.12
Weighted Average Life Tables,140,"Class M-2B, M-2BR, M-2BS, M-2BT, M-2BU, M-2BI, M-2RB*, M-2SB*, M-2TB* and M-2UB*",M-2BT,,To Scheduled Maturity Date,no,15,2.50%,0.00%,4.88
Weighted Average Life Tables,140,"Class M-2B, M-2BR, M-2BS, M-2BT, M-2BU, M-2BI, M-2RB*, M-2SB*, M-2TB* and M-2UB*",M-2BT,,To Scheduled Maturity Date,no,25,2.50%,0.00%,7.06
Weighted Average Life Tables,140,"Class M-2B, M-2BR, M-2BS, M-2BT, M-2BU, M-2BI, M-2RB*, M-2SB*, M-2TB* and M-2UB*",M-2BT,,To Scheduled Maturity Date,no,35,2.50%,0.00%,5.53
Weighted Average Life Tables,140,"Class M-2B, M-2BR, M-2BS, M-2BT, M-2BU, M-2BI, M-2RB*, M-2SB*, M-2TB* and M-2UB*",M-2BT,,To Early Redemption Date,yes,0,2.50%,0.00%,3.32
Weighted Average Life Tables,140,"Class M-2B, M-2BR, M-2BS, M-2BT, M-2BU, M-2BI, M-2RB*, M-2SB*, M-2TB* and M-2UB*",M-2BT,,To Early Redemption Date,yes,5,2.50%,0.00%,3.65
Weighted Average Life Tables,140,"Class M-2B, M-2BR, M-2BS, M-2BT, M-2BU, M-2BI, M-2RB*, M-2SB*, M-2TB* and M-2UB*",M-2BT,,To Early Redemption Date,yes,10,2.50%,0.00%,4.12
Weighted Average Life Tables,140,"Class M-2B, M-2BR, M-2BS, M-2BT, M-2BU, M-2BI, M-2RB*, M-2SB*, M-2TB* and M-2UB*",M-2BT,,To Early Redemption Date,yes,15,2.50%,0.00%,4.84
Weighted Average Life Tables,140,"Class M-2B, M-2BR, M-2BS, M-2BT, M-2BU, M-2BI, M-2RB*, M-2SB*, M-2TB* and M-2UB*",M-2BT,,To Early Redemption Date,yes,25,2.50%,0.00%,5.02
Weighted Average Life Tables,140,"Class M-2B, M-2BR, M-2BS, M-2BT, M-2BU, M-2BI, M-2RB*, M-2SB*, M-2TB* and M-2UB*",M-2BT,,To Early Redemption Date,yes,35,2.50%,0.00%,4.86
Weighted Average Life Tables,140,"Class M-2B, M-2BR, M-2BS, M-2BT, M-2BU, M-2BI, M-2RB*, M-2SB*, M-2TB* and M-2UB*",M-2BU,,To Scheduled Maturity Date,no,0,2.50%,0.00%,3.32
Weighted Average Life Tables,140,"Class M-2B, M-2BR, M-2BS, M-2BT, M-2BU, M-2BI, M-2RB*, M-2SB*, M-2TB* and M-2UB*",M-2BU,,To Scheduled Maturity Date,no,5,2.50%,0.00%,3.65
Weighted Average Life Tables,140,"Class M-2B, M-2BR, M-2BS, M-2BT, M-2BU, M-2BI, M-2RB*, M-2SB*, M-2TB* and M-2UB*",M-2BU,,To Scheduled Maturity Date,no,10,2.50%,0.00%,4.12
Weighted Average Life Tables,140,"Class M-2B, M-2BR, M-2BS, M-2BT, M-2BU, M-2BI, M-2RB*, M-2SB*, M-2TB* and M-2UB*",M-2BU,,To Scheduled Maturity Date,no,15,2.50%,0.00%,4.88
Weighted Average Life Tables,140,"Class M-2B, M-2BR, M-2BS, M-2BT, M-2BU, M-2BI, M-2RB*, M-2SB*, M-2TB* and M-2UB*",M-2BU,,To Scheduled Maturity Date,no,25,2.50%,0.00%,7.06
Weighted Average Life Tables,140,"Class M-2B, M-2BR, M-2BS, M-2BT, M-2BU, M-2BI, M-2RB*, M-2SB*, M-2TB* and M-2UB*",M-2BU,,To Scheduled Maturity Date,no,35,2.50%,0.00%,5.53
Weighted Average Life Tables,140,"Class M-2B, M-2BR, M-2BS, M-2BT, M-2BU, M-2BI, M-2RB*, M-2SB*, M-2TB* and M-2UB*",M-2BU,,To Early Redemption Date,yes,0,2.50%,0.00%,3.32
Weighted Average Life Tables,140,"Class M-2B, M-2BR, M-2BS, M-2BT, M-2BU, M-2BI, M-2RB*, M-2SB*, M-2TB* and M-2UB*",M-2BU,,To Early Redemption Date,yes,5,2.50%,0.00%,3.65
Weighted Average Life Tables,140,"Class M-2B, M-2BR, M-2BS, M-2BT, M-2BU, M-2BI, M-2RB*, M-2SB*, M-2TB* and M-2UB*",M-2BU,,To Early Redemption Date,yes,10,2.50%,0.00%,4.12
Weighted Average Life Tables,140,"Class M-2B, M-2BR, M-2BS, M-2BT, M-2BU, M-2BI, M-2RB*, M-2SB*, M-2TB* and M-2UB*",M-2BU,,To Early Redemption Date,yes,15,2.50%,0.00%,4.84
Weighted Average Life Tables,140,"Class M-2B, M-2BR, M-2BS, M-2BT, M-2BU, M-2BI, M-2RB*, M-2SB*, M-2TB* and M-2UB*",M-2BU,,To Early Redemption Date,yes,25,2.50%,0.00%,5.02
Weighted Average Life Tables,140,"Class M-2B, M-2BR, M-2BS, M-2BT, M-2BU, M-2BI, M-2RB*, M-2SB*, M-2TB* and M-2UB*",M-2BU,,To Early Redemption Date,yes,35,2.50%,0.00%,4.86
Weighted Average Life Tables,140,"Class M-2B, M-2BR, M-2BS, M-2BT, M-2BU, M-2BI, M-2RB*, M-2SB*, M-2TB* and M-2UB*",M-2BI,,To Scheduled Maturity Date,no,0,2.50%,0.00%,3.32
Weighted Average Life Tables,140,"Class M-2B, M-2BR, M-2BS, M-2BT, M-2BU, M-2BI, M-2RB*, M-2SB*, M-2TB* and M-2UB*",M-2BI,,To Scheduled Maturity Date,no,5,2.50%,0.00%,3.65
Weighted Average Life Tables,140,"Class M-2B, M-2BR, M-2BS, M-2BT, M-2BU, M-2BI, M-2RB*, M-2SB*, M-2TB* and M-2UB*",M-2BI,,To Scheduled Maturity Date,no,10,2.50%,0.00%,4.12
Weighted Average Life Tables,140,"Class M-2B, M-2BR, M-2BS, M-2BT, M-2BU, M-2BI, M-2RB*, M-2SB*, M-2TB* and M-2UB*",M-2BI,,To Scheduled Maturity Date,no,15,2.50%,0.00%,4.88
Weighted Average Life Tables,140,"Class M-2B, M-2BR, M-2BS, M-2BT, M-2BU, M-2BI, M-2RB*, M-2SB*, M-2TB* and M-2UB*",M-2BI,,To Scheduled Maturity Date,no,25,2.50%,0.00%,7.06
Weighted Average Life Tables,140,"Class M-2B, M-2BR, M-2BS, M-2BT, M-2BU, M-2BI, M-2RB*, M-2SB*, M-2TB* and M-2UB*",M-2BI,,To Scheduled Maturity Date,no,35,2.50%,0.00%,5.53
Weighted Average Life Tables,140,"Class M-2B, M-2BR, M-2BS, M-2BT, M-2BU, M-2BI, M-2RB*, M-2SB*, M-2TB* and M-2UB*",M-2BI,,To Early Redemption Date,yes,0,2.50%,0.00%,3.32
Weighted Average Life Tables,140,"Class M-2B, M-2BR, M-2BS, M-2BT, M-2BU, M-2BI, M-2RB*, M-2SB*, M-2TB* and M-2UB*",M-2BI,,To Early Redemption Date,yes,5,2.50%,0.00%,3.65
Weighted Average Life Tables,140,"Class M-2B, M-2BR, M-2BS, M-2BT, M-2BU, M-2BI, M-2RB*, M-2SB*, M-2TB* and M-2UB*",M-2BI,,To Early Redemption Date,yes,10,2.50%,0.00%,4.12
Weighted Average Life Tables,140,"Class M-2B, M-2BR, M-2BS, M-2BT, M-2BU, M-2BI, M-2RB*, M-2SB*, M-2TB* and M-2UB*",M-2BI,,To Early Redemption Date,yes,15,2.50%,0.00%,4.84
Weighted Average Life Tables,140,"Class M-2B, M-2BR, M-2BS, M-2BT, M-2BU, M-2BI, M-2RB*, M-2SB*, M-2TB* and M-2UB*",M-2BI,,To Early Redemption Date,yes,25,2.50%,0.00%,5.02
Weighted Average Life Tables,140,"Class M-2B, M-2BR, M-2BS, M-2BT, M-2BU, M-2BI, M-2RB*, M-2SB*, M-2TB* and M-2UB*",M-2BI,,To Early Redemption Date,yes,35,2.50%,0.00%,4.86
Weighted Average Life Tables,140,"Class M-2B, M-2BR, M-2BS, M-2BT, M-2BU, M-2BI, M-2RB*, M-2SB*, M-2TB* and M-2UB*",M-2RB,*,To Scheduled Maturity Date,no,0,2.50%,0.00%,3.32
Weighted Average Life Tables,140,"Class M-2B, M-2BR, M-2BS, M-2BT, M-2BU, M-2BI, M-2RB*, M-2SB*, M-2TB* and M-2UB*",M-2RB,*,To Scheduled Maturity Date,no,5,2.50%,0.00%,3.65
Weighted Average Life Tables,140,"Class M-2B, M-2BR, M-2BS, M-2BT, M-2BU, M-2BI, M-2RB*, M-2SB*, M-2TB* and M-2UB*",M-2RB,*,To Scheduled Maturity Date,no,10,2.50%,0.00%,4.12
Weighted Average Life Tables,140,"Class M-2B, M-2BR, M-2BS, M-2BT, M-2BU, M-2BI, M-2RB*, M-2SB*, M-2TB* and M-2UB*",M-2RB,*,To Scheduled Maturity Date,no,15,2.50%,0.00%,4.88
Weighted Average Life Tables,140,"Class M-2B, M-2BR, M-2BS, M-2BT, M-2BU, M-2BI, M-2RB*, M-2SB*, M-2TB* and M-2UB*",M-2RB,*,To Scheduled Maturity Date,no,25,2.50%,0.00%,7.06
Weighted Average Life Tables,140,"Class M-2B, M-2BR, M-2BS, M-2BT, M-2BU, M-2BI, M-2RB*, M-2SB*, M-2TB* and M-2UB*",M-2RB,*,To Scheduled Maturity Date,no,35,2.50%,0.00%,5.53
Weighted Average Life Tables,140,"Class M-2B, M-2BR, M-2BS, M-2BT, M-2BU, M-2BI, M-2RB*, M-2SB*, M-2TB* and M-2UB*",M-2RB,*,To Early Redemption Date,yes,0,2.50%,0.00%,3.32
Weighted Average Life Tables,140,"Class M-2B, M-2BR, M-2BS, M-2BT, M-2BU, M-2BI, M-2RB*, M-2SB*, M-2TB* and M-2UB*",M-2RB,*,To Early Redemption Date,yes,5,2.50%,0.00%,3.65
Weighted Average Life Tables,140,"Class M-2B, M-2BR, M-2BS, M-2BT, M-2BU, M-2BI, M-2RB*, M-2SB*, M-2TB* and M-2UB*",M-2RB,*,To Early Redemption Date,yes,10,2.50%,0.00%,4.12
Weighted Average Life Tables,140,"Class M-2B, M-2BR, M-2BS, M-2BT, M-2BU, M-2BI, M-2RB*, M-2SB*, M-2TB* and M-2UB*",M-2RB,*,To Early Redemption Date,yes,15,2.50%,0.00%,4.84
Weighted Average Life Tables,140,"Class M-2B, M-2BR, M-2BS, M-2BT, M-2BU, M-2BI, M-2RB*, M-2SB*, M-2TB* and M-2UB*",M-2RB,*,To Early Redemption Date,yes,25,2.50%,0.00%,5.02
Weighted Average Life Tables,140,"Class M-2B, M-2BR, M-2BS, M-2BT, M-2BU, M-2BI, M-2RB*, M-2SB*, M-2TB* and M-2UB*",M-2RB,*,To Early Redemption Date,yes,35,2.50%,0.00%,4.86
Weighted Average Life Tables,140,"Class M-2B, M-2BR, M-2BS, M-2BT, M-2BU, M-2BI, M-2RB*, M-2SB*, M-2TB* and M-2UB*",M-2SB,*,To Scheduled Maturity Date,no,0,2.50%,0.00%,3.32
Weighted Average Life Tables,140,"Class M-2B, M-2BR, M-2BS, M-2BT, M-2BU, M-2BI, M-2RB*, M-2SB*, M-2TB* and M-2UB*",M-2SB,*,To Scheduled Maturity Date,no,5,2.50%,0.00%,3.65
Weighted Average Life Tables,140,"Class M-2B, M-2BR, M-2BS, M-2BT, M-2BU, M-2BI, M-2RB*, M-2SB*, M-2TB* and M-2UB*",M-2SB,*,To Scheduled Maturity Date,no,10,2.50%,0.00%,4.12
Weighted Average Life Tables,140,"Class M-2B, M-2BR, M-2BS, M-2BT, M-2BU, M-2BI, M-2RB*, M-2SB*, M-2TB* and M-2UB*",M-2SB,*,To Scheduled Maturity Date,no,15,2.50%,0.00%,4.88
Weighted Average Life Tables,140,"Class M-2B, M-2BR, M-2BS, M-2BT, M-2BU, M-2BI, M-2RB*, M-2SB*, M-2TB* and M-2UB*",M-2SB,*,To Scheduled Maturity Date,no,25,2.50%,0.00%,7.06
Weighted Average Life Tables,140,"Class M-2B, M-2BR, M-2BS, M-2BT, M-2BU, M-2BI, M-2RB*, M-2SB*, M-2TB* and M-2UB*",M-2SB,*,To Scheduled Maturity Date,no,35,2.50%,0.00%,5.53
Weighted Average Life Tables,140,"Class M-2B, M-2BR, M-2BS, M-2BT, M-2BU, M-2BI, M-2RB*, M-2SB*, M-2TB* and M-2UB*",M-2SB,*,To Early Redemption Date,yes,0,2.50%,0.00%,3.32
Weighted Average Life Tables,140,"Class M-2B, M-2BR, M-2BS, M-2BT, M-2BU, M-2BI, M-2RB*, M-2SB*, M-2TB* and M-2UB*",M-2SB,*,To Early Redemption Date,yes,5,2.50%,0.00%,3.65
Weighted Average Life Tables,140,"Class M-2B, M-2BR, M-2BS, M-2BT, M-2BU, M-2BI, M-2RB*, M-2SB*, M-2TB* and M-2UB*",M-2SB,*,To Early Redemption Date,yes,10,2.50%,0.00%,4.12
Weighted Average Life Tables,140,"Class M-2B, M-2BR, M-2BS, M-2BT, M-2BU, M-2BI, M-2RB*, M-2SB*, M-2TB* and M-2UB*",M-2SB,*,To Early Redemption Date,yes,15,2.50%,0.00%,4.84
Weighted Average Life Tables,140,"Class M-2B, M-2BR, M-2BS, M-2BT, M-2BU, M-2BI, M-2RB*, M-2SB*, M-2TB* and M-2UB*",M-2SB,*,To Early Redemption Date,yes,25,2.50%,0.00%,5.02
Weighted Average Life Tables,140,"Class M-2B, M-2BR, M-2BS, M-2BT, M-2BU, M-2BI, M-2RB*, M-2SB*, M-2TB* and M-2UB*",M-2SB,*,To Early Redemption Date,yes,35,2.50%,0.00%,4.86
Weighted Average Life Tables,140,"Class M-2B, M-2BR, M-2BS, M-2BT, M-2BU, M-2BI, M-2RB*, M-2SB*, M-2TB* and M-2UB*",M-2TB,*,To Scheduled Maturity Date,no,0,2.50%,0.00%,3.32
Weighted Average Life Tables,140,"Class M-2B, M-2BR, M-2BS, M-2BT, M-2BU, M-2BI, M-2RB*, M-2SB*, M-2TB* and M-2UB*",M-2TB,*,To Scheduled Maturity Date,no,5,2.50%,0.00%,3.65
Weighted Average Life Tables,140,"Class M-2B, M-2BR, M-2BS, M-2BT, M-2BU, M-2BI, M-2RB*, M-2SB*, M-2TB* and M-2UB*",M-2TB,*,To Scheduled Maturity Date,no,10,2.50%,0.00%,4.12
Weighted Average Life Tables,140,"Class M-2B, M-2BR, M-2BS, M-2BT, M-2BU, M-2BI, M-2RB*, M-2SB*, M-2TB* and M-2UB*",M-2TB,*,To Scheduled Maturity Date,no,15,2.50%,0.00%,4.88
Weighted Average Life Tables,140,"Class M-2B, M-2BR, M-2BS, M-2BT, M-2BU, M-2BI, M-2RB*, M-2SB*, M-2TB* and M-2UB*",M-2TB,*,To Scheduled Maturity Date,no,25,2.50%,0.00%,7.06
Weighted Average Life Tables,140,"Class M-2B, M-2BR, M-2BS, M-2BT, M-2BU, M-2BI, M-2RB*, M-2SB*, M-2TB* and M-2UB*",M-2TB,*,To Scheduled Maturity Date,no,35,2.50%,0.00%,5.53
Weighted Average Life Tables,140,"Class M-2B, M-2BR, M-2BS, M-2BT, M-2BU, M-2BI, M-2RB*, M-2SB*, M-2TB* and M-2UB*",M-2TB,*,To Early Redemption Date,yes,0,2.50%,0.00%,3.32
Weighted Average Life Tables,140,"Class M-2B, M-2BR, M-2BS, M-2BT, M-2BU, M-2BI, M-2RB*, M-2SB*, M-2TB* and M-2UB*",M-2TB,*,To Early Redemption Date,yes,5,2.50%,0.00%,3.65
Weighted Average Life Tables,140,"Class M-2B, M-2BR, M-2BS, M-2BT, M-2BU, M-2BI, M-2RB*, M-2SB*, M-2TB* and M-2UB*",M-2TB,*,To Early Redemption Date,yes,10,2.50%,0.00%,4.12
Weighted Average Life Tables,140,"Class M-2B, M-2BR, M-2BS, M-2BT, M-2BU, M-2BI, M-2RB*, M-2SB*, M-2TB* and M-2UB*",M-2TB,*,To Early Redemption Date,yes,15,2.50%,0.00%,4.84
Weighted Average Life Tables,140,"Class M-2B, M-2BR, M-2BS, M-2BT, M-2BU, M-2BI, M-2RB*, M-2SB*, M-2TB* and M-2UB*",M-2TB,*,To Early Redemption Date,yes,25,2.50%,0.00%,5.02
Weighted Average Life Tables,140,"Class M-2B, M-2BR, M-2BS, M-2BT, M-2BU, M-2BI, M-2RB*, M-2SB*, M-2TB* and M-2UB*",M-2TB,*,To Early Redemption Date,yes,35,2.50%,0.00%,4.86
Weighted Average Life Tables,140,"Class M-2B, M-2BR, M-2BS, M-2BT, M-2BU, M-2BI, M-2RB*, M-2SB*, M-2TB* and M-2UB*",M-2UB,*,To Scheduled Maturity Date,no,0,2.50%,0.00%,3.32
Weighted Average Life Tables,140,"Class M-2B, M-2BR, M-2BS, M-2BT, M-2BU, M-2BI, M-2RB*, M-2SB*, M-2TB* and M-2UB*",M-2UB,*,To Scheduled Maturity Date,no,5,2.50%,0.00%,3.65
Weighted Average Life Tables,140,"Class M-2B, M-2BR, M-2BS, M-2BT, M-2BU, M-2BI, M-2RB*, M-2SB*, M-2TB* and M-2UB*",M-2UB,*,To Scheduled Maturity Date,no,10,2.50%,0.00%,4.12
Weighted Average Life Tables,140,"Class M-2B, M-2BR, M-2BS, M-2BT, M-2BU, M-2BI, M-2RB*, M-2SB*, M-2TB* and M-2UB*",M-2UB,*,To Scheduled Maturity Date,no,15,2.50%,0.00%,4.88
Weighted Average Life Tables,140,"Class M-2B, M-2BR, M-2BS, M-2BT, M-2BU, M-2BI, M-2RB*, M-2SB*, M-2TB* and M-2UB*",M-2UB,*,To Scheduled Maturity Date,no,25,2.50%,0.00%,7.06
Weighted Average Life Tables,140,"Class M-2B, M-2BR, M-2BS, M-2BT, M-2BU, M-2BI, M-2RB*, M-2SB*, M-2TB* and M-2UB*",M-2UB,*,To Scheduled Maturity Date,no,35,2.50%,0.00%,5.53
Weighted Average Life Tables,140,"Class M-2B, M-2BR, M-2BS, M-2BT, M-2BU, M-2BI, M-2RB*, M-2SB*, M-2TB* and M-2UB*",M-2UB,*,To Early Redemption Date,yes,0,2.50%,0.00%,3.32
Weighted Average Life Tables,140,"Class M-2B, M-2BR, M-2BS, M-2BT, M-2BU, M-2BI, M-2RB*, M-2SB*, M-2TB* and M-2UB*",M-2UB,*,To Early Redemption Date,yes,5,2.50%,0.00%,3.65
Weighted Average Life Tables,140,"Class M-2B, M-2BR, M-2BS, M-2BT, M-2BU, M-2BI, M-2RB*, M-2SB*, M-2TB* and M-2UB*",M-2UB,*,To Early Redemption Date,yes,10,2.50%,0.00%,4.12
Weighted Average Life Tables,140,"Class M-2B, M-2BR, M-2BS, M-2BT, M-2BU, M-2BI, M-2RB*, M-2SB*, M-2TB* and M-2UB*",M-2UB,*,To Early Redemption Date,yes,15,2.50%,0.00%,4.84
Weighted Average Life Tables,140,"Class M-2B, M-2BR, M-2BS, M-2BT, M-2BU, M-2BI, M-2RB*, M-2SB*, M-2TB* and M-2UB*",M-2UB,*,To Early Redemption Date,yes,25,2.50%,0.00%,5.02
Weighted Average Life Tables,140,"Class M-2B, M-2BR, M-2BS, M-2BT, M-2BU, M-2BI, M-2RB*, M-2SB*, M-2TB* and M-2UB*",M-2UB,*,To Early Redemption Date,yes,35,2.50%,0.00%,4.86
Weighted Average Life Tables,140,"Class M-2B, M-2BR, M-2BS, M-2BT, M-2BU, M-2BI, M-2RB*, M-2SB*, M-2TB* and M-2UB*",M-2B,,To Scheduled Maturity Date,no,0,3.00%,0.00%,2.74
Weighted Average Life Tables,140,"Class M-2B, M-2BR, M-2BS, M-2BT, M-2BU, M-2BI, M-2RB*, M-2SB*, M-2TB* and M-2UB*",M-2B,,To Scheduled Maturity Date,no,5,3.00%,0.00%,2.97
Weighted Average Life Tables,140,"Class M-2B, M-2BR, M-2BS, M-2BT, M-2BU, M-2BI, M-2RB*, M-2SB*, M-2TB* and M-2UB*",M-2B,,To Scheduled Maturity Date,no,10,3.00%,0.00%,3.26
Weighted Average Life Tables,140,"Class M-2B, M-2BR, M-2BS, M-2BT, M-2BU, M-2BI, M-2RB*, M-2SB*, M-2TB* and M-2UB*",M-2B,,To Scheduled Maturity Date,no,15,3.00%,0.00%,3.68
Weighted Average Life Tables,140,"Class M-2B, M-2BR, M-2BS, M-2BT, M-2BU, M-2BI, M-2RB*, M-2SB*, M-2TB* and M-2UB*",M-2B,,To Scheduled Maturity Date,no,25,3.00%,0.00%,5.83
Weighted Average Life Tables,140,"Class M-2B, M-2BR, M-2BS, M-2BT, M-2BU, M-2BI, M-2RB*, M-2SB*, M-2TB* and M-2UB*",M-2B,,To Scheduled Maturity Date,no,35,3.00%,0.00%,4.65
Weighted Average Life Tables,140,"Class M-2B, M-2BR, M-2BS, M-2BT, M-2BU, M-2BI, M-2RB*, M-2SB*, M-2TB* and M-2UB*",M-2B,,To Early Redemption Date,yes,0,3.00%,0.00%,2.74
Weighted Average Life Tables,140,"Class M-2B, M-2BR, M-2BS, M-2BT, M-2BU, M-2BI, M-2RB*, M-2SB*, M-2TB* and M-2UB*",M-2B,,To Early Redemption Date,yes,5,3.00%,0.00%,2.97
Weighted Average Life Tables,140,"Class M-2B, M-2BR, M-2BS, M-2BT, M-2BU, M-2BI, M-2RB*, M-2SB*, M-2TB* and M-2UB*",M-2B,,To Early Redemption Date,yes,10,3.00%,0.00%,3.26
Weighted Average Life Tables,140,"Class M-2B, M-2BR, M-2BS, M-2BT, M-2BU, M-2BI, M-2RB*, M-2SB*, M-2TB* and M-2UB*",M-2B,,To Early Redemption Date,yes,15,3.00%,0.00%,3.68
Weighted Average Life Tables,140,"Class M-2B, M-2BR, M-2BS, M-2BT, M-2BU, M-2BI, M-2RB*, M-2SB*, M-2TB* and M-2UB*",M-2B,,To Early Redemption Date,yes,25,3.00%,0.00%,5.02
Weighted Average Life Tables,140,"Class M-2B, M-2BR, M-2BS, M-2BT, M-2BU, M-2BI, M-2RB*, M-2SB*, M-2TB* and M-2UB*",M-2B,,To Early Redemption Date,yes,35,3.00%,0.00%,4.64
Weighted Average Life Tables,140,"Class M-2B, M-2BR, M-2BS, M-2BT, M-2BU, M-2BI, M-2RB*, M-2SB*, M-2TB* and M-2UB*",M-2BR,,To Scheduled Maturity Date,no,0,3.00%,0.00%,2.74
Weighted Average Life Tables,140,"Class M-2B, M-2BR, M-2BS, M-2BT, M-2BU, M-2BI, M-2RB*, M-2SB*, M-2TB* and M-2UB*",M-2BR,,To Scheduled Maturity Date,no,5,3.00%,0.00%,2.97
Weighted Average Life Tables,140,"Class M-2B, M-2BR, M-2BS, M-2BT, M-2BU, M-2BI, M-2RB*, M-2SB*, M-2TB* and M-2UB*",M-2BR,,To Scheduled Maturity Date,no,10,3.00%,0.00%,3.26
Weighted Average Life Tables,140,"Class M-2B, M-2BR, M-2BS, M-2BT, M-2BU, M-2BI, M-2RB*, M-2SB*, M-2TB* and M-2UB*",M-2BR,,To Scheduled Maturity Date,no,15,3.00%,0.00%,3.68
Weighted Average Life Tables,140,"Class M-2B, M-2BR, M-2BS, M-2BT, M-2BU, M-2BI, M-2RB*, M-2SB*, M-2TB* and M-2UB*",M-2BR,,To Scheduled Maturity Date,no,25,3.00%,0.00%,5.83
Weighted Average Life Tables,140,"Class M-2B, M-2BR, M-2BS, M-2BT, M-2BU, M-2BI, M-2RB*, M-2SB*, M-2TB* and M-2UB*",M-2BR,,To Scheduled Maturity Date,no,35,3.00%,0.00%,4.65
Weighted Average Life Tables,140,"Class M-2B, M-2BR, M-2BS, M-2BT, M-2BU, M-2BI, M-2RB*, M-2SB*, M-2TB* and M-2UB*",M-2BR,,To Early Redemption Date,yes,0,3.00%,0.00%,2.74
Weighted Average Life Tables,140,"Class M-2B, M-2BR, M-2BS, M-2BT, M-2BU, M-2BI, M-2RB*, M-2SB*, M-2TB* and M-2UB*",M-2BR,,To Early Redemption Date,yes,5,3.00%,0.00%,2.97
Weighted Average Life Tables,140,"Class M-2B, M-2BR, M-2BS, M-2BT, M-2BU, M-2BI, M-2RB*, M-2SB*, M-2TB* and M-2UB*",M-2BR,,To Early Redemption Date,yes,10,3.00%,0.00%,3.26
Weighted Average Life Tables,140,"Class M-2B, M-2BR, M-2BS, M-2BT, M-2BU, M-2BI, M-2RB*, M-2SB*, M-2TB* and M-2UB*",M-2BR,,To Early Redemption Date,yes,15,3.00%,0.00%,3.68
Weighted Average Life Tables,140,"Class M-2B, M-2BR, M-2BS, M-2BT, M-2BU, M-2BI, M-2RB*, M-2SB*, M-2TB* and M-2UB*",M-2BR,,To Early Redemption Date,yes,25,3.00%,0.00%,5.02
Weighted Average Life Tables,140,"Class M-2B, M-2BR, M-2BS, M-2BT, M-2BU, M-2BI, M-2RB*, M-2SB*, M-2TB* and M-2UB*",M-2BR,,To Early Redemption Date,yes,35,3.00%,0.00%,4.64
Weighted Average Life Tables,140,"Class M-2B, M-2BR, M-2BS, M-2BT, M-2BU, M-2BI, M-2RB*, M-2SB*, M-2TB* and M-2UB*",M-2BS,,To Scheduled Maturity Date,no,0,3.00%,0.00%,2.74
Weighted Average Life Tables,140,"Class M-2B, M-2BR, M-2BS, M-2BT, M-2BU, M-2BI, M-2RB*, M-2SB*, M-2TB* and M-2UB*",M-2BS,,To Scheduled Maturity Date,no,5,3.00%,0.00%,2.97
Weighted Average Life Tables,140,"Class M-2B, M-2BR, M-2BS, M-2BT, M-2BU, M-2BI, M-2RB*, M-2SB*, M-2TB* and M-2UB*",M-2BS,,To Scheduled Maturity Date,no,10,3.00%,0.00%,3.26
Weighted Average Life Tables,140,"Class M-2B, M-2BR, M-2BS, M-2BT, M-2BU, M-2BI, M-2RB*, M-2SB*, M-2TB* and M-2UB*",M-2BS,,To Scheduled Maturity Date,no,15,3.00%,0.00%,3.68
Weighted Average Life Tables,140,"Class M-2B, M-2BR, M-2BS, M-2BT, M-2BU, M-2BI, M-2RB*, M-2SB*, M-2TB* and M-2UB*",M-2BS,,To Scheduled Maturity Date,no,25,3.00%,0.00%,5.83
Weighted Average Life Tables,140,"Class M-2B, M-2BR, M-2BS, M-2BT, M-2BU, M-2BI, M-2RB*, M-2SB*, M-2TB* and M-2UB*",M-2BS,,To Scheduled Maturity Date,no,35,3.00%,0.00%,4.65
Weighted Average Life Tables,140,"Class M-2B, M-2BR, M-2BS, M-2BT, M-2BU, M-2BI, M-2RB*, M-2SB*, M-2TB* and M-2UB*",M-2BS,,To Early Redemption Date,yes,0,3.00%,0.00%,2.74
Weighted Average Life Tables,140,"Class M-2B, M-2BR, M-2BS, M-2BT, M-2BU, M-2BI, M-2RB*, M-2SB*, M-2TB* and M-2UB*",M-2BS,,To Early Redemption Date,yes,5,3.00%,0.00%,2.97
Weighted Average Life Tables,140,"Class M-2B, M-2BR, M-2BS, M-2BT, M-2BU, M-2BI, M-2RB*, M-2SB*, M-2TB* and M-2UB*",M-2BS,,To Early Redemption Date,yes,10,3.00%,0.00%,3.26
Weighted Average Life Tables,140,"Class M-2B, M-2BR, M-2BS, M-2BT, M-2BU, M-2BI, M-2RB*, M-2SB*, M-2TB* and M-2UB*",M-2BS,,To Early Redemption Date,yes,15,3.00%,0.00%,3.68
Weighted Average Life Tables,140,"Class M-2B, M-2BR, M-2BS, M-2BT, M-2BU, M-2BI, M-2RB*, M-2SB*, M-2TB* and M-2UB*",M-2BS,,To Early Redemption Date,yes,25,3.00%,0.00%,5.02
Weighted Average Life Tables,140,"Class M-2B, M-2BR, M-2BS, M-2BT, M-2BU, M-2BI, M-2RB*, M-2SB*, M-2TB* and M-2UB*",M-2BS,,To Early Redemption Date,yes,35,3.00%,0.00%,4.64
Weighted Average Life Tables,140,"Class M-2B, M-2BR, M-2BS, M-2BT, M-2BU, M-2BI, M-2RB*, M-2SB*, M-2TB* and M-2UB*",M-2BT,,To Scheduled Maturity Date,no,0,3.00%,0.00%,2.74
Weighted Average Life Tables,140,"Class M-2B, M-2BR, M-2BS, M-2BT, M-2BU, M-2BI, M-2RB*, M-2SB*, M-2TB* and M-2UB*",M-2BT,,To Scheduled Maturity Date,no,5,3.00%,0.00%,2.97
Weighted Average Life Tables,140,"Class M-2B, M-2BR, M-2BS, M-2BT, M-2BU, M-2BI, M-2RB*, M-2SB*, M-2TB* and M-2UB*",M-2BT,,To Scheduled Maturity Date,no,10,3.00%,0.00%,3.26
Weighted Average Life Tables,140,"Class M-2B, M-2BR, M-2BS, M-2BT, M-2BU, M-2BI, M-2RB*, M-2SB*, M-2TB* and M-2UB*",M-2BT,,To Scheduled Maturity Date,no,15,3.00%,0.00%,3.68
Weighted Average Life Tables,140,"Class M-2B, M-2BR, M-2BS, M-2BT, M-2BU, M-2BI, M-2RB*, M-2SB*, M-2TB* and M-2UB*",M-2BT,,To Scheduled Maturity Date,no,25,3.00%,0.00%,5.83
Weighted Average Life Tables,140,"Class M-2B, M-2BR, M-2BS, M-2BT, M-2BU, M-2BI, M-2RB*, M-2SB*, M-2TB* and M-2UB*",M-2BT,,To Scheduled Maturity Date,no,35,3.00%,0.00%,4.65
Weighted Average Life Tables,140,"Class M-2B, M-2BR, M-2BS, M-2BT, M-2BU, M-2BI, M-2RB*, M-2SB*, M-2TB* and M-2UB*",M-2BT,,To Early Redemption Date,yes,0,3.00%,0.00%,2.74
Weighted Average Life Tables,140,"Class M-2B, M-2BR, M-2BS, M-2BT, M-2BU, M-2BI, M-2RB*, M-2SB*, M-2TB* and M-2UB*",M-2BT,,To Early Redemption Date,yes,5,3.00%,0.00%,2.97
Weighted Average Life Tables,140,"Class M-2B, M-2BR, M-2BS, M-2BT, M-2BU, M-2BI, M-2RB*, M-2SB*, M-2TB* and M-2UB*",M-2BT,,To Early Redemption Date,yes,10,3.00%,0.00%,3.26
Weighted Average Life Tables,140,"Class M-2B, M-2BR, M-2BS, M-2BT, M-2BU, M-2BI, M-2RB*, M-2SB*, M-2TB* and M-2UB*",M-2BT,,To Early Redemption Date,yes,15,3.00%,0.00%,3.68
Weighted Average Life Tables,140,"Class M-2B, M-2BR, M-2BS, M-2BT, M-2BU, M-2BI, M-2RB*, M-2SB*, M-2TB* and M-2UB*",M-2BT,,To Early Redemption Date,yes,25,3.00%,0.00%,5.02
Weighted Average Life Tables,140,"Class M-2B, M-2BR, M-2BS, M-2BT, M-2BU, M-2BI, M-2RB*, M-2SB*, M-2TB* and M-2UB*",M-2BT,,To Early Redemption Date,yes,35,3.00%,0.00%,4.64
Weighted Average Life Tables,140,"Class M-2B, M-2BR, M-2BS, M-2BT, M-2BU, M-2BI, M-2RB*, M-2SB*, M-2TB* and M-2UB*",M-2BU,,To Scheduled Maturity Date,no,0,3.00%,0.00%,2.74
Weighted Average Life Tables,140,"Class M-2B, M-2BR, M-2BS, M-2BT, M-2BU, M-2BI, M-2RB*, M-2SB*, M-2TB* and M-2UB*",M-2BU,,To Scheduled Maturity Date,no,5,3.00%,0.00%,2.97
Weighted Average Life Tables,140,"Class M-2B, M-2BR, M-2BS, M-2BT, M-2BU, M-2BI, M-2RB*, M-2SB*, M-2TB* and M-2UB*",M-2BU,,To Scheduled Maturity Date,no,10,3.00%,0.00%,3.26
Weighted Average Life Tables,140,"Class M-2B, M-2BR, M-2BS, M-2BT, M-2BU, M-2BI, M-2RB*, M-2SB*, M-2TB* and M-2UB*",M-2BU,,To Scheduled Maturity Date,no,15,3.00%,0.00%,3.68
Weighted Average Life Tables,140,"Class M-2B, M-2BR, M-2BS, M-2BT, M-2BU, M-2BI, M-2RB*, M-2SB*, M-2TB* and M-2UB*",M-2BU,,To Scheduled Maturity Date,no,25,3.00%,0.00%,5.83
Weighted Average Life Tables,140,"Class M-2B, M-2BR, M-2BS, M-2BT, M-2BU, M-2BI, M-2RB*, M-2SB*, M-2TB* and M-2UB*",M-2BU,,To Scheduled Maturity Date,no,35,3.00%,0.00%,4.65
Weighted Average Life Tables,140,"Class M-2B, M-2BR, M-2BS, M-2BT, M-2BU, M-2BI, M-2RB*, M-2SB*, M-2TB* and M-2UB*",M-2BU,,To Early Redemption Date,yes,0,3.00%,0.00%,2.74
Weighted Average Life Tables,140,"Class M-2B, M-2BR, M-2BS, M-2BT, M-2BU, M-2BI, M-2RB*, M-2SB*, M-2TB* and M-2UB*",M-2BU,,To Early Redemption Date,yes,5,3.00%,0.00%,2.97
Weighted Average Life Tables,140,"Class M-2B, M-2BR, M-2BS, M-2BT, M-2BU, M-2BI, M-2RB*, M-2SB*, M-2TB* and M-2UB*",M-2BU,,To Early Redemption Date,yes,10,3.00%,0.00%,3.26
Weighted Average Life Tables,140,"Class M-2B, M-2BR, M-2BS, M-2BT, M-2BU, M-2BI, M-2RB*, M-2SB*, M-2TB* and M-2UB*",M-2BU,,To Early Redemption Date,yes,15,3.00%,0.00%,3.68
Weighted Average Life Tables,140,"Class M-2B, M-2BR, M-2BS, M-2BT, M-2BU, M-2BI, M-2RB*, M-2SB*, M-2TB* and M-2UB*",M-2BU,,To Early Redemption Date,yes,25,3.00%,0.00%,5.02
Weighted Average Life Tables,140,"Class M-2B, M-2BR, M-2BS, M-2BT, M-2BU, M-2BI, M-2RB*, M-2SB*, M-2TB* and M-2UB*",M-2BU,,To Early Redemption Date,yes,35,3.00%,0.00%,4.64
Weighted Average Life Tables,140,"Class M-2B, M-2BR, M-2BS, M-2BT, M-2BU, M-2BI, M-2RB*, M-2SB*, M-2TB* and M-2UB*",M-2BI,,To Scheduled Maturity Date,no,0,3.00%,0.00%,2.74
Weighted Average Life Tables,140,"Class M-2B, M-2BR, M-2BS, M-2BT, M-2BU, M-2BI, M-2RB*, M-2SB*, M-2TB* and M-2UB*",M-2BI,,To Scheduled Maturity Date,no,5,3.00%,0.00%,2.97
Weighted Average Life Tables,140,"Class M-2B, M-2BR, M-2BS, M-2BT, M-2BU, M-2BI, M-2RB*, M-2SB*, M-2TB* and M-2UB*",M-2BI,,To Scheduled Maturity Date,no,10,3.00%,0.00%,3.26
Weighted Average Life Tables,140,"Class M-2B, M-2BR, M-2BS, M-2BT, M-2BU, M-2BI, M-2RB*, M-2SB*, M-2TB* and M-2UB*",M-2BI,,To Scheduled Maturity Date,no,15,3.00%,0.00%,3.68
Weighted Average Life Tables,140,"Class M-2B, M-2BR, M-2BS, M-2BT, M-2BU, M-2BI, M-2RB*, M-2SB*, M-2TB* and M-2UB*",M-2BI,,To Scheduled Maturity Date,no,25,3.00%,0.00%,5.83
Weighted Average Life Tables,140,"Class M-2B, M-2BR, M-2BS, M-2BT, M-2BU, M-2BI, M-2RB*, M-2SB*, M-2TB* and M-2UB*",M-2BI,,To Scheduled Maturity Date,no,35,3.00%,0.00%,4.65
Weighted Average Life Tables,140,"Class M-2B, M-2BR, M-2BS, M-2BT, M-2BU, M-2BI, M-2RB*, M-2SB*, M-2TB* and M-2UB*",M-2BI,,To Early Redemption Date,yes,0,3.00%,0.00%,2.74
Weighted Average Life Tables,140,"Class M-2B, M-2BR, M-2BS, M-2BT, M-2BU, M-2BI, M-2RB*, M-2SB*, M-2TB* and M-2UB*",M-2BI,,To Early Redemption Date,yes,5,3.00%,0.00%,2.97
Weighted Average Life Tables,140,"Class M-2B, M-2BR, M-2BS, M-2BT, M-2BU, M-2BI, M-2RB*, M-2SB*, M-2TB* and M-2UB*",M-2BI,,To Early Redemption Date,yes,10,3.00%,0.00%,3.26
Weighted Average Life Tables,140,"Class M-2B, M-2BR, M-2BS, M-2BT, M-2BU, M-2BI, M-2RB*, M-2SB*, M-2TB* and M-2UB*",M-2BI,,To Early Redemption Date,yes,15,3.00%,0.00%,3.68
Weighted Average Life Tables,140,"Class M-2B, M-2BR, M-2BS, M-2BT, M-2BU, M-2BI, M-2RB*, M-2SB*, M-2TB* and M-2UB*",M-2BI,,To Early Redemption Date,yes,25,3.00%,0.00%,5.02
Weighted Average Life Tables,140,"Class M-2B, M-2BR, M-2BS, M-2BT, M-2BU, M-2BI, M-2RB*, M-2SB*, M-2TB* and M-2UB*",M-2BI,,To Early Redemption Date,yes,35,3.00%,0.00%,4.64
Weighted Average Life Tables,140,"Class M-2B, M-2BR, M-2BS, M-2BT, M-2BU, M-2BI, M-2RB*, M-2SB*, M-2TB* and M-2UB*",M-2RB,*,To Scheduled Maturity Date,no,0,3.00%,0.00%,2.74
Weighted Average Life Tables,140,"Class M-2B, M-2BR, M-2BS, M-2BT, M-2BU, M-2BI, M-2RB*, M-2SB*, M-2TB* and M-2UB*",M-2RB,*,To Scheduled Maturity Date,no,5,3.00%,0.00%,2.97
Weighted Average Life Tables,140,"Class M-2B, M-2BR, M-2BS, M-2BT, M-2BU, M-2BI, M-2RB*, M-2SB*, M-2TB* and M-2UB*",M-2RB,*,To Scheduled Maturity Date,no,10,3.00%,0.00%,3.26
Weighted Average Life Tables,140,"Class M-2B, M-2BR, M-2BS, M-2BT, M-2BU, M-2BI, M-2RB*, M-2SB*, M-2TB* and M-2UB*",M-2RB,*,To Scheduled Maturity Date,no,15,3.00%,0.00%,3.68
Weighted Average Life Tables,140,"Class M-2B, M-2BR, M-2BS, M-2BT, M-2BU, M-2BI, M-2RB*, M-2SB*, M-2TB* and M-2UB*",M-2RB,*,To Scheduled Maturity Date,no,25,3.00%,0.00%,5.83
Weighted Average Life Tables,140,"Class M-2B, M-2BR, M-2BS, M-2BT, M-2BU, M-2BI, M-2RB*, M-2SB*, M-2TB* and M-2UB*",M-2RB,*,To Scheduled Maturity Date,no,35,3.00%,0.00%,4.65
Weighted Average Life Tables,140,"Class M-2B, M-2BR, M-2BS, M-2BT, M-2BU, M-2BI, M-2RB*, M-2SB*, M-2TB* and M-2UB*",M-2RB,*,To Early Redemption Date,yes,0,3.00%,0.00%,2.74
Weighted Average Life Tables,140,"Class M-2B, M-2BR, M-2BS, M-2BT, M-2BU, M-2BI, M-2RB*, M-2SB*, M-2TB* and M-2UB*",M-2RB,*,To Early Redemption Date,yes,5,3.00%,0.00%,2.97
Weighted Average Life Tables,140,"Class M-2B, M-2BR, M-2BS, M-2BT, M-2BU, M-2BI, M-2RB*, M-2SB*, M-2TB* and M-2UB*",M-2RB,*,To Early Redemption Date,yes,10,3.00%,0.00%,3.26
Weighted Average Life Tables,140,"Class M-2B, M-2BR, M-2BS, M-2BT, M-2BU, M-2BI, M-2RB*, M-2SB*, M-2TB* and M-2UB*",M-2RB,*,To Early Redemption Date,yes,15,3.00%,0.00%,3.68
Weighted Average Life Tables,140,"Class M-2B, M-2BR, M-2BS, M-2BT, M-2BU, M-2BI, M-2RB*, M-2SB*, M-2TB* and M-2UB*",M-2RB,*,To Early Redemption Date,yes,25,3.00%,0.00%,5.02
Weighted Average Life Tables,140,"Class M-2B, M-2BR, M-2BS, M-2BT, M-2BU, M-2BI, M-2RB*, M-2SB*, M-2TB* and M-2UB*",M-2RB,*,To Early Redemption Date,yes,35,3.00%,0.00%,4.64
Weighted Average Life Tables,140,"Class M-2B, M-2BR, M-2BS, M-2BT, M-2BU, M-2BI, M-2RB*, M-2SB*, M-2TB* and M-2UB*",M-2SB,*,To Scheduled Maturity Date,no,0,3.00%,0.00%,2.74
Weighted Average Life Tables,140,"Class M-2B, M-2BR, M-2BS, M-2BT, M-2BU, M-2BI, M-2RB*, M-2SB*, M-2TB* and M-2UB*",M-2SB,*,To Scheduled Maturity Date,no,5,3.00%,0.00%,2.97
Weighted Average Life Tables,140,"Class M-2B, M-2BR, M-2BS, M-2BT, M-2BU, M-2BI, M-2RB*, M-2SB*, M-2TB* and M-2UB*",M-2SB,*,To Scheduled Maturity Date,no,10,3.00%,0.00%,3.26
Weighted Average Life Tables,140,"Class M-2B, M-2BR, M-2BS, M-2BT, M-2BU, M-2BI, M-2RB*, M-2SB*, M-2TB* and M-2UB*",M-2SB,*,To Scheduled Maturity Date,no,15,3.00%,0.00%,3.68
Weighted Average Life Tables,140,"Class M-2B, M-2BR, M-2BS, M-2BT, M-2BU, M-2BI, M-2RB*, M-2SB*, M-2TB* and M-2UB*",M-2SB,*,To Scheduled Maturity Date,no,25,3.00%,0.00%,5.83
Weighted Average Life Tables,140,"Class M-2B, M-2BR, M-2BS, M-2BT, M-2BU, M-2BI, M-2RB*, M-2SB*, M-2TB* and M-2UB*",M-2SB,*,To Scheduled Maturity Date,no,35,3.00%,0.00%,4.65
Weighted Average Life Tables,140,"Class M-2B, M-2BR, M-2BS, M-2BT, M-2BU, M-2BI, M-2RB*, M-2SB*, M-2TB* and M-2UB*",M-2SB,*,To Early Redemption Date,yes,0,3.00%,0.00%,2.74
Weighted Average Life Tables,140,"Class M-2B, M-2BR, M-2BS, M-2BT, M-2BU, M-2BI, M-2RB*, M-2SB*, M-2TB* and M-2UB*",M-2SB,*,To Early Redemption Date,yes,5,3.00%,0.00%,2.97
Weighted Average Life Tables,140,"Class M-2B, M-2BR, M-2BS, M-2BT, M-2BU, M-2BI, M-2RB*, M-2SB*, M-2TB* and M-2UB*",M-2SB,*,To Early Redemption Date,yes,10,3.00%,0.00%,3.26
Weighted Average Life Tables,140,"Class M-2B, M-2BR, M-2BS, M-2BT, M-2BU, M-2BI, M-2RB*, M-2SB*, M-2TB* and M-2UB*",M-2SB,*,To Early Redemption Date,yes,15,3.00%,0.00%,3.68
Weighted Average Life Tables,140,"Class M-2B, M-2BR, M-2BS, M-2BT, M-2BU, M-2BI, M-2RB*, M-2SB*, M-2TB* and M-2UB*",M-2SB,*,To Early Redemption Date,yes,25,3.00%,0.00%,5.02
Weighted Average Life Tables,140,"Class M-2B, M-2BR, M-2BS, M-2BT, M-2BU, M-2BI, M-2RB*, M-2SB*, M-2TB* and M-2UB*",M-2SB,*,To Early Redemption Date,yes,35,3.00%,0.00%,4.64
Weighted Average Life Tables,140,"Class M-2B, M-2BR, M-2BS, M-2BT, M-2BU, M-2BI, M-2RB*, M-2SB*, M-2TB* and M-2UB*",M-2TB,*,To Scheduled Maturity Date,no,0,3.00%,0.00%,2.74
Weighted Average Life Tables,140,"Class M-2B, M-2BR, M-2BS, M-2BT, M-2BU, M-2BI, M-2RB*, M-2SB*, M-2TB* and M-2UB*",M-2TB,*,To Scheduled Maturity Date,no,5,3.00%,0.00%,2.97
Weighted Average Life Tables,140,"Class M-2B, M-2BR, M-2BS, M-2BT, M-2BU, M-2BI, M-2RB*, M-2SB*, M-2TB* and M-2UB*",M-2TB,*,To Scheduled Maturity Date,no,10,3.00%,0.00%,3.26
Weighted Average Life Tables,140,"Class M-2B, M-2BR, M-2BS, M-2BT, M-2BU, M-2BI, M-2RB*, M-2SB*, M-2TB* and M-2UB*",M-2TB,*,To Scheduled Maturity Date,no,15,3.00%,0.00%,3.68
Weighted Average Life Tables,140,"Class M-2B, M-2BR, M-2BS, M-2BT, M-2BU, M-2BI, M-2RB*, M-2SB*, M-2TB* and M-2UB*",M-2TB,*,To Scheduled Maturity Date,no,25,3.00%,0.00%,5.83
Weighted Average Life Tables,140,"Class M-2B, M-2BR, M-2BS, M-2BT, M-2BU, M-2BI, M-2RB*, M-2SB*, M-2TB* and M-2UB*",M-2TB,*,To Scheduled Maturity Date,no,35,3.00%,0.00%,4.65
Weighted Average Life Tables,140,"Class M-2B, M-2BR, M-2BS, M-2BT, M-2BU, M-2BI, M-2RB*, M-2SB*, M-2TB* and M-2UB*",M-2TB,*,To Early Redemption Date,yes,0,3.00%,0.00%,2.74
Weighted Average Life Tables,140,"Class M-2B, M-2BR, M-2BS, M-2BT, M-2BU, M-2BI, M-2RB*, M-2SB*, M-2TB* and M-2UB*",M-2TB,*,To Early Redemption Date,yes,5,3.00%,0.00%,2.97
Weighted Average Life Tables,140,"Class M-2B, M-2BR, M-2BS, M-2BT, M-2BU, M-2BI, M-2RB*, M-2SB*, M-2TB* and M-2UB*",M-2TB,*,To Early Redemption Date,yes,10,3.00%,0.00%,3.26
Weighted Average Life Tables,140,"Class M-2B, M-2BR, M-2BS, M-2BT, M-2BU, M-2BI, M-2RB*, M-2SB*, M-2TB* and M-2UB*",M-2TB,*,To Early Redemption Date,yes,15,3.00%,0.00%,3.68
Weighted Average Life Tables,140,"Class M-2B, M-2BR, M-2BS, M-2BT, M-2BU, M-2BI, M-2RB*, M-2SB*, M-2TB* and M-2UB*",M-2TB,*,To Early Redemption Date,yes,25,3.00%,0.00%,5.02
Weighted Average Life Tables,140,"Class M-2B, M-2BR, M-2BS, M-2BT, M-2BU, M-2BI, M-2RB*, M-2SB*, M-2TB* and M-2UB*",M-2TB,*,To Early Redemption Date,yes,35,3.00%,0.00%,4.64
Weighted Average Life Tables,140,"Class M-2B, M-2BR, M-2BS, M-2BT, M-2BU, M-2BI, M-2RB*, M-2SB*, M-2TB* and M-2UB*",M-2UB,*,To Scheduled Maturity Date,no,0,3.00%,0.00%,2.74
Weighted Average Life Tables,140,"Class M-2B, M-2BR, M-2BS, M-2BT, M-2BU, M-2BI, M-2RB*, M-2SB*, M-2TB* and M-2UB*",M-2UB,*,To Scheduled Maturity Date,no,5,3.00%,0.00%,2.97
Weighted Average Life Tables,140,"Class M-2B, M-2BR, M-2BS, M-2BT, M-2BU, M-2BI, M-2RB*, M-2SB*, M-2TB* and M-2UB*",M-2UB,*,To Scheduled Maturity Date,no,10,3.00%,0.00%,3.26
Weighted Average Life Tables,140,"Class M-2B, M-2BR, M-2BS, M-2BT, M-2BU, M-2BI, M-2RB*, M-2SB*, M-2TB* and M-2UB*",M-2UB,*,To Scheduled Maturity Date,no,15,3.00%,0.00%,3.68
Weighted Average Life Tables,140,"Class M-2B, M-2BR, M-2BS, M-2BT, M-2BU, M-2BI, M-2RB*, M-2SB*, M-2TB* and M-2UB*",M-2UB,*,To Scheduled Maturity Date,no,25,3.00%,0.00%,5.83
Weighted Average Life Tables,140,"Class M-2B, M-2BR, M-2BS, M-2BT, M-2BU, M-2BI, M-2RB*, M-2SB*, M-2TB* and M-2UB*",M-2UB,*,To Scheduled Maturity Date,no,35,3.00%,0.00%,4.65
Weighted Average Life Tables,140,"Class M-2B, M-2BR, M-2BS, M-2BT, M-2BU, M-2BI, M-2RB*, M-2SB*, M-2TB* and M-2UB*",M-2UB,*,To Early Redemption Date,yes,0,3.00%,0.00%,2.74
Weighted Average Life Tables,140,"Class M-2B, M-2BR, M-2BS, M-2BT, M-2BU, M-2BI, M-2RB*, M-2SB*, M-2TB* and M-2UB*",M-2UB,*,To Early Redemption Date,yes,5,3.00%,0.00%,2.97
Weighted Average Life Tables,140,"Class M-2B, M-2BR, M-2BS, M-2BT, M-2BU, M-2BI, M-2RB*, M-2SB*, M-2TB* and M-2UB*",M-2UB,*,To Early Redemption Date,yes,10,3.00%,0.00%,3.26
Weighted Average Life Tables,140,"Class M-2B, M-2BR, M-2BS, M-2BT, M-2BU, M-2BI, M-2RB*, M-2SB*, M-2TB* and M-2UB*",M-2UB,*,To Early Redemption Date,yes,15,3.00%,0.00%,3.68
Weighted Average Life Tables,140,"Class M-2B, M-2BR, M-2BS, M-2BT, M-2BU, M-2BI, M-2RB*, M-2SB*, M-2TB* and M-2UB*",M-2UB,*,To Early Redemption Date,yes,25,3.00%,0.00%,5.02
Weighted Average Life Tables,140,"Class M-2B, M-2BR, M-2BS, M-2BT, M-2BU, M-2BI, M-2RB*, M-2SB*, M-2TB* and M-2UB*",M-2UB,*,To Early Redemption Date,yes,35,3.00%,0.00%,4.64
Weighted Average Life Tables,140,"Class M-2B, M-2BR, M-2BS, M-2BT, M-2BU, M-2BI, M-2RB*, M-2SB*, M-2TB* and M-2UB*",M-2B,,To Scheduled Maturity Date,no,0,5.00%,0.00%,1.61
Weighted Average Life Tables,140,"Class M-2B, M-2BR, M-2BS, M-2BT, M-2BU, M-2BI, M-2RB*, M-2SB*, M-2TB* and M-2UB*",M-2B,,To Scheduled Maturity Date,no,5,5.00%,0.00%,1.68
Weighted Average Life Tables,140,"Class M-2B, M-2BR, M-2BS, M-2BT, M-2BU, M-2BI, M-2RB*, M-2SB*, M-2TB* and M-2UB*",M-2B,,To Scheduled Maturity Date,no,10,5.00%,0.00%,1.77
Weighted Average Life Tables,140,"Class M-2B, M-2BR, M-2BS, M-2BT, M-2BU, M-2BI, M-2RB*, M-2SB*, M-2TB* and M-2UB*",M-2B,,To Scheduled Maturity Date,no,15,5.00%,0.00%,1.87
Weighted Average Life Tables,140,"Class M-2B, M-2BR, M-2BS, M-2BT, M-2BU, M-2BI, M-2RB*, M-2SB*, M-2TB* and M-2UB*",M-2B,,To Scheduled Maturity Date,no,25,5.00%,0.00%,2.18
Weighted Average Life Tables,140,"Class M-2B, M-2BR, M-2BS, M-2BT, M-2BU, M-2BI, M-2RB*, M-2SB*, M-2TB* and M-2UB*",M-2B,,To Scheduled Maturity Date,no,35,5.00%,0.00%,2.82
Weighted Average Life Tables,140,"Class M-2B, M-2BR, M-2BS, M-2BT, M-2BU, M-2BI, M-2RB*, M-2SB*, M-2TB* and M-2UB*",M-2B,,To Early Redemption Date,yes,0,5.00%,0.00%,1.61
Weighted Average Life Tables,140,"Class M-2B, M-2BR, M-2BS, M-2BT, M-2BU, M-2BI, M-2RB*, M-2SB*, M-2TB* and M-2UB*",M-2B,,To Early Redemption Date,yes,5,5.00%,0.00%,1.68
Weighted Average Life Tables,140,"Class M-2B, M-2BR, M-2BS, M-2BT, M-2BU, M-2BI, M-2RB*, M-2SB*, M-2TB* and M-2UB*",M-2B,,To Early Redemption Date,yes,10,5.00%,0.00%,1.77
Weighted Average Life Tables,140,"Class M-2B, M-2BR, M-2BS, M-2BT, M-2BU, M-2BI, M-2RB*, M-2SB*, M-2TB* and M-2UB*",M-2B,,To Early Redemption Date,yes,15,5.00%,0.00%,1.87
Weighted Average Life Tables,140,"Class M-2B, M-2BR, M-2BS, M-2BT, M-2BU, M-2BI, M-2RB*, M-2SB*, M-2TB* and M-2UB*",M-2B,,To Early Redemption Date,yes,25,5.00%,0.00%,2.18
Weighted Average Life Tables,140,"Class M-2B, M-2BR, M-2BS, M-2BT, M-2BU, M-2BI, M-2RB*, M-2SB*, M-2TB* and M-2UB*",M-2B,,To Early Redemption Date,yes,35,5.00%,0.00%,2.82
Weighted Average Life Tables,140,"Class M-2B, M-2BR, M-2BS, M-2BT, M-2BU, M-2BI, M-2RB*, M-2SB*, M-2TB* and M-2UB*",M-2BR,,To Scheduled Maturity Date,no,0,5.00%,0.00%,1.61
Weighted Average Life Tables,140,"Class M-2B, M-2BR, M-2BS, M-2BT, M-2BU, M-2BI, M-2RB*, M-2SB*, M-2TB* and M-2UB*",M-2BR,,To Scheduled Maturity Date,no,5,5.00%,0.00%,1.68
Weighted Average Life Tables,140,"Class M-2B, M-2BR, M-2BS, M-2BT, M-2BU, M-2BI, M-2RB*, M-2SB*, M-2TB* and M-2UB*",M-2BR,,To Scheduled Maturity Date,no,10,5.00%,0.00%,1.77
Weighted Average Life Tables,140,"Class M-2B, M-2BR, M-2BS, M-2BT, M-2BU, M-2BI, M-2RB*, M-2SB*, M-2TB* and M-2UB*",M-2BR,,To Scheduled Maturity Date,no,15,5.00%,0.00%,1.87
Weighted Average Life Tables,140,"Class M-2B, M-2BR, M-2BS, M-2BT, M-2BU, M-2BI, M-2RB*, M-2SB*, M-2TB* and M-2UB*",M-2BR,,To Scheduled Maturity Date,no,25,5.00%,0.00%,2.18
Weighted Average Life Tables,140,"Class M-2B, M-2BR, M-2BS, M-2BT, M-2BU, M-2BI, M-2RB*, M-2SB*, M-2TB* and M-2UB*",M-2BR,,To Scheduled Maturity Date,no,35,5.00%,0.00%,2.82
Weighted Average Life Tables,140,"Class M-2B, M-2BR, M-2BS, M-2BT, M-2BU, M-2BI, M-2RB*, M-2SB*, M-2TB* and M-2UB*",M-2BR,,To Early Redemption Date,yes,0,5.00%,0.00%,1.61
Weighted Average Life Tables,140,"Class M-2B, M-2BR, M-2BS, M-2BT, M-2BU, M-2BI, M-2RB*, M-2SB*, M-2TB* and M-2UB*",M-2BR,,To Early Redemption Date,yes,5,5.00%,0.00%,1.68
Weighted Average Life Tables,140,"Class M-2B, M-2BR, M-2BS, M-2BT, M-2BU, M-2BI, M-2RB*, M-2SB*, M-2TB* and M-2UB*",M-2BR,,To Early Redemption Date,yes,10,5.00%,0.00%,1.77
Weighted Average Life Tables,140,"Class M-2B, M-2BR, M-2BS, M-2BT, M-2BU, M-2BI, M-2RB*, M-2SB*, M-2TB* and M-2UB*",M-2BR,,To Early Redemption Date,yes,15,5.00%,0.00%,1.87
Weighted Average Life Tables,140,"Class M-2B, M-2BR, M-2BS, M-2BT, M-2BU, M-2BI, M-2RB*, M-2SB*, M-2TB* and M-2UB*",M-2BR,,To Early Redemption Date,yes,25,5.00%,0.00%,2.18
Weighted Average Life Tables,140,"Class M-2B, M-2BR, M-2BS, M-2BT, M-2BU, M-2BI, M-2RB*, M-2SB*, M-2TB* and M-2UB*",M-2BR,,To Early Redemption Date,yes,35,5.00%,0.00%,2.82
Weighted Average Life Tables,140,"Class M-2B, M-2BR, M-2BS, M-2BT, M-2BU, M-2BI, M-2RB*, M-2SB*, M-2TB* and M-2UB*",M-2BS,,To Scheduled Maturity Date,no,0,5.00%,0.00%,1.61
Weighted Average Life Tables,140,"Class M-2B, M-2BR, M-2BS, M-2BT, M-2BU, M-2BI, M-2RB*, M-2SB*, M-2TB* and M-2UB*",M-2BS,,To Scheduled Maturity Date,no,5,5.00%,0.00%,1.68
Weighted Average Life Tables,140,"Class M-2B, M-2BR, M-2BS, M-2BT, M-2BU, M-2BI, M-2RB*, M-2SB*, M-2TB* and M-2UB*",M-2BS,,To Scheduled Maturity Date,no,10,5.00%,0.00%,1.77
Weighted Average Life Tables,140,"Class M-2B, M-2BR, M-2BS, M-2BT, M-2BU, M-2BI, M-2RB*, M-2SB*, M-2TB* and M-2UB*",M-2BS,,To Scheduled Maturity Date,no,15,5.00%,0.00%,1.87
Weighted Average Life Tables,140,"Class M-2B, M-2BR, M-2BS, M-2BT, M-2BU, M-2BI, M-2RB*, M-2SB*, M-2TB* and M-2UB*",M-2BS,,To Scheduled Maturity Date,no,25,5.00%,0.00%,2.18
Weighted Average Life Tables,140,"Class M-2B, M-2BR, M-2BS, M-2BT, M-2BU, M-2BI, M-2RB*, M-2SB*, M-2TB* and M-2UB*",M-2BS,,To Scheduled Maturity Date,no,35,5.00%,0.00%,2.82
Weighted Average Life Tables,140,"Class M-2B, M-2BR, M-2BS, M-2BT, M-2BU, M-2BI, M-2RB*, M-2SB*, M-2TB* and M-2UB*",M-2BS,,To Early Redemption Date,yes,0,5.00%,0.00%,1.61
Weighted Average Life Tables,140,"Class M-2B, M-2BR, M-2BS, M-2BT, M-2BU, M-2BI, M-2RB*, M-2SB*, M-2TB* and M-2UB*",M-2BS,,To Early Redemption Date,yes,5,5.00%,0.00%,1.68
Weighted Average Life Tables,140,"Class M-2B, M-2BR, M-2BS, M-2BT, M-2BU, M-2BI, M-2RB*, M-2SB*, M-2TB* and M-2UB*",M-2BS,,To Early Redemption Date,yes,10,5.00%,0.00%,1.77
Weighted Average Life Tables,140,"Class M-2B, M-2BR, M-2BS, M-2BT, M-2BU, M-2BI, M-2RB*, M-2SB*, M-2TB* and M-2UB*",M-2BS,,To Early Redemption Date,yes,15,5.00%,0.00%,1.87
Weighted Average Life Tables,140,"Class M-2B, M-2BR, M-2BS, M-2BT, M-2BU, M-2BI, M-2RB*, M-2SB*, M-2TB* and M-2UB*",M-2BS,,To Early Redemption Date,yes,25,5.00%,0.00%,2.18
Weighted Average Life Tables,140,"Class M-2B, M-2BR, M-2BS, M-2BT, M-2BU, M-2BI, M-2RB*, M-2SB*, M-2TB* and M-2UB*",M-2BS,,To Early Redemption Date,yes,35,5.00%,0.00%,2.82
Weighted Average Life Tables,140,"Class M-2B, M-2BR, M-2BS, M-2BT, M-2BU, M-2BI, M-2RB*, M-2SB*, M-2TB* and M-2UB*",M-2BT,,To Scheduled Maturity Date,no,0,5.00%,0.00%,1.61
Weighted Average Life Tables,140,"Class M-2B, M-2BR, M-2BS, M-2BT, M-2BU, M-2BI, M-2RB*, M-2SB*, M-2TB* and M-2UB*",M-2BT,,To Scheduled Maturity Date,no,5,5.00%,0.00%,1.68
Weighted Average Life Tables,140,"Class M-2B, M-2BR, M-2BS, M-2BT, M-2BU, M-2BI, M-2RB*, M-2SB*, M-2TB* and M-2UB*",M-2BT,,To Scheduled Maturity Date,no,10,5.00%,0.00%,1.77
Weighted Average Life Tables,140,"Class M-2B, M-2BR, M-2BS, M-2BT, M-2BU, M-2BI, M-2RB*, M-2SB*, M-2TB* and M-2UB*",M-2BT,,To Scheduled Maturity Date,no,15,5.00%,0.00%,1.87
Weighted Average Life Tables,140,"Class M-2B, M-2BR, M-2BS, M-2BT, M-2BU, M-2BI, M-2RB*, M-2SB*, M-2TB* and M-2UB*",M-2BT,,To Scheduled Maturity Date,no,25,5.00%,0.00%,2.18
Weighted Average Life Tables,140,"Class M-2B, M-2BR, M-2BS, M-2BT, M-2BU, M-2BI, M-2RB*, M-2SB*, M-2TB* and M-2UB*",M-2BT,,To Scheduled Maturity Date,no,35,5.00%,0.00%,2.82
Weighted Average Life Tables,140,"Class M-2B, M-2BR, M-2BS, M-2BT, M-2BU, M-2BI, M-2RB*, M-2SB*, M-2TB* and M-2UB*",M-2BT,,To Early Redemption Date,yes,0,5.00%,0.00%,1.61
Weighted Average Life Tables,140,"Class M-2B, M-2BR, M-2BS, M-2BT, M-2BU, M-2BI, M-2RB*, M-2SB*, M-2TB* and M-2UB*",M-2BT,,To Early Redemption Date,yes,5,5.00%,0.00%,1.68
Weighted Average Life Tables,140,"Class M-2B, M-2BR, M-2BS, M-2BT, M-2BU, M-2BI, M-2RB*, M-2SB*, M-2TB* and M-2UB*",M-2BT,,To Early Redemption Date,yes,10,5.00%,0.00%,1.77
Weighted Average Life Tables,140,"Class M-2B, M-2BR, M-2BS, M-2BT, M-2BU, M-2BI, M-2RB*, M-2SB*, M-2TB* and M-2UB*",M-2BT,,To Early Redemption Date,yes,15,5.00%,0.00%,1.87
Weighted Average Life Tables,140,"Class M-2B, M-2BR, M-2BS, M-2BT, M-2BU, M-2BI, M-2RB*, M-2SB*, M-2TB* and M-2UB*",M-2BT,,To Early Redemption Date,yes,25,5.00%,0.00%,2.18
Weighted Average Life Tables,140,"Class M-2B, M-2BR, M-2BS, M-2BT, M-2BU, M-2BI, M-2RB*, M-2SB*, M-2TB* and M-2UB*",M-2BT,,To Early Redemption Date,yes,35,5.00%,0.00%,2.82
Weighted Average Life Tables,140,"Class M-2B, M-2BR, M-2BS, M-2BT, M-2BU, M-2BI, M-2RB*, M-2SB*, M-2TB* and M-2UB*",M-2BU,,To Scheduled Maturity Date,no,0,5.00%,0.00%,1.61
Weighted Average Life Tables,140,"Class M-2B, M-2BR, M-2BS, M-2BT, M-2BU, M-2BI, M-2RB*, M-2SB*, M-2TB* and M-2UB*",M-2BU,,To Scheduled Maturity Date,no,5,5.00%,0.00%,1.68
Weighted Average Life Tables,140,"Class M-2B, M-2BR, M-2BS, M-2BT, M-2BU, M-2BI, M-2RB*, M-2SB*, M-2TB* and M-2UB*",M-2BU,,To Scheduled Maturity Date,no,10,5.00%,0.00%,1.77
Weighted Average Life Tables,140,"Class M-2B, M-2BR, M-2BS, M-2BT, M-2BU, M-2BI, M-2RB*, M-2SB*, M-2TB* and M-2UB*",M-2BU,,To Scheduled Maturity Date,no,15,5.00%,0.00%,1.87
Weighted Average Life Tables,140,"Class M-2B, M-2BR, M-2BS, M-2BT, M-2BU, M-2BI, M-2RB*, M-2SB*, M-2TB* and M-2UB*",M-2BU,,To Scheduled Maturity Date,no,25,5.00%,0.00%,2.18
Weighted Average Life Tables,140,"Class M-2B, M-2BR, M-2BS, M-2BT, M-2BU, M-2BI, M-2RB*, M-2SB*, M-2TB* and M-2UB*",M-2BU,,To Scheduled Maturity Date,no,35,5.00%,0.00%,2.82
Weighted Average Life Tables,140,"Class M-2B, M-2BR, M-2BS, M-2BT, M-2BU, M-2BI, M-2RB*, M-2SB*, M-2TB* and M-2UB*",M-2BU,,To Early Redemption Date,yes,0,5.00%,0.00%,1.61
Weighted Average Life Tables,140,"Class M-2B, M-2BR, M-2BS, M-2BT, M-2BU, M-2BI, M-2RB*, M-2SB*, M-2TB* and M-2UB*",M-2BU,,To Early Redemption Date,yes,5,5.00%,0.00%,1.68
Weighted Average Life Tables,140,"Class M-2B, M-2BR, M-2BS, M-2BT, M-2BU, M-2BI, M-2RB*, M-2SB*, M-2TB* and M-2UB*",M-2BU,,To Early Redemption Date,yes,10,5.00%,0.00%,1.77
Weighted Average Life Tables,140,"Class M-2B, M-2BR, M-2BS, M-2BT, M-2BU, M-2BI, M-2RB*, M-2SB*, M-2TB* and M-2UB*",M-2BU,,To Early Redemption Date,yes,15,5.00%,0.00%,1.87
Weighted Average Life Tables,140,"Class M-2B, M-2BR, M-2BS, M-2BT, M-2BU, M-2BI, M-2RB*, M-2SB*, M-2TB* and M-2UB*",M-2BU,,To Early Redemption Date,yes,25,5.00%,0.00%,2.18
Weighted Average Life Tables,140,"Class M-2B, M-2BR, M-2BS, M-2BT, M-2BU, M-2BI, M-2RB*, M-2SB*, M-2TB* and M-2UB*",M-2BU,,To Early Redemption Date,yes,35,5.00%,0.00%,2.82
Weighted Average Life Tables,140,"Class M-2B, M-2BR, M-2BS, M-2BT, M-2BU, M-2BI, M-2RB*, M-2SB*, M-2TB* and M-2UB*",M-2BI,,To Scheduled Maturity Date,no,0,5.00%,0.00%,1.61
Weighted Average Life Tables,140,"Class M-2B, M-2BR, M-2BS, M-2BT, M-2BU, M-2BI, M-2RB*, M-2SB*, M-2TB* and M-2UB*",M-2BI,,To Scheduled Maturity Date,no,5,5.00%,0.00%,1.68
Weighted Average Life Tables,140,"Class M-2B, M-2BR, M-2BS, M-2BT, M-2BU, M-2BI, M-2RB*, M-2SB*, M-2TB* and M-2UB*",M-2BI,,To Scheduled Maturity Date,no,10,5.00%,0.00%,1.77
Weighted Average Life Tables,140,"Class M-2B, M-2BR, M-2BS, M-2BT, M-2BU, M-2BI, M-2RB*, M-2SB*, M-2TB* and M-2UB*",M-2BI,,To Scheduled Maturity Date,no,15,5.00%,0.00%,1.87
Weighted Average Life Tables,140,"Class M-2B, M-2BR, M-2BS, M-2BT, M-2BU, M-2BI, M-2RB*, M-2SB*, M-2TB* and M-2UB*",M-2BI,,To Scheduled Maturity Date,no,25,5.00%,0.00%,2.18
Weighted Average Life Tables,140,"Class M-2B, M-2BR, M-2BS, M-2BT, M-2BU, M-2BI, M-2RB*, M-2SB*, M-2TB* and M-2UB*",M-2BI,,To Scheduled Maturity Date,no,35,5.00%,0.00%,2.82
Weighted Average Life Tables,140,"Class M-2B, M-2BR, M-2BS, M-2BT, M-2BU, M-2BI, M-2RB*, M-2SB*, M-2TB* and M-2UB*",M-2BI,,To Early Redemption Date,yes,0,5.00%,0.00%,1.61
Weighted Average Life Tables,140,"Class M-2B, M-2BR, M-2BS, M-2BT, M-2BU, M-2BI, M-2RB*, M-2SB*, M-2TB* and M-2UB*",M-2BI,,To Early Redemption Date,yes,5,5.00%,0.00%,1.68
Weighted Average Life Tables,140,"Class M-2B, M-2BR, M-2BS, M-2BT, M-2BU, M-2BI, M-2RB*, M-2SB*, M-2TB* and M-2UB*",M-2BI,,To Early Redemption Date,yes,10,5.00%,0.00%,1.77
Weighted Average Life Tables,140,"Class M-2B, M-2BR, M-2BS, M-2BT, M-2BU, M-2BI, M-2RB*, M-2SB*, M-2TB* and M-2UB*",M-2BI,,To Early Redemption Date,yes,15,5.00%,0.00%,1.87
Weighted Average Life Tables,140,"Class M-2B, M-2BR, M-2BS, M-2BT, M-2BU, M-2BI, M-2RB*, M-2SB*, M-2TB* and M-2UB*",M-2BI,,To Early Redemption Date,yes,25,5.00%,0.00%,2.18
Weighted Average Life Tables,140,"Class M-2B, M-2BR, M-2BS, M-2BT, M-2BU, M-2BI, M-2RB*, M-2SB*, M-2TB* and M-2UB*",M-2BI,,To Early Redemption Date,yes,35,5.00%,0.00%,2.82
Weighted Average Life Tables,140,"Class M-2B, M-2BR, M-2BS, M-2BT, M-2BU, M-2BI, M-2RB*, M-2SB*, M-2TB* and M-2UB*",M-2RB,*,To Scheduled Maturity Date,no,0,5.00%,0.00%,1.61
Weighted Average Life Tables,140,"Class M-2B, M-2BR, M-2BS, M-2BT, M-2BU, M-2BI, M-2RB*, M-2SB*, M-2TB* and M-2UB*",M-2RB,*,To Scheduled Maturity Date,no,5,5.00%,0.00%,1.68
Weighted Average Life Tables,140,"Class M-2B, M-2BR, M-2BS, M-2BT, M-2BU, M-2BI, M-2RB*, M-2SB*, M-2TB* and M-2UB*",M-2RB,*,To Scheduled Maturity Date,no,10,5.00%,0.00%,1.77
Weighted Average Life Tables,140,"Class M-2B, M-2BR, M-2BS, M-2BT, M-2BU, M-2BI, M-2RB*, M-2SB*, M-2TB* and M-2UB*",M-2RB,*,To Scheduled Maturity Date,no,15,5.00%,0.00%,1.87
Weighted Average Life Tables,140,"Class M-2B, M-2BR, M-2BS, M-2BT, M-2BU, M-2BI, M-2RB*, M-2SB*, M-2TB* and M-2UB*",M-2RB,*,To Scheduled Maturity Date,no,25,5.00%,0.00%,2.18
Weighted Average Life Tables,140,"Class M-2B, M-2BR, M-2BS, M-2BT, M-2BU, M-2BI, M-2RB*, M-2SB*, M-2TB* and M-2UB*",M-2RB,*,To Scheduled Maturity Date,no,35,5.00%,0.00%,2.82
Weighted Average Life Tables,140,"Class M-2B, M-2BR, M-2BS, M-2BT, M-2BU, M-2BI, M-2RB*, M-2SB*, M-2TB* and M-2UB*",M-2RB,*,To Early Redemption Date,yes,0,5.00%,0.00%,1.61
Weighted Average Life Tables,140,"Class M-2B, M-2BR, M-2BS, M-2BT, M-2BU, M-2BI, M-2RB*, M-2SB*, M-2TB* and M-2UB*",M-2RB,*,To Early Redemption Date,yes,5,5.00%,0.00%,1.68
Weighted Average Life Tables,140,"Class M-2B, M-2BR, M-2BS, M-2BT, M-2BU, M-2BI, M-2RB*, M-2SB*, M-2TB* and M-2UB*",M-2RB,*,To Early Redemption Date,yes,10,5.00%,0.00%,1.77
Weighted Average Life Tables,140,"Class M-2B, M-2BR, M-2BS, M-2BT, M-2BU, M-2BI, M-2RB*, M-2SB*, M-2TB* and M-2UB*",M-2RB,*,To Early Redemption Date,yes,15,5.00%,0.00%,1.87
Weighted Average Life Tables,140,"Class M-2B, M-2BR, M-2BS, M-2BT, M-2BU, M-2BI, M-2RB*, M-2SB*, M-2TB* and M-2UB*",M-2RB,*,To Early Redemption Date,yes,25,5.00%,0.00%,2.18
Weighted Average Life Tables,140,"Class M-2B, M-2BR, M-2BS, M-2BT, M-2BU, M-2BI, M-2RB*, M-2SB*, M-2TB* and M-2UB*",M-2RB,*,To Early Redemption Date,yes,35,5.00%,0.00%,2.82
Weighted Average Life Tables,140,"Class M-2B, M-2BR, M-2BS, M-2BT, M-2BU, M-2BI, M-2RB*, M-2SB*, M-2TB* and M-2UB*",M-2SB,*,To Scheduled Maturity Date,no,0,5.00%,0.00%,1.61
Weighted Average Life Tables,140,"Class M-2B, M-2BR, M-2BS, M-2BT, M-2BU, M-2BI, M-2RB*, M-2SB*, M-2TB* and M-2UB*",M-2SB,*,To Scheduled Maturity Date,no,5,5.00%,0.00%,1.68
Weighted Average Life Tables,140,"Class M-2B, M-2BR, M-2BS, M-2BT, M-2BU, M-2BI, M-2RB*, M-2SB*, M-2TB* and M-2UB*",M-2SB,*,To Scheduled Maturity Date,no,10,5.00%,0.00%,1.77
Weighted Average Life Tables,140,"Class M-2B, M-2BR, M-2BS, M-2BT, M-2BU, M-2BI, M-2RB*, M-2SB*, M-2TB* and M-2UB*",M-2SB,*,To Scheduled Maturity Date,no,15,5.00%,0.00%,1.87
Weighted Average Life Tables,140,"Class M-2B, M-2BR, M-2BS, M-2BT, M-2BU, M-2BI, M-2RB*, M-2SB*, M-2TB* and M-2UB*",M-2SB,*,To Scheduled Maturity Date,no,25,5.00%,0.00%,2.18
Weighted Average Life Tables,140,"Class M-2B, M-2BR, M-2BS, M-2BT, M-2BU, M-2BI, M-2RB*, M-2SB*, M-2TB* and M-2UB*",M-2SB,*,To Scheduled Maturity Date,no,35,5.00%,0.00%,2.82
Weighted Average Life Tables,140,"Class M-2B, M-2BR, M-2BS, M-2BT, M-2BU, M-2BI, M-2RB*, M-2SB*, M-2TB* and M-2UB*",M-2SB,*,To Early Redemption Date,yes,0,5.00%,0.00%,1.61
Weighted Average Life Tables,140,"Class M-2B, M-2BR, M-2BS, M-2BT, M-2BU, M-2BI, M-2RB*, M-2SB*, M-2TB* and M-2UB*",M-2SB,*,To Early Redemption Date,yes,5,5.00%,0.00%,1.68
Weighted Average Life Tables,140,"Class M-2B, M-2BR, M-2BS, M-2BT, M-2BU, M-2BI, M-2RB*, M-2SB*, M-2TB* and M-2UB*",M-2SB,*,To Early Redemption Date,yes,10,5.00%,0.00%,1.77
Weighted Average Life Tables,140,"Class M-2B, M-2BR, M-2BS, M-2BT, M-2BU, M-2BI, M-2RB*, M-2SB*, M-2TB* and M-2UB*",M-2SB,*,To Early Redemption Date,yes,15,5.00%,0.00%,1.87
Weighted Average Life Tables,140,"Class M-2B, M-2BR, M-2BS, M-2BT, M-2BU, M-2BI, M-2RB*, M-2SB*, M-2TB* and M-2UB*",M-2SB,*,To Early Redemption Date,yes,25,5.00%,0.00%,2.18
Weighted Average Life Tables,140,"Class M-2B, M-2BR, M-2BS, M-2BT, M-2BU, M-2BI, M-2RB*, M-2SB*, M-2TB* and M-2UB*",M-2SB,*,To Early Redemption Date,yes,35,5.00%,0.00%,2.82
Weighted Average Life Tables,140,"Class M-2B, M-2BR, M-2BS, M-2BT, M-2BU, M-2BI, M-2RB*, M-2SB*, M-2TB* and M-2UB*",M-2TB,*,To Scheduled Maturity Date,no,0,5.00%,0.00%,1.61
Weighted Average Life Tables,140,"Class M-2B, M-2BR, M-2BS, M-2BT, M-2BU, M-2BI, M-2RB*, M-2SB*, M-2TB* and M-2UB*",M-2TB,*,To Scheduled Maturity Date,no,5,5.00%,0.00%,1.68
Weighted Average Life Tables,140,"Class M-2B, M-2BR, M-2BS, M-2BT, M-2BU, M-2BI, M-2RB*, M-2SB*, M-2TB* and M-2UB*",M-2TB,*,To Scheduled Maturity Date,no,10,5.00%,0.00%,1.77
Weighted Average Life Tables,140,"Class M-2B, M-2BR, M-2BS, M-2BT, M-2BU, M-2BI, M-2RB*, M-2SB*, M-2TB* and M-2UB*",M-2TB,*,To Scheduled Maturity Date,no,15,5.00%,0.00%,1.87
Weighted Average Life Tables,140,"Class M-2B, M-2BR, M-2BS, M-2BT, M-2BU, M-2BI, M-2RB*, M-2SB*, M-2TB* and M-2UB*",M-2TB,*,To Scheduled Maturity Date,no,25,5.00%,0.00%,2.18
Weighted Average Life Tables,140,"Class M-2B, M-2BR, M-2BS, M-2BT, M-2BU, M-2BI, M-2RB*, M-2SB*, M-2TB* and M-2UB*",M-2TB,*,To Scheduled Maturity Date,no,35,5.00%,0.00%,2.82
Weighted Average Life Tables,140,"Class M-2B, M-2BR, M-2BS, M-2BT, M-2BU, M-2BI, M-2RB*, M-2SB*, M-2TB* and M-2UB*",M-2TB,*,To Early Redemption Date,yes,0,5.00%,0.00%,1.61
Weighted Average Life Tables,140,"Class M-2B, M-2BR, M-2BS, M-2BT, M-2BU, M-2BI, M-2RB*, M-2SB*, M-2TB* and M-2UB*",M-2TB,*,To Early Redemption Date,yes,5,5.00%,0.00%,1.68
Weighted Average Life Tables,140,"Class M-2B, M-2BR, M-2BS, M-2BT, M-2BU, M-2BI, M-2RB*, M-2SB*, M-2TB* and M-2UB*",M-2TB,*,To Early Redemption Date,yes,10,5.00%,0.00%,1.77
Weighted Average Life Tables,140,"Class M-2B, M-2BR, M-2BS, M-2BT, M-2BU, M-2BI, M-2RB*, M-2SB*, M-2TB* and M-2UB*",M-2TB,*,To Early Redemption Date,yes,15,5.00%,0.00%,1.87
Weighted Average Life Tables,140,"Class M-2B, M-2BR, M-2BS, M-2BT, M-2BU, M-2BI, M-2RB*, M-2SB*, M-2TB* and M-2UB*",M-2TB,*,To Early Redemption Date,yes,25,5.00%,0.00%,2.18
Weighted Average Life Tables,140,"Class M-2B, M-2BR, M-2BS, M-2BT, M-2BU, M-2BI, M-2RB*, M-2SB*, M-2TB* and M-2UB*",M-2TB,*,To Early Redemption Date,yes,35,5.00%,0.00%,2.82
Weighted Average Life Tables,140,"Class M-2B, M-2BR, M-2BS, M-2BT, M-2BU, M-2BI, M-2RB*, M-2SB*, M-2TB* and M-2UB*",M-2UB,*,To Scheduled Maturity Date,no,0,5.00%,0.00%,1.61
Weighted Average Life Tables,140,"Class M-2B, M-2BR, M-2BS, M-2BT, M-2BU, M-2BI, M-2RB*, M-2SB*, M-2TB* and M-2UB*",M-2UB,*,To Scheduled Maturity Date,no,5,5.00%,0.00%,1.68
Weighted Average Life Tables,140,"Class M-2B, M-2BR, M-2BS, M-2BT, M-2BU, M-2BI, M-2RB*, M-2SB*, M-2TB* and M-2UB*",M-2UB,*,To Scheduled Maturity Date,no,10,5.00%,0.00%,1.77
Weighted Average Life Tables,140,"Class M-2B, M-2BR, M-2BS, M-2BT, M-2BU, M-2BI, M-2RB*, M-2SB*, M-2TB* and M-2UB*",M-2UB,*,To Scheduled Maturity Date,no,15,5.00%,0.00%,1.87
Weighted Average Life Tables,140,"Class M-2B, M-2BR, M-2BS, M-2BT, M-2BU, M-2BI, M-2RB*, M-2SB*, M-2TB* and M-2UB*",M-2UB,*,To Scheduled Maturity Date,no,25,5.00%,0.00%,2.18
Weighted Average Life Tables,140,"Class M-2B, M-2BR, M-2BS, M-2BT, M-2BU, M-2BI, M-2RB*, M-2SB*, M-2TB* and M-2UB*",M-2UB,*,To Scheduled Maturity Date,no,35,5.00%,0.00%,2.82
Weighted Average Life Tables,140,"Class M-2B, M-2BR, M-2BS, M-2BT, M-2BU, M-2BI, M-2RB*, M-2SB*, M-2TB* and M-2UB*",M-2UB,*,To Early Redemption Date,yes,0,5.00%,0.00%,1.61
Weighted Average Life Tables,140,"Class M-2B, M-2BR, M-2BS, M-2BT, M-2BU, M-2BI, M-2RB*, M-2SB*, M-2TB* and M-2UB*",M-2UB,*,To Early Redemption Date,yes,5,5.00%,0.00%,1.68
Weighted Average Life Tables,140,"Class M-2B, M-2BR, M-2BS, M-2BT, M-2BU, M-2BI, M-2RB*, M-2SB*, M-2TB* and M-2UB*",M-2UB,*,To Early Redemption Date,yes,10,5.00%,0.00%,1.77
Weighted Average Life Tables,140,"Class M-2B, M-2BR, M-2BS, M-2BT, M-2BU, M-2BI, M-2RB*, M-2SB*, M-2TB* and M-2UB*",M-2UB,*,To Early Redemption Date,yes,15,5.00%,0.00%,1.87
Weighted Average Life Tables,140,"Class M-2B, M-2BR, M-2BS, M-2BT, M-2BU, M-2BI, M-2RB*, M-2SB*, M-2TB* and M-2UB*",M-2UB,*,To Early Redemption Date,yes,25,5.00%,0.00%,2.18
Weighted Average Life Tables,140,"Class M-2B, M-2BR, M-2BS, M-2BT, M-2BU, M-2BI, M-2RB*, M-2SB*, M-2TB* and M-2UB*",M-2UB,*,To Early Redemption Date,yes,35,5.00%,0.00%,2.82
Weighted Average Life Tables,140,"Class M-2B, M-2BR, M-2BS, M-2BT, M-2BU, M-2BI, M-2RB*, M-2SB*, M-2TB* and M-2UB*",M-2B,,To Scheduled Maturity Date,no,0,0.00%,0.01%,20.01
Weighted Average Life Tables,140,"Class M-2B, M-2BR, M-2BS, M-2BT, M-2BU, M-2BI, M-2RB*, M-2SB*, M-2TB* and M-2UB*",M-2B,,To Scheduled Maturity Date,no,5,0.00%,0.01%,9.01
Weighted Average Life Tables,140,"Class M-2B, M-2BR, M-2BS, M-2BT, M-2BU, M-2BI, M-2RB*, M-2SB*, M-2TB* and M-2UB*",M-2B,,To Scheduled Maturity Date,no,10,0.00%,0.01%,5.01
Weighted Average Life Tables,140,"Class M-2B, M-2BR, M-2BS, M-2BT, M-2BU, M-2BI, M-2RB*, M-2SB*, M-2TB* and M-2UB*",M-2B,,To Scheduled Maturity Date,no,15,0.00%,0.01%,3.36
Weighted Average Life Tables,140,"Class M-2B, M-2BR, M-2BS, M-2BT, M-2BU, M-2BI, M-2RB*, M-2SB*, M-2TB* and M-2UB*",M-2B,,To Scheduled Maturity Date,no,25,0.00%,0.01%,1.98
Weighted Average Life Tables,140,"Class M-2B, M-2BR, M-2BS, M-2BT, M-2BU, M-2BI, M-2RB*, M-2SB*, M-2TB* and M-2UB*",M-2B,,To Scheduled Maturity Date,no,35,0.00%,0.01%,1.36
Weighted Average Life Tables,140,"Class M-2B, M-2BR, M-2BS, M-2BT, M-2BU, M-2BI, M-2RB*, M-2SB*, M-2TB* and M-2UB*",M-2B,,To Early Redemption Date,yes,0,0.00%,0.01%,5.02
Weighted Average Life Tables,140,"Class M-2B, M-2BR, M-2BS, M-2BT, M-2BU, M-2BI, M-2RB*, M-2SB*, M-2TB* and M-2UB*",M-2B,,To Early Redemption Date,yes,5,0.00%,0.01%,5.02
Weighted Average Life Tables,140,"Class M-2B, M-2BR, M-2BS, M-2BT, M-2BU, M-2BI, M-2RB*, M-2SB*, M-2TB* and M-2UB*",M-2B,,To Early Redemption Date,yes,10,0.00%,0.01%,4.93
Weighted Average Life Tables,140,"Class M-2B, M-2BR, M-2BS, M-2BT, M-2BU, M-2BI, M-2RB*, M-2SB*, M-2TB* and M-2UB*",M-2B,,To Early Redemption Date,yes,15,0.00%,0.01%,3.36
Weighted Average Life Tables,140,"Class M-2B, M-2BR, M-2BS, M-2BT, M-2BU, M-2BI, M-2RB*, M-2SB*, M-2TB* and M-2UB*",M-2B,,To Early Redemption Date,yes,25,0.00%,0.01%,1.98
Weighted Average Life Tables,140,"Class M-2B, M-2BR, M-2BS, M-2BT, M-2BU, M-2BI, M-2RB*, M-2SB*, M-2TB* and M-2UB*",M-2B,,To Early Redemption Date,yes,35,0.00%,0.01%,1.36
Weighted Average Life Tables,140,"Class M-2B, M-2BR, M-2BS, M-2BT, M-2BU, M-2BI, M-2RB*, M-2SB*, M-2TB* and M-2UB*",M-2BR,,To Scheduled Maturity Date,no,0,0.00%,0.01%,20.01
Weighted Average Life Tables,140,"Class M-2B, M-2BR, M-2BS, M-2BT, M-2BU, M-2BI, M-2RB*, M-2SB*, M-2TB* and M-2UB*",M-2BR,,To Scheduled Maturity Date,no,5,0.00%,0.01%,9.01
Weighted Average Life Tables,140,"Class M-2B, M-2BR, M-2BS, M-2BT, M-2BU, M-2BI, M-2RB*, M-2SB*, M-2TB* and M-2UB*",M-2BR,,To Scheduled Maturity Date,no,10,0.00%,0.01%,5.01
Weighted Average Life Tables,140,"Class M-2B, M-2BR, M-2BS, M-2BT, M-2BU, M-2BI, M-2RB*, M-2SB*, M-2TB* and M-2UB*",M-2BR,,To Scheduled Maturity Date,no,15,0.00%,0.01%,3.36
Weighted Average Life Tables,140,"Class M-2B, M-2BR, M-2BS, M-2BT, M-2BU, M-2BI, M-2RB*, M-2SB*, M-2TB* and M-2UB*",M-2BR,,To Scheduled Maturity Date,no,25,0.00%,0.01%,1.98
Weighted Average Life Tables,140,"Class M-2B, M-2BR, M-2BS, M-2BT, M-2BU, M-2BI, M-2RB*, M-2SB*, M-2TB* and M-2UB*",M-2BR,,To Scheduled Maturity Date,no,35,0.00%,0.01%,1.36
Weighted Average Life Tables,140,"Class M-2B, M-2BR, M-2BS, M-2BT, M-2BU, M-2BI, M-2RB*, M-2SB*, M-2TB* and M-2UB*",M-2BR,,To Early Redemption Date,yes,0,0.00%,0.01%,5.02
Weighted Average Life Tables,140,"Class M-2B, M-2BR, M-2BS, M-2BT, M-2BU, M-2BI, M-2RB*, M-2SB*, M-2TB* and M-2UB*",M-2BR,,To Early Redemption Date,yes,5,0.00%,0.01%,5.02
Weighted Average Life Tables,140,"Class M-2B, M-2BR, M-2BS, M-2BT, M-2BU, M-2BI, M-2RB*, M-2SB*, M-2TB* and M-2UB*",M-2BR,,To Early Redemption Date,yes,10,0.00%,0.01%,4.93
Weighted Average Life Tables,140,"Class M-2B, M-2BR, M-2BS, M-2BT, M-2BU, M-2BI, M-2RB*, M-2SB*, M-2TB* and M-2UB*",M-2BR,,To Early Redemption Date,yes,15,0.00%,0.01%,3.36
Weighted Average Life Tables,140,"Class M-2B, M-2BR, M-2BS, M-2BT, M-2BU, M-2BI, M-2RB*, M-2SB*, M-2TB* and M-2UB*",M-2BR,,To Early Redemption Date,yes,25,0.00%,0.01%,1.98
Weighted Average Life Tables,140,"Class M-2B, M-2BR, M-2BS, M-2BT, M-2BU, M-2BI, M-2RB*, M-2SB*, M-2TB* and M-2UB*",M-2BR,,To Early Redemption Date,yes,35,0.00%,0.01%,1.36
Weighted Average Life Tables,140,"Class M-2B, M-2BR, M-2BS, M-2BT, M-2BU, M-2BI, M-2RB*, M-2SB*, M-2TB* and M-2UB*",M-2BS,,To Scheduled Maturity Date,no,0,0.00%,0.01%,20.01
Weighted Average Life Tables,140,"Class M-2B, M-2BR, M-2BS, M-2BT, M-2BU, M-2BI, M-2RB*, M-2SB*, M-2TB* and M-2UB*",M-2BS,,To Scheduled Maturity Date,no,5,0.00%,0.01%,9.01
Weighted Average Life Tables,140,"Class M-2B, M-2BR, M-2BS, M-2BT, M-2BU, M-2BI, M-2RB*, M-2SB*, M-2TB* and M-2UB*",M-2BS,,To Scheduled Maturity Date,no,10,0.00%,0.01%,5.01
Weighted Average Life Tables,140,"Class M-2B, M-2BR, M-2BS, M-2BT, M-2BU, M-2BI, M-2RB*, M-2SB*, M-2TB* and M-2UB*",M-2BS,,To Scheduled Maturity Date,no,15,0.00%,0.01%,3.36
Weighted Average Life Tables,140,"Class M-2B, M-2BR, M-2BS, M-2BT, M-2BU, M-2BI, M-2RB*, M-2SB*, M-2TB* and M-2UB*",M-2BS,,To Scheduled Maturity Date,no,25,0.00%,0.01%,1.98
Weighted Average Life Tables,140,"Class M-2B, M-2BR, M-2BS, M-2BT, M-2BU, M-2BI, M-2RB*, M-2SB*, M-2TB* and M-2UB*",M-2BS,,To Scheduled Maturity Date,no,35,0.00%,0.01%,1.36
Weighted Average Life Tables,140,"Class M-2B, M-2BR, M-2BS, M-2BT, M-2BU, M-2BI, M-2RB*, M-2SB*, M-2TB* and M-2UB*",M-2BS,,To Early Redemption Date,yes,0,0.00%,0.01%,5.02
Weighted Average Life Tables,140,"Class M-2B, M-2BR, M-2BS, M-2BT, M-2BU, M-2BI, M-2RB*, M-2SB*, M-2TB* and M-2UB*",M-2BS,,To Early Redemption Date,yes,5,0.00%,0.01%,5.02
Weighted Average Life Tables,140,"Class M-2B, M-2BR, M-2BS, M-2BT, M-2BU, M-2BI, M-2RB*, M-2SB*, M-2TB* and M-2UB*",M-2BS,,To Early Redemption Date,yes,10,0.00%,0.01%,4.93
Weighted Average Life Tables,140,"Class M-2B, M-2BR, M-2BS, M-2BT, M-2BU, M-2BI, M-2RB*, M-2SB*, M-2TB* and M-2UB*",M-2BS,,To Early Redemption Date,yes,15,0.00%,0.01%,3.36
Weighted Average Life Tables,140,"Class M-2B, M-2BR, M-2BS, M-2BT, M-2BU, M-2BI, M-2RB*, M-2SB*, M-2TB* and M-2UB*",M-2BS,,To Early Redemption Date,yes,25,0.00%,0.01%,1.98
Weighted Average Life Tables,140,"Class M-2B, M-2BR, M-2BS, M-2BT, M-2BU, M-2BI, M-2RB*, M-2SB*, M-2TB* and M-2UB*",M-2BS,,To Early Redemption Date,yes,35,0.00%,0.01%,1.36
Weighted Average Life Tables,140,"Class M-2B, M-2BR, M-2BS, M-2BT, M-2BU, M-2BI, M-2RB*, M-2SB*, M-2TB* and M-2UB*",M-2BT,,To Scheduled Maturity Date,no,0,0.00%,0.01%,20.01
Weighted Average Life Tables,140,"Class M-2B, M-2BR, M-2BS, M-2BT, M-2BU, M-2BI, M-2RB*, M-2SB*, M-2TB* and M-2UB*",M-2BT,,To Scheduled Maturity Date,no,5,0.00%,0.01%,9.01
Weighted Average Life Tables,140,"Class M-2B, M-2BR, M-2BS, M-2BT, M-2BU, M-2BI, M-2RB*, M-2SB*, M-2TB* and M-2UB*",M-2BT,,To Scheduled Maturity Date,no,10,0.00%,0.01%,5.01
Weighted Average Life Tables,140,"Class M-2B, M-2BR, M-2BS, M-2BT, M-2BU, M-2BI, M-2RB*, M-2SB*, M-2TB* and M-2UB*",M-2BT,,To Scheduled Maturity Date,no,15,0.00%,0.01%,3.36
Weighted Average Life Tables,140,"Class M-2B, M-2BR, M-2BS, M-2BT, M-2BU, M-2BI, M-2RB*, M-2SB*, M-2TB* and M-2UB*",M-2BT,,To Scheduled Maturity Date,no,25,0.00%,0.01%,1.98
Weighted Average Life Tables,140,"Class M-2B, M-2BR, M-2BS, M-2BT, M-2BU, M-2BI, M-2RB*, M-2SB*, M-2TB* and M-2UB*",M-2BT,,To Scheduled Maturity Date,no,35,0.00%,0.01%,1.36
Weighted Average Life Tables,140,"Class M-2B, M-2BR, M-2BS, M-2BT, M-2BU, M-2BI, M-2RB*, M-2SB*, M-2TB* and M-2UB*",M-2BT,,To Early Redemption Date,yes,0,0.00%,0.01%,5.02
Weighted Average Life Tables,140,"Class M-2B, M-2BR, M-2BS, M-2BT, M-2BU, M-2BI, M-2RB*, M-2SB*, M-2TB* and M-2UB*",M-2BT,,To Early Redemption Date,yes,5,0.00%,0.01%,5.02
Weighted Average Life Tables,140,"Class M-2B, M-2BR, M-2BS, M-2BT, M-2BU, M-2BI, M-2RB*, M-2SB*, M-2TB* and M-2UB*",M-2BT,,To Early Redemption Date,yes,10,0.00%,0.01%,4.93
Weighted Average Life Tables,140,"Class M-2B, M-2BR, M-2BS, M-2BT, M-2BU, M-2BI, M-2RB*, M-2SB*, M-2TB* and M-2UB*",M-2BT,,To Early Redemption Date,yes,15,0.00%,0.01%,3.36
Weighted Average Life Tables,140,"Class M-2B, M-2BR, M-2BS, M-2BT, M-2BU, M-2BI, M-2RB*, M-2SB*, M-2TB* and M-2UB*",M-2BT,,To Early Redemption Date,yes,25,0.00%,0.01%,1.98
Weighted Average Life Tables,140,"Class M-2B, M-2BR, M-2BS, M-2BT, M-2BU, M-2BI, M-2RB*, M-2SB*, M-2TB* and M-2UB*",M-2BT,,To Early Redemption Date,yes,35,0.00%,0.01%,1.36
Weighted Average Life Tables,140,"Class M-2B, M-2BR, M-2BS, M-2BT, M-2BU, M-2BI, M-2RB*, M-2SB*, M-2TB* and M-2UB*",M-2BU,,To Scheduled Maturity Date,no,0,0.00%,0.01%,20.01
Weighted Average Life Tables,140,"Class M-2B, M-2BR, M-2BS, M-2BT, M-2BU, M-2BI, M-2RB*, M-2SB*, M-2TB* and M-2UB*",M-2BU,,To Scheduled Maturity Date,no,5,0.00%,0.01%,9.01
Weighted Average Life Tables,140,"Class M-2B, M-2BR, M-2BS, M-2BT, M-2BU, M-2BI, M-2RB*, M-2SB*, M-2TB* and M-2UB*",M-2BU,,To Scheduled Maturity Date,no,10,0.00%,0.01%,5.01
Weighted Average Life Tables,140,"Class M-2B, M-2BR, M-2BS, M-2BT, M-2BU, M-2BI, M-2RB*, M-2SB*, M-2TB* and M-2UB*",M-2BU,,To Scheduled Maturity Date,no,15,0.00%,0.01%,3.36
Weighted Average Life Tables,140,"Class M-2B, M-2BR, M-2BS, M-2BT, M-2BU, M-2BI, M-2RB*, M-2SB*, M-2TB* and M-2UB*",M-2BU,,To Scheduled Maturity Date,no,25,0.00%,0.01%,1.98
Weighted Average Life Tables,140,"Class M-2B, M-2BR, M-2BS, M-2BT, M-2BU, M-2BI, M-2RB*, M-2SB*, M-2TB* and M-2UB*",M-2BU,,To Scheduled Maturity Date,no,35,0.00%,0.01%,1.36
Weighted Average Life Tables,140,"Class M-2B, M-2BR, M-2BS, M-2BT, M-2BU, M-2BI, M-2RB*, M-2SB*, M-2TB* and M-2UB*",M-2BU,,To Early Redemption Date,yes,0,0.00%,0.01%,5.02
Weighted Average Life Tables,140,"Class M-2B, M-2BR, M-2BS, M-2BT, M-2BU, M-2BI, M-2RB*, M-2SB*, M-2TB* and M-2UB*",M-2BU,,To Early Redemption Date,yes,5,0.00%,0.01%,5.02
Weighted Average Life Tables,140,"Class M-2B, M-2BR, M-2BS, M-2BT, M-2BU, M-2BI, M-2RB*, M-2SB*, M-2TB* and M-2UB*",M-2BU,,To Early Redemption Date,yes,10,0.00%,0.01%,4.93
Weighted Average Life Tables,140,"Class M-2B, M-2BR, M-2BS, M-2BT, M-2BU, M-2BI, M-2RB*, M-2SB*, M-2TB* and M-2UB*",M-2BU,,To Early Redemption Date,yes,15,0.00%,0.01%,3.36
Weighted Average Life Tables,140,"Class M-2B, M-2BR, M-2BS, M-2BT, M-2BU, M-2BI, M-2RB*, M-2SB*, M-2TB* and M-2UB*",M-2BU,,To Early Redemption Date,yes,25,0.00%,0.01%,1.98
Weighted Average Life Tables,140,"Class M-2B, M-2BR, M-2BS, M-2BT, M-2BU, M-2BI, M-2RB*, M-2SB*, M-2TB* and M-2UB*",M-2BU,,To Early Redemption Date,yes,35,0.00%,0.01%,1.36
Weighted Average Life Tables,140,"Class M-2B, M-2BR, M-2BS, M-2BT, M-2BU, M-2BI, M-2RB*, M-2SB*, M-2TB* and M-2UB*",M-2BI,,To Scheduled Maturity Date,no,0,0.00%,0.01%,20.01
Weighted Average Life Tables,140,"Class M-2B, M-2BR, M-2BS, M-2BT, M-2BU, M-2BI, M-2RB*, M-2SB*, M-2TB* and M-2UB*",M-2BI,,To Scheduled Maturity Date,no,5,0.00%,0.01%,9.01
Weighted Average Life Tables,140,"Class M-2B, M-2BR, M-2BS, M-2BT, M-2BU, M-2BI, M-2RB*, M-2SB*, M-2TB* and M-2UB*",M-2BI,,To Scheduled Maturity Date,no,10,0.00%,0.01%,5.01
Weighted Average Life Tables,140,"Class M-2B, M-2BR, M-2BS, M-2BT, M-2BU, M-2BI, M-2RB*, M-2SB*, M-2TB* and M-2UB*",M-2BI,,To Scheduled Maturity Date,no,15,0.00%,0.01%,3.36
Weighted Average Life Tables,140,"Class M-2B, M-2BR, M-2BS, M-2BT, M-2BU, M-2BI, M-2RB*, M-2SB*, M-2TB* and M-2UB*",M-2BI,,To Scheduled Maturity Date,no,25,0.00%,0.01%,1.98
Weighted Average Life Tables,140,"Class M-2B, M-2BR, M-2BS, M-2BT, M-2BU, M-2BI, M-2RB*, M-2SB*, M-2TB* and M-2UB*",M-2BI,,To Scheduled Maturity Date,no,35,0.00%,0.01%,1.36
Weighted Average Life Tables,140,"Class M-2B, M-2BR, M-2BS, M-2BT, M-2BU, M-2BI, M-2RB*, M-2SB*, M-2TB* and M-2UB*",M-2BI,,To Early Redemption Date,yes,0,0.00%,0.01%,5.02
Weighted Average Life Tables,140,"Class M-2B, M-2BR, M-2BS, M-2BT, M-2BU, M-2BI, M-2RB*, M-2SB*, M-2TB* and M-2UB*",M-2BI,,To Early Redemption Date,yes,5,0.00%,0.01%,5.02
Weighted Average Life Tables,140,"Class M-2B, M-2BR, M-2BS, M-2BT, M-2BU, M-2BI, M-2RB*, M-2SB*, M-2TB* and M-2UB*",M-2BI,,To Early Redemption Date,yes,10,0.00%,0.01%,4.93
Weighted Average Life Tables,140,"Class M-2B, M-2BR, M-2BS, M-2BT, M-2BU, M-2BI, M-2RB*, M-2SB*, M-2TB* and M-2UB*",M-2BI,,To Early Redemption Date,yes,15,0.00%,0.01%,3.36
Weighted Average Life Tables,140,"Class M-2B, M-2BR, M-2BS, M-2BT, M-2BU, M-2BI, M-2RB*, M-2SB*, M-2TB* and M-2UB*",M-2BI,,To Early Redemption Date,yes,25,0.00%,0.01%,1.98
Weighted Average Life Tables,140,"Class M-2B, M-2BR, M-2BS, M-2BT, M-2BU, M-2BI, M-2RB*, M-2SB*, M-2TB* and M-2UB*",M-2BI,,To Early Redemption Date,yes,35,0.00%,0.01%,1.36
Weighted Average Life Tables,140,"Class M-2B, M-2BR, M-2BS, M-2BT, M-2BU, M-2BI, M-2RB*, M-2SB*, M-2TB* and M-2UB*",M-2RB,*,To Scheduled Maturity Date,no,0,0.00%,0.01%,20.01
Weighted Average Life Tables,140,"Class M-2B, M-2BR, M-2BS, M-2BT, M-2BU, M-2BI, M-2RB*, M-2SB*, M-2TB* and M-2UB*",M-2RB,*,To Scheduled Maturity Date,no,5,0.00%,0.01%,9.01
Weighted Average Life Tables,140,"Class M-2B, M-2BR, M-2BS, M-2BT, M-2BU, M-2BI, M-2RB*, M-2SB*, M-2TB* and M-2UB*",M-2RB,*,To Scheduled Maturity Date,no,10,0.00%,0.01%,5.01
Weighted Average Life Tables,140,"Class M-2B, M-2BR, M-2BS, M-2BT, M-2BU, M-2BI, M-2RB*, M-2SB*, M-2TB* and M-2UB*",M-2RB,*,To Scheduled Maturity Date,no,15,0.00%,0.01%,3.36
Weighted Average Life Tables,140,"Class M-2B, M-2BR, M-2BS, M-2BT, M-2BU, M-2BI, M-2RB*, M-2SB*, M-2TB* and M-2UB*",M-2RB,*,To Scheduled Maturity Date,no,25,0.00%,0.01%,1.98
Weighted Average Life Tables,140,"Class M-2B, M-2BR, M-2BS, M-2BT, M-2BU, M-2BI, M-2RB*, M-2SB*, M-2TB* and M-2UB*",M-2RB,*,To Scheduled Maturity Date,no,35,0.00%,0.01%,1.36
Weighted Average Life Tables,140,"Class M-2B, M-2BR, M-2BS, M-2BT, M-2BU, M-2BI, M-2RB*, M-2SB*, M-2TB* and M-2UB*",M-2RB,*,To Early Redemption Date,yes,0,0.00%,0.01%,5.02
Weighted Average Life Tables,140,"Class M-2B, M-2BR, M-2BS, M-2BT, M-2BU, M-2BI, M-2RB*, M-2SB*, M-2TB* and M-2UB*",M-2RB,*,To Early Redemption Date,yes,5,0.00%,0.01%,5.02
Weighted Average Life Tables,140,"Class M-2B, M-2BR, M-2BS, M-2BT, M-2BU, M-2BI, M-2RB*, M-2SB*, M-2TB* and M-2UB*",M-2RB,*,To Early Redemption Date,yes,10,0.00%,0.01%,4.93
Weighted Average Life Tables,140,"Class M-2B, M-2BR, M-2BS, M-2BT, M-2BU, M-2BI, M-2RB*, M-2SB*, M-2TB* and M-2UB*",M-2RB,*,To Early Redemption Date,yes,15,0.00%,0.01%,3.36
Weighted Average Life Tables,140,"Class M-2B, M-2BR, M-2BS, M-2BT, M-2BU, M-2BI, M-2RB*, M-2SB*, M-2TB* and M-2UB*",M-2RB,*,To Early Redemption Date,yes,25,0.00%,0.01%,1.98
Weighted Average Life Tables,140,"Class M-2B, M-2BR, M-2BS, M-2BT, M-2BU, M-2BI, M-2RB*, M-2SB*, M-2TB* and M-2UB*",M-2RB,*,To Early Redemption Date,yes,35,0.00%,0.01%,1.36
Weighted Average Life Tables,140,"Class M-2B, M-2BR, M-2BS, M-2BT, M-2BU, M-2BI, M-2RB*, M-2SB*, M-2TB* and M-2UB*",M-2SB,*,To Scheduled Maturity Date,no,0,0.00%,0.01%,20.01
Weighted Average Life Tables,140,"Class M-2B, M-2BR, M-2BS, M-2BT, M-2BU, M-2BI, M-2RB*, M-2SB*, M-2TB* and M-2UB*",M-2SB,*,To Scheduled Maturity Date,no,5,0.00%,0.01%,9.01
Weighted Average Life Tables,140,"Class M-2B, M-2BR, M-2BS, M-2BT, M-2BU, M-2BI, M-2RB*, M-2SB*, M-2TB* and M-2UB*",M-2SB,*,To Scheduled Maturity Date,no,10,0.00%,0.01%,5.01
Weighted Average Life Tables,140,"Class M-2B, M-2BR, M-2BS, M-2BT, M-2BU, M-2BI, M-2RB*, M-2SB*, M-2TB* and M-2UB*",M-2SB,*,To Scheduled Maturity Date,no,15,0.00%,0.01%,3.36
Weighted Average Life Tables,140,"Class M-2B, M-2BR, M-2BS, M-2BT, M-2BU, M-2BI, M-2RB*, M-2SB*, M-2TB* and M-2UB*",M-2SB,*,To Scheduled Maturity Date,no,25,0.00%,0.01%,1.98
Weighted Average Life Tables,140,"Class M-2B, M-2BR, M-2BS, M-2BT, M-2BU, M-2BI, M-2RB*, M-2SB*, M-2TB* and M-2UB*",M-2SB,*,To Scheduled Maturity Date,no,35,0.00%,0.01%,1.36
Weighted Average Life Tables,140,"Class M-2B, M-2BR, M-2BS, M-2BT, M-2BU, M-2BI, M-2RB*, M-2SB*, M-2TB* and M-2UB*",M-2SB,*,To Early Redemption Date,yes,0,0.00%,0.01%,5.02
Weighted Average Life Tables,140,"Class M-2B, M-2BR, M-2BS, M-2BT, M-2BU, M-2BI, M-2RB*, M-2SB*, M-2TB* and M-2UB*",M-2SB,*,To Early Redemption Date,yes,5,0.00%,0.01%,5.02
Weighted Average Life Tables,140,"Class M-2B, M-2BR, M-2BS, M-2BT, M-2BU, M-2BI, M-2RB*, M-2SB*, M-2TB* and M-2UB*",M-2SB,*,To Early Redemption Date,yes,10,0.00%,0.01%,4.93
Weighted Average Life Tables,140,"Class M-2B, M-2BR, M-2BS, M-2BT, M-2BU, M-2BI, M-2RB*, M-2SB*, M-2TB* and M-2UB*",M-2SB,*,To Early Redemption Date,yes,15,0.00%,0.01%,3.36
Weighted Average Life Tables,140,"Class M-2B, M-2BR, M-2BS, M-2BT, M-2BU, M-2BI, M-2RB*, M-2SB*, M-2TB* and M-2UB*",M-2SB,*,To Early Redemption Date,yes,25,0.00%,0.01%,1.98
Weighted Average Life Tables,140,"Class M-2B, M-2BR, M-2BS, M-2BT, M-2BU, M-2BI, M-2RB*, M-2SB*, M-2TB* and M-2UB*",M-2SB,*,To Early Redemption Date,yes,35,0.00%,0.01%,1.36
Weighted Average Life Tables,140,"Class M-2B, M-2BR, M-2BS, M-2BT, M-2BU, M-2BI, M-2RB*, M-2SB*, M-2TB* and M-2UB*",M-2TB,*,To Scheduled Maturity Date,no,0,0.00%,0.01%,20.01
Weighted Average Life Tables,140,"Class M-2B, M-2BR, M-2BS, M-2BT, M-2BU, M-2BI, M-2RB*, M-2SB*, M-2TB* and M-2UB*",M-2TB,*,To Scheduled Maturity Date,no,5,0.00%,0.01%,9.01
Weighted Average Life Tables,140,"Class M-2B, M-2BR, M-2BS, M-2BT, M-2BU, M-2BI, M-2RB*, M-2SB*, M-2TB* and M-2UB*",M-2TB,*,To Scheduled Maturity Date,no,10,0.00%,0.01%,5.01
Weighted Average Life Tables,140,"Class M-2B, M-2BR, M-2BS, M-2BT, M-2BU, M-2BI, M-2RB*, M-2SB*, M-2TB* and M-2UB*",M-2TB,*,To Scheduled Maturity Date,no,15,0.00%,0.01%,3.36
Weighted Average Life Tables,140,"Class M-2B, M-2BR, M-2BS, M-2BT, M-2BU, M-2BI, M-2RB*, M-2SB*, M-2TB* and M-2UB*",M-2TB,*,To Scheduled Maturity Date,no,25,0.00%,0.01%,1.98
Weighted Average Life Tables,140,"Class M-2B, M-2BR, M-2BS, M-2BT, M-2BU, M-2BI, M-2RB*, M-2SB*, M-2TB* and M-2UB*",M-2TB,*,To Scheduled Maturity Date,no,35,0.00%,0.01%,1.36
Weighted Average Life Tables,140,"Class M-2B, M-2BR, M-2BS, M-2BT, M-2BU, M-2BI, M-2RB*, M-2SB*, M-2TB* and M-2UB*",M-2TB,*,To Early Redemption Date,yes,0,0.00%,0.01%,5.02
Weighted Average Life Tables,140,"Class M-2B, M-2BR, M-2BS, M-2BT, M-2BU, M-2BI, M-2RB*, M-2SB*, M-2TB* and M-2UB*",M-2TB,*,To Early Redemption Date,yes,5,0.00%,0.01%,5.02
Weighted Average Life Tables,140,"Class M-2B, M-2BR, M-2BS, M-2BT, M-2BU, M-2BI, M-2RB*, M-2SB*, M-2TB* and M-2UB*",M-2TB,*,To Early Redemption Date,yes,10,0.00%,0.01%,4.93
Weighted Average Life Tables,140,"Class M-2B, M-2BR, M-2BS, M-2BT, M-2BU, M-2BI, M-2RB*, M-2SB*, M-2TB* and M-2UB*",M-2TB,*,To Early Redemption Date,yes,15,0.00%,0.01%,3.36
Weighted Average Life Tables,140,"Class M-2B, M-2BR, M-2BS, M-2BT, M-2BU, M-2BI, M-2RB*, M-2SB*, M-2TB* and M-2UB*",M-2TB,*,To Early Redemption Date,yes,25,0.00%,0.01%,1.98
Weighted Average Life Tables,140,"Class M-2B, M-2BR, M-2BS, M-2BT, M-2BU, M-2BI, M-2RB*, M-2SB*, M-2TB* and M-2UB*",M-2TB,*,To Early Redemption Date,yes,35,0.00%,0.01%,1.36
Weighted Average Life Tables,140,"Class M-2B, M-2BR, M-2BS, M-2BT, M-2BU, M-2BI, M-2RB*, M-2SB*, M-2TB* and M-2UB*",M-2UB,*,To Scheduled Maturity Date,no,0,0.00%,0.01%,20.01
Weighted Average Life Tables,140,"Class M-2B, M-2BR, M-2BS, M-2BT, M-2BU, M-2BI, M-2RB*, M-2SB*, M-2TB* and M-2UB*",M-2UB,*,To Scheduled Maturity Date,no,5,0.00%,0.01%,9.01
Weighted Average Life Tables,140,"Class M-2B, M-2BR, M-2BS, M-2BT, M-2BU, M-2BI, M-2RB*, M-2SB*, M-2TB* and M-2UB*",M-2UB,*,To Scheduled Maturity Date,no,10,0.00%,0.01%,5.01
Weighted Average Life Tables,140,"Class M-2B, M-2BR, M-2BS, M-2BT, M-2BU, M-2BI, M-2RB*, M-2SB*, M-2TB* and M-2UB*",M-2UB,*,To Scheduled Maturity Date,no,15,0.00%,0.01%,3.36
Weighted Average Life Tables,140,"Class M-2B, M-2BR, M-2BS, M-2BT, M-2BU, M-2BI, M-2RB*, M-2SB*, M-2TB* and M-2UB*",M-2UB,*,To Scheduled Maturity Date,no,25,0.00%,0.01%,1.98
Weighted Average Life Tables,140,"Class M-2B, M-2BR, M-2BS, M-2BT, M-2BU, M-2BI, M-2RB*, M-2SB*, M-2TB* and M-2UB*",M-2UB,*,To Scheduled Maturity Date,no,35,0.00%,0.01%,1.36
Weighted Average Life Tables,140,"Class M-2B, M-2BR, M-2BS, M-2BT, M-2BU, M-2BI, M-2RB*, M-2SB*, M-2TB* and M-2UB*",M-2UB,*,To Early Redemption Date,yes,0,0.00%,0.01%,5.02
Weighted Average Life Tables,140,"Class M-2B, M-2BR, M-2BS, M-2BT, M-2BU, M-2BI, M-2RB*, M-2SB*, M-2TB* and M-2UB*",M-2UB,*,To Early Redemption Date,yes,5,0.00%,0.01%,5.02
Weighted Average Life Tables,140,"Class M-2B, M-2BR, M-2BS, M-2BT, M-2BU, M-2BI, M-2RB*, M-2SB*, M-2TB* and M-2UB*",M-2UB,*,To Early Redemption Date,yes,10,0.00%,0.01%,4.93
Weighted Average Life Tables,140,"Class M-2B, M-2BR, M-2BS, M-2BT, M-2BU, M-2BI, M-2RB*, M-2SB*, M-2TB* and M-2UB*",M-2UB,*,To Early Redemption Date,yes,15,0.00%,0.01%,3.36
Weighted Average Life Tables,140,"Class M-2B, M-2BR, M-2BS, M-2BT, M-2BU, M-2BI, M-2RB*, M-2SB*, M-2TB* and M-2UB*",M-2UB,*,To Early Redemption Date,yes,25,0.00%,0.01%,1.98
Weighted Average Life Tables,140,"Class M-2B, M-2BR, M-2BS, M-2BT, M-2BU, M-2BI, M-2RB*, M-2SB*, M-2TB* and M-2UB*",M-2UB,*,To Early Redemption Date,yes,35,0.00%,0.01%,1.36
Weighted Average Life Tables,140,"Class M-2B, M-2BR, M-2BS, M-2BT, M-2BU, M-2BI, M-2RB*, M-2SB*, M-2TB* and M-2UB*",M-2B,,To Scheduled Maturity Date,no,0,0.50%,0.03%,18.64
Weighted Average Life Tables,140,"Class M-2B, M-2BR, M-2BS, M-2BT, M-2BU, M-2BI, M-2RB*, M-2SB*, M-2TB* and M-2UB*",M-2B,,To Scheduled Maturity Date,no,5,0.50%,0.03%,19.89
Weighted Average Life Tables,140,"Class M-2B, M-2BR, M-2BS, M-2BT, M-2BU, M-2BI, M-2RB*, M-2SB*, M-2TB* and M-2UB*",M-2B,,To Scheduled Maturity Date,no,10,0.50%,0.03%,9.29
Weighted Average Life Tables,140,"Class M-2B, M-2BR, M-2BS, M-2BT, M-2BU, M-2BI, M-2RB*, M-2SB*, M-2TB* and M-2UB*",M-2B,,To Scheduled Maturity Date,no,15,0.50%,0.03%,5.92
Weighted Average Life Tables,140,"Class M-2B, M-2BR, M-2BS, M-2BT, M-2BU, M-2BI, M-2RB*, M-2SB*, M-2TB* and M-2UB*",M-2B,,To Scheduled Maturity Date,no,25,0.50%,0.03%,3.11
Weighted Average Life Tables,140,"Class M-2B, M-2BR, M-2BS, M-2BT, M-2BU, M-2BI, M-2RB*, M-2SB*, M-2TB* and M-2UB*",M-2B,,To Scheduled Maturity Date,no,35,0.50%,0.03%,2.00
Weighted Average Life Tables,140,"Class M-2B, M-2BR, M-2BS, M-2BT, M-2BU, M-2BI, M-2RB*, M-2SB*, M-2TB* and M-2UB*",M-2B,,To Early Redemption Date,yes,0,0.50%,0.03%,5.02
Weighted Average Life Tables,140,"Class M-2B, M-2BR, M-2BS, M-2BT, M-2BU, M-2BI, M-2RB*, M-2SB*, M-2TB* and M-2UB*",M-2B,,To Early Redemption Date,yes,5,0.50%,0.03%,5.02
Weighted Average Life Tables,140,"Class M-2B, M-2BR, M-2BS, M-2BT, M-2BU, M-2BI, M-2RB*, M-2SB*, M-2TB* and M-2UB*",M-2B,,To Early Redemption Date,yes,10,0.50%,0.03%,5.02
Weighted Average Life Tables,140,"Class M-2B, M-2BR, M-2BS, M-2BT, M-2BU, M-2BI, M-2RB*, M-2SB*, M-2TB* and M-2UB*",M-2B,,To Early Redemption Date,yes,15,0.50%,0.03%,5.02
Weighted Average Life Tables,140,"Class M-2B, M-2BR, M-2BS, M-2BT, M-2BU, M-2BI, M-2RB*, M-2SB*, M-2TB* and M-2UB*",M-2B,,To Early Redemption Date,yes,25,0.50%,0.03%,3.11
Weighted Average Life Tables,140,"Class M-2B, M-2BR, M-2BS, M-2BT, M-2BU, M-2BI, M-2RB*, M-2SB*, M-2TB* and M-2UB*",M-2B,,To Early Redemption Date,yes,35,0.50%,0.03%,2.00
Weighted Average Life Tables,140,"Class M-2B, M-2BR, M-2BS, M-2BT, M-2BU, M-2BI, M-2RB*, M-2SB*, M-2TB* and M-2UB*",M-2BR,,To Scheduled Maturity Date,no,0,0.50%,0.03%,18.64
Weighted Average Life Tables,140,"Class M-2B, M-2BR, M-2BS, M-2BT, M-2BU, M-2BI, M-2RB*, M-2SB*, M-2TB* and M-2UB*",M-2BR,,To Scheduled Maturity Date,no,5,0.50%,0.03%,19.89
Weighted Average Life Tables,140,"Class M-2B, M-2BR, M-2BS, M-2BT, M-2BU, M-2BI, M-2RB*, M-2SB*, M-2TB* and M-2UB*",M-2BR,,To Scheduled Maturity Date,no,10,0.50%,0.03%,9.29
Weighted Average Life Tables,140,"Class M-2B, M-2BR, M-2BS, M-2BT, M-2BU, M-2BI, M-2RB*, M-2SB*, M-2TB* and M-2UB*",M-2BR,,To Scheduled Maturity Date,no,15,0.50%,0.03%,5.92
Weighted Average Life Tables,140,"Class M-2B, M-2BR, M-2BS, M-2BT, M-2BU, M-2BI, M-2RB*, M-2SB*, M-2TB* and M-2UB*",M-2BR,,To Scheduled Maturity Date,no,25,0.50%,0.03%,3.11
Weighted Average Life Tables,140,"Class M-2B, M-2BR, M-2BS, M-2BT, M-2BU, M-2BI, M-2RB*, M-2SB*, M-2TB* and M-2UB*",M-2BR,,To Scheduled Maturity Date,no,35,0.50%,0.03%,2.00
Weighted Average Life Tables,140,"Class M-2B, M-2BR, M-2BS, M-2BT, M-2BU, M-2BI, M-2RB*, M-2SB*, M-2TB* and M-2UB*",M-2BR,,To Early Redemption Date,yes,0,0.50%,0.03%,5.02
Weighted Average Life Tables,140,"Class M-2B, M-2BR, M-2BS, M-2BT, M-2BU, M-2BI, M-2RB*, M-2SB*, M-2TB* and M-2UB*",M-2BR,,To Early Redemption Date,yes,5,0.50%,0.03%,5.02
Weighted Average Life Tables,140,"Class M-2B, M-2BR, M-2BS, M-2BT, M-2BU, M-2BI, M-2RB*, M-2SB*, M-2TB* and M-2UB*",M-2BR,,To Early Redemption Date,yes,10,0.50%,0.03%,5.02
Weighted Average Life Tables,140,"Class M-2B, M-2BR, M-2BS, M-2BT, M-2BU, M-2BI, M-2RB*, M-2SB*, M-2TB* and M-2UB*",M-2BR,,To Early Redemption Date,yes,15,0.50%,0.03%,5.02
Weighted Average Life Tables,140,"Class M-2B, M-2BR, M-2BS, M-2BT, M-2BU, M-2BI, M-2RB*, M-2SB*, M-2TB* and M-2UB*",M-2BR,,To Early Redemption Date,yes,25,0.50%,0.03%,3.11
Weighted Average Life Tables,140,"Class M-2B, M-2BR, M-2BS, M-2BT, M-2BU, M-2BI, M-2RB*, M-2SB*, M-2TB* and M-2UB*",M-2BR,,To Early Redemption Date,yes,35,0.50%,0.03%,2.00
Weighted Average Life Tables,140,"Class M-2B, M-2BR, M-2BS, M-2BT, M-2BU, M-2BI, M-2RB*, M-2SB*, M-2TB* and M-2UB*",M-2BS,,To Scheduled Maturity Date,no,0,0.50%,0.03%,18.64
Weighted Average Life Tables,140,"Class M-2B, M-2BR, M-2BS, M-2BT, M-2BU, M-2BI, M-2RB*, M-2SB*, M-2TB* and M-2UB*",M-2BS,,To Scheduled Maturity Date,no,5,0.50%,0.03%,19.89
Weighted Average Life Tables,140,"Class M-2B, M-2BR, M-2BS, M-2BT, M-2BU, M-2BI, M-2RB*, M-2SB*, M-2TB* and M-2UB*",M-2BS,,To Scheduled Maturity Date,no,10,0.50%,0.03%,9.29
Weighted Average Life Tables,140,"Class M-2B, M-2BR, M-2BS, M-2BT, M-2BU, M-2BI, M-2RB*, M-2SB*, M-2TB* and M-2UB*",M-2BS,,To Scheduled Maturity Date,no,15,0.50%,0.03%,5.92
Weighted Average Life Tables,140,"Class M-2B, M-2BR, M-2BS, M-2BT, M-2BU, M-2BI, M-2RB*, M-2SB*, M-2TB* and M-2UB*",M-2BS,,To Scheduled Maturity Date,no,25,0.50%,0.03%,3.11
Weighted Average Life Tables,140,"Class M-2B, M-2BR, M-2BS, M-2BT, M-2BU, M-2BI, M-2RB*, M-2SB*, M-2TB* and M-2UB*",M-2BS,,To Scheduled Maturity Date,no,35,0.50%,0.03%,2.00
Weighted Average Life Tables,140,"Class M-2B, M-2BR, M-2BS, M-2BT, M-2BU, M-2BI, M-2RB*, M-2SB*, M-2TB* and M-2UB*",M-2BS,,To Early Redemption Date,yes,0,0.50%,0.03%,5.02
Weighted Average Life Tables,140,"Class M-2B, M-2BR, M-2BS, M-2BT, M-2BU, M-2BI, M-2RB*, M-2SB*, M-2TB* and M-2UB*",M-2BS,,To Early Redemption Date,yes,5,0.50%,0.03%,5.02
Weighted Average Life Tables,140,"Class M-2B, M-2BR, M-2BS, M-2BT, M-2BU, M-2BI, M-2RB*, M-2SB*, M-2TB* and M-2UB*",M-2BS,,To Early Redemption Date,yes,10,0.50%,0.03%,5.02
Weighted Average Life Tables,140,"Class M-2B, M-2BR, M-2BS, M-2BT, M-2BU, M-2BI, M-2RB*, M-2SB*, M-2TB* and M-2UB*",M-2BS,,To Early Redemption Date,yes,15,0.50%,0.03%,5.02
Weighted Average Life Tables,140,"Class M-2B, M-2BR, M-2BS, M-2BT, M-2BU, M-2BI, M-2RB*, M-2SB*, M-2TB* and M-2UB*",M-2BS,,To Early Redemption Date,yes,25,0.50%,0.03%,3.11
Weighted Average Life Tables,140,"Class M-2B, M-2BR, M-2BS, M-2BT, M-2BU, M-2BI, M-2RB*, M-2SB*, M-2TB* and M-2UB*",M-2BS,,To Early Redemption Date,yes,35,0.50%,0.03%,2.00
Weighted Average Life Tables,140,"Class M-2B, M-2BR, M-2BS, M-2BT, M-2BU, M-2BI, M-2RB*, M-2SB*, M-2TB* and M-2UB*",M-2BT,,To Scheduled Maturity Date,no,0,0.50%,0.03%,18.64
Weighted Average Life Tables,140,"Class M-2B, M-2BR, M-2BS, M-2BT, M-2BU, M-2BI, M-2RB*, M-2SB*, M-2TB* and M-2UB*",M-2BT,,To Scheduled Maturity Date,no,5,0.50%,0.03%,19.89
Weighted Average Life Tables,140,"Class M-2B, M-2BR, M-2BS, M-2BT, M-2BU, M-2BI, M-2RB*, M-2SB*, M-2TB* and M-2UB*",M-2BT,,To Scheduled Maturity Date,no,10,0.50%,0.03%,9.29
Weighted Average Life Tables,140,"Class M-2B, M-2BR, M-2BS, M-2BT, M-2BU, M-2BI, M-2RB*, M-2SB*, M-2TB* and M-2UB*",M-2BT,,To Scheduled Maturity Date,no,15,0.50%,0.03%,5.92
Weighted Average Life Tables,140,"Class M-2B, M-2BR, M-2BS, M-2BT, M-2BU, M-2BI, M-2RB*, M-2SB*, M-2TB* and M-2UB*",M-2BT,,To Scheduled Maturity Date,no,25,0.50%,0.03%,3.11
Weighted Average Life Tables,140,"Class M-2B, M-2BR, M-2BS, M-2BT, M-2BU, M-2BI, M-2RB*, M-2SB*, M-2TB* and M-2UB*",M-2BT,,To Scheduled Maturity Date,no,35,0.50%,0.03%,2.00
Weighted Average Life Tables,140,"Class M-2B, M-2BR, M-2BS, M-2BT, M-2BU, M-2BI, M-2RB*, M-2SB*, M-2TB* and M-2UB*",M-2BT,,To Early Redemption Date,yes,0,0.50%,0.03%,5.02
Weighted Average Life Tables,140,"Class M-2B, M-2BR, M-2BS, M-2BT, M-2BU, M-2BI, M-2RB*, M-2SB*, M-2TB* and M-2UB*",M-2BT,,To Early Redemption Date,yes,5,0.50%,0.03%,5.02
Weighted Average Life Tables,140,"Class M-2B, M-2BR, M-2BS, M-2BT, M-2BU, M-2BI, M-2RB*, M-2SB*, M-2TB* and M-2UB*",M-2BT,,To Early Redemption Date,yes,10,0.50%,0.03%,5.02
Weighted Average Life Tables,140,"Class M-2B, M-2BR, M-2BS, M-2BT, M-2BU, M-2BI, M-2RB*, M-2SB*, M-2TB* and M-2UB*",M-2BT,,To Early Redemption Date,yes,15,0.50%,0.03%,5.02
Weighted Average Life Tables,140,"Class M-2B, M-2BR, M-2BS, M-2BT, M-2BU, M-2BI, M-2RB*, M-2SB*, M-2TB* and M-2UB*",M-2BT,,To Early Redemption Date,yes,25,0.50%,0.03%,3.11
Weighted Average Life Tables,140,"Class M-2B, M-2BR, M-2BS, M-2BT, M-2BU, M-2BI, M-2RB*, M-2SB*, M-2TB* and M-2UB*",M-2BT,,To Early Redemption Date,yes,35,0.50%,0.03%,2.00
Weighted Average Life Tables,140,"Class M-2B, M-2BR, M-2BS, M-2BT, M-2BU, M-2BI, M-2RB*, M-2SB*, M-2TB* and M-2UB*",M-2BU,,To Scheduled Maturity Date,no,0,0.50%,0.03%,18.64
Weighted Average Life Tables,140,"Class M-2B, M-2BR, M-2BS, M-2BT, M-2BU, M-2BI, M-2RB*, M-2SB*, M-2TB* and M-2UB*",M-2BU,,To Scheduled Maturity Date,no,5,0.50%,0.03%,19.89
Weighted Average Life Tables,140,"Class M-2B, M-2BR, M-2BS, M-2BT, M-2BU, M-2BI, M-2RB*, M-2SB*, M-2TB* and M-2UB*",M-2BU,,To Scheduled Maturity Date,no,10,0.50%,0.03%,9.29
Weighted Average Life Tables,140,"Class M-2B, M-2BR, M-2BS, M-2BT, M-2BU, M-2BI, M-2RB*, M-2SB*, M-2TB* and M-2UB*",M-2BU,,To Scheduled Maturity Date,no,15,0.50%,0.03%,5.92
Weighted Average Life Tables,140,"Class M-2B, M-2BR, M-2BS, M-2BT, M-2BU, M-2BI, M-2RB*, M-2SB*, M-2TB* and M-2UB*",M-2BU,,To Scheduled Maturity Date,no,25,0.50%,0.03%,3.11
Weighted Average Life Tables,140,"Class M-2B, M-2BR, M-2BS, M-2BT, M-2BU, M-2BI, M-2RB*, M-2SB*, M-2TB* and M-2UB*",M-2BU,,To Scheduled Maturity Date,no,35,0.50%,0.03%,2.00
Weighted Average Life Tables,140,"Class M-2B, M-2BR, M-2BS, M-2BT, M-2BU, M-2BI, M-2RB*, M-2SB*, M-2TB* and M-2UB*",M-2BU,,To Early Redemption Date,yes,0,0.50%,0.03%,5.02
Weighted Average Life Tables,140,"Class M-2B, M-2BR, M-2BS, M-2BT, M-2BU, M-2BI, M-2RB*, M-2SB*, M-2TB* and M-2UB*",M-2BU,,To Early Redemption Date,yes,5,0.50%,0.03%,5.02
Weighted Average Life Tables,140,"Class M-2B, M-2BR, M-2BS, M-2BT, M-2BU, M-2BI, M-2RB*, M-2SB*, M-2TB* and M-2UB*",M-2BU,,To Early Redemption Date,yes,10,0.50%,0.03%,5.02
Weighted Average Life Tables,140,"Class M-2B, M-2BR, M-2BS, M-2BT, M-2BU, M-2BI, M-2RB*, M-2SB*, M-2TB* and M-2UB*",M-2BU,,To Early Redemption Date,yes,15,0.50%,0.03%,5.02
Weighted Average Life Tables,140,"Class M-2B, M-2BR, M-2BS, M-2BT, M-2BU, M-2BI, M-2RB*, M-2SB*, M-2TB* and M-2UB*",M-2BU,,To Early Redemption Date,yes,25,0.50%,0.03%,3.11
Weighted Average Life Tables,140,"Class M-2B, M-2BR, M-2BS, M-2BT, M-2BU, M-2BI, M-2RB*, M-2SB*, M-2TB* and M-2UB*",M-2BU,,To Early Redemption Date,yes,35,0.50%,0.03%,2.00
Weighted Average Life Tables,140,"Class M-2B, M-2BR, M-2BS, M-2BT, M-2BU, M-2BI, M-2RB*, M-2SB*, M-2TB* and M-2UB*",M-2BI,,To Scheduled Maturity Date,no,0,0.50%,0.03%,18.64
Weighted Average Life Tables,140,"Class M-2B, M-2BR, M-2BS, M-2BT, M-2BU, M-2BI, M-2RB*, M-2SB*, M-2TB* and M-2UB*",M-2BI,,To Scheduled Maturity Date,no,5,0.50%,0.03%,19.89
Weighted Average Life Tables,140,"Class M-2B, M-2BR, M-2BS, M-2BT, M-2BU, M-2BI, M-2RB*, M-2SB*, M-2TB* and M-2UB*",M-2BI,,To Scheduled Maturity Date,no,10,0.50%,0.03%,9.29
Weighted Average Life Tables,140,"Class M-2B, M-2BR, M-2BS, M-2BT, M-2BU, M-2BI, M-2RB*, M-2SB*, M-2TB* and M-2UB*",M-2BI,,To Scheduled Maturity Date,no,15,0.50%,0.03%,5.92
Weighted Average Life Tables,140,"Class M-2B, M-2BR, M-2BS, M-2BT, M-2BU, M-2BI, M-2RB*, M-2SB*, M-2TB* and M-2UB*",M-2BI,,To Scheduled Maturity Date,no,25,0.50%,0.03%,3.11
Weighted Average Life Tables,140,"Class M-2B, M-2BR, M-2BS, M-2BT, M-2BU, M-2BI, M-2RB*, M-2SB*, M-2TB* and M-2UB*",M-2BI,,To Scheduled Maturity Date,no,35,0.50%,0.03%,2.00
Weighted Average Life Tables,140,"Class M-2B, M-2BR, M-2BS, M-2BT, M-2BU, M-2BI, M-2RB*, M-2SB*, M-2TB* and M-2UB*",M-2BI,,To Early Redemption Date,yes,0,0.50%,0.03%,5.02
Weighted Average Life Tables,140,"Class M-2B, M-2BR, M-2BS, M-2BT, M-2BU, M-2BI, M-2RB*, M-2SB*, M-2TB* and M-2UB*",M-2BI,,To Early Redemption Date,yes,5,0.50%,0.03%,5.02
Weighted Average Life Tables,140,"Class M-2B, M-2BR, M-2BS, M-2BT, M-2BU, M-2BI, M-2RB*, M-2SB*, M-2TB* and M-2UB*",M-2BI,,To Early Redemption Date,yes,10,0.50%,0.03%,5.02
Weighted Average Life Tables,140,"Class M-2B, M-2BR, M-2BS, M-2BT, M-2BU, M-2BI, M-2RB*, M-2SB*, M-2TB* and M-2UB*",M-2BI,,To Early Redemption Date,yes,15,0.50%,0.03%,5.02
Weighted Average Life Tables,140,"Class M-2B, M-2BR, M-2BS, M-2BT, M-2BU, M-2BI, M-2RB*, M-2SB*, M-2TB* and M-2UB*",M-2BI,,To Early Redemption Date,yes,25,0.50%,0.03%,3.11
Weighted Average Life Tables,140,"Class M-2B, M-2BR, M-2BS, M-2BT, M-2BU, M-2BI, M-2RB*, M-2SB*, M-2TB* and M-2UB*",M-2BI,,To Early Redemption Date,yes,35,0.50%,0.03%,2.00
Weighted Average Life Tables,140,"Class M-2B, M-2BR, M-2BS, M-2BT, M-2BU, M-2BI, M-2RB*, M-2SB*, M-2TB* and M-2UB*",M-2RB,*,To Scheduled Maturity Date,no,0,0.50%,0.03%,18.64
Weighted Average Life Tables,140,"Class M-2B, M-2BR, M-2BS, M-2BT, M-2BU, M-2BI, M-2RB*, M-2SB*, M-2TB* and M-2UB*",M-2RB,*,To Scheduled Maturity Date,no,5,0.50%,0.03%,19.89
Weighted Average Life Tables,140,"Class M-2B, M-2BR, M-2BS, M-2BT, M-2BU, M-2BI, M-2RB*, M-2SB*, M-2TB* and M-2UB*",M-2RB,*,To Scheduled Maturity Date,no,10,0.50%,0.03%,9.29
Weighted Average Life Tables,140,"Class M-2B, M-2BR, M-2BS, M-2BT, M-2BU, M-2BI, M-2RB*, M-2SB*, M-2TB* and M-2UB*",M-2RB,*,To Scheduled Maturity Date,no,15,0.50%,0.03%,5.92
Weighted Average Life Tables,140,"Class M-2B, M-2BR, M-2BS, M-2BT, M-2BU, M-2BI, M-2RB*, M-2SB*, M-2TB* and M-2UB*",M-2RB,*,To Scheduled Maturity Date,no,25,0.50%,0.03%,3.11
Weighted Average Life Tables,140,"Class M-2B, M-2BR, M-2BS, M-2BT, M-2BU, M-2BI, M-2RB*, M-2SB*, M-2TB* and M-2UB*",M-2RB,*,To Scheduled Maturity Date,no,35,0.50%,0.03%,2.00
Weighted Average Life Tables,140,"Class M-2B, M-2BR, M-2BS, M-2BT, M-2BU, M-2BI, M-2RB*, M-2SB*, M-2TB* and M-2UB*",M-2RB,*,To Early Redemption Date,yes,0,0.50%,0.03%,5.02
Weighted Average Life Tables,140,"Class M-2B, M-2BR, M-2BS, M-2BT, M-2BU, M-2BI, M-2RB*, M-2SB*, M-2TB* and M-2UB*",M-2RB,*,To Early Redemption Date,yes,5,0.50%,0.03%,5.02
Weighted Average Life Tables,140,"Class M-2B, M-2BR, M-2BS, M-2BT, M-2BU, M-2BI, M-2RB*, M-2SB*, M-2TB* and M-2UB*",M-2RB,*,To Early Redemption Date,yes,10,0.50%,0.03%,5.02
Weighted Average Life Tables,140,"Class M-2B, M-2BR, M-2BS, M-2BT, M-2BU, M-2BI, M-2RB*, M-2SB*, M-2TB* and M-2UB*",M-2RB,*,To Early Redemption Date,yes,15,0.50%,0.03%,5.02
Weighted Average Life Tables,140,"Class M-2B, M-2BR, M-2BS, M-2BT, M-2BU, M-2BI, M-2RB*, M-2SB*, M-2TB* and M-2UB*",M-2RB,*,To Early Redemption Date,yes,25,0.50%,0.03%,3.11
Weighted Average Life Tables,140,"Class M-2B, M-2BR, M-2BS, M-2BT, M-2BU, M-2BI, M-2RB*, M-2SB*, M-2TB* and M-2UB*",M-2RB,*,To Early Redemption Date,yes,35,0.50%,0.03%,2.00
Weighted Average Life Tables,140,"Class M-2B, M-2BR, M-2BS, M-2BT, M-2BU, M-2BI, M-2RB*, M-2SB*, M-2TB* and M-2UB*",M-2SB,*,To Scheduled Maturity Date,no,0,0.50%,0.03%,18.64
Weighted Average Life Tables,140,"Class M-2B, M-2BR, M-2BS, M-2BT, M-2BU, M-2BI, M-2RB*, M-2SB*, M-2TB* and M-2UB*",M-2SB,*,To Scheduled Maturity Date,no,5,0.50%,0.03%,19.89
Weighted Average Life Tables,140,"Class M-2B, M-2BR, M-2BS, M-2BT, M-2BU, M-2BI, M-2RB*, M-2SB*, M-2TB* and M-2UB*",M-2SB,*,To Scheduled Maturity Date,no,10,0.50%,0.03%,9.29
Weighted Average Life Tables,140,"Class M-2B, M-2BR, M-2BS, M-2BT, M-2BU, M-2BI, M-2RB*, M-2SB*, M-2TB* and M-2UB*",M-2SB,*,To Scheduled Maturity Date,no,15,0.50%,0.03%,5.92
Weighted Average Life Tables,140,"Class M-2B, M-2BR, M-2BS, M-2BT, M-2BU, M-2BI, M-2RB*, M-2SB*, M-2TB* and M-2UB*",M-2SB,*,To Scheduled Maturity Date,no,25,0.50%,0.03%,3.11
Weighted Average Life Tables,140,"Class M-2B, M-2BR, M-2BS, M-2BT, M-2BU, M-2BI, M-2RB*, M-2SB*, M-2TB* and M-2UB*",M-2SB,*,To Scheduled Maturity Date,no,35,0.50%,0.03%,2.00
Weighted Average Life Tables,140,"Class M-2B, M-2BR, M-2BS, M-2BT, M-2BU, M-2BI, M-2RB*, M-2SB*, M-2TB* and M-2UB*",M-2SB,*,To Early Redemption Date,yes,0,0.50%,0.03%,5.02
Weighted Average Life Tables,140,"Class M-2B, M-2BR, M-2BS, M-2BT, M-2BU, M-2BI, M-2RB*, M-2SB*, M-2TB* and M-2UB*",M-2SB,*,To Early Redemption Date,yes,5,0.50%,0.03%,5.02
Weighted Average Life Tables,140,"Class M-2B, M-2BR, M-2BS, M-2BT, M-2BU, M-2BI, M-2RB*, M-2SB*, M-2TB* and M-2UB*",M-2SB,*,To Early Redemption Date,yes,10,0.50%,0.03%,5.02
Weighted Average Life Tables,140,"Class M-2B, M-2BR, M-2BS, M-2BT, M-2BU, M-2BI, M-2RB*, M-2SB*, M-2TB* and M-2UB*",M-2SB,*,To Early Redemption Date,yes,15,0.50%,0.03%,5.02
Weighted Average Life Tables,140,"Class M-2B, M-2BR, M-2BS, M-2BT, M-2BU, M-2BI, M-2RB*, M-2SB*, M-2TB* and M-2UB*",M-2SB,*,To Early Redemption Date,yes,25,0.50%,0.03%,3.11
Weighted Average Life Tables,140,"Class M-2B, M-2BR, M-2BS, M-2BT, M-2BU, M-2BI, M-2RB*, M-2SB*, M-2TB* and M-2UB*",M-2SB,*,To Early Redemption Date,yes,35,0.50%,0.03%,2.00
Weighted Average Life Tables,140,"Class M-2B, M-2BR, M-2BS, M-2BT, M-2BU, M-2BI, M-2RB*, M-2SB*, M-2TB* and M-2UB*",M-2TB,*,To Scheduled Maturity Date,no,0,0.50%,0.03%,18.64
Weighted Average Life Tables,140,"Class M-2B, M-2BR, M-2BS, M-2BT, M-2BU, M-2BI, M-2RB*, M-2SB*, M-2TB* and M-2UB*",M-2TB,*,To Scheduled Maturity Date,no,5,0.50%,0.03%,19.89
Weighted Average Life Tables,140,"Class M-2B, M-2BR, M-2BS, M-2BT, M-2BU, M-2BI, M-2RB*, M-2SB*, M-2TB* and M-2UB*",M-2TB,*,To Scheduled Maturity Date,no,10,0.50%,0.03%,9.29
Weighted Average Life Tables,140,"Class M-2B, M-2BR, M-2BS, M-2BT, M-2BU, M-2BI, M-2RB*, M-2SB*, M-2TB* and M-2UB*",M-2TB,*,To Scheduled Maturity Date,no,15,0.50%,0.03%,5.92
Weighted Average Life Tables,140,"Class M-2B, M-2BR, M-2BS, M-2BT, M-2BU, M-2BI, M-2RB*, M-2SB*, M-2TB* and M-2UB*",M-2TB,*,To Scheduled Maturity Date,no,25,0.50%,0.03%,3.11
Weighted Average Life Tables,140,"Class M-2B, M-2BR, M-2BS, M-2BT, M-2BU, M-2BI, M-2RB*, M-2SB*, M-2TB* and M-2UB*",M-2TB,*,To Scheduled Maturity Date,no,35,0.50%,0.03%,2.00
Weighted Average Life Tables,140,"Class M-2B, M-2BR, M-2BS, M-2BT, M-2BU, M-2BI, M-2RB*, M-2SB*, M-2TB* and M-2UB*",M-2TB,*,To Early Redemption Date,yes,0,0.50%,0.03%,5.02
Weighted Average Life Tables,140,"Class M-2B, M-2BR, M-2BS, M-2BT, M-2BU, M-2BI, M-2RB*, M-2SB*, M-2TB* and M-2UB*",M-2TB,*,To Early Redemption Date,yes,5,0.50%,0.03%,5.02
Weighted Average Life Tables,140,"Class M-2B, M-2BR, M-2BS, M-2BT, M-2BU, M-2BI, M-2RB*, M-2SB*, M-2TB* and M-2UB*",M-2TB,*,To Early Redemption Date,yes,10,0.50%,0.03%,5.02
Weighted Average Life Tables,140,"Class M-2B, M-2BR, M-2BS, M-2BT, M-2BU, M-2BI, M-2RB*, M-2SB*, M-2TB* and M-2UB*",M-2TB,*,To Early Redemption Date,yes,15,0.50%,0.03%,5.02
Weighted Average Life Tables,140,"Class M-2B, M-2BR, M-2BS, M-2BT, M-2BU, M-2BI, M-2RB*, M-2SB*, M-2TB* and M-2UB*",M-2TB,*,To Early Redemption Date,yes,25,0.50%,0.03%,3.11
Weighted Average Life Tables,140,"Class M-2B, M-2BR, M-2BS, M-2BT, M-2BU, M-2BI, M-2RB*, M-2SB*, M-2TB* and M-2UB*",M-2TB,*,To Early Redemption Date,yes,35,0.50%,0.03%,2.00
Weighted Average Life Tables,140,"Class M-2B, M-2BR, M-2BS, M-2BT, M-2BU, M-2BI, M-2RB*, M-2SB*, M-2TB* and M-2UB*",M-2UB,*,To Scheduled Maturity Date,no,0,0.50%,0.03%,18.64
Weighted Average Life Tables,140,"Class M-2B, M-2BR, M-2BS, M-2BT, M-2BU, M-2BI, M-2RB*, M-2SB*, M-2TB* and M-2UB*",M-2UB,*,To Scheduled Maturity Date,no,5,0.50%,0.03%,19.89
Weighted Average Life Tables,140,"Class M-2B, M-2BR, M-2BS, M-2BT, M-2BU, M-2BI, M-2RB*, M-2SB*, M-2TB* and M-2UB*",M-2UB,*,To Scheduled Maturity Date,no,10,0.50%,0.03%,9.29
Weighted Average Life Tables,140,"Class M-2B, M-2BR, M-2BS, M-2BT, M-2BU, M-2BI, M-2RB*, M-2SB*, M-2TB* and M-2UB*",M-2UB,*,To Scheduled Maturity Date,no,15,0.50%,0.03%,5.92
Weighted Average Life Tables,140,"Class M-2B, M-2BR, M-2BS, M-2BT, M-2BU, M-2BI, M-2RB*, M-2SB*, M-2TB* and M-2UB*",M-2UB,*,To Scheduled Maturity Date,no,25,0.50%,0.03%,3.11
Weighted Average Life Tables,140,"Class M-2B, M-2BR, M-2BS, M-2BT, M-2BU, M-2BI, M-2RB*, M-2SB*, M-2TB* and M-2UB*",M-2UB,*,To Scheduled Maturity Date,no,35,0.50%,0.03%,2.00
Weighted Average Life Tables,140,"Class M-2B, M-2BR, M-2BS, M-2BT, M-2BU, M-2BI, M-2RB*, M-2SB*, M-2TB* and M-2UB*",M-2UB,*,To Early Redemption Date,yes,0,0.50%,0.03%,5.02
Weighted Average Life Tables,140,"Class M-2B, M-2BR, M-2BS, M-2BT, M-2BU, M-2BI, M-2RB*, M-2SB*, M-2TB* and M-2UB*",M-2UB,*,To Early Redemption Date,yes,5,0.50%,0.03%,5.02
Weighted Average Life Tables,140,"Class M-2B, M-2BR, M-2BS, M-2BT, M-2BU, M-2BI, M-2RB*, M-2SB*, M-2TB* and M-2UB*",M-2UB,*,To Early Redemption Date,yes,10,0.50%,0.03%,5.02
Weighted Average Life Tables,140,"Class M-2B, M-2BR, M-2BS, M-2BT, M-2BU, M-2BI, M-2RB*, M-2SB*, M-2TB* and M-2UB*",M-2UB,*,To Early Redemption Date,yes,15,0.50%,0.03%,5.02
Weighted Average Life Tables,140,"Class M-2B, M-2BR, M-2BS, M-2BT, M-2BU, M-2BI, M-2RB*, M-2SB*, M-2TB* and M-2UB*",M-2UB,*,To Early Redemption Date,yes,25,0.50%,0.03%,3.11
Weighted Average Life Tables,140,"Class M-2B, M-2BR, M-2BS, M-2BT, M-2BU, M-2BI, M-2RB*, M-2SB*, M-2TB* and M-2UB*",M-2UB,*,To Early Redemption Date,yes,35,0.50%,0.03%,2.00
Weighted Average Life Tables,140,"Class M-2B, M-2BR, M-2BS, M-2BT, M-2BU, M-2BI, M-2RB*, M-2SB*, M-2TB* and M-2UB*",M-2B,,To Scheduled Maturity Date,no,0,1.00%,0.10%,6.94
Weighted Average Life Tables,140,"Class M-2B, M-2BR, M-2BS, M-2BT, M-2BU, M-2BI, M-2RB*, M-2SB*, M-2TB* and M-2UB*",M-2B,,To Scheduled Maturity Date,no,5,1.00%,0.10%,9.03
Weighted Average Life Tables,140,"Class M-2B, M-2BR, M-2BS, M-2BT, M-2BU, M-2BI, M-2RB*, M-2SB*, M-2TB* and M-2UB*",M-2B,,To Scheduled Maturity Date,no,10,1.00%,0.10%,18.41
Weighted Average Life Tables,140,"Class M-2B, M-2BR, M-2BS, M-2BT, M-2BU, M-2BI, M-2RB*, M-2SB*, M-2TB* and M-2UB*",M-2B,,To Scheduled Maturity Date,no,15,1.00%,0.10%,19.32
Weighted Average Life Tables,140,"Class M-2B, M-2BR, M-2BS, M-2BT, M-2BU, M-2BI, M-2RB*, M-2SB*, M-2TB* and M-2UB*",M-2B,,To Scheduled Maturity Date,no,25,1.00%,0.10%,8.91
Weighted Average Life Tables,140,"Class M-2B, M-2BR, M-2BS, M-2BT, M-2BU, M-2BI, M-2RB*, M-2SB*, M-2TB* and M-2UB*",M-2B,,To Scheduled Maturity Date,no,35,1.00%,0.10%,5.70
Weighted Average Life Tables,140,"Class M-2B, M-2BR, M-2BS, M-2BT, M-2BU, M-2BI, M-2RB*, M-2SB*, M-2TB* and M-2UB*",M-2B,,To Early Redemption Date,yes,0,1.00%,0.10%,5.02
Weighted Average Life Tables,140,"Class M-2B, M-2BR, M-2BS, M-2BT, M-2BU, M-2BI, M-2RB*, M-2SB*, M-2TB* and M-2UB*",M-2B,,To Early Redemption Date,yes,5,1.00%,0.10%,5.02
Weighted Average Life Tables,140,"Class M-2B, M-2BR, M-2BS, M-2BT, M-2BU, M-2BI, M-2RB*, M-2SB*, M-2TB* and M-2UB*",M-2B,,To Early Redemption Date,yes,10,1.00%,0.10%,5.02
Weighted Average Life Tables,140,"Class M-2B, M-2BR, M-2BS, M-2BT, M-2BU, M-2BI, M-2RB*, M-2SB*, M-2TB* and M-2UB*",M-2B,,To Early Redemption Date,yes,15,1.00%,0.10%,5.02
Weighted Average Life Tables,140,"Class M-2B, M-2BR, M-2BS, M-2BT, M-2BU, M-2BI, M-2RB*, M-2SB*, M-2TB* and M-2UB*",M-2B,,To Early Redemption Date,yes,25,1.00%,0.10%,5.02
Weighted Average Life Tables,140,"Class M-2B, M-2BR, M-2BS, M-2BT, M-2BU, M-2BI, M-2RB*, M-2SB*, M-2TB* and M-2UB*",M-2B,,To Early Redemption Date,yes,35,1.00%,0.10%,5.02
Weighted Average Life Tables,140,"Class M-2B, M-2BR, M-2BS, M-2BT, M-2BU, M-2BI, M-2RB*, M-2SB*, M-2TB* and M-2UB*",M-2BR,,To Scheduled Maturity Date,no,0,1.00%,0.10%,6.94
Weighted Average Life Tables,140,"Class M-2B, M-2BR, M-2BS, M-2BT, M-2BU, M-2BI, M-2RB*, M-2SB*, M-2TB* and M-2UB*",M-2BR,,To Scheduled Maturity Date,no,5,1.00%,0.10%,9.03
Weighted Average Life Tables,140,"Class M-2B, M-2BR, M-2BS, M-2BT, M-2BU, M-2BI, M-2RB*, M-2SB*, M-2TB* and M-2UB*",M-2BR,,To Scheduled Maturity Date,no,10,1.00%,0.10%,18.41
Weighted Average Life Tables,140,"Class M-2B, M-2BR, M-2BS, M-2BT, M-2BU, M-2BI, M-2RB*, M-2SB*, M-2TB* and M-2UB*",M-2BR,,To Scheduled Maturity Date,no,15,1.00%,0.10%,19.32
Weighted Average Life Tables,140,"Class M-2B, M-2BR, M-2BS, M-2BT, M-2BU, M-2BI, M-2RB*, M-2SB*, M-2TB* and M-2UB*",M-2BR,,To Scheduled Maturity Date,no,25,1.00%,0.10%,8.91
Weighted Average Life Tables,140,"Class M-2B, M-2BR, M-2BS, M-2BT, M-2BU, M-2BI, M-2RB*, M-2SB*, M-2TB* and M-2UB*",M-2BR,,To Scheduled Maturity Date,no,35,1.00%,0.10%,5.70
Weighted Average Life Tables,140,"Class M-2B, M-2BR, M-2BS, M-2BT, M-2BU, M-2BI, M-2RB*, M-2SB*, M-2TB* and M-2UB*",M-2BR,,To Early Redemption Date,yes,0,1.00%,0.10%,5.02
Weighted Average Life Tables,140,"Class M-2B, M-2BR, M-2BS, M-2BT, M-2BU, M-2BI, M-2RB*, M-2SB*, M-2TB* and M-2UB*",M-2BR,,To Early Redemption Date,yes,5,1.00%,0.10%,5.02
Weighted Average Life Tables,140,"Class M-2B, M-2BR, M-2BS, M-2BT, M-2BU, M-2BI, M-2RB*, M-2SB*, M-2TB* and M-2UB*",M-2BR,,To Early Redemption Date,yes,10,1.00%,0.10%,5.02
Weighted Average Life Tables,140,"Class M-2B, M-2BR, M-2BS, M-2BT, M-2BU, M-2BI, M-2RB*, M-2SB*, M-2TB* and M-2UB*",M-2BR,,To Early Redemption Date,yes,15,1.00%,0.10%,5.02
Weighted Average Life Tables,140,"Class M-2B, M-2BR, M-2BS, M-2BT, M-2BU, M-2BI, M-2RB*, M-2SB*, M-2TB* and M-2UB*",M-2BR,,To Early Redemption Date,yes,25,1.00%,0.10%,5.02
Weighted Average Life Tables,140,"Class M-2B, M-2BR, M-2BS, M-2BT, M-2BU, M-2BI, M-2RB*, M-2SB*, M-2TB* and M-2UB*",M-2BR,,To Early Redemption Date,yes,35,1.00%,0.10%,5.02
Weighted Average Life Tables,140,"Class M-2B, M-2BR, M-2BS, M-2BT, M-2BU, M-2BI, M-2RB*, M-2SB*, M-2TB* and M-2UB*",M-2BS,,To Scheduled Maturity Date,no,0,1.00%,0.10%,6.94
Weighted Average Life Tables,140,"Class M-2B, M-2BR, M-2BS, M-2BT, M-2BU, M-2BI, M-2RB*, M-2SB*, M-2TB* and M-2UB*",M-2BS,,To Scheduled Maturity Date,no,5,1.00%,0.10%,9.03
Weighted Average Life Tables,140,"Class M-2B, M-2BR, M-2BS, M-2BT, M-2BU, M-2BI, M-2RB*, M-2SB*, M-2TB* and M-2UB*",M-2BS,,To Scheduled Maturity Date,no,10,1.00%,0.10%,18.41
Weighted Average Life Tables,140,"Class M-2B, M-2BR, M-2BS, M-2BT, M-2BU, M-2BI, M-2RB*, M-2SB*, M-2TB* and M-2UB*",M-2BS,,To Scheduled Maturity Date,no,15,1.00%,0.10%,19.32
Weighted Average Life Tables,140,"Class M-2B, M-2BR, M-2BS, M-2BT, M-2BU, M-2BI, M-2RB*, M-2SB*, M-2TB* and M-2UB*",M-2BS,,To Scheduled Maturity Date,no,25,1.00%,0.10%,8.91
Weighted Average Life Tables,140,"Class M-2B, M-2BR, M-2BS, M-2BT, M-2BU, M-2BI, M-2RB*, M-2SB*, M-2TB* and M-2UB*",M-2BS,,To Scheduled Maturity Date,no,35,1.00%,0.10%,5.70
Weighted Average Life Tables,140,"Class M-2B, M-2BR, M-2BS, M-2BT, M-2BU, M-2BI, M-2RB*, M-2SB*, M-2TB* and M-2UB*",M-2BS,,To Early Redemption Date,yes,0,1.00%,0.10%,5.02
Weighted Average Life Tables,140,"Class M-2B, M-2BR, M-2BS, M-2BT, M-2BU, M-2BI, M-2RB*, M-2SB*, M-2TB* and M-2UB*",M-2BS,,To Early Redemption Date,yes,5,1.00%,0.10%,5.02
Weighted Average Life Tables,140,"Class M-2B, M-2BR, M-2BS, M-2BT, M-2BU, M-2BI, M-2RB*, M-2SB*, M-2TB* and M-2UB*",M-2BS,,To Early Redemption Date,yes,10,1.00%,0.10%,5.02
Weighted Average Life Tables,140,"Class M-2B, M-2BR, M-2BS, M-2BT, M-2BU, M-2BI, M-2RB*, M-2SB*, M-2TB* and M-2UB*",M-2BS,,To Early Redemption Date,yes,15,1.00%,0.10%,5.02
Weighted Average Life Tables,140,"Class M-2B, M-2BR, M-2BS, M-2BT, M-2BU, M-2BI, M-2RB*, M-2SB*, M-2TB* and M-2UB*",M-2BS,,To Early Redemption Date,yes,25,1.00%,0.10%,5.02
Weighted Average Life Tables,140,"Class M-2B, M-2BR, M-2BS, M-2BT, M-2BU, M-2BI, M-2RB*, M-2SB*, M-2TB* and M-2UB*",M-2BS,,To Early Redemption Date,yes,35,1.00%,0.10%,5.02
Weighted Average Life Tables,140,"Class M-2B, M-2BR, M-2BS, M-2BT, M-2BU, M-2BI, M-2RB*, M-2SB*, M-2TB* and M-2UB*",M-2BT,,To Scheduled Maturity Date,no,0,1.00%,0.10%,6.94
Weighted Average Life Tables,140,"Class M-2B, M-2BR, M-2BS, M-2BT, M-2BU, M-2BI, M-2RB*, M-2SB*, M-2TB* and M-2UB*",M-2BT,,To Scheduled Maturity Date,no,5,1.00%,0.10%,9.03
Weighted Average Life Tables,140,"Class M-2B, M-2BR, M-2BS, M-2BT, M-2BU, M-2BI, M-2RB*, M-2SB*, M-2TB* and M-2UB*",M-2BT,,To Scheduled Maturity Date,no,10,1.00%,0.10%,18.41
Weighted Average Life Tables,140,"Class M-2B, M-2BR, M-2BS, M-2BT, M-2BU, M-2BI, M-2RB*, M-2SB*, M-2TB* and M-2UB*",M-2BT,,To Scheduled Maturity Date,no,15,1.00%,0.10%,19.32
Weighted Average Life Tables,140,"Class M-2B, M-2BR, M-2BS, M-2BT, M-2BU, M-2BI, M-2RB*, M-2SB*, M-2TB* and M-2UB*",M-2BT,,To Scheduled Maturity Date,no,25,1.00%,0.10%,8.91
Weighted Average Life Tables,140,"Class M-2B, M-2BR, M-2BS, M-2BT, M-2BU, M-2BI, M-2RB*, M-2SB*, M-2TB* and M-2UB*",M-2BT,,To Scheduled Maturity Date,no,35,1.00%,0.10%,5.70
Weighted Average Life Tables,140,"Class M-2B, M-2BR, M-2BS, M-2BT, M-2BU, M-2BI, M-2RB*, M-2SB*, M-2TB* and M-2UB*",M-2BT,,To Early Redemption Date,yes,0,1.00%,0.10%,5.02
Weighted Average Life Tables,140,"Class M-2B, M-2BR, M-2BS, M-2BT, M-2BU, M-2BI, M-2RB*, M-2SB*, M-2TB* and M-2UB*",M-2BT,,To Early Redemption Date,yes,5,1.00%,0.10%,5.02
Weighted Average Life Tables,140,"Class M-2B, M-2BR, M-2BS, M-2BT, M-2BU, M-2BI, M-2RB*, M-2SB*, M-2TB* and M-2UB*",M-2BT,,To Early Redemption Date,yes,10,1.00%,0.10%,5.02
Weighted Average Life Tables,140,"Class M-2B, M-2BR, M-2BS, M-2BT, M-2BU, M-2BI, M-2RB*, M-2SB*, M-2TB* and M-2UB*",M-2BT,,To Early Redemption Date,yes,15,1.00%,0.10%,5.02
Weighted Average Life Tables,140,"Class M-2B, M-2BR, M-2BS, M-2BT, M-2BU, M-2BI, M-2RB*, M-2SB*, M-2TB* and M-2UB*",M-2BT,,To Early Redemption Date,yes,25,1.00%,0.10%,5.02
Weighted Average Life Tables,140,"Class M-2B, M-2BR, M-2BS, M-2BT, M-2BU, M-2BI, M-2RB*, M-2SB*, M-2TB* and M-2UB*",M-2BT,,To Early Redemption Date,yes,35,1.00%,0.10%,5.02
Weighted Average Life Tables,140,"Class M-2B, M-2BR, M-2BS, M-2BT, M-2BU, M-2BI, M-2RB*, M-2SB*, M-2TB* and M-2UB*",M-2BU,,To Scheduled Maturity Date,no,0,1.00%,0.10%,6.94
Weighted Average Life Tables,140,"Class M-2B, M-2BR, M-2BS, M-2BT, M-2BU, M-2BI, M-2RB*, M-2SB*, M-2TB* and M-2UB*",M-2BU,,To Scheduled Maturity Date,no,5,1.00%,0.10%,9.03
Weighted Average Life Tables,140,"Class M-2B, M-2BR, M-2BS, M-2BT, M-2BU, M-2BI, M-2RB*, M-2SB*, M-2TB* and M-2UB*",M-2BU,,To Scheduled Maturity Date,no,10,1.00%,0.10%,18.41
Weighted Average Life Tables,140,"Class M-2B, M-2BR, M-2BS, M-2BT, M-2BU, M-2BI, M-2RB*, M-2SB*, M-2TB* and M-2UB*",M-2BU,,To Scheduled Maturity Date,no,15,1.00%,0.10%,19.32
Weighted Average Life Tables,140,"Class M-2B, M-2BR, M-2BS, M-2BT, M-2BU, M-2BI, M-2RB*, M-2SB*, M-2TB* and M-2UB*",M-2BU,,To Scheduled Maturity Date,no,25,1.00%,0.10%,8.91
Weighted Average Life Tables,140,"Class M-2B, M-2BR, M-2BS, M-2BT, M-2BU, M-2BI, M-2RB*, M-2SB*, M-2TB* and M-2UB*",M-2BU,,To Scheduled Maturity Date,no,35,1.00%,0.10%,5.70
Weighted Average Life Tables,140,"Class M-2B, M-2BR, M-2BS, M-2BT, M-2BU, M-2BI, M-2RB*, M-2SB*, M-2TB* and M-2UB*",M-2BU,,To Early Redemption Date,yes,0,1.00%,0.10%,5.02
Weighted Average Life Tables,140,"Class M-2B, M-2BR, M-2BS, M-2BT, M-2BU, M-2BI, M-2RB*, M-2SB*, M-2TB* and M-2UB*",M-2BU,,To Early Redemption Date,yes,5,1.00%,0.10%,5.02
Weighted Average Life Tables,140,"Class M-2B, M-2BR, M-2BS, M-2BT, M-2BU, M-2BI, M-2RB*, M-2SB*, M-2TB* and M-2UB*",M-2BU,,To Early Redemption Date,yes,10,1.00%,0.10%,5.02
Weighted Average Life Tables,140,"Class M-2B, M-2BR, M-2BS, M-2BT, M-2BU, M-2BI, M-2RB*, M-2SB*, M-2TB* and M-2UB*",M-2BU,,To Early Redemption Date,yes,15,1.00%,0.10%,5.02
Weighted Average Life Tables,140,"Class M-2B, M-2BR, M-2BS, M-2BT, M-2BU, M-2BI, M-2RB*, M-2SB*, M-2TB* and M-2UB*",M-2BU,,To Early Redemption Date,yes,25,1.00%,0.10%,5.02
Weighted Average Life Tables,140,"Class M-2B, M-2BR, M-2BS, M-2BT, M-2BU, M-2BI, M-2RB*, M-2SB*, M-2TB* and M-2UB*",M-2BU,,To Early Redemption Date,yes,35,1.00%,0.10%,5.02
Weighted Average Life Tables,140,"Class M-2B, M-2BR, M-2BS, M-2BT, M-2BU, M-2BI, M-2RB*, M-2SB*, M-2TB* and M-2UB*",M-2BI,,To Scheduled Maturity Date,no,0,1.00%,0.10%,6.94
Weighted Average Life Tables,140,"Class M-2B, M-2BR, M-2BS, M-2BT, M-2BU, M-2BI, M-2RB*, M-2SB*, M-2TB* and M-2UB*",M-2BI,,To Scheduled Maturity Date,no,5,1.00%,0.10%,9.03
Weighted Average Life Tables,140,"Class M-2B, M-2BR, M-2BS, M-2BT, M-2BU, M-2BI, M-2RB*, M-2SB*, M-2TB* and M-2UB*",M-2BI,,To Scheduled Maturity Date,no,10,1.00%,0.10%,18.41
Weighted Average Life Tables,140,"Class M-2B, M-2BR, M-2BS, M-2BT, M-2BU, M-2BI, M-2RB*, M-2SB*, M-2TB* and M-2UB*",M-2BI,,To Scheduled Maturity Date,no,15,1.00%,0.10%,19.32
Weighted Average Life Tables,140,"Class M-2B, M-2BR, M-2BS, M-2BT, M-2BU, M-2BI, M-2RB*, M-2SB*, M-2TB* and M-2UB*",M-2BI,,To Scheduled Maturity Date,no,25,1.00%,0.10%,8.91
Weighted Average Life Tables,140,"Class M-2B, M-2BR, M-2BS, M-2BT, M-2BU, M-2BI, M-2RB*, M-2SB*, M-2TB* and M-2UB*",M-2BI,,To Scheduled Maturity Date,no,35,1.00%,0.10%,5.70
Weighted Average Life Tables,140,"Class M-2B, M-2BR, M-2BS, M-2BT, M-2BU, M-2BI, M-2RB*, M-2SB*, M-2TB* and M-2UB*",M-2BI,,To Early Redemption Date,yes,0,1.00%,0.10%,5.02
Weighted Average Life Tables,140,"Class M-2B, M-2BR, M-2BS, M-2BT, M-2BU, M-2BI, M-2RB*, M-2SB*, M-2TB* and M-2UB*",M-2BI,,To Early Redemption Date,yes,5,1.00%,0.10%,5.02
Weighted Average Life Tables,140,"Class M-2B, M-2BR, M-2BS, M-2BT, M-2BU, M-2BI, M-2RB*, M-2SB*, M-2TB* and M-2UB*",M-2BI,,To Early Redemption Date,yes,10,1.00%,0.10%,5.02
Weighted Average Life Tables,140,"Class M-2B, M-2BR, M-2BS, M-2BT, M-2BU, M-2BI, M-2RB*, M-2SB*, M-2TB* and M-2UB*",M-2BI,,To Early Redemption Date,yes,15,1.00%,0.10%,5.02
Weighted Average Life Tables,140,"Class M-2B, M-2BR, M-2BS, M-2BT, M-2BU, M-2BI, M-2RB*, M-2SB*, M-2TB* and M-2UB*",M-2BI,,To Early Redemption Date,yes,25,1.00%,0.10%,5.02
Weighted Average Life Tables,140,"Class M-2B, M-2BR, M-2BS, M-2BT, M-2BU, M-2BI, M-2RB*, M-2SB*, M-2TB* and M-2UB*",M-2BI,,To Early Redemption Date,yes,35,1.00%,0.10%,5.02
Weighted Average Life Tables,140,"Class M-2B, M-2BR, M-2BS, M-2BT, M-2BU, M-2BI, M-2RB*, M-2SB*, M-2TB* and M-2UB*",M-2RB,*,To Scheduled Maturity Date,no,0,1.00%,0.10%,6.94
Weighted Average Life Tables,140,"Class M-2B, M-2BR, M-2BS, M-2BT, M-2BU, M-2BI, M-2RB*, M-2SB*, M-2TB* and M-2UB*",M-2RB,*,To Scheduled Maturity Date,no,5,1.00%,0.10%,9.03
Weighted Average Life Tables,140,"Class M-2B, M-2BR, M-2BS, M-2BT, M-2BU, M-2BI, M-2RB*, M-2SB*, M-2TB* and M-2UB*",M-2RB,*,To Scheduled Maturity Date,no,10,1.00%,0.10%,18.41
Weighted Average Life Tables,140,"Class M-2B, M-2BR, M-2BS, M-2BT, M-2BU, M-2BI, M-2RB*, M-2SB*, M-2TB* and M-2UB*",M-2RB,*,To Scheduled Maturity Date,no,15,1.00%,0.10%,19.32
Weighted Average Life Tables,140,"Class M-2B, M-2BR, M-2BS, M-2BT, M-2BU, M-2BI, M-2RB*, M-2SB*, M-2TB* and M-2UB*",M-2RB,*,To Scheduled Maturity Date,no,25,1.00%,0.10%,8.91
Weighted Average Life Tables,140,"Class M-2B, M-2BR, M-2BS, M-2BT, M-2BU, M-2BI, M-2RB*, M-2SB*, M-2TB* and M-2UB*",M-2RB,*,To Scheduled Maturity Date,no,35,1.00%,0.10%,5.70
Weighted Average Life Tables,140,"Class M-2B, M-2BR, M-2BS, M-2BT, M-2BU, M-2BI, M-2RB*, M-2SB*, M-2TB* and M-2UB*",M-2RB,*,To Early Redemption Date,yes,0,1.00%,0.10%,5.02
Weighted Average Life Tables,140,"Class M-2B, M-2BR, M-2BS, M-2BT, M-2BU, M-2BI, M-2RB*, M-2SB*, M-2TB* and M-2UB*",M-2RB,*,To Early Redemption Date,yes,5,1.00%,0.10%,5.02
Weighted Average Life Tables,140,"Class M-2B, M-2BR, M-2BS, M-2BT, M-2BU, M-2BI, M-2RB*, M-2SB*, M-2TB* and M-2UB*",M-2RB,*,To Early Redemption Date,yes,10,1.00%,0.10%,5.02
Weighted Average Life Tables,140,"Class M-2B, M-2BR, M-2BS, M-2BT, M-2BU, M-2BI, M-2RB*, M-2SB*, M-2TB* and M-2UB*",M-2RB,*,To Early Redemption Date,yes,15,1.00%,0.10%,5.02
Weighted Average Life Tables,140,"Class M-2B, M-2BR, M-2BS, M-2BT, M-2BU, M-2BI, M-2RB*, M-2SB*, M-2TB* and M-2UB*",M-2RB,*,To Early Redemption Date,yes,25,1.00%,0.10%,5.02
Weighted Average Life Tables,140,"Class M-2B, M-2BR, M-2BS, M-2BT, M-2BU, M-2BI, M-2RB*, M-2SB*, M-2TB* and M-2UB*",M-2RB,*,To Early Redemption Date,yes,35,1.00%,0.10%,5.02
Weighted Average Life Tables,140,"Class M-2B, M-2BR, M-2BS, M-2BT, M-2BU, M-2BI, M-2RB*, M-2SB*, M-2TB* and M-2UB*",M-2SB,*,To Scheduled Maturity Date,no,0,1.00%,0.10%,6.94
Weighted Average Life Tables,140,"Class M-2B, M-2BR, M-2BS, M-2BT, M-2BU, M-2BI, M-2RB*, M-2SB*, M-2TB* and M-2UB*",M-2SB,*,To Scheduled Maturity Date,no,5,1.00%,0.10%,9.03
Weighted Average Life Tables,140,"Class M-2B, M-2BR, M-2BS, M-2BT, M-2BU, M-2BI, M-2RB*, M-2SB*, M-2TB* and M-2UB*",M-2SB,*,To Scheduled Maturity Date,no,10,1.00%,0.10%,18.41
Weighted Average Life Tables,140,"Class M-2B, M-2BR, M-2BS, M-2BT, M-2BU, M-2BI, M-2RB*, M-2SB*, M-2TB* and M-2UB*",M-2SB,*,To Scheduled Maturity Date,no,15,1.00%,0.10%,19.32
Weighted Average Life Tables,140,"Class M-2B, M-2BR, M-2BS, M-2BT, M-2BU, M-2BI, M-2RB*, M-2SB*, M-2TB* and M-2UB*",M-2SB,*,To Scheduled Maturity Date,no,25,1.00%,0.10%,8.91
Weighted Average Life Tables,140,"Class M-2B, M-2BR, M-2BS, M-2BT, M-2BU, M-2BI, M-2RB*, M-2SB*, M-2TB* and M-2UB*",M-2SB,*,To Scheduled Maturity Date,no,35,1.00%,0.10%,5.70
Weighted Average Life Tables,140,"Class M-2B, M-2BR, M-2BS, M-2BT, M-2BU, M-2BI, M-2RB*, M-2SB*, M-2TB* and M-2UB*",M-2SB,*,To Early Redemption Date,yes,0,1.00%,0.10%,5.02
Weighted Average Life Tables,140,"Class M-2B, M-2BR, M-2BS, M-2BT, M-2BU, M-2BI, M-2RB*, M-2SB*, M-2TB* and M-2UB*",M-2SB,*,To Early Redemption Date,yes,5,1.00%,0.10%,5.02
Weighted Average Life Tables,140,"Class M-2B, M-2BR, M-2BS, M-2BT, M-2BU, M-2BI, M-2RB*, M-2SB*, M-2TB* and M-2UB*",M-2SB,*,To Early Redemption Date,yes,10,1.00%,0.10%,5.02
Weighted Average Life Tables,140,"Class M-2B, M-2BR, M-2BS, M-2BT, M-2BU, M-2BI, M-2RB*, M-2SB*, M-2TB* and M-2UB*",M-2SB,*,To Early Redemption Date,yes,15,1.00%,0.10%,5.02
Weighted Average Life Tables,140,"Class M-2B, M-2BR, M-2BS, M-2BT, M-2BU, M-2BI, M-2RB*, M-2SB*, M-2TB* and M-2UB*",M-2SB,*,To Early Redemption Date,yes,25,1.00%,0.10%,5.02
Weighted Average Life Tables,140,"Class M-2B, M-2BR, M-2BS, M-2BT, M-2BU, M-2BI, M-2RB*, M-2SB*, M-2TB* and M-2UB*",M-2SB,*,To Early Redemption Date,yes,35,1.00%,0.10%,5.02
Weighted Average Life Tables,140,"Class M-2B, M-2BR, M-2BS, M-2BT, M-2BU, M-2BI, M-2RB*, M-2SB*, M-2TB* and M-2UB*",M-2TB,*,To Scheduled Maturity Date,no,0,1.00%,0.10%,6.94
Weighted Average Life Tables,140,"Class M-2B, M-2BR, M-2BS, M-2BT, M-2BU, M-2BI, M-2RB*, M-2SB*, M-2TB* and M-2UB*",M-2TB,*,To Scheduled Maturity Date,no,5,1.00%,0.10%,9.03
Weighted Average Life Tables,140,"Class M-2B, M-2BR, M-2BS, M-2BT, M-2BU, M-2BI, M-2RB*, M-2SB*, M-2TB* and M-2UB*",M-2TB,*,To Scheduled Maturity Date,no,10,1.00%,0.10%,18.41
Weighted Average Life Tables,140,"Class M-2B, M-2BR, M-2BS, M-2BT, M-2BU, M-2BI, M-2RB*, M-2SB*, M-2TB* and M-2UB*",M-2TB,*,To Scheduled Maturity Date,no,15,1.00%,0.10%,19.32
Weighted Average Life Tables,140,"Class M-2B, M-2BR, M-2BS, M-2BT, M-2BU, M-2BI, M-2RB*, M-2SB*, M-2TB* and M-2UB*",M-2TB,*,To Scheduled Maturity Date,no,25,1.00%,0.10%,8.91
Weighted Average Life Tables,140,"Class M-2B, M-2BR, M-2BS, M-2BT, M-2BU, M-2BI, M-2RB*, M-2SB*, M-2TB* and M-2UB*",M-2TB,*,To Scheduled Maturity Date,no,35,1.00%,0.10%,5.70
Weighted Average Life Tables,140,"Class M-2B, M-2BR, M-2BS, M-2BT, M-2BU, M-2BI, M-2RB*, M-2SB*, M-2TB* and M-2UB*",M-2TB,*,To Early Redemption Date,yes,0,1.00%,0.10%,5.02
Weighted Average Life Tables,140,"Class M-2B, M-2BR, M-2BS, M-2BT, M-2BU, M-2BI, M-2RB*, M-2SB*, M-2TB* and M-2UB*",M-2TB,*,To Early Redemption Date,yes,5,1.00%,0.10%,5.02
Weighted Average Life Tables,140,"Class M-2B, M-2BR, M-2BS, M-2BT, M-2BU, M-2BI, M-2RB*, M-2SB*, M-2TB* and M-2UB*",M-2TB,*,To Early Redemption Date,yes,10,1.00%,0.10%,5.02
Weighted Average Life Tables,140,"Class M-2B, M-2BR, M-2BS, M-2BT, M-2BU, M-2BI, M-2RB*, M-2SB*, M-2TB* and M-2UB*",M-2TB,*,To Early Redemption Date,yes,15,1.00%,0.10%,5.02
Weighted Average Life Tables,140,"Class M-2B, M-2BR, M-2BS, M-2BT, M-2BU, M-2BI, M-2RB*, M-2SB*, M-2TB* and M-2UB*",M-2TB,*,To Early Redemption Date,yes,25,1.00%,0.10%,5.02
Weighted Average Life Tables,140,"Class M-2B, M-2BR, M-2BS, M-2BT, M-2BU, M-2BI, M-2RB*, M-2SB*, M-2TB* and M-2UB*",M-2TB,*,To Early Redemption Date,yes,35,1.00%,0.10%,5.02
Weighted Average Life Tables,140,"Class M-2B, M-2BR, M-2BS, M-2BT, M-2BU, M-2BI, M-2RB*, M-2SB*, M-2TB* and M-2UB*",M-2UB,*,To Scheduled Maturity Date,no,0,1.00%,0.10%,6.94
Weighted Average Life Tables,140,"Class M-2B, M-2BR, M-2BS, M-2BT, M-2BU, M-2BI, M-2RB*, M-2SB*, M-2TB* and M-2UB*",M-2UB,*,To Scheduled Maturity Date,no,5,1.00%,0.10%,9.03
Weighted Average Life Tables,140,"Class M-2B, M-2BR, M-2BS, M-2BT, M-2BU, M-2BI, M-2RB*, M-2SB*, M-2TB* and M-2UB*",M-2UB,*,To Scheduled Maturity Date,no,10,1.00%,0.10%,18.41
Weighted Average Life Tables,140,"Class M-2B, M-2BR, M-2BS, M-2BT, M-2BU, M-2BI, M-2RB*, M-2SB*, M-2TB* and M-2UB*",M-2UB,*,To Scheduled Maturity Date,no,15,1.00%,0.10%,19.32
Weighted Average Life Tables,140,"Class M-2B, M-2BR, M-2BS, M-2BT, M-2BU, M-2BI, M-2RB*, M-2SB*, M-2TB* and M-2UB*",M-2UB,*,To Scheduled Maturity Date,no,25,1.00%,0.10%,8.91
Weighted Average Life Tables,140,"Class M-2B, M-2BR, M-2BS, M-2BT, M-2BU, M-2BI, M-2RB*, M-2SB*, M-2TB* and M-2UB*",M-2UB,*,To Scheduled Maturity Date,no,35,1.00%,0.10%,5.70
Weighted Average Life Tables,140,"Class M-2B, M-2BR, M-2BS, M-2BT, M-2BU, M-2BI, M-2RB*, M-2SB*, M-2TB* and M-2UB*",M-2UB,*,To Early Redemption Date,yes,0,1.00%,0.10%,5.02
Weighted Average Life Tables,140,"Class M-2B, M-2BR, M-2BS, M-2BT, M-2BU, M-2BI, M-2RB*, M-2SB*, M-2TB* and M-2UB*",M-2UB,*,To Early Redemption Date,yes,5,1.00%,0.10%,5.02
Weighted Average Life Tables,140,"Class M-2B, M-2BR, M-2BS, M-2BT, M-2BU, M-2BI, M-2RB*, M-2SB*, M-2TB* and M-2UB*",M-2UB,*,To Early Redemption Date,yes,10,1.00%,0.10%,5.02
Weighted Average Life Tables,140,"Class M-2B, M-2BR, M-2BS, M-2BT, M-2BU, M-2BI, M-2RB*, M-2SB*, M-2TB* and M-2UB*",M-2UB,*,To Early Redemption Date,yes,15,1.00%,0.10%,5.02
Weighted Average Life Tables,140,"Class M-2B, M-2BR, M-2BS, M-2BT, M-2BU, M-2BI, M-2RB*, M-2SB*, M-2TB* and M-2UB*",M-2UB,*,To Early Redemption Date,yes,25,1.00%,0.10%,5.02
Weighted Average Life Tables,140,"Class M-2B, M-2BR, M-2BS, M-2BT, M-2BU, M-2BI, M-2RB*, M-2SB*, M-2TB* and M-2UB*",M-2UB,*,To Early Redemption Date,yes,35,1.00%,0.10%,5.02
