table_name,page,class_group_as_printed,class,class_footnote,cpr_pct,date_or_month,pct_of_original_balance,wal_years
Declining Balances Tables,144,Class M-1,M-1,,0,Closing Date,100,
Declining Balances Tables,144,Class M-1,M-1,,5,Closing Date,100,
Declining Balances Tables,144,Class M-1,M-1,,10,Closing Date,100,
Declining Balances Tables,144,Class M-1,M-1,,15,Closing Date,100,
Declining Balances Tables,144,Class M-1,M-1,,25,Closing Date,100,
Declining Balances Tables,144,Class M-1,M-1,,35,Closing Date,100,
Declining Balances Tables,144,Class M-1,M-1,,0,"March 25, 2027",96,
Declining Balances Tables,144,Class M-1,M-1,,5,"March 25, 2027",80,
Declining Balances Tables,144,Class M-1,M-1,,10,"March 25, 2027",64,
Declining Balances Tables,144,Class M-1,M-1,,15,"March 25, 2027",48,
Declining Balances Tables,144,Class M-1,M-1,,25,"March 25, 2027",17,
Declining Balances Tables,144,Class M-1,M-1,,35,"March 25, 2027",0,
Declining Balances Tables,144,Class M-1,M-1,,0,"March 25, 2028",93,
Declining Balances Tables,144,Class M-1,M-1,,5,"March 25, 2028",63,
Declining Balances Tables,144,Class M-1,M-1,,10,"March 25, 2028",35,
Declining Balances Tables,144,Class M-1,M-1,,15,"March 25, 2028",9,
Declining Balances Tables,144,Class M-1,M-1,,25,"March 25, 2028",0,
Declining Balances Tables,144,Class M-1,M-1,,35,"March 25, 2028",0,
Declining Balances Tables,144,Class M-1,M-1,,0,"March 25, 2029",89,
Declining Balances Tables,144,Class M-1,M-1,,5,"March 25, 2029",47,
Declining Balances Tables,144,Class M-1,M-1,,10,"March 25, 2029",9,
Declining Balances Tables,144,Class M-1,M-1,,15,"March 25, 2029",0,
Declining Balances Tables,144,Class M-1,M-1,,25,"March 25, 2029",0,
Declining Balances Tables,144,Class M-1,M-1,,35,"March 25, 2029",0,
Declining Balances Tables,144,Class M-1,M-1,,0,"March 25, 2030",85,
Declining Balances Tables,144,Class M-1,M-1,,5,"March 25, 2030",31,
Declining Balances Tables,144,Class M-1,M-1,,10,"March 25, 2030",0,
Declining Balances Tables,144,Class M-1,M-1,,15,"March 25, 2030",0,
Declining Balances Tables,144,Class M-1,M-1,,25,"March 25, 2030",0,
Declining Balances Tables,144,Class M-1,M-1,,35,"March 25, 2030",0,
Declining Balances Tables,144,Class M-1,M-1,,0,"March 25, 2031",80,
Declining Balances Tables,144,Class M-1,M-1,,5,"March 25, 2031",16,
Declining Balances Tables,144,Class M-1,M-1,,10,"March 25, 2031",0,
Declining Balances Tables,144,Class M-1,M-1,,15,"March 25, 2031",0,
Declining Balances Tables,144,Class M-1,M-1,,25,"March 25, 2031",0,
Declining Balances Tables,144,Class M-1,M-1,,35,"March 25, 2031",0,
Declining Balances Tables,144,Class M-1,M-1,,0,"March 25, 2032",75,
Declining Balances Tables,144,Class M-1,M-1,,5,"March 25, 2032",2,
Declining Balances Tables,144,Class M-1,M-1,,10,"March 25, 2032",0,
Declining Balances Tables,144,Class M-1,M-1,,15,"March 25, 2032",0,
Declining Balances Tables,144,Class M-1,M-1,,25,"March 25, 2032",0,
Declining Balances Tables,144,Class M-1,M-1,,35,"March 25, 2032",0,
Declining Balances Tables,144,Class M-1,M-1,,0,"March 25, 2033",70,
Declining Balances Tables,144,Class M-1,M-1,,5,"March 25, 2033",0,
Declining Balances Tables,144,Class M-1,M-1,,10,"March 25, 2033",0,
Declining Balances Tables,144,Class M-1,M-1,,15,"March 25, 2033",0,
Declining Balances Tables,144,Class M-1,M-1,,25,"March 25, 2033",0,
Declining Balances Tables,144,Class M-1,M-1,,35,"March 25, 2033",0,
Declining Balances Tables,144,Class M-1,M-1,,0,"March 25, 2034",65,
Declining Balances Tables,144,Class M-1,M-1,,5,"March 25, 2034",0,
Declining Balances Tables,144,Class M-1,M-1,,10,"March 25, 2034",0,
Declining Balances Tables,144,Class M-1,M-1,,15,"March 25, 2034",0,
Declining Balances Tables,144,Class M-1,M-1,,25,"March 25, 2034",0,
Declining Balances Tables,144,Class M-1,M-1,,35,"March 25, 2034",0,
Declining Balances Tables,144,Class M-1,M-1,,0,"March 25, 2035",59,
Declining Balances Tables,144,Class M-1,M-1,,5,"March 25, 2035",0,
Declining Balances Tables,144,Class M-1,M-1,,10,"March 25, 2035",0,
Declining Balances Tables,144,Class M-1,M-1,,15,"March 25, 2035",0,
Declining Balances Tables,144,Class M-1,M-1,,25,"March 25, 2035",0,
Declining Balances Tables,144,Class M-1,M-1,,35,"March 25, 2035",0,
Declining Balances Tables,144,Class M-1,M-1,,0,"March 25, 2036",53,
Declining Balances Tables,144,Class M-1,M-1,,5,"March 25, 2036",0,
Declining Balances Tables,144,Class M-1,M-1,,10,"March 25, 2036",0,
Declining Balances Tables,144,Class M-1,M-1,,15,"March 25, 2036",0,
Declining Balances Tables,144,Class M-1,M-1,,25,"March 25, 2036",0,
Declining Balances Tables,144,Class M-1,M-1,,35,"March 25, 2036",0,
Declining Balances Tables,144,Class M-1,M-1,,0,"March 25, 2037",46,
Declining Balances Tables,144,Class M-1,M-1,,5,"March 25, 2037",0,
Declining Balances Tables,144,Class M-1,M-1,,10,"March 25, 2037",0,
Declining Balances Tables,144,Class M-1,M-1,,15,"March 25, 2037",0,
Declining Balances Tables,144,Class M-1,M-1,,25,"March 25, 2037",0,
Declining Balances Tables,144,Class M-1,M-1,,35,"March 25, 2037",0,
Declining Balances Tables,144,Class M-1,M-1,,0,"March 25, 2038",39,
Declining Balances Tables,144,Class M-1,M-1,,5,"March 25, 2038",0,
Declining Balances Tables,144,Class M-1,M-1,,10,"March 25, 2038",0,
Declining Balances Tables,144,Class M-1,M-1,,15,"March 25, 2038",0,
Declining Balances Tables,144,Class M-1,M-1,,25,"March 25, 2038",0,
Declining Balances Tables,144,Class M-1,M-1,,35,"March 25, 2038",0,
Declining Balances Tables,144,Class M-1,M-1,,0,"March 25, 2039",31,
Declining Balances Tables,144,Class M-1,M-1,,5,"March 25, 2039",0,
Declining Balances Tables,144,Class M-1,M-1,,10,"March 25, 2039",0,
Declining Balances Tables,144,Class M-1,M-1,,15,"March 25, 2039",0,
Declining Balances Tables,144,Class M-1,M-1,,25,"March 25, 2039",0,
Declining Balances Tables,144,Class M-1,M-1,,35,"March 25, 2039",0,
Declining Balances Tables,144,Class M-1,M-1,,0,"March 25, 2040",23,
Declining Balances Tables,144,Class M-1,M-1,,5,"March 25, 2040",0,
Declining Balances Tables,144,Class M-1,M-1,,10,"March 25, 2040",0,
Declining Balances Tables,144,Class M-1,M-1,,15,"March 25, 2040",0,
Declining Balances Tables,144,Class M-1,M-1,,25,"March 25, 2040",0,
Declining Balances Tables,144,Class M-1,M-1,,35,"March 25, 2040",0,
Declining Balances Tables,144,Class M-1,M-1,,0,"March 25, 2041",14,
Declining Balances Tables,144,Class M-1,M-1,,5,"March 25, 2041",0,
Declining Balances Tables,144,Class M-1,M-1,,10,"March 25, 2041",0,
Declining Balances Tables,144,Class M-1,M-1,,15,"March 25, 2041",0,
Declining Balances Tables,144,Class M-1,M-1,,25,"March 25, 2041",0,
Declining Balances Tables,144,Class M-1,M-1,,35,"March 25, 2041",0,
Declining Balances Tables,144,Class M-1,M-1,,0,"March 25, 2042",5,
Declining Balances Tables,144,Class M-1,M-1,,5,"March 25, 2042",0,
Declining Balances Tables,144,Class M-1,M-1,,10,"March 25, 2042",0,
Declining Balances Tables,144,Class M-1,M-1,,15,"March 25, 2042",0,
Declining Balances Tables,144,Class M-1,M-1,,25,"March 25, 2042",0,
Declining Balances Tables,144,Class M-1,M-1,,35,"March 25, 2042",0,
Declining Balances Tables,144,Class M-1,M-1,,0,"March 25, 2043 and thereafter",0,
Declining Balances Tables,144,Class M-1,M-1,,5,"March 25, 2043 and thereafter",0,
Declining Balances Tables,144,Class M-1,M-1,,10,"March 25, 2043 and thereafter",0,
Declining Balances Tables,144,Class M-1,M-1,,15,"March 25, 2043 and thereafter",0,
Declining Balances Tables,144,Class M-1,M-1,,25,"March 25, 2043 and thereafter",0,
Declining Balances Tables,144,Class M-1,M-1,,35,"March 25, 2043 and thereafter",0,
Declining Balances Tables,144,Class M-1,M-1,,0,Weighted Average Life (years) to Scheduled Maturity Date,,9.79
Declining Balances Tables,144,Class M-1,M-1,,5,Weighted Average Life (years) to Scheduled Maturity Date,,2.93
Declining Balances Tables,144,Class M-1,M-1,,10,Weighted Average Life (years) to Scheduled Maturity Date,,1.59
Declining Balances Tables,144,Class M-1,M-1,,15,Weighted Average Life (years) to Scheduled Maturity Date,,1.07
Declining Balances Tables,144,Class M-1,M-1,,25,Weighted Average Life (years) to Scheduled Maturity Date,,0.62
Declining Balances Tables,144,Class M-1,M-1,,35,Weighted Average Life (years) to Scheduled Maturity Date,,0.42
Declining Balances Tables,144,Class M-1,M-1,,0,Weighted Average Life (years) to Early Redemption Date**,,4.55
Declining Balances Tables,144,Class M-1,M-1,,5,Weighted Average Life (years) to Early Redemption Date**,,2.83
Declining Balances Tables,144,Class M-1,M-1,,10,Weighted Average Life (years) to Early Redemption Date**,,1.59
Declining Balances Tables,144,Class M-1,M-1,,15,Weighted Average Life (years) to Early Redemption Date**,,1.07
Declining Balances Tables,144,Class M-1,M-1,,25,Weighted Average Life (years) to Early Redemption Date**,,0.62
Declining Balances Tables,144,Class M-1,M-1,,35,Weighted Average Life (years) to Early Redemption Date**,,0.42
Declining Balances Tables,145,"Class M-2, M-2R, M-2S, M-2T, M-2U and M-2I",M-2,,0,Closing Date,100,
Declining Balances Tables,145,"Class M-2, M-2R, M-2S, M-2T, M-2U and M-2I",M-2,,5,Closing Date,100,
Declining Balances Tables,145,"Class M-2, M-2R, M-2S, M-2T, M-2U and M-2I",M-2,,10,Closing Date,100,
Declining Balances Tables,145,"Class M-2, M-2R, M-2S, M-2T, M-2U and M-2I",M-2,,15,Closing Date,100,
Declining Balances Tables,145,"Class M-2, M-2R, M-2S, M-2T, M-2U and M-2I",M-2,,25,Closing Date,100,
Declining Balances Tables,145,"Class M-2, M-2R, M-2S, M-2T, M-2U and M-2I",M-2,,35,Closing Date,100,
Declining Balances Tables,145,"Class M-2, M-2R, M-2S, M-2T, M-2U and M-2I",M-2R,,0,Closing Date,100,
Declining Balances Tables,145,"Class M-2, M-2R, M-2S, M-2T, M-2U and M-2I",M-2R,,5,Closing Date,100,
Declining Balances Tables,145,"Class M-2, M-2R, M-2S, M-2T, M-2U and M-2I",M-2R,,10,Closing Date,100,
Declining Balances Tables,145,"Class M-2, M-2R, M-2S, M-2T, M-2U and M-2I",M-2R,,15,Closing Date,100,
Declining Balances Tables,145,"Class M-2, M-2R, M-2S, M-2T, M-2U and M-2I",M-2R,,25,Closing Date,100,
Declining Balances Tables,145,"Class M-2, M-2R, M-2S, M-2T, M-2U and M-2I",M-2R,,35,Closing Date,100,
Declining Balances Tables,145,"Class M-2, M-2R, M-2S, M-2T, M-2U and M-2I",M-2S,,0,Closing Date,100,
Declining Balances Tables,145,"Class M-2, M-2R, M-2S, M-2T, M-2U and M-2I",M-2S,,5,Closing Date,100,
Declining Balances Tables,145,"Class M-2, M-2R, M-2S, M-2T, M-2U and M-2I",M-2S,,10,Closing Date,100,
Declining Balances Tables,145,"Class M-2, M-2R, M-2S, M-2T, M-2U and M-2I",M-2S,,15,Closing Date,100,
Declining Balances Tables,145,"Class M-2, M-2R, M-2S, M-2T, M-2U and M-2I",M-2S,,25,Closing Date,100,
Declining Balances Tables,145,"Class M-2, M-2R, M-2S, M-2T, M-2U and M-2I",M-2S,,35,Closing Date,100,
Declining Balances Tables,145,"Class M-2, M-2R, M-2S, M-2T, M-2U and M-2I",M-2T,,0,Closing Date,100,
Declining Balances Tables,145,"Class M-2, M-2R, M-2S, M-2T, M-2U and M-2I",M-2T,,5,Closing Date,100,
Declining Balances Tables,145,"Class M-2, M-2R, M-2S, M-2T, M-2U and M-2I",M-2T,,10,Closing Date,100,
Declining Balances Tables,145,"Class M-2, M-2R, M-2S, M-2T, M-2U and M-2I",M-2T,,15,Closing Date,100,
Declining Balances Tables,145,"Class M-2, M-2R, M-2S, M-2T, M-2U and M-2I",M-2T,,25,Closing Date,100,
Declining Balances Tables,145,"Class M-2, M-2R, M-2S, M-2T, M-2U and M-2I",M-2T,,35,Closing Date,100,
Declining Balances Tables,145,"Class M-2, M-2R, M-2S, M-2T, M-2U and M-2I",M-2U,,0,Closing Date,100,
Declining Balances Tables,145,"Class M-2, M-2R, M-2S, M-2T, M-2U and M-2I",M-2U,,5,Closing Date,100,
Declining Balances Tables,145,"Class M-2, M-2R, M-2S, M-2T, M-2U and M-2I",M-2U,,10,Closing Date,100,
Declining Balances Tables,145,"Class M-2, M-2R, M-2S, M-2T, M-2U and M-2I",M-2U,,15,Closing Date,100,
Declining Balances Tables,145,"Class M-2, M-2R, M-2S, M-2T, M-2U and M-2I",M-2U,,25,Closing Date,100,
Declining Balances Tables,145,"Class M-2, M-2R, M-2S, M-2T, M-2U and M-2I",M-2U,,35,Closing Date,100,
Declining Balances Tables,145,"Class M-2, M-2R, M-2S, M-2T, M-2U and M-2I",M-2I,,0,Closing Date,100,
Declining Balances Tables,145,"Class M-2, M-2R, M-2S, M-2T, M-2U and M-2I",M-2I,,5,Closing Date,100,
Declining Balances Tables,145,"Class M-2, M-2R, M-2S, M-2T, M-2U and M-2I",M-2I,,10,Closing Date,100,
Declining Balances Tables,145,"Class M-2, M-2R, M-2S, M-2T, M-2U and M-2I",M-2I,,15,Closing Date,100,
Declining Balances Tables,145,"Class M-2, M-2R, M-2S, M-2T, M-2U and M-2I",M-2I,,25,Closing Date,100,
Declining Balances Tables,145,"Class M-2, M-2R, M-2S, M-2T, M-2U and M-2I",M-2I,,35,Closing Date,100,
Declining Balances Tables,145,"Class M-2, M-2R, M-2S, M-2T, M-2U and M-2I",M-2,,0,"March 25, 2027",100,
Declining Balances Tables,145,"Class M-2, M-2R, M-2S, M-2T, M-2U and M-2I",M-2,,5,"March 25, 2027",100,
Declining Balances Tables,145,"Class M-2, M-2R, M-2S, M-2T, M-2U and M-2I",M-2,,10,"March 25, 2027",100,
Declining Balances Tables,145,"Class M-2, M-2R, M-2S, M-2T, M-2U and M-2I",M-2,,15,"March 25, 2027",100,
Declining Balances Tables,145,"Class M-2, M-2R, M-2S, M-2T, M-2U and M-2I",M-2,,25,"March 25, 2027",100,
Declining Balances Tables,145,"Class M-2, M-2R, M-2S, M-2T, M-2U and M-2I",M-2,,35,"March 25, 2027",68,
Declining Balances Tables,145,"Class M-2, M-2R, M-2S, M-2T, M-2U and M-2I",M-2R,,0,"March 25, 2027",100,
Declining Balances Tables,145,"Class M-2, M-2R, M-2S, M-2T, M-2U and M-2I",M-2R,,5,"March 25, 2027",100,
Declining Balances Tables,145,"Class M-2, M-2R, M-2S, M-2T, M-2U and M-2I",M-2R,,10,"March 25, 2027",100,
Declining Balances Tables,145,"Class M-2, M-2R, M-2S, M-2T, M-2U and M-2I",M-2R,,15,"March 25, 2027",100,
Declining Balances Tables,145,"Class M-2, M-2R, M-2S, M-2T, M-2U and M-2I",M-2R,,25,"March 25, 2027",100,
Declining Balances Tables,145,"Class M-2, M-2R, M-2S, M-2T, M-2U and M-2I",M-2R,,35,"March 25, 2027",68,
Declining Balances Tables,145,"Class M-2, M-2R, M-2S, M-2T, M-2U and M-2I",M-2S,,0,"March 25, 2027",100,
Declining Balances Tables,145,"Class M-2, M-2R, M-2S, M-2T, M-2U and M-2I",M-2S,,5,"March 25, 2027",100,
Declining Balances Tables,145,"Class M-2, M-2R, M-2S, M-2T, M-2U and M-2I",M-2S,,10,"March 25, 2027",100,
Declining Balances Tables,145,"Class M-2, M-2R, M-2S, M-2T, M-2U and M-2I",M-2S,,15,"March 25, 2027",100,
Declining Balances Tables,145,"Class M-2, M-2R, M-2S, M-2T, M-2U and M-2I",M-2S,,25,"March 25, 2027",100,
Declining Balances Tables,145,"Class M-2, M-2R, M-2S, M-2T, M-2U and M-2I",M-2S,,35,"March 25, 2027",68,
Declining Balances Tables,145,"Class M-2, M-2R, M-2S, M-2T, M-2U and M-2I",M-2T,,0,"March 25, 2027",100,
Declining Balances Tables,145,"Class M-2, M-2R, M-2S, M-2T, M-2U and M-2I",M-2T,,5,"March 25, 2027",100,
Declining Balances Tables,145,"Class M-2, M-2R, M-2S, M-2T, M-2U and M-2I",M-2T,,10,"March 25, 2027",100,
Declining Balances Tables,145,"Class M-2, M-2R, M-2S, M-2T, M-2U and M-2I",M-2T,,15,"March 25, 2027",100,
Declining Balances Tables,145,"Class M-2, M-2R, M-2S, M-2T, M-2U and M-2I",M-2T,,25,"March 25, 2027",100,
Declining Balances Tables,145,"Class M-2, M-2R, M-2S, M-2T, M-2U and M-2I",M-2T,,35,"March 25, 2027",68,
Declining Balances Tables,145,"Class M-2, M-2R, M-2S, M-2T, M-2U and M-2I",M-2U,,0,"March 25, 2027",100,
Declining Balances Tables,145,"Class M-2, M-2R, M-2S, M-2T, M-2U and M-2I",M-2U,,5,"March 25, 2027",100,
Declining Balances Tables,145,"Class M-2, M-2R, M-2S, M-2T, M-2U and M-2I",M-2U,,10,"March 25, 2027",100,
Declining Balances Tables,145,"Class M-2, M-2R, M-2S, M-2T, M-2U and M-2I",M-2U,,15,"March 25, 2027",100,
Declining Balances Tables,145,"Class M-2, M-2R, M-2S, M-2T, M-2U and M-2I",M-2U,,25,"March 25, 2027",100,
Declining Balances Tables,145,"Class M-2, M-2R, M-2S, M-2T, M-2U and M-2I",M-2U,,35,"March 25, 2027",68,
Declining Balances Tables,145,"Class M-2, M-2R, M-2S, M-2T, M-2U and M-2I",M-2I,,0,"March 25, 2027",100,
Declining Balances Tables,145,"Class M-2, M-2R, M-2S, M-2T, M-2U and M-2I",M-2I,,5,"March 25, 2027",100,
Declining Balances Tables,145,"Class M-2, M-2R, M-2S, M-2T, M-2U and M-2I",M-2I,,10,"March 25, 2027",100,
Declining Balances Tables,145,"Class M-2, M-2R, M-2S, M-2T, M-2U and M-2I",M-2I,,15,"March 25, 2027",100,
Declining Balances Tables,145,"Class M-2, M-2R, M-2S, M-2T, M-2U and M-2I",M-2I,,25,"March 25, 2027",100,
Declining Balances Tables,145,"Class M-2, M-2R, M-2S, M-2T, M-2U and M-2I",M-2I,,35,"March 25, 2027",68,
Declining Balances Tables,145,"Class M-2, M-2R, M-2S, M-2T, M-2U and M-2I",M-2,,0,"March 25, 2028",100,
Declining Balances Tables,145,"Class M-2, M-2R, M-2S, M-2T, M-2U and M-2I",M-2,,5,"March 25, 2028",100,
Declining Balances Tables,145,"Class M-2, M-2R, M-2S, M-2T, M-2U and M-2I",M-2,,10,"March 25, 2028",100,
Declining Balances Tables,145,"Class M-2, M-2R, M-2S, M-2T, M-2U and M-2I",M-2,,15,"March 25, 2028",100,
Declining Balances Tables,145,"Class M-2, M-2R, M-2S, M-2T, M-2U and M-2I",M-2,,25,"March 25, 2028",13,
Declining Balances Tables,145,"Class M-2, M-2R, M-2S, M-2T, M-2U and M-2I",M-2,,35,"March 25, 2028",0,
Declining Balances Tables,145,"Class M-2, M-2R, M-2S, M-2T, M-2U and M-2I",M-2R,,0,"March 25, 2028",100,
Declining Balances Tables,145,"Class M-2, M-2R, M-2S, M-2T, M-2U and M-2I",M-2R,,5,"March 25, 2028",100,
Declining Balances Tables,145,"Class M-2, M-2R, M-2S, M-2T, M-2U and M-2I",M-2R,,10,"March 25, 2028",100,
Declining Balances Tables,145,"Class M-2, M-2R, M-2S, M-2T, M-2U and M-2I",M-2R,,15,"March 25, 2028",100,
Declining Balances Tables,145,"Class M-2, M-2R, M-2S, M-2T, M-2U and M-2I",M-2R,,25,"March 25, 2028",13,
Declining Balances Tables,145,"Class M-2, M-2R, M-2S, M-2T, M-2U and M-2I",M-2R,,35,"March 25, 2028",0,
Declining Balances Tables,145,"Class M-2, M-2R, M-2S, M-2T, M-2U and M-2I",M-2S,,0,"March 25, 2028",100,
Declining Balances Tables,145,"Class M-2, M-2R, M-2S, M-2T, M-2U and M-2I",M-2S,,5,"March 25, 2028",100,
Declining Balances Tables,145,"Class M-2, M-2R, M-2S, M-2T, M-2U and M-2I",M-2S,,10,"March 25, 2028",100,
Declining Balances Tables,145,"Class M-2, M-2R, M-2S, M-2T, M-2U and M-2I",M-2S,,15,"March 25, 2028",100,
Declining Balances Tables,145,"Class M-2, M-2R, M-2S, M-2T, M-2U and M-2I",M-2S,,25,"March 25, 2028",13,
Declining Balances Tables,145,"Class M-2, M-2R, M-2S, M-2T, M-2U and M-2I",M-2S,,35,"March 25, 2028",0,
Declining Balances Tables,145,"Class M-2, M-2R, M-2S, M-2T, M-2U and M-2I",M-2T,,0,"March 25, 2028",100,
Declining Balances Tables,145,"Class M-2, M-2R, M-2S, M-2T, M-2U and M-2I",M-2T,,5,"March 25, 2028",100,
Declining Balances Tables,145,"Class M-2, M-2R, M-2S, M-2T, M-2U and M-2I",M-2T,,10,"March 25, 2028",100,
Declining Balances Tables,145,"Class M-2, M-2R, M-2S, M-2T, M-2U and M-2I",M-2T,,15,"March 25, 2028",100,
Declining Balances Tables,145,"Class M-2, M-2R, M-2S, M-2T, M-2U and M-2I",M-2T,,25,"March 25, 2028",13,
Declining Balances Tables,145,"Class M-2, M-2R, M-2S, M-2T, M-2U and M-2I",M-2T,,35,"March 25, 2028",0,
Declining Balances Tables,145,"Class M-2, M-2R, M-2S, M-2T, M-2U and M-2I",M-2U,,0,"March 25, 2028",100,
Declining Balances Tables,145,"Class M-2, M-2R, M-2S, M-2T, M-2U and M-2I",M-2U,,5,"March 25, 2028",100,
Declining Balances Tables,145,"Class M-2, M-2R, M-2S, M-2T, M-2U and M-2I",M-2U,,10,"March 25, 2028",100,
Declining Balances Tables,145,"Class M-2, M-2R, M-2S, M-2T, M-2U and M-2I",M-2U,,15,"March 25, 2028",100,
Declining Balances Tables,145,"Class M-2, M-2R, M-2S, M-2T, M-2U and M-2I",M-2U,,25,"March 25, 2028",13,
Declining Balances Tables,145,"Class M-2, M-2R, M-2S, M-2T, M-2U and M-2I",M-2U,,35,"March 25, 2028",0,
Declining Balances Tables,145,"Class M-2, M-2R, M-2S, M-2T, M-2U and M-2I",M-2I,,0,"March 25, 2028",100,
Declining Balances Tables,145,"Class M-2, M-2R, M-2S, M-2T, M-2U and M-2I",M-2I,,5,"March 25, 2028",100,
Declining Balances Tables,145,"Class M-2, M-2R, M-2S, M-2T, M-2U and M-2I",M-2I,,10,"March 25, 2028",100,
Declining Balances Tables,145,"Class M-2, M-2R, M-2S, M-2T, M-2U and M-2I",M-2I,,15,"March 25, 2028",100,
Declining Balances Tables,145,"Class M-2, M-2R, M-2S, M-2T, M-2U and M-2I",M-2I,,25,"March 25, 2028",13,
Declining Balances Tables,145,"Class M-2, M-2R, M-2S, M-2T, M-2U and M-2I",M-2I,,35,"March 25, 2028",0,
Declining Balances Tables,145,"Class M-2, M-2R, M-2S, M-2T, M-2U and M-2I",M-2,,0,"March 25, 2029",100,
Declining Balances Tables,145,"Class M-2, M-2R, M-2S, M-2T, M-2U and M-2I",M-2,,5,"March 25, 2029",100,
Declining Balances Tables,145,"Class M-2, M-2R, M-2S, M-2T, M-2U and M-2I",M-2,,10,"March 25, 2029",100,
Declining Balances Tables,145,"Class M-2, M-2R, M-2S, M-2T, M-2U and M-2I",M-2,,15,"March 25, 2029",44,
Declining Balances Tables,145,"Class M-2, M-2R, M-2S, M-2T, M-2U and M-2I",M-2,,25,"March 25, 2029",0,
Declining Balances Tables,145,"Class M-2, M-2R, M-2S, M-2T, M-2U and M-2I",M-2,,35,"March 25, 2029",0,
Declining Balances Tables,145,"Class M-2, M-2R, M-2S, M-2T, M-2U and M-2I",M-2R,,0,"March 25, 2029",100,
Declining Balances Tables,145,"Class M-2, M-2R, M-2S, M-2T, M-2U and M-2I",M-2R,,5,"March 25, 2029",100,
Declining Balances Tables,145,"Class M-2, M-2R, M-2S, M-2T, M-2U and M-2I",M-2R,,10,"March 25, 2029",100,
Declining Balances Tables,145,"Class M-2, M-2R, M-2S, M-2T, M-2U and M-2I",M-2R,,15,"March 25, 2029",44,
Declining Balances Tables,145,"Class M-2, M-2R, M-2S, M-2T, M-2U and M-2I",M-2R,,25,"March 25, 2029",0,
Declining Balances Tables,145,"Class M-2, M-2R, M-2S, M-2T, M-2U and M-2I",M-2R,,35,"March 25, 2029",0,
Declining Balances Tables,145,"Class M-2, M-2R, M-2S, M-2T, M-2U and M-2I",M-2S,,0,"March 25, 2029",100,
Declining Balances Tables,145,"Class M-2, M-2R, M-2S, M-2T, M-2U and M-2I",M-2S,,5,"March 25, 2029",100,
Declining Balances Tables,145,"Class M-2, M-2R, M-2S, M-2T, M-2U and M-2I",M-2S,,10,"March 25, 2029",100,
Declining Balances Tables,145,"Class M-2, M-2R, M-2S, M-2T, M-2U and M-2I",M-2S,,15,"March 25, 2029",44,
Declining Balances Tables,145,"Class M-2, M-2R, M-2S, M-2T, M-2U and M-2I",M-2S,,25,"March 25, 2029",0,
Declining Balances Tables,145,"Class M-2, M-2R, M-2S, M-2T, M-2U and M-2I",M-2S,,35,"March 25, 2029",0,
Declining Balances Tables,145,"Class M-2, M-2R, M-2S, M-2T, M-2U and M-2I",M-2T,,0,"March 25, 2029",100,
Declining Balances Tables,145,"Class M-2, M-2R, M-2S, M-2T, M-2U and M-2I",M-2T,,5,"March 25, 2029",100,
Declining Balances Tables,145,"Class M-2, M-2R, M-2S, M-2T, M-2U and M-2I",M-2T,,10,"March 25, 2029",100,
Declining Balances Tables,145,"Class M-2, M-2R, M-2S, M-2T, M-2U and M-2I",M-2T,,15,"March 25, 2029",44,
Declining Balances Tables,145,"Class M-2, M-2R, M-2S, M-2T, M-2U and M-2I",M-2T,,25,"March 25, 2029",0,
Declining Balances Tables,145,"Class M-2, M-2R, M-2S, M-2T, M-2U and M-2I",M-2T,,35,"March 25, 2029",0,
Declining Balances Tables,145,"Class M-2, M-2R, M-2S, M-2T, M-2U and M-2I",M-2U,,0,"March 25, 2029",100,
Declining Balances Tables,145,"Class M-2, M-2R, M-2S, M-2T, M-2U and M-2I",M-2U,,5,"March 25, 2029",100,
Declining Balances Tables,145,"Class M-2, M-2R, M-2S, M-2T, M-2U and M-2I",M-2U,,10,"March 25, 2029",100,
Declining Balances Tables,145,"Class M-2, M-2R, M-2S, M-2T, M-2U and M-2I",M-2U,,15,"March 25, 2029",44,
Declining Balances Tables,145,"Class M-2, M-2R, M-2S, M-2T, M-2U and M-2I",M-2U,,25,"March 25, 2029",0,
Declining Balances Tables,145,"Class M-2, M-2R, M-2S, M-2T, M-2U and M-2I",M-2U,,35,"March 25, 2029",0,
Declining Balances Tables,145,"Class M-2, M-2R, M-2S, M-2T, M-2U and M-2I",M-2I,,0,"March 25, 2029",100,
Declining Balances Tables,145,"Class M-2, M-2R, M-2S, M-2T, M-2U and M-2I",M-2I,,5,"March 25, 2029",100,
Declining Balances Tables,145,"Class M-2, M-2R, M-2S, M-2T, M-2U and M-2I",M-2I,,10,"March 25, 2029",100,
Declining Balances Tables,145,"Class M-2, M-2R, M-2S, M-2T, M-2U and M-2I",M-2I,,15,"March 25, 2029",44,
Declining Balances Tables,145,"Class M-2, M-2R, M-2S, M-2T, M-2U and M-2I",M-2I,,25,"March 25, 2029",0,
Declining Balances Tables,145,"Class M-2, M-2R, M-2S, M-2T, M-2U and M-2I",M-2I,,35,"March 25, 2029",0,
Declining Balances Tables,145,"Class M-2, M-2R, M-2S, M-2T, M-2U and M-2I",M-2,,0,"March 25, 2030",100,
Declining Balances Tables,145,"Class M-2, M-2R, M-2S, M-2T, M-2U and M-2I",M-2,,5,"March 25, 2030",100,
Declining Balances Tables,145,"Class M-2, M-2R, M-2S, M-2T, M-2U and M-2I",M-2,,10,"March 25, 2030",67,
Declining Balances Tables,145,"Class M-2, M-2R, M-2S, M-2T, M-2U and M-2I",M-2,,15,"March 25, 2030",0,
Declining Balances Tables,145,"Class M-2, M-2R, M-2S, M-2T, M-2U and M-2I",M-2,,25,"March 25, 2030",0,
Declining Balances Tables,145,"Class M-2, M-2R, M-2S, M-2T, M-2U and M-2I",M-2,,35,"March 25, 2030",0,
Declining Balances Tables,145,"Class M-2, M-2R, M-2S, M-2T, M-2U and M-2I",M-2R,,0,"March 25, 2030",100,
Declining Balances Tables,145,"Class M-2, M-2R, M-2S, M-2T, M-2U and M-2I",M-2R,,5,"March 25, 2030",100,
Declining Balances Tables,145,"Class M-2, M-2R, M-2S, M-2T, M-2U and M-2I",M-2R,,10,"March 25, 2030",67,
Declining Balances Tables,145,"Class M-2, M-2R, M-2S, M-2T, M-2U and M-2I",M-2R,,15,"March 25, 2030",0,
Declining Balances Tables,145,"Class M-2, M-2R, M-2S, M-2T, M-2U and M-2I",M-2R,,25,"March 25, 2030",0,
Declining Balances Tables,145,"Class M-2, M-2R, M-2S, M-2T, M-2U and M-2I",M-2R,,35,"March 25, 2030",0,
Declining Balances Tables,145,"Class M-2, M-2R, M-2S, M-2T, M-2U and M-2I",M-2S,,0,"March 25, 2030",100,
Declining Balances Tables,145,"Class M-2, M-2R, M-2S, M-2T, M-2U and M-2I",M-2S,,5,"March 25, 2030",100,
Declining Balances Tables,145,"Class M-2, M-2R, M-2S, M-2T, M-2U and M-2I",M-2S,,10,"March 25, 2030",67,
Declining Balances Tables,145,"Class M-2, M-2R, M-2S, M-2T, M-2U and M-2I",M-2S,,15,"March 25, 2030",0,
Declining Balances Tables,145,"Class M-2, M-2R, M-2S, M-2T, M-2U and M-2I",M-2S,,25,"March 25, 2030",0,
Declining Balances Tables,145,"Class M-2, M-2R, M-2S, M-2T, M-2U and M-2I",M-2S,,35,"March 25, 2030",0,
Declining Balances Tables,145,"Class M-2, M-2R, M-2S, M-2T, M-2U and M-2I",M-2T,,0,"March 25, 2030",100,
Declining Balances Tables,145,"Class M-2, M-2R, M-2S, M-2T, M-2U and M-2I",M-2T,,5,"March 25, 2030",100,
Declining Balances Tables,145,"Class M-2, M-2R, M-2S, M-2T, M-2U and M-2I",M-2T,,10,"March 25, 2030",67,
Declining Balances Tables,145,"Class M-2, M-2R, M-2S, M-2T, M-2U and M-2I",M-2T,,15,"March 25, 2030",0,
Declining Balances Tables,145,"Class M-2, M-2R, M-2S, M-2T, M-2U and M-2I",M-2T,,25,"March 25, 2030",0,
Declining Balances Tables,145,"Class M-2, M-2R, M-2S, M-2T, M-2U and M-2I",M-2T,,35,"March 25, 2030",0,
Declining Balances Tables,145,"Class M-2, M-2R, M-2S, M-2T, M-2U and M-2I",M-2U,,0,"March 25, 2030",100,
Declining Balances Tables,145,"Class M-2, M-2R, M-2S, M-2T, M-2U and M-2I",M-2U,,5,"March 25, 2030",100,
Declining Balances Tables,145,"Class M-2, M-2R, M-2S, M-2T, M-2U and M-2I",M-2U,,10,"March 25, 2030",67,
Declining Balances Tables,145,"Class M-2, M-2R, M-2S, M-2T, M-2U and M-2I",M-2U,,15,"March 25, 2030",0,
Declining Balances Tables,145,"Class M-2, M-2R, M-2S, M-2T, M-2U and M-2I",M-2U,,25,"March 25, 2030",0,
Declining Balances Tables,145,"Class M-2, M-2R, M-2S, M-2T, M-2U and M-2I",M-2U,,35,"March 25, 2030",0,
Declining Balances Tables,145,"Class M-2, M-2R, M-2S, M-2T, M-2U and M-2I",M-2I,,0,"March 25, 2030",100,
Declining Balances Tables,145,"Class M-2, M-2R, M-2S, M-2T, M-2U and M-2I",M-2I,,5,"March 25, 2030",100,
Declining Balances Tables,145,"Class M-2, M-2R, M-2S, M-2T, M-2U and M-2I",M-2I,,10,"March 25, 2030",67,
Declining Balances Tables,145,"Class M-2, M-2R, M-2S, M-2T, M-2U and M-2I",M-2I,,15,"March 25, 2030",0,
Declining Balances Tables,145,"Class M-2, M-2R, M-2S, M-2T, M-2U and M-2I",M-2I,,25,"March 25, 2030",0,
Declining Balances Tables,145,"Class M-2, M-2R, M-2S, M-2T, M-2U and M-2I",M-2I,,35,"March 25, 2030",0,
Declining Balances Tables,145,"Class M-2, M-2R, M-2S, M-2T, M-2U and M-2I",M-2,,0,"March 25, 2031",100,
Declining Balances Tables,145,"Class M-2, M-2R, M-2S, M-2T, M-2U and M-2I",M-2,,5,"March 25, 2031",100,
Declining Balances Tables,145,"Class M-2, M-2R, M-2S, M-2T, M-2U and M-2I",M-2,,10,"March 25, 2031",20,
Declining Balances Tables,145,"Class M-2, M-2R, M-2S, M-2T, M-2U and M-2I",M-2,,15,"March 25, 2031",0,
Declining Balances Tables,145,"Class M-2, M-2R, M-2S, M-2T, M-2U and M-2I",M-2,,25,"March 25, 2031",0,
Declining Balances Tables,145,"Class M-2, M-2R, M-2S, M-2T, M-2U and M-2I",M-2,,35,"March 25, 2031",0,
Declining Balances Tables,145,"Class M-2, M-2R, M-2S, M-2T, M-2U and M-2I",M-2R,,0,"March 25, 2031",100,
Declining Balances Tables,145,"Class M-2, M-2R, M-2S, M-2T, M-2U and M-2I",M-2R,,5,"March 25, 2031",100,
Declining Balances Tables,145,"Class M-2, M-2R, M-2S, M-2T, M-2U and M-2I",M-2R,,10,"March 25, 2031",20,
Declining Balances Tables,145,"Class M-2, M-2R, M-2S, M-2T, M-2U and M-2I",M-2R,,15,"March 25, 2031",0,
Declining Balances Tables,145,"Class M-2, M-2R, M-2S, M-2T, M-2U and M-2I",M-2R,,25,"March 25, 2031",0,
Declining Balances Tables,145,"Class M-2, M-2R, M-2S, M-2T, M-2U and M-2I",M-2R,,35,"March 25, 2031",0,
Declining Balances Tables,145,"Class M-2, M-2R, M-2S, M-2T, M-2U and M-2I",M-2S,,0,"March 25, 2031",100,
Declining Balances Tables,145,"Class M-2, M-2R, M-2S, M-2T, M-2U and M-2I",M-2S,,5,"March 25, 2031",100,
Declining Balances Tables,145,"Class M-2, M-2R, M-2S, M-2T, M-2U and M-2I",M-2S,,10,"March 25, 2031",20,
Declining Balances Tables,145,"Class M-2, M-2R, M-2S, M-2T, M-2U and M-2I",M-2S,,15,"March 25, 2031",0,
Declining Balances Tables,145,"Class M-2, M-2R, M-2S, M-2T, M-2U and M-2I",M-2S,,25,"March 25, 2031",0,
Declining Balances Tables,145,"Class M-2, M-2R, M-2S, M-2T, M-2U and M-2I",M-2S,,35,"March 25, 2031",0,
Declining Balances Tables,145,"Class M-2, M-2R, M-2S, M-2T, M-2U and M-2I",M-2T,,0,"March 25, 2031",100,
Declining Balances Tables,145,"Class M-2, M-2R, M-2S, M-2T, M-2U and M-2I",M-2T,,5,"March 25, 2031",100,
Declining Balances Tables,145,"Class M-2, M-2R, M-2S, M-2T, M-2U and M-2I",M-2T,,10,"March 25, 2031",20,
Declining Balances Tables,145,"Class M-2, M-2R, M-2S, M-2T, M-2U and M-2I",M-2T,,15,"March 25, 2031",0,
Declining Balances Tables,145,"Class M-2, M-2R, M-2S, M-2T, M-2U and M-2I",M-2T,,25,"March 25, 2031",0,
Declining Balances Tables,145,"Class M-2, M-2R, M-2S, M-2T, M-2U and M-2I",M-2T,,35,"March 25, 2031",0,
Declining Balances Tables,145,"Class M-2, M-2R, M-2S, M-2T, M-2U and M-2I",M-2U,,0,"March 25, 2031",100,
Declining Balances Tables,145,"Class M-2, M-2R, M-2S, M-2T, M-2U and M-2I",M-2U,,5,"March 25, 2031",100,
Declining Balances Tables,145,"Class M-2, M-2R, M-2S, M-2T, M-2U and M-2I",M-2U,,10,"March 25, 2031",20,
Declining Balances Tables,145,"Class M-2, M-2R, M-2S, M-2T, M-2U and M-2I",M-2U,,15,"March 25, 2031",0,
Declining Balances Tables,145,"Class M-2, M-2R, M-2S, M-2T, M-2U and M-2I",M-2U,,25,"March 25, 2031",0,
Declining Balances Tables,145,"Class M-2, M-2R, M-2S, M-2T, M-2U and M-2I",M-2U,,35,"March 25, 2031",0,
Declining Balances Tables,145,"Class M-2, M-2R, M-2S, M-2T, M-2U and M-2I",M-2I,,0,"March 25, 2031",100,
Declining Balances Tables,145,"Class M-2, M-2R, M-2S, M-2T, M-2U and M-2I",M-2I,,5,"March 25, 2031",100,
Declining Balances Tables,145,"Class M-2, M-2R, M-2S, M-2T, M-2U and M-2I",M-2I,,10,"March 25, 2031",20,
Declining Balances Tables,145,"Class M-2, M-2R, M-2S, M-2T, M-2U and M-2I",M-2I,,15,"March 25, 2031",0,
Declining Balances Tables,145,"Class M-2, M-2R, M-2S, M-2T, M-2U and M-2I",M-2I,,25,"March 25, 2031",0,
Declining Balances Tables,145,"Class M-2, M-2R, M-2S, M-2T, M-2U and M-2I",M-2I,,35,"March 25, 2031",0,
Declining Balances Tables,145,"Class M-2, M-2R, M-2S, M-2T, M-2U and M-2I",M-2,,0,"March 25, 2032",100,
Declining Balances Tables,145,"Class M-2, M-2R, M-2S, M-2T, M-2U and M-2I",M-2,,5,"March 25, 2032",100,
Declining Balances Tables,145,"Class M-2, M-2R, M-2S, M-2T, M-2U and M-2I",M-2,,10,"March 25, 2032",0,
Declining Balances Tables,145,"Class M-2, M-2R, M-2S, M-2T, M-2U and M-2I",M-2,,15,"March 25, 2032",0,
Declining Balances Tables,145,"Class M-2, M-2R, M-2S, M-2T, M-2U and M-2I",M-2,,25,"March 25, 2032",0,
Declining Balances Tables,145,"Class M-2, M-2R, M-2S, M-2T, M-2U and M-2I",M-2,,35,"March 25, 2032",0,
Declining Balances Tables,145,"Class M-2, M-2R, M-2S, M-2T, M-2U and M-2I",M-2R,,0,"March 25, 2032",100,
Declining Balances Tables,145,"Class M-2, M-2R, M-2S, M-2T, M-2U and M-2I",M-2R,,5,"March 25, 2032",100,
Declining Balances Tables,145,"Class M-2, M-2R, M-2S, M-2T, M-2U and M-2I",M-2R,,10,"March 25, 2032",0,
Declining Balances Tables,145,"Class M-2, M-2R, M-2S, M-2T, M-2U and M-2I",M-2R,,15,"March 25, 2032",0,
Declining Balances Tables,145,"Class M-2, M-2R, M-2S, M-2T, M-2U and M-2I",M-2R,,25,"March 25, 2032",0,
Declining Balances Tables,145,"Class M-2, M-2R, M-2S, M-2T, M-2U and M-2I",M-2R,,35,"March 25, 2032",0,
Declining Balances Tables,145,"Class M-2, M-2R, M-2S, M-2T, M-2U and M-2I",M-2S,,0,"March 25, 2032",100,
Declining Balances Tables,145,"Class M-2, M-2R, M-2S, M-2T, M-2U and M-2I",M-2S,,5,"March 25, 2032",100,
Declining Balances Tables,145,"Class M-2, M-2R, M-2S, M-2T, M-2U and M-2I",M-2S,,10,"March 25, 2032",0,
Declining Balances Tables,145,"Class M-2, M-2R, M-2S, M-2T, M-2U and M-2I",M-2S,,15,"March 25, 2032",0,
Declining Balances Tables,145,"Class M-2, M-2R, M-2S, M-2T, M-2U and M-2I",M-2S,,25,"March 25, 2032",0,
Declining Balances Tables,145,"Class M-2, M-2R, M-2S, M-2T, M-2U and M-2I",M-2S,,35,"March 25, 2032",0,
Declining Balances Tables,145,"Class M-2, M-2R, M-2S, M-2T, M-2U and M-2I",M-2T,,0,"March 25, 2032",100,
Declining Balances Tables,145,"Class M-2, M-2R, M-2S, M-2T, M-2U and M-2I",M-2T,,5,"March 25, 2032",100,
Declining Balances Tables,145,"Class M-2, M-2R, M-2S, M-2T, M-2U and M-2I",M-2T,,10,"March 25, 2032",0,
Declining Balances Tables,145,"Class M-2, M-2R, M-2S, M-2T, M-2U and M-2I",M-2T,,15,"March 25, 2032",0,
Declining Balances Tables,145,"Class M-2, M-2R, M-2S, M-2T, M-2U and M-2I",M-2T,,25,"March 25, 2032",0,
Declining Balances Tables,145,"Class M-2, M-2R, M-2S, M-2T, M-2U and M-2I",M-2T,,35,"March 25, 2032",0,
Declining Balances Tables,145,"Class M-2, M-2R, M-2S, M-2T, M-2U and M-2I",M-2U,,0,"March 25, 2032",100,
Declining Balances Tables,145,"Class M-2, M-2R, M-2S, M-2T, M-2U and M-2I",M-2U,,5,"March 25, 2032",100,
Declining Balances Tables,145,"Class M-2, M-2R, M-2S, M-2T, M-2U and M-2I",M-2U,,10,"March 25, 2032",0,
Declining Balances Tables,145,"Class M-2, M-2R, M-2S, M-2T, M-2U and M-2I",M-2U,,15,"March 25, 2032",0,
Declining Balances Tables,145,"Class M-2, M-2R, M-2S, M-2T, M-2U and M-2I",M-2U,,25,"March 25, 2032",0,
Declining Balances Tables,145,"Class M-2, M-2R, M-2S, M-2T, M-2U and M-2I",M-2U,,35,"March 25, 2032",0,
Declining Balances Tables,145,"Class M-2, M-2R, M-2S, M-2T, M-2U and M-2I",M-2I,,0,"March 25, 2032",100,
Declining Balances Tables,145,"Class M-2, M-2R, M-2S, M-2T, M-2U and M-2I",M-2I,,5,"March 25, 2032",100,
Declining Balances Tables,145,"Class M-2, M-2R, M-2S, M-2T, M-2U and M-2I",M-2I,,10,"March 25, 2032",0,
Declining Balances Tables,145,"Class M-2, M-2R, M-2S, M-2T, M-2U and M-2I",M-2I,,15,"March 25, 2032",0,
Declining Balances Tables,145,"Class M-2, M-2R, M-2S, M-2T, M-2U and M-2I",M-2I,,25,"March 25, 2032",0,
Declining Balances Tables,145,"Class M-2, M-2R, M-2S, M-2T, M-2U and M-2I",M-2I,,35,"March 25, 2032",0,
Declining Balances Tables,145,"Class M-2, M-2R, M-2S, M-2T, M-2U and M-2I",M-2,,0,"March 25, 2033",100,
Declining Balances Tables,145,"Class M-2, M-2R, M-2S, M-2T, M-2U and M-2I",M-2,,5,"March 25, 2033",73,
Declining Balances Tables,145,"Class M-2, M-2R, M-2S, M-2T, M-2U and M-2I",M-2,,10,"March 25, 2033",0,
Declining Balances Tables,145,"Class M-2, M-2R, M-2S, M-2T, M-2U and M-2I",M-2,,15,"March 25, 2033",0,
Declining Balances Tables,145,"Class M-2, M-2R, M-2S, M-2T, M-2U and M-2I",M-2,,25,"March 25, 2033",0,
Declining Balances Tables,145,"Class M-2, M-2R, M-2S, M-2T, M-2U and M-2I",M-2,,35,"March 25, 2033",0,
Declining Balances Tables,145,"Class M-2, M-2R, M-2S, M-2T, M-2U and M-2I",M-2R,,0,"March 25, 2033",100,
Declining Balances Tables,145,"Class M-2, M-2R, M-2S, M-2T, M-2U and M-2I",M-2R,,5,"March 25, 2033",73,
Declining Balances Tables,145,"Class M-2, M-2R, M-2S, M-2T, M-2U and M-2I",M-2R,,10,"March 25, 2033",0,
Declining Balances Tables,145,"Class M-2, M-2R, M-2S, M-2T, M-2U and M-2I",M-2R,,15,"March 25, 2033",0,
Declining Balances Tables,145,"Class M-2, M-2R, M-2S, M-2T, M-2U and M-2I",M-2R,,25,"March 25, 2033",0,
Declining Balances Tables,145,"Class M-2, M-2R, M-2S, M-2T, M-2U and M-2I",M-2R,,35,"March 25, 2033",0,
Declining Balances Tables,145,"Class M-2, M-2R, M-2S, M-2T, M-2U and M-2I",M-2S,,0,"March 25, 2033",100,
Declining Balances Tables,145,"Class M-2, M-2R, M-2S, M-2T, M-2U and M-2I",M-2S,,5,"March 25, 2033",73,
Declining Balances Tables,145,"Class M-2, M-2R, M-2S, M-2T, M-2U and M-2I",M-2S,,10,"March 25, 2033",0,
Declining Balances Tables,145,"Class M-2, M-2R, M-2S, M-2T, M-2U and M-2I",M-2S,,15,"March 25, 2033",0,
Declining Balances Tables,145,"Class M-2, M-2R, M-2S, M-2T, M-2U and M-2I",M-2S,,25,"March 25, 2033",0,
Declining Balances Tables,145,"Class M-2, M-2R, M-2S, M-2T, M-2U and M-2I",M-2S,,35,"March 25, 2033",0,
Declining Balances Tables,145,"Class M-2, M-2R, M-2S, M-2T, M-2U and M-2I",M-2T,,0,"March 25, 2033",100,
Declining Balances Tables,145,"Class M-2, M-2R, M-2S, M-2T, M-2U and M-2I",M-2T,,5,"March 25, 2033",73,
Declining Balances Tables,145,"Class M-2, M-2R, M-2S, M-2T, M-2U and M-2I",M-2T,,10,"March 25, 2033",0,
Declining Balances Tables,145,"Class M-2, M-2R, M-2S, M-2T, M-2U and M-2I",M-2T,,15,"March 25, 2033",0,
Declining Balances Tables,145,"Class M-2, M-2R, M-2S, M-2T, M-2U and M-2I",M-2T,,25,"March 25, 2033",0,
Declining Balances Tables,145,"Class M-2, M-2R, M-2S, M-2T, M-2U and M-2I",M-2T,,35,"March 25, 2033",0,
Declining Balances Tables,145,"Class M-2, M-2R, M-2S, M-2T, M-2U and M-2I",M-2U,,0,"March 25, 2033",100,
Declining Balances Tables,145,"Class M-2, M-2R, M-2S, M-2T, M-2U and M-2I",M-2U,,5,"March 25, 2033",73,
Declining Balances Tables,145,"Class M-2, M-2R, M-2S, M-2T, M-2U and M-2I",M-2U,,10,"March 25, 2033",0,
Declining Balances Tables,145,"Class M-2, M-2R, M-2S, M-2T, M-2U and M-2I",M-2U,,15,"March 25, 2033",0,
Declining Balances Tables,145,"Class M-2, M-2R, M-2S, M-2T, M-2U and M-2I",M-2U,,25,"March 25, 2033",0,
Declining Balances Tables,145,"Class M-2, M-2R, M-2S, M-2T, M-2U and M-2I",M-2U,,35,"March 25, 2033",0,
Declining Balances Tables,145,"Class M-2, M-2R, M-2S, M-2T, M-2U and M-2I",M-2I,,0,"March 25, 2033",100,
Declining Balances Tables,145,"Class M-2, M-2R, M-2S, M-2T, M-2U and M-2I",M-2I,,5,"March 25, 2033",73,
Declining Balances Tables,145,"Class M-2, M-2R, M-2S, M-2T, M-2U and M-2I",M-2I,,10,"March 25, 2033",0,
Declining Balances Tables,145,"Class M-2, M-2R, M-2S, M-2T, M-2U and M-2I",M-2I,,15,"March 25, 2033",0,
Declining Balances Tables,145,"Class M-2, M-2R, M-2S, M-2T, M-2U and M-2I",M-2I,,25,"March 25, 2033",0,
Declining Balances Tables,145,"Class M-2, M-2R, M-2S, M-2T, M-2U and M-2I",M-2I,,35,"March 25, 2033",0,
Declining Balances Tables,145,"Class M-2, M-2R, M-2S, M-2T, M-2U and M-2I",M-2,,0,"March 25, 2034",100,
Declining Balances Tables,145,"Class M-2, M-2R, M-2S, M-2T, M-2U and M-2I",M-2,,5,"March 25, 2034",44,
Declining Balances Tables,145,"Class M-2, M-2R, M-2S, M-2T, M-2U and M-2I",M-2,,10,"March 25, 2034",0,
Declining Balances Tables,145,"Class M-2, M-2R, M-2S, M-2T, M-2U and M-2I",M-2,,15,"March 25, 2034",0,
Declining Balances Tables,145,"Class M-2, M-2R, M-2S, M-2T, M-2U and M-2I",M-2,,25,"March 25, 2034",0,
Declining Balances Tables,145,"Class M-2, M-2R, M-2S, M-2T, M-2U and M-2I",M-2,,35,"March 25, 2034",0,
Declining Balances Tables,145,"Class M-2, M-2R, M-2S, M-2T, M-2U and M-2I",M-2R,,0,"March 25, 2034",100,
Declining Balances Tables,145,"Class M-2, M-2R, M-2S, M-2T, M-2U and M-2I",M-2R,,5,"March 25, 2034",44,
Declining Balances Tables,145,"Class M-2, M-2R, M-2S, M-2T, M-2U and M-2I",M-2R,,10,"March 25, 2034",0,
Declining Balances Tables,145,"Class M-2, M-2R, M-2S, M-2T, M-2U and M-2I",M-2R,,15,"March 25, 2034",0,
Declining Balances Tables,145,"Class M-2, M-2R, M-2S, M-2T, M-2U and M-2I",M-2R,,25,"March 25, 2034",0,
Declining Balances Tables,145,"Class M-2, M-2R, M-2S, M-2T, M-2U and M-2I",M-2R,,35,"March 25, 2034",0,
Declining Balances Tables,145,"Class M-2, M-2R, M-2S, M-2T, M-2U and M-2I",M-2S,,0,"March 25, 2034",100,
Declining Balances Tables,145,"Class M-2, M-2R, M-2S, M-2T, M-2U and M-2I",M-2S,,5,"March 25, 2034",44,
Declining Balances Tables,145,"Class M-2, M-2R, M-2S, M-2T, M-2U and M-2I",M-2S,,10,"March 25, 2034",0,
Declining Balances Tables,145,"Class M-2, M-2R, M-2S, M-2T, M-2U and M-2I",M-2S,,15,"March 25, 2034",0,
Declining Balances Tables,145,"Class M-2, M-2R, M-2S, M-2T, M-2U and M-2I",M-2S,,25,"March 25, 2034",0,
Declining Balances Tables,145,"Class M-2, M-2R, M-2S, M-2T, M-2U and M-2I",M-2S,,35,"March 25, 2034",0,
Declining Balances Tables,145,"Class M-2, M-2R, M-2S, M-2T, M-2U and M-2I",M-2T,,0,"March 25, 2034",100,
Declining Balances Tables,145,"Class M-2, M-2R, M-2S, M-2T, M-2U and M-2I",M-2T,,5,"March 25, 2034",44,
Declining Balances Tables,145,"Class M-2, M-2R, M-2S, M-2T, M-2U and M-2I",M-2T,,10,"March 25, 2034",0,
Declining Balances Tables,145,"Class M-2, M-2R, M-2S, M-2T, M-2U and M-2I",M-2T,,15,"March 25, 2034",0,
Declining Balances Tables,145,"Class M-2, M-2R, M-2S, M-2T, M-2U and M-2I",M-2T,,25,"March 25, 2034",0,
Declining Balances Tables,145,"Class M-2, M-2R, M-2S, M-2T, M-2U and M-2I",M-2T,,35,"March 25, 2034",0,
Declining Balances Tables,145,"Class M-2, M-2R, M-2S, M-2T, M-2U and M-2I",M-2U,,0,"March 25, 2034",100,
Declining Balances Tables,145,"Class M-2, M-2R, M-2S, M-2T, M-2U and M-2I",M-2U,,5,"March 25, 2034",44,
Declining Balances Tables,145,"Class M-2, M-2R, M-2S, M-2T, M-2U and M-2I",M-2U,,10,"March 25, 2034",0,
Declining Balances Tables,145,"Class M-2, M-2R, M-2S, M-2T, M-2U and M-2I",M-2U,,15,"March 25, 2034",0,
Declining Balances Tables,145,"Class M-2, M-2R, M-2S, M-2T, M-2U and M-2I",M-2U,,25,"March 25, 2034",0,
Declining Balances Tables,145,"Class M-2, M-2R, M-2S, M-2T, M-2U and M-2I",M-2U,,35,"March 25, 2034",0,
Declining Balances Tables,145,"Class M-2, M-2R, M-2S, M-2T, M-2U and M-2I",M-2I,,0,"March 25, 2034",100,
Declining Balances Tables,145,"Class M-2, M-2R, M-2S, M-2T, M-2U and M-2I",M-2I,,5,"March 25, 2034",44,
Declining Balances Tables,145,"Class M-2, M-2R, M-2S, M-2T, M-2U and M-2I",M-2I,,10,"March 25, 2034",0,
Declining Balances Tables,145,"Class M-2, M-2R, M-2S, M-2T, M-2U and M-2I",M-2I,,15,"March 25, 2034",0,
Declining Balances Tables,145,"Class M-2, M-2R, M-2S, M-2T, M-2U and M-2I",M-2I,,25,"March 25, 2034",0,
Declining Balances Tables,145,"Class M-2, M-2R, M-2S, M-2T, M-2U and M-2I",M-2I,,35,"March 25, 2034",0,
Declining Balances Tables,145,"Class M-2, M-2R, M-2S, M-2T, M-2U and M-2I",M-2,,0,"March 25, 2035",100,
Declining Balances Tables,145,"Class M-2, M-2R, M-2S, M-2T, M-2U and M-2I",M-2,,5,"March 25, 2035",17,
Declining Balances Tables,145,"Class M-2, M-2R, M-2S, M-2T, M-2U and M-2I",M-2,,10,"March 25, 2035",0,
Declining Balances Tables,145,"Class M-2, M-2R, M-2S, M-2T, M-2U and M-2I",M-2,,15,"March 25, 2035",0,
Declining Balances Tables,145,"Class M-2, M-2R, M-2S, M-2T, M-2U and M-2I",M-2,,25,"March 25, 2035",0,
Declining Balances Tables,145,"Class M-2, M-2R, M-2S, M-2T, M-2U and M-2I",M-2,,35,"March 25, 2035",0,
Declining Balances Tables,145,"Class M-2, M-2R, M-2S, M-2T, M-2U and M-2I",M-2R,,0,"March 25, 2035",100,
Declining Balances Tables,145,"Class M-2, M-2R, M-2S, M-2T, M-2U and M-2I",M-2R,,5,"March 25, 2035",17,
Declining Balances Tables,145,"Class M-2, M-2R, M-2S, M-2T, M-2U and M-2I",M-2R,,10,"March 25, 2035",0,
Declining Balances Tables,145,"Class M-2, M-2R, M-2S, M-2T, M-2U and M-2I",M-2R,,15,"March 25, 2035",0,
Declining Balances Tables,145,"Class M-2, M-2R, M-2S, M-2T, M-2U and M-2I",M-2R,,25,"March 25, 2035",0,
Declining Balances Tables,145,"Class M-2, M-2R, M-2S, M-2T, M-2U and M-2I",M-2R,,35,"March 25, 2035",0,
Declining Balances Tables,145,"Class M-2, M-2R, M-2S, M-2T, M-2U and M-2I",M-2S,,0,"March 25, 2035",100,
Declining Balances Tables,145,"Class M-2, M-2R, M-2S, M-2T, M-2U and M-2I",M-2S,,5,"March 25, 2035",17,
Declining Balances Tables,145,"Class M-2, M-2R, M-2S, M-2T, M-2U and M-2I",M-2S,,10,"March 25, 2035",0,
Declining Balances Tables,145,"Class M-2, M-2R, M-2S, M-2T, M-2U and M-2I",M-2S,,15,"March 25, 2035",0,
Declining Balances Tables,145,"Class M-2, M-2R, M-2S, M-2T, M-2U and M-2I",M-2S,,25,"March 25, 2035",0,
Declining Balances Tables,145,"Class M-2, M-2R, M-2S, M-2T, M-2U and M-2I",M-2S,,35,"March 25, 2035",0,
Declining Balances Tables,145,"Class M-2, M-2R, M-2S, M-2T, M-2U and M-2I",M-2T,,0,"March 25, 2035",100,
Declining Balances Tables,145,"Class M-2, M-2R, M-2S, M-2T, M-2U and M-2I",M-2T,,5,"March 25, 2035",17,
Declining Balances Tables,145,"Class M-2, M-2R, M-2S, M-2T, M-2U and M-2I",M-2T,,10,"March 25, 2035",0,
Declining Balances Tables,145,"Class M-2, M-2R, M-2S, M-2T, M-2U and M-2I",M-2T,,15,"March 25, 2035",0,
Declining Balances Tables,145,"Class M-2, M-2R, M-2S, M-2T, M-2U and M-2I",M-2T,,25,"March 25, 2035",0,
Declining Balances Tables,145,"Class M-2, M-2R, M-2S, M-2T, M-2U and M-2I",M-2T,,35,"March 25, 2035",0,
Declining Balances Tables,145,"Class M-2, M-2R, M-2S, M-2T, M-2U and M-2I",M-2U,,0,"March 25, 2035",100,
Declining Balances Tables,145,"Class M-2, M-2R, M-2S, M-2T, M-2U and M-2I",M-2U,,5,"March 25, 2035",17,
Declining Balances Tables,145,"Class M-2, M-2R, M-2S, M-2T, M-2U and M-2I",M-2U,,10,"March 25, 2035",0,
Declining Balances Tables,145,"Class M-2, M-2R, M-2S, M-2T, M-2U and M-2I",M-2U,,15,"March 25, 2035",0,
Declining Balances Tables,145,"Class M-2, M-2R, M-2S, M-2T, M-2U and M-2I",M-2U,,25,"March 25, 2035",0,
Declining Balances Tables,145,"Class M-2, M-2R, M-2S, M-2T, M-2U and M-2I",M-2U,,35,"March 25, 2035",0,
Declining Balances Tables,145,"Class M-2, M-2R, M-2S, M-2T, M-2U and M-2I",M-2I,,0,"March 25, 2035",100,
Declining Balances Tables,145,"Class M-2, M-2R, M-2S, M-2T, M-2U and M-2I",M-2I,,5,"March 25, 2035",17,
Declining Balances Tables,145,"Class M-2, M-2R, M-2S, M-2T, M-2U and M-2I",M-2I,,10,"March 25, 2035",0,
Declining Balances Tables,145,"Class M-2, M-2R, M-2S, M-2T, M-2U and M-2I",M-2I,,15,"March 25, 2035",0,
Declining Balances Tables,145,"Class M-2, M-2R, M-2S, M-2T, M-2U and M-2I",M-2I,,25,"March 25, 2035",0,
Declining Balances Tables,145,"Class M-2, M-2R, M-2S, M-2T, M-2U and M-2I",M-2I,,35,"March 25, 2035",0,
Declining Balances Tables,145,"Class M-2, M-2R, M-2S, M-2T, M-2U and M-2I",M-2,,0,"March 25, 2036",100,
Declining Balances Tables,145,"Class M-2, M-2R, M-2S, M-2T, M-2U and M-2I",M-2,,5,"March 25, 2036",0,
Declining Balances Tables,145,"Class M-2, M-2R, M-2S, M-2T, M-2U and M-2I",M-2,,10,"March 25, 2036",0,
Declining Balances Tables,145,"Class M-2, M-2R, M-2S, M-2T, M-2U and M-2I",M-2,,15,"March 25, 2036",0,
Declining Balances Tables,145,"Class M-2, M-2R, M-2S, M-2T, M-2U and M-2I",M-2,,25,"March 25, 2036",0,
Declining Balances Tables,145,"Class M-2, M-2R, M-2S, M-2T, M-2U and M-2I",M-2,,35,"March 25, 2036",0,
Declining Balances Tables,145,"Class M-2, M-2R, M-2S, M-2T, M-2U and M-2I",M-2R,,0,"March 25, 2036",100,
Declining Balances Tables,145,"Class M-2, M-2R, M-2S, M-2T, M-2U and M-2I",M-2R,,5,"March 25, 2036",0,
Declining Balances Tables,145,"Class M-2, M-2R, M-2S, M-2T, M-2U and M-2I",M-2R,,10,"March 25, 2036",0,
Declining Balances Tables,145,"Class M-2, M-2R, M-2S, M-2T, M-2U and M-2I",M-2R,,15,"March 25, 2036",0,
Declining Balances Tables,145,"Class M-2, M-2R, M-2S, M-2T, M-2U and M-2I",M-2R,,25,"March 25, 2036",0,
Declining Balances Tables,145,"Class M-2, M-2R, M-2S, M-2T, M-2U and M-2I",M-2R,,35,"March 25, 2036",0,
Declining Balances Tables,145,"Class M-2, M-2R, M-2S, M-2T, M-2U and M-2I",M-2S,,0,"March 25, 2036",100,
Declining Balances Tables,145,"Class M-2, M-2R, M-2S, M-2T, M-2U and M-2I",M-2S,,5,"March 25, 2036",0,
Declining Balances Tables,145,"Class M-2, M-2R, M-2S, M-2T, M-2U and M-2I",M-2S,,10,"March 25, 2036",0,
Declining Balances Tables,145,"Class M-2, M-2R, M-2S, M-2T, M-2U and M-2I",M-2S,,15,"March 25, 2036",0,
Declining Balances Tables,145,"Class M-2, M-2R, M-2S, M-2T, M-2U and M-2I",M-2S,,25,"March 25, 2036",0,
Declining Balances Tables,145,"Class M-2, M-2R, M-2S, M-2T, M-2U and M-2I",M-2S,,35,"March 25, 2036",0,
Declining Balances Tables,145,"Class M-2, M-2R, M-2S, M-2T, M-2U and M-2I",M-2T,,0,"March 25, 2036",100,
Declining Balances Tables,145,"Class M-2, M-2R, M-2S, M-2T, M-2U and M-2I",M-2T,,5,"March 25, 2036",0,
Declining Balances Tables,145,"Class M-2, M-2R, M-2S, M-2T, M-2U and M-2I",M-2T,,10,"March 25, 2036",0,
Declining Balances Tables,145,"Class M-2, M-2R, M-2S, M-2T, M-2U and M-2I",M-2T,,15,"March 25, 2036",0,
Declining Balances Tables,145,"Class M-2, M-2R, M-2S, M-2T, M-2U and M-2I",M-2T,,25,"March 25, 2036",0,
Declining Balances Tables,145,"Class M-2, M-2R, M-2S, M-2T, M-2U and M-2I",M-2T,,35,"March 25, 2036",0,
Declining Balances Tables,145,"Class M-2, M-2R, M-2S, M-2T, M-2U and M-2I",M-2U,,0,"March 25, 2036",100,
Declining Balances Tables,145,"Class M-2, M-2R, M-2S, M-2T, M-2U and M-2I",M-2U,,5,"March 25, 2036",0,
Declining Balances Tables,145,"Class M-2, M-2R, M-2S, M-2T, M-2U and M-2I",M-2U,,10,"March 25, 2036",0,
Declining Balances Tables,145,"Class M-2, M-2R, M-2S, M-2T, M-2U and M-2I",M-2U,,15,"March 25, 2036",0,
Declining Balances Tables,145,"Class M-2, M-2R, M-2S, M-2T, M-2U and M-2I",M-2U,,25,"March 25, 2036",0,
Declining Balances Tables,145,"Class M-2, M-2R, M-2S, M-2T, M-2U and M-2I",M-2U,,35,"March 25, 2036",0,
Declining Balances Tables,145,"Class M-2, M-2R, M-2S, M-2T, M-2U and M-2I",M-2I,,0,"March 25, 2036",100,
Declining Balances Tables,145,"Class M-2, M-2R, M-2S, M-2T, M-2U and M-2I",M-2I,,5,"March 25, 2036",0,
Declining Balances Tables,145,"Class M-2, M-2R, M-2S, M-2T, M-2U and M-2I",M-2I,,10,"March 25, 2036",0,
Declining Balances Tables,145,"Class M-2, M-2R, M-2S, M-2T, M-2U and M-2I",M-2I,,15,"March 25, 2036",0,
Declining Balances Tables,145,"Class M-2, M-2R, M-2S, M-2T, M-2U and M-2I",M-2I,,25,"March 25, 2036",0,
Declining Balances Tables,145,"Class M-2, M-2R, M-2S, M-2T, M-2U and M-2I",M-2I,,35,"March 25, 2036",0,
Declining Balances Tables,145,"Class M-2, M-2R, M-2S, M-2T, M-2U and M-2I",M-2,,0,"March 25, 2037",100,
Declining Balances Tables,145,"Class M-2, M-2R, M-2S, M-2T, M-2U and M-2I",M-2,,5,"March 25, 2037",0,
Declining Balances Tables,145,"Class M-2, M-2R, M-2S, M-2T, M-2U and M-2I",M-2,,10,"March 25, 2037",0,
Declining Balances Tables,145,"Class M-2, M-2R, M-2S, M-2T, M-2U and M-2I",M-2,,15,"March 25, 2037",0,
Declining Balances Tables,145,"Class M-2, M-2R, M-2S, M-2T, M-2U and M-2I",M-2,,25,"March 25, 2037",0,
Declining Balances Tables,145,"Class M-2, M-2R, M-2S, M-2T, M-2U and M-2I",M-2,,35,"March 25, 2037",0,
Declining Balances Tables,145,"Class M-2, M-2R, M-2S, M-2T, M-2U and M-2I",M-2R,,0,"March 25, 2037",100,
Declining Balances Tables,145,"Class M-2, M-2R, M-2S, M-2T, M-2U and M-2I",M-2R,,5,"March 25, 2037",0,
Declining Balances Tables,145,"Class M-2, M-2R, M-2S, M-2T, M-2U and M-2I",M-2R,,10,"March 25, 2037",0,
Declining Balances Tables,145,"Class M-2, M-2R, M-2S, M-2T, M-2U and M-2I",M-2R,,15,"March 25, 2037",0,
Declining Balances Tables,145,"Class M-2, M-2R, M-2S, M-2T, M-2U and M-2I",M-2R,,25,"March 25, 2037",0,
Declining Balances Tables,145,"Class M-2, M-2R, M-2S, M-2T, M-2U and M-2I",M-2R,,35,"March 25, 2037",0,
Declining Balances Tables,145,"Class M-2, M-2R, M-2S, M-2T, M-2U and M-2I",M-2S,,0,"March 25, 2037",100,
Declining Balances Tables,145,"Class M-2, M-2R, M-2S, M-2T, M-2U and M-2I",M-2S,,5,"March 25, 2037",0,
Declining Balances Tables,145,"Class M-2, M-2R, M-2S, M-2T, M-2U and M-2I",M-2S,,10,"March 25, 2037",0,
Declining Balances Tables,145,"Class M-2, M-2R, M-2S, M-2T, M-2U and M-2I",M-2S,,15,"March 25, 2037",0,
Declining Balances Tables,145,"Class M-2, M-2R, M-2S, M-2T, M-2U and M-2I",M-2S,,25,"March 25, 2037",0,
Declining Balances Tables,145,"Class M-2, M-2R, M-2S, M-2T, M-2U and M-2I",M-2S,,35,"March 25, 2037",0,
Declining Balances Tables,145,"Class M-2, M-2R, M-2S, M-2T, M-2U and M-2I",M-2T,,0,"March 25, 2037",100,
Declining Balances Tables,145,"Class M-2, M-2R, M-2S, M-2T, M-2U and M-2I",M-2T,,5,"March 25, 2037",0,
Declining Balances Tables,145,"Class M-2, M-2R, M-2S, M-2T, M-2U and M-2I",M-2T,,10,"March 25, 2037",0,
Declining Balances Tables,145,"Class M-2, M-2R, M-2S, M-2T, M-2U and M-2I",M-2T,,15,"March 25, 2037",0,
Declining Balances Tables,145,"Class M-2, M-2R, M-2S, M-2T, M-2U and M-2I",M-2T,,25,"March 25, 2037",0,
Declining Balances Tables,145,"Class M-2, M-2R, M-2S, M-2T, M-2U and M-2I",M-2T,,35,"March 25, 2037",0,
Declining Balances Tables,145,"Class M-2, M-2R, M-2S, M-2T, M-2U and M-2I",M-2U,,0,"March 25, 2037",100,
Declining Balances Tables,145,"Class M-2, M-2R, M-2S, M-2T, M-2U and M-2I",M-2U,,5,"March 25, 2037",0,
Declining Balances Tables,145,"Class M-2, M-2R, M-2S, M-2T, M-2U and M-2I",M-2U,,10,"March 25, 2037",0,
Declining Balances Tables,145,"Class M-2, M-2R, M-2S, M-2T, M-2U and M-2I",M-2U,,15,"March 25, 2037",0,
Declining Balances Tables,145,"Class M-2, M-2R, M-2S, M-2T, M-2U and M-2I",M-2U,,25,"March 25, 2037",0,
Declining Balances Tables,145,"Class M-2, M-2R, M-2S, M-2T, M-2U and M-2I",M-2U,,35,"March 25, 2037",0,
Declining Balances Tables,145,"Class M-2, M-2R, M-2S, M-2T, M-2U and M-2I",M-2I,,0,"March 25, 2037",100,
Declining Balances Tables,145,"Class M-2, M-2R, M-2S, M-2T, M-2U and M-2I",M-2I,,5,"March 25, 2037",0,
Declining Balances Tables,145,"Class M-2, M-2R, M-2S, M-2T, M-2U and M-2I",M-2I,,10,"March 25, 2037",0,
Declining Balances Tables,145,"Class M-2, M-2R, M-2S, M-2T, M-2U and M-2I",M-2I,,15,"March 25, 2037",0,
Declining Balances Tables,145,"Class M-2, M-2R, M-2S, M-2T, M-2U and M-2I",M-2I,,25,"March 25, 2037",0,
Declining Balances Tables,145,"Class M-2, M-2R, M-2S, M-2T, M-2U and M-2I",M-2I,,35,"March 25, 2037",0,
Declining Balances Tables,145,"Class M-2, M-2R, M-2S, M-2T, M-2U and M-2I",M-2,,0,"March 25, 2038",100,
Declining Balances Tables,145,"Class M-2, M-2R, M-2S, M-2T, M-2U and M-2I",M-2,,5,"March 25, 2038",0,
Declining Balances Tables,145,"Class M-2, M-2R, M-2S, M-2T, M-2U and M-2I",M-2,,10,"March 25, 2038",0,
Declining Balances Tables,145,"Class M-2, M-2R, M-2S, M-2T, M-2U and M-2I",M-2,,15,"March 25, 2038",0,
Declining Balances Tables,145,"Class M-2, M-2R, M-2S, M-2T, M-2U and M-2I",M-2,,25,"March 25, 2038",0,
Declining Balances Tables,145,"Class M-2, M-2R, M-2S, M-2T, M-2U and M-2I",M-2,,35,"March 25, 2038",0,
Declining Balances Tables,145,"Class M-2, M-2R, M-2S, M-2T, M-2U and M-2I",M-2R,,0,"March 25, 2038",100,
Declining Balances Tables,145,"Class M-2, M-2R, M-2S, M-2T, M-2U and M-2I",M-2R,,5,"March 25, 2038",0,
Declining Balances Tables,145,"Class M-2, M-2R, M-2S, M-2T, M-2U and M-2I",M-2R,,10,"March 25, 2038",0,
Declining Balances Tables,145,"Class M-2, M-2R, M-2S, M-2T, M-2U and M-2I",M-2R,,15,"March 25, 2038",0,
Declining Balances Tables,145,"Class M-2, M-2R, M-2S, M-2T, M-2U and M-2I",M-2R,,25,"March 25, 2038",0,
Declining Balances Tables,145,"Class M-2, M-2R, M-2S, M-2T, M-2U and M-2I",M-2R,,35,"March 25, 2038",0,
Declining Balances Tables,145,"Class M-2, M-2R, M-2S, M-2T, M-2U and M-2I",M-2S,,0,"March 25, 2038",100,
Declining Balances Tables,145,"Class M-2, M-2R, M-2S, M-2T, M-2U and M-2I",M-2S,,5,"March 25, 2038",0,
Declining Balances Tables,145,"Class M-2, M-2R, M-2S, M-2T, M-2U and M-2I",M-2S,,10,"March 25, 2038",0,
Declining Balances Tables,145,"Class M-2, M-2R, M-2S, M-2T, M-2U and M-2I",M-2S,,15,"March 25, 2038",0,
Declining Balances Tables,145,"Class M-2, M-2R, M-2S, M-2T, M-2U and M-2I",M-2S,,25,"March 25, 2038",0,
Declining Balances Tables,145,"Class M-2, M-2R, M-2S, M-2T, M-2U and M-2I",M-2S,,35,"March 25, 2038",0,
Declining Balances Tables,145,"Class M-2, M-2R, M-2S, M-2T, M-2U and M-2I",M-2T,,0,"March 25, 2038",100,
Declining Balances Tables,145,"Class M-2, M-2R, M-2S, M-2T, M-2U and M-2I",M-2T,,5,"March 25, 2038",0,
Declining Balances Tables,145,"Class M-2, M-2R, M-2S, M-2T, M-2U and M-2I",M-2T,,10,"March 25, 2038",0,
Declining Balances Tables,145,"Class M-2, M-2R, M-2S, M-2T, M-2U and M-2I",M-2T,,15,"March 25, 2038",0,
Declining Balances Tables,145,"Class M-2, M-2R, M-2S, M-2T, M-2U and M-2I",M-2T,,25,"March 25, 2038",0,
Declining Balances Tables,145,"Class M-2, M-2R, M-2S, M-2T, M-2U and M-2I",M-2T,,35,"March 25, 2038",0,
Declining Balances Tables,145,"Class M-2, M-2R, M-2S, M-2T, M-2U and M-2I",M-2U,,0,"March 25, 2038",100,
Declining Balances Tables,145,"Class M-2, M-2R, M-2S, M-2T, M-2U and M-2I",M-2U,,5,"March 25, 2038",0,
Declining Balances Tables,145,"Class M-2, M-2R, M-2S, M-2T, M-2U and M-2I",M-2U,,10,"March 25, 2038",0,
Declining Balances Tables,145,"Class M-2, M-2R, M-2S, M-2T, M-2U and M-2I",M-2U,,15,"March 25, 2038",0,
Declining Balances Tables,145,"Class M-2, M-2R, M-2S, M-2T, M-2U and M-2I",M-2U,,25,"March 25, 2038",0,
Declining Balances Tables,145,"Class M-2, M-2R, M-2S, M-2T, M-2U and M-2I",M-2U,,35,"March 25, 2038",0,
Declining Balances Tables,145,"Class M-2, M-2R, M-2S, M-2T, M-2U and M-2I",M-2I,,0,"March 25, 2038",100,
Declining Balances Tables,145,"Class M-2, M-2R, M-2S, M-2T, M-2U and M-2I",M-2I,,5,"March 25, 2038",0,
Declining Balances Tables,145,"Class M-2, M-2R, M-2S, M-2T, M-2U and M-2I",M-2I,,10,"March 25, 2038",0,
Declining Balances Tables,145,"Class M-2, M-2R, M-2S, M-2T, M-2U and M-2I",M-2I,,15,"March 25, 2038",0,
Declining Balances Tables,145,"Class M-2, M-2R, M-2S, M-2T, M-2U and M-2I",M-2I,,25,"March 25, 2038",0,
Declining Balances Tables,145,"Class M-2, M-2R, M-2S, M-2T, M-2U and M-2I",M-2I,,35,"March 25, 2038",0,
Declining Balances Tables,145,"Class M-2, M-2R, M-2S, M-2T, M-2U and M-2I",M-2,,0,"March 25, 2039",100,
Declining Balances Tables,145,"Class M-2, M-2R, M-2S, M-2T, M-2U and M-2I",M-2,,5,"March 25, 2039",0,
Declining Balances Tables,145,"Class M-2, M-2R, M-2S, M-2T, M-2U and M-2I",M-2,,10,"March 25, 2039",0,
Declining Balances Tables,145,"Class M-2, M-2R, M-2S, M-2T, M-2U and M-2I",M-2,,15,"March 25, 2039",0,
Declining Balances Tables,145,"Class M-2, M-2R, M-2S, M-2T, M-2U and M-2I",M-2,,25,"March 25, 2039",0,
Declining Balances Tables,145,"Class M-2, M-2R, M-2S, M-2T, M-2U and M-2I",M-2,,35,"March 25, 2039",0,
Declining Balances Tables,145,"Class M-2, M-2R, M-2S, M-2T, M-2U and M-2I",M-2R,,0,"March 25, 2039",100,
Declining Balances Tables,145,"Class M-2, M-2R, M-2S, M-2T, M-2U and M-2I",M-2R,,5,"March 25, 2039",0,
Declining Balances Tables,145,"Class M-2, M-2R, M-2S, M-2T, M-2U and M-2I",M-2R,,10,"March 25, 2039",0,
Declining Balances Tables,145,"Class M-2, M-2R, M-2S, M-2T, M-2U and M-2I",M-2R,,15,"March 25, 2039",0,
Declining Balances Tables,145,"Class M-2, M-2R, M-2S, M-2T, M-2U and M-2I",M-2R,,25,"March 25, 2039",0,
Declining Balances Tables,145,"Class M-2, M-2R, M-2S, M-2T, M-2U and M-2I",M-2R,,35,"March 25, 2039",0,
Declining Balances Tables,145,"Class M-2, M-2R, M-2S, M-2T, M-2U and M-2I",M-2S,,0,"March 25, 2039",100,
Declining Balances Tables,145,"Class M-2, M-2R, M-2S, M-2T, M-2U and M-2I",M-2S,,5,"March 25, 2039",0,
Declining Balances Tables,145,"Class M-2, M-2R, M-2S, M-2T, M-2U and M-2I",M-2S,,10,"March 25, 2039",0,
Declining Balances Tables,145,"Class M-2, M-2R, M-2S, M-2T, M-2U and M-2I",M-2S,,15,"March 25, 2039",0,
Declining Balances Tables,145,"Class M-2, M-2R, M-2S, M-2T, M-2U and M-2I",M-2S,,25,"March 25, 2039",0,
Declining Balances Tables,145,"Class M-2, M-2R, M-2S, M-2T, M-2U and M-2I",M-2S,,35,"March 25, 2039",0,
Declining Balances Tables,145,"Class M-2, M-2R, M-2S, M-2T, M-2U and M-2I",M-2T,,0,"March 25, 2039",100,
Declining Balances Tables,145,"Class M-2, M-2R, M-2S, M-2T, M-2U and M-2I",M-2T,,5,"March 25, 2039",0,
Declining Balances Tables,145,"Class M-2, M-2R, M-2S, M-2T, M-2U and M-2I",M-2T,,10,"March 25, 2039",0,
Declining Balances Tables,145,"Class M-2, M-2R, M-2S, M-2T, M-2U and M-2I",M-2T,,15,"March 25, 2039",0,
Declining Balances Tables,145,"Class M-2, M-2R, M-2S, M-2T, M-2U and M-2I",M-2T,,25,"March 25, 2039",0,
Declining Balances Tables,145,"Class M-2, M-2R, M-2S, M-2T, M-2U and M-2I",M-2T,,35,"March 25, 2039",0,
Declining Balances Tables,145,"Class M-2, M-2R, M-2S, M-2T, M-2U and M-2I",M-2U,,0,"March 25, 2039",100,
Declining Balances Tables,145,"Class M-2, M-2R, M-2S, M-2T, M-2U and M-2I",M-2U,,5,"March 25, 2039",0,
Declining Balances Tables,145,"Class M-2, M-2R, M-2S, M-2T, M-2U and M-2I",M-2U,,10,"March 25, 2039",0,
Declining Balances Tables,145,"Class M-2, M-2R, M-2S, M-2T, M-2U and M-2I",M-2U,,15,"March 25, 2039",0,
Declining Balances Tables,145,"Class M-2, M-2R, M-2S, M-2T, M-2U and M-2I",M-2U,,25,"March 25, 2039",0,
Declining Balances Tables,145,"Class M-2, M-2R, M-2S, M-2T, M-2U and M-2I",M-2U,,35,"March 25, 2039",0,
Declining Balances Tables,145,"Class M-2, M-2R, M-2S, M-2T, M-2U and M-2I",M-2I,,0,"March 25, 2039",100,
Declining Balances Tables,145,"Class M-2, M-2R, M-2S, M-2T, M-2U and M-2I",M-2I,,5,"March 25, 2039",0,
Declining Balances Tables,145,"Class M-2, M-2R, M-2S, M-2T, M-2U and M-2I",M-2I,,10,"March 25, 2039",0,
Declining Balances Tables,145,"Class M-2, M-2R, M-2S, M-2T, M-2U and M-2I",M-2I,,15,"March 25, 2039",0,
Declining Balances Tables,145,"Class M-2, M-2R, M-2S, M-2T, M-2U and M-2I",M-2I,,25,"March 25, 2039",0,
Declining Balances Tables,145,"Class M-2, M-2R, M-2S, M-2T, M-2U and M-2I",M-2I,,35,"March 25, 2039",0,
Declining Balances Tables,145,"Class M-2, M-2R, M-2S, M-2T, M-2U and M-2I",M-2,,0,"March 25, 2040",100,
Declining Balances Tables,145,"Class M-2, M-2R, M-2S, M-2T, M-2U and M-2I",M-2,,5,"March 25, 2040",0,
Declining Balances Tables,145,"Class M-2, M-2R, M-2S, M-2T, M-2U and M-2I",M-2,,10,"March 25, 2040",0,
Declining Balances Tables,145,"Class M-2, M-2R, M-2S, M-2T, M-2U and M-2I",M-2,,15,"March 25, 2040",0,
Declining Balances Tables,145,"Class M-2, M-2R, M-2S, M-2T, M-2U and M-2I",M-2,,25,"March 25, 2040",0,
Declining Balances Tables,145,"Class M-2, M-2R, M-2S, M-2T, M-2U and M-2I",M-2,,35,"March 25, 2040",0,
Declining Balances Tables,145,"Class M-2, M-2R, M-2S, M-2T, M-2U and M-2I",M-2R,,0,"March 25, 2040",100,
Declining Balances Tables,145,"Class M-2, M-2R, M-2S, M-2T, M-2U and M-2I",M-2R,,5,"March 25, 2040",0,
Declining Balances Tables,145,"Class M-2, M-2R, M-2S, M-2T, M-2U and M-2I",M-2R,,10,"March 25, 2040",0,
Declining Balances Tables,145,"Class M-2, M-2R, M-2S, M-2T, M-2U and M-2I",M-2R,,15,"March 25, 2040",0,
Declining Balances Tables,145,"Class M-2, M-2R, M-2S, M-2T, M-2U and M-2I",M-2R,,25,"March 25, 2040",0,
Declining Balances Tables,145,"Class M-2, M-2R, M-2S, M-2T, M-2U and M-2I",M-2R,,35,"March 25, 2040",0,
Declining Balances Tables,145,"Class M-2, M-2R, M-2S, M-2T, M-2U and M-2I",M-2S,,0,"March 25, 2040",100,
Declining Balances Tables,145,"Class M-2, M-2R, M-2S, M-2T, M-2U and M-2I",M-2S,,5,"March 25, 2040",0,
Declining Balances Tables,145,"Class M-2, M-2R, M-2S, M-2T, M-2U and M-2I",M-2S,,10,"March 25, 2040",0,
Declining Balances Tables,145,"Class M-2, M-2R, M-2S, M-2T, M-2U and M-2I",M-2S,,15,"March 25, 2040",0,
Declining Balances Tables,145,"Class M-2, M-2R, M-2S, M-2T, M-2U and M-2I",M-2S,,25,"March 25, 2040",0,
Declining Balances Tables,145,"Class M-2, M-2R, M-2S, M-2T, M-2U and M-2I",M-2S,,35,"March 25, 2040",0,
Declining Balances Tables,145,"Class M-2, M-2R, M-2S, M-2T, M-2U and M-2I",M-2T,,0,"March 25, 2040",100,
Declining Balances Tables,145,"Class M-2, M-2R, M-2S, M-2T, M-2U and M-2I",M-2T,,5,"March 25, 2040",0,
Declining Balances Tables,145,"Class M-2, M-2R, M-2S, M-2T, M-2U and M-2I",M-2T,,10,"March 25, 2040",0,
Declining Balances Tables,145,"Class M-2, M-2R, M-2S, M-2T, M-2U and M-2I",M-2T,,15,"March 25, 2040",0,
Declining Balances Tables,145,"Class M-2, M-2R, M-2S, M-2T, M-2U and M-2I",M-2T,,25,"March 25, 2040",0,
Declining Balances Tables,145,"Class M-2, M-2R, M-2S, M-2T, M-2U and M-2I",M-2T,,35,"March 25, 2040",0,
Declining Balances Tables,145,"Class M-2, M-2R, M-2S, M-2T, M-2U and M-2I",M-2U,,0,"March 25, 2040",100,
Declining Balances Tables,145,"Class M-2, M-2R, M-2S, M-2T, M-2U and M-2I",M-2U,,5,"March 25, 2040",0,
Declining Balances Tables,145,"Class M-2, M-2R, M-2S, M-2T, M-2U and M-2I",M-2U,,10,"March 25, 2040",0,
Declining Balances Tables,145,"Class M-2, M-2R, M-2S, M-2T, M-2U and M-2I",M-2U,,15,"March 25, 2040",0,
Declining Balances Tables,145,"Class M-2, M-2R, M-2S, M-2T, M-2U and M-2I",M-2U,,25,"March 25, 2040",0,
Declining Balances Tables,145,"Class M-2, M-2R, M-2S, M-2T, M-2U and M-2I",M-2U,,35,"March 25, 2040",0,
Declining Balances Tables,145,"Class M-2, M-2R, M-2S, M-2T, M-2U and M-2I",M-2I,,0,"March 25, 2040",100,
Declining Balances Tables,145,"Class M-2, M-2R, M-2S, M-2T, M-2U and M-2I",M-2I,,5,"March 25, 2040",0,
Declining Balances Tables,145,"Class M-2, M-2R, M-2S, M-2T, M-2U and M-2I",M-2I,,10,"March 25, 2040",0,
Declining Balances Tables,145,"Class M-2, M-2R, M-2S, M-2T, M-2U and M-2I",M-2I,,15,"March 25, 2040",0,
Declining Balances Tables,145,"Class M-2, M-2R, M-2S, M-2T, M-2U and M-2I",M-2I,,25,"March 25, 2040",0,
Declining Balances Tables,145,"Class M-2, M-2R, M-2S, M-2T, M-2U and M-2I",M-2I,,35,"March 25, 2040",0,
Declining Balances Tables,145,"Class M-2, M-2R, M-2S, M-2T, M-2U and M-2I",M-2,,0,"March 25, 2041",100,
Declining Balances Tables,145,"Class M-2, M-2R, M-2S, M-2T, M-2U and M-2I",M-2,,5,"March 25, 2041",0,
Declining Balances Tables,145,"Class M-2, M-2R, M-2S, M-2T, M-2U and M-2I",M-2,,10,"March 25, 2041",0,
Declining Balances Tables,145,"Class M-2, M-2R, M-2S, M-2T, M-2U and M-2I",M-2,,15,"March 25, 2041",0,
Declining Balances Tables,145,"Class M-2, M-2R, M-2S, M-2T, M-2U and M-2I",M-2,,25,"March 25, 2041",0,
Declining Balances Tables,145,"Class M-2, M-2R, M-2S, M-2T, M-2U and M-2I",M-2,,35,"March 25, 2041",0,
Declining Balances Tables,145,"Class M-2, M-2R, M-2S, M-2T, M-2U and M-2I",M-2R,,0,"March 25, 2041",100,
Declining Balances Tables,145,"Class M-2, M-2R, M-2S, M-2T, M-2U and M-2I",M-2R,,5,"March 25, 2041",0,
Declining Balances Tables,145,"Class M-2, M-2R, M-2S, M-2T, M-2U and M-2I",M-2R,,10,"March 25, 2041",0,
Declining Balances Tables,145,"Class M-2, M-2R, M-2S, M-2T, M-2U and M-2I",M-2R,,15,"March 25, 2041",0,
Declining Balances Tables,145,"Class M-2, M-2R, M-2S, M-2T, M-2U and M-2I",M-2R,,25,"March 25, 2041",0,
Declining Balances Tables,145,"Class M-2, M-2R, M-2S, M-2T, M-2U and M-2I",M-2R,,35,"March 25, 2041",0,
Declining Balances Tables,145,"Class M-2, M-2R, M-2S, M-2T, M-2U and M-2I",M-2S,,0,"March 25, 2041",100,
Declining Balances Tables,145,"Class M-2, M-2R, M-2S, M-2T, M-2U and M-2I",M-2S,,5,"March 25, 2041",0,
Declining Balances Tables,145,"Class M-2, M-2R, M-2S, M-2T, M-2U and M-2I",M-2S,,10,"March 25, 2041",0,
Declining Balances Tables,145,"Class M-2, M-2R, M-2S, M-2T, M-2U and M-2I",M-2S,,15,"March 25, 2041",0,
Declining Balances Tables,145,"Class M-2, M-2R, M-2S, M-2T, M-2U and M-2I",M-2S,,25,"March 25, 2041",0,
Declining Balances Tables,145,"Class M-2, M-2R, M-2S, M-2T, M-2U and M-2I",M-2S,,35,"March 25, 2041",0,
Declining Balances Tables,145,"Class M-2, M-2R, M-2S, M-2T, M-2U and M-2I",M-2T,,0,"March 25, 2041",100,
Declining Balances Tables,145,"Class M-2, M-2R, M-2S, M-2T, M-2U and M-2I",M-2T,,5,"March 25, 2041",0,
Declining Balances Tables,145,"Class M-2, M-2R, M-2S, M-2T, M-2U and M-2I",M-2T,,10,"March 25, 2041",0,
Declining Balances Tables,145,"Class M-2, M-2R, M-2S, M-2T, M-2U and M-2I",M-2T,,15,"March 25, 2041",0,
Declining Balances Tables,145,"Class M-2, M-2R, M-2S, M-2T, M-2U and M-2I",M-2T,,25,"March 25, 2041",0,
Declining Balances Tables,145,"Class M-2, M-2R, M-2S, M-2T, M-2U and M-2I",M-2T,,35,"March 25, 2041",0,
Declining Balances Tables,145,"Class M-2, M-2R, M-2S, M-2T, M-2U and M-2I",M-2U,,0,"March 25, 2041",100,
Declining Balances Tables,145,"Class M-2, M-2R, M-2S, M-2T, M-2U and M-2I",M-2U,,5,"March 25, 2041",0,
Declining Balances Tables,145,"Class M-2, M-2R, M-2S, M-2T, M-2U and M-2I",M-2U,,10,"March 25, 2041",0,
Declining Balances Tables,145,"Class M-2, M-2R, M-2S, M-2T, M-2U and M-2I",M-2U,,15,"March 25, 2041",0,
Declining Balances Tables,145,"Class M-2, M-2R, M-2S, M-2T, M-2U and M-2I",M-2U,,25,"March 25, 2041",0,
Declining Balances Tables,145,"Class M-2, M-2R, M-2S, M-2T, M-2U and M-2I",M-2U,,35,"March 25, 2041",0,
Declining Balances Tables,145,"Class M-2, M-2R, M-2S, M-2T, M-2U and M-2I",M-2I,,0,"March 25, 2041",100,
Declining Balances Tables,145,"Class M-2, M-2R, M-2S, M-2T, M-2U and M-2I",M-2I,,5,"March 25, 2041",0,
Declining Balances Tables,145,"Class M-2, M-2R, M-2S, M-2T, M-2U and M-2I",M-2I,,10,"March 25, 2041",0,
Declining Balances Tables,145,"Class M-2, M-2R, M-2S, M-2T, M-2U and M-2I",M-2I,,15,"March 25, 2041",0,
Declining Balances Tables,145,"Class M-2, M-2R, M-2S, M-2T, M-2U and M-2I",M-2I,,25,"March 25, 2041",0,
Declining Balances Tables,145,"Class M-2, M-2R, M-2S, M-2T, M-2U and M-2I",M-2I,,35,"March 25, 2041",0,
Declining Balances Tables,145,"Class M-2, M-2R, M-2S, M-2T, M-2U and M-2I",M-2,,0,"March 25, 2042",100,
Declining Balances Tables,145,"Class M-2, M-2R, M-2S, M-2T, M-2U and M-2I",M-2,,5,"March 25, 2042",0,
Declining Balances Tables,145,"Class M-2, M-2R, M-2S, M-2T, M-2U and M-2I",M-2,,10,"March 25, 2042",0,
Declining Balances Tables,145,"Class M-2, M-2R, M-2S, M-2T, M-2U and M-2I",M-2,,15,"March 25, 2042",0,
Declining Balances Tables,145,"Class M-2, M-2R, M-2S, M-2T, M-2U and M-2I",M-2,,25,"March 25, 2042",0,
Declining Balances Tables,145,"Class M-2, M-2R, M-2S, M-2T, M-2U and M-2I",M-2,,35,"March 25, 2042",0,
Declining Balances Tables,145,"Class M-2, M-2R, M-2S, M-2T, M-2U and M-2I",M-2R,,0,"March 25, 2042",100,
Declining Balances Tables,145,"Class M-2, M-2R, M-2S, M-2T, M-2U and M-2I",M-2R,,5,"March 25, 2042",0,
Declining Balances Tables,145,"Class M-2, M-2R, M-2S, M-2T, M-2U and M-2I",M-2R,,10,"March 25, 2042",0,
Declining Balances Tables,145,"Class M-2, M-2R, M-2S, M-2T, M-2U and M-2I",M-2R,,15,"March 25, 2042",0,
Declining Balances Tables,145,"Class M-2, M-2R, M-2S, M-2T, M-2U and M-2I",M-2R,,25,"March 25, 2042",0,
Declining Balances Tables,145,"Class M-2, M-2R, M-2S, M-2T, M-2U and M-2I",M-2R,,35,"March 25, 2042",0,
Declining Balances Tables,145,"Class M-2, M-2R, M-2S, M-2T, M-2U and M-2I",M-2S,,0,"March 25, 2042",100,
Declining Balances Tables,145,"Class M-2, M-2R, M-2S, M-2T, M-2U and M-2I",M-2S,,5,"March 25, 2042",0,
Declining Balances Tables,145,"Class M-2, M-2R, M-2S, M-2T, M-2U and M-2I",M-2S,,10,"March 25, 2042",0,
Declining Balances Tables,145,"Class M-2, M-2R, M-2S, M-2T, M-2U and M-2I",M-2S,,15,"March 25, 2042",0,
Declining Balances Tables,145,"Class M-2, M-2R, M-2S, M-2T, M-2U and M-2I",M-2S,,25,"March 25, 2042",0,
Declining Balances Tables,145,"Class M-2, M-2R, M-2S, M-2T, M-2U and M-2I",M-2S,,35,"March 25, 2042",0,
Declining Balances Tables,145,"Class M-2, M-2R, M-2S, M-2T, M-2U and M-2I",M-2T,,0,"March 25, 2042",100,
Declining Balances Tables,145,"Class M-2, M-2R, M-2S, M-2T, M-2U and M-2I",M-2T,,5,"March 25, 2042",0,
Declining Balances Tables,145,"Class M-2, M-2R, M-2S, M-2T, M-2U and M-2I",M-2T,,10,"March 25, 2042",0,
Declining Balances Tables,145,"Class M-2, M-2R, M-2S, M-2T, M-2U and M-2I",M-2T,,15,"March 25, 2042",0,
Declining Balances Tables,145,"Class M-2, M-2R, M-2S, M-2T, M-2U and M-2I",M-2T,,25,"March 25, 2042",0,
Declining Balances Tables,145,"Class M-2, M-2R, M-2S, M-2T, M-2U and M-2I",M-2T,,35,"March 25, 2042",0,
Declining Balances Tables,145,"Class M-2, M-2R, M-2S, M-2T, M-2U and M-2I",M-2U,,0,"March 25, 2042",100,
Declining Balances Tables,145,"Class M-2, M-2R, M-2S, M-2T, M-2U and M-2I",M-2U,,5,"March 25, 2042",0,
Declining Balances Tables,145,"Class M-2, M-2R, M-2S, M-2T, M-2U and M-2I",M-2U,,10,"March 25, 2042",0,
Declining Balances Tables,145,"Class M-2, M-2R, M-2S, M-2T, M-2U and M-2I",M-2U,,15,"March 25, 2042",0,
Declining Balances Tables,145,"Class M-2, M-2R, M-2S, M-2T, M-2U and M-2I",M-2U,,25,"March 25, 2042",0,
Declining Balances Tables,145,"Class M-2, M-2R, M-2S, M-2T, M-2U and M-2I",M-2U,,35,"March 25, 2042",0,
Declining Balances Tables,145,"Class M-2, M-2R, M-2S, M-2T, M-2U and M-2I",M-2I,,0,"March 25, 2042",100,
Declining Balances Tables,145,"Class M-2, M-2R, M-2S, M-2T, M-2U and M-2I",M-2I,,5,"March 25, 2042",0,
Declining Balances Tables,145,"Class M-2, M-2R, M-2S, M-2T, M-2U and M-2I",M-2I,,10,"March 25, 2042",0,
Declining Balances Tables,145,"Class M-2, M-2R, M-2S, M-2T, M-2U and M-2I",M-2I,,15,"March 25, 2042",0,
Declining Balances Tables,145,"Class M-2, M-2R, M-2S, M-2T, M-2U and M-2I",M-2I,,25,"March 25, 2042",0,
Declining Balances Tables,145,"Class M-2, M-2R, M-2S, M-2T, M-2U and M-2I",M-2I,,35,"March 25, 2042",0,
Declining Balances Tables,145,"Class M-2, M-2R, M-2S, M-2T, M-2U and M-2I",M-2,,0,"March 25, 2043",89,
Declining Balances Tables,145,"Class M-2, M-2R, M-2S, M-2T, M-2U and M-2I",M-2,,5,"March 25, 2043",0,
Declining Balances Tables,145,"Class M-2, M-2R, M-2S, M-2T, M-2U and M-2I",M-2,,10,"March 25, 2043",0,
Declining Balances Tables,145,"Class M-2, M-2R, M-2S, M-2T, M-2U and M-2I",M-2,,15,"March 25, 2043",0,
Declining Balances Tables,145,"Class M-2, M-2R, M-2S, M-2T, M-2U and M-2I",M-2,,25,"March 25, 2043",0,
Declining Balances Tables,145,"Class M-2, M-2R, M-2S, M-2T, M-2U and M-2I",M-2,,35,"March 25, 2043",0,
Declining Balances Tables,145,"Class M-2, M-2R, M-2S, M-2T, M-2U and M-2I",M-2R,,0,"March 25, 2043",89,
Declining Balances Tables,145,"Class M-2, M-2R, M-2S, M-2T, M-2U and M-2I",M-2R,,5,"March 25, 2043",0,
Declining Balances Tables,145,"Class M-2, M-2R, M-2S, M-2T, M-2U and M-2I",M-2R,,10,"March 25, 2043",0,
Declining Balances Tables,145,"Class M-2, M-2R, M-2S, M-2T, M-2U and M-2I",M-2R,,15,"March 25, 2043",0,
Declining Balances Tables,145,"Class M-2, M-2R, M-2S, M-2T, M-2U and M-2I",M-2R,,25,"March 25, 2043",0,
Declining Balances Tables,145,"Class M-2, M-2R, M-2S, M-2T, M-2U and M-2I",M-2R,,35,"March 25, 2043",0,
Declining Balances Tables,145,"Class M-2, M-2R, M-2S, M-2T, M-2U and M-2I",M-2S,,0,"March 25, 2043",89,
Declining Balances Tables,145,"Class M-2, M-2R, M-2S, M-2T, M-2U and M-2I",M-2S,,5,"March 25, 2043",0,
Declining Balances Tables,145,"Class M-2, M-2R, M-2S, M-2T, M-2U and M-2I",M-2S,,10,"March 25, 2043",0,
Declining Balances Tables,145,"Class M-2, M-2R, M-2S, M-2T, M-2U and M-2I",M-2S,,15,"March 25, 2043",0,
Declining Balances Tables,145,"Class M-2, M-2R, M-2S, M-2T, M-2U and M-2I",M-2S,,25,"March 25, 2043",0,
Declining Balances Tables,145,"Class M-2, M-2R, M-2S, M-2T, M-2U and M-2I",M-2S,,35,"March 25, 2043",0,
Declining Balances Tables,145,"Class M-2, M-2R, M-2S, M-2T, M-2U and M-2I",M-2T,,0,"March 25, 2043",89,
Declining Balances Tables,145,"Class M-2, M-2R, M-2S, M-2T, M-2U and M-2I",M-2T,,5,"March 25, 2043",0,
Declining Balances Tables,145,"Class M-2, M-2R, M-2S, M-2T, M-2U and M-2I",M-2T,,10,"March 25, 2043",0,
Declining Balances Tables,145,"Class M-2, M-2R, M-2S, M-2T, M-2U and M-2I",M-2T,,15,"March 25, 2043",0,
Declining Balances Tables,145,"Class M-2, M-2R, M-2S, M-2T, M-2U and M-2I",M-2T,,25,"March 25, 2043",0,
Declining Balances Tables,145,"Class M-2, M-2R, M-2S, M-2T, M-2U and M-2I",M-2T,,35,"March 25, 2043",0,
Declining Balances Tables,145,"Class M-2, M-2R, M-2S, M-2T, M-2U and M-2I",M-2U,,0,"March 25, 2043",89,
Declining Balances Tables,145,"Class M-2, M-2R, M-2S, M-2T, M-2U and M-2I",M-2U,,5,"March 25, 2043",0,
Declining Balances Tables,145,"Class M-2, M-2R, M-2S, M-2T, M-2U and M-2I",M-2U,,10,"March 25, 2043",0,
Declining Balances Tables,145,"Class M-2, M-2R, M-2S, M-2T, M-2U and M-2I",M-2U,,15,"March 25, 2043",0,
Declining Balances Tables,145,"Class M-2, M-2R, M-2S, M-2T, M-2U and M-2I",M-2U,,25,"March 25, 2043",0,
Declining Balances Tables,145,"Class M-2, M-2R, M-2S, M-2T, M-2U and M-2I",M-2U,,35,"March 25, 2043",0,
Declining Balances Tables,145,"Class M-2, M-2R, M-2S, M-2T, M-2U and M-2I",M-2I,,0,"March 25, 2043",89,
Declining Balances Tables,145,"Class M-2, M-2R, M-2S, M-2T, M-2U and M-2I",M-2I,,5,"March 25, 2043",0,
Declining Balances Tables,145,"Class M-2, M-2R, M-2S, M-2T, M-2U and M-2I",M-2I,,10,"March 25, 2043",0,
Declining Balances Tables,145,"Class M-2, M-2R, M-2S, M-2T, M-2U and M-2I",M-2I,,15,"March 25, 2043",0,
Declining Balances Tables,145,"Class M-2, M-2R, M-2S, M-2T, M-2U and M-2I",M-2I,,25,"March 25, 2043",0,
Declining Balances Tables,145,"Class M-2, M-2R, M-2S, M-2T, M-2U and M-2I",M-2I,,35,"March 25, 2043",0,
Declining Balances Tables,145,"Class M-2, M-2R, M-2S, M-2T, M-2U and M-2I",M-2,,0,"March 25, 2044",66,
Declining Balances Tables,145,"Class M-2, M-2R, M-2S, M-2T, M-2U and M-2I",M-2,,5,"March 25, 2044",0,
Declining Balances Tables,145,"Class M-2, M-2R, M-2S, M-2T, M-2U and M-2I",M-2,,10,"March 25, 2044",0,
Declining Balances Tables,145,"Class M-2, M-2R, M-2S, M-2T, M-2U and M-2I",M-2,,15,"March 25, 2044",0,
Declining Balances Tables,145,"Class M-2, M-2R, M-2S, M-2T, M-2U and M-2I",M-2,,25,"March 25, 2044",0,
Declining Balances Tables,145,"Class M-2, M-2R, M-2S, M-2T, M-2U and M-2I",M-2,,35,"March 25, 2044",0,
Declining Balances Tables,145,"Class M-2, M-2R, M-2S, M-2T, M-2U and M-2I",M-2R,,0,"March 25, 2044",66,
Declining Balances Tables,145,"Class M-2, M-2R, M-2S, M-2T, M-2U and M-2I",M-2R,,5,"March 25, 2044",0,
Declining Balances Tables,145,"Class M-2, M-2R, M-2S, M-2T, M-2U and M-2I",M-2R,,10,"March 25, 2044",0,
Declining Balances Tables,145,"Class M-2, M-2R, M-2S, M-2T, M-2U and M-2I",M-2R,,15,"March 25, 2044",0,
Declining Balances Tables,145,"Class M-2, M-2R, M-2S, M-2T, M-2U and M-2I",M-2R,,25,"March 25, 2044",0,
Declining Balances Tables,145,"Class M-2, M-2R, M-2S, M-2T, M-2U and M-2I",M-2R,,35,"March 25, 2044",0,
Declining Balances Tables,145,"Class M-2, M-2R, M-2S, M-2T, M-2U and M-2I",M-2S,,0,"March 25, 2044",66,
Declining Balances Tables,145,"Class M-2, M-2R, M-2S, M-2T, M-2U and M-2I",M-2S,,5,"March 25, 2044",0,
Declining Balances Tables,145,"Class M-2, M-2R, M-2S, M-2T, M-2U and M-2I",M-2S,,10,"March 25, 2044",0,
Declining Balances Tables,145,"Class M-2, M-2R, M-2S, M-2T, M-2U and M-2I",M-2S,,15,"March 25, 2044",0,
Declining Balances Tables,145,"Class M-2, M-2R, M-2S, M-2T, M-2U and M-2I",M-2S,,25,"March 25, 2044",0,
Declining Balances Tables,145,"Class M-2, M-2R, M-2S, M-2T, M-2U and M-2I",M-2S,,35,"March 25, 2044",0,
Declining Balances Tables,145,"Class M-2, M-2R, M-2S, M-2T, M-2U and M-2I",M-2T,,0,"March 25, 2044",66,
Declining Balances Tables,145,"Class M-2, M-2R, M-2S, M-2T, M-2U and M-2I",M-2T,,5,"March 25, 2044",0,
Declining Balances Tables,145,"Class M-2, M-2R, M-2S, M-2T, M-2U and M-2I",M-2T,,10,"March 25, 2044",0,
Declining Balances Tables,145,"Class M-2, M-2R, M-2S, M-2T, M-2U and M-2I",M-2T,,15,"March 25, 2044",0,
Declining Balances Tables,145,"Class M-2, M-2R, M-2S, M-2T, M-2U and M-2I",M-2T,,25,"March 25, 2044",0,
Declining Balances Tables,145,"Class M-2, M-2R, M-2S, M-2T, M-2U and M-2I",M-2T,,35,"March 25, 2044",0,
Declining Balances Tables,145,"Class M-2, M-2R, M-2S, M-2T, M-2U and M-2I",M-2U,,0,"March 25, 2044",66,
Declining Balances Tables,145,"Class M-2, M-2R, M-2S, M-2T, M-2U and M-2I",M-2U,,5,"March 25, 2044",0,
Declining Balances Tables,145,"Class M-2, M-2R, M-2S, M-2T, M-2U and M-2I",M-2U,,10,"March 25, 2044",0,
Declining Balances Tables,145,"Class M-2, M-2R, M-2S, M-2T, M-2U and M-2I",M-2U,,15,"March 25, 2044",0,
Declining Balances Tables,145,"Class M-2, M-2R, M-2S, M-2T, M-2U and M-2I",M-2U,,25,"March 25, 2044",0,
Declining Balances Tables,145,"Class M-2, M-2R, M-2S, M-2T, M-2U and M-2I",M-2U,,35,"March 25, 2044",0,
Declining Balances Tables,145,"Class M-2, M-2R, M-2S, M-2T, M-2U and M-2I",M-2I,,0,"March 25, 2044",66,
Declining Balances Tables,145,"Class M-2, M-2R, M-2S, M-2T, M-2U and M-2I",M-2I,,5,"March 25, 2044",0,
Declining Balances Tables,145,"Class M-2, M-2R, M-2S, M-2T, M-2U and M-2I",M-2I,,10,"March 25, 2044",0,
Declining Balances Tables,145,"Class M-2, M-2R, M-2S, M-2T, M-2U and M-2I",M-2I,,15,"March 25, 2044",0,
Declining Balances Tables,145,"Class M-2, M-2R, M-2S, M-2T, M-2U and M-2I",M-2I,,25,"March 25, 2044",0,
Declining Balances Tables,145,"Class M-2, M-2R, M-2S, M-2T, M-2U and M-2I",M-2I,,35,"March 25, 2044",0,
Declining Balances Tables,145,"Class M-2, M-2R, M-2S, M-2T, M-2U and M-2I",M-2,,0,"March 25, 2045",40,
Declining Balances Tables,145,"Class M-2, M-2R, M-2S, M-2T, M-2U and M-2I",M-2,,5,"March 25, 2045",0,
Declining Balances Tables,145,"Class M-2, M-2R, M-2S, M-2T, M-2U and M-2I",M-2,,10,"March 25, 2045",0,
Declining Balances Tables,145,"Class M-2, M-2R, M-2S, M-2T, M-2U and M-2I",M-2,,15,"March 25, 2045",0,
Declining Balances Tables,145,"Class M-2, M-2R, M-2S, M-2T, M-2U and M-2I",M-2,,25,"March 25, 2045",0,
Declining Balances Tables,145,"Class M-2, M-2R, M-2S, M-2T, M-2U and M-2I",M-2,,35,"March 25, 2045",0,
Declining Balances Tables,145,"Class M-2, M-2R, M-2S, M-2T, M-2U and M-2I",M-2R,,0,"March 25, 2045",40,
Declining Balances Tables,145,"Class M-2, M-2R, M-2S, M-2T, M-2U and M-2I",M-2R,,5,"March 25, 2045",0,
Declining Balances Tables,145,"Class M-2, M-2R, M-2S, M-2T, M-2U and M-2I",M-2R,,10,"March 25, 2045",0,
Declining Balances Tables,145,"Class M-2, M-2R, M-2S, M-2T, M-2U and M-2I",M-2R,,15,"March 25, 2045",0,
Declining Balances Tables,145,"Class M-2, M-2R, M-2S, M-2T, M-2U and M-2I",M-2R,,25,"March 25, 2045",0,
Declining Balances Tables,145,"Class M-2, M-2R, M-2S, M-2T, M-2U and M-2I",M-2R,,35,"March 25, 2045",0,
Declining Balances Tables,145,"Class M-2, M-2R, M-2S, M-2T, M-2U and M-2I",M-2S,,0,"March 25, 2045",40,
Declining Balances Tables,145,"Class M-2, M-2R, M-2S, M-2T, M-2U and M-2I",M-2S,,5,"March 25, 2045",0,
Declining Balances Tables,145,"Class M-2, M-2R, M-2S, M-2T, M-2U and M-2I",M-2S,,10,"March 25, 2045",0,
Declining Balances Tables,145,"Class M-2, M-2R, M-2S, M-2T, M-2U and M-2I",M-2S,,15,"March 25, 2045",0,
Declining Balances Tables,145,"Class M-2, M-2R, M-2S, M-2T, M-2U and M-2I",M-2S,,25,"March 25, 2045",0,
Declining Balances Tables,145,"Class M-2, M-2R, M-2S, M-2T, M-2U and M-2I",M-2S,,35,"March 25, 2045",0,
Declining Balances Tables,145,"Class M-2, M-2R, M-2S, M-2T, M-2U and M-2I",M-2T,,0,"March 25, 2045",40,
Declining Balances Tables,145,"Class M-2, M-2R, M-2S, M-2T, M-2U and M-2I",M-2T,,5,"March 25, 2045",0,
Declining Balances Tables,145,"Class M-2, M-2R, M-2S, M-2T, M-2U and M-2I",M-2T,,10,"March 25, 2045",0,
Declining Balances Tables,145,"Class M-2, M-2R, M-2S, M-2T, M-2U and M-2I",M-2T,,15,"March 25, 2045",0,
Declining Balances Tables,145,"Class M-2, M-2R, M-2S, M-2T, M-2U and M-2I",M-2T,,25,"March 25, 2045",0,
Declining Balances Tables,145,"Class M-2, M-2R, M-2S, M-2T, M-2U and M-2I",M-2T,,35,"March 25, 2045",0,
Declining Balances Tables,145,"Class M-2, M-2R, M-2S, M-2T, M-2U and M-2I",M-2U,,0,"March 25, 2045",40,
Declining Balances Tables,145,"Class M-2, M-2R, M-2S, M-2T, M-2U and M-2I",M-2U,,5,"March 25, 2045",0,
Declining Balances Tables,145,"Class M-2, M-2R, M-2S, M-2T, M-2U and M-2I",M-2U,,10,"March 25, 2045",0,
Declining Balances Tables,145,"Class M-2, M-2R, M-2S, M-2T, M-2U and M-2I",M-2U,,15,"March 25, 2045",0,
Declining Balances Tables,145,"Class M-2, M-2R, M-2S, M-2T, M-2U and M-2I",M-2U,,25,"March 25, 2045",0,
Declining Balances Tables,145,"Class M-2, M-2R, M-2S, M-2T, M-2U and M-2I",M-2U,,35,"March 25, 2045",0,
Declining Balances Tables,145,"Class M-2, M-2R, M-2S, M-2T, M-2U and M-2I",M-2I,,0,"March 25, 2045",40,
Declining Balances Tables,145,"Class M-2, M-2R, M-2S, M-2T, M-2U and M-2I",M-2I,,5,"March 25, 2045",0,
Declining Balances Tables,145,"Class M-2, M-2R, M-2S, M-2T, M-2U and M-2I",M-2I,,10,"March 25, 2045",0,
Declining Balances Tables,145,"Class M-2, M-2R, M-2S, M-2T, M-2U and M-2I",M-2I,,15,"March 25, 2045",0,
Declining Balances Tables,145,"Class M-2, M-2R, M-2S, M-2T, M-2U and M-2I",M-2I,,25,"March 25, 2045",0,
Declining Balances Tables,145,"Class M-2, M-2R, M-2S, M-2T, M-2U and M-2I",M-2I,,35,"March 25, 2045",0,
Declining Balances Tables,145,"Class M-2, M-2R, M-2S, M-2T, M-2U and M-2I",M-2,,0,"March 25, 2046",0,
Declining Balances Tables,145,"Class M-2, M-2R, M-2S, M-2T, M-2U and M-2I",M-2,,5,"March 25, 2046",0,
Declining Balances Tables,145,"Class M-2, M-2R, M-2S, M-2T, M-2U and M-2I",M-2,,10,"March 25, 2046",0,
Declining Balances Tables,145,"Class M-2, M-2R, M-2S, M-2T, M-2U and M-2I",M-2,,15,"March 25, 2046",0,
Declining Balances Tables,145,"Class M-2, M-2R, M-2S, M-2T, M-2U and M-2I",M-2,,25,"March 25, 2046",0,
Declining Balances Tables,145,"Class M-2, M-2R, M-2S, M-2T, M-2U and M-2I",M-2,,35,"March 25, 2046",0,
Declining Balances Tables,145,"Class M-2, M-2R, M-2S, M-2T, M-2U and M-2I",M-2R,,0,"March 25, 2046",0,
Declining Balances Tables,145,"Class M-2, M-2R, M-2S, M-2T, M-2U and M-2I",M-2R,,5,"March 25, 2046",0,
Declining Balances Tables,145,"Class M-2, M-2R, M-2S, M-2T, M-2U and M-2I",M-2R,,10,"March 25, 2046",0,
Declining Balances Tables,145,"Class M-2, M-2R, M-2S, M-2T, M-2U and M-2I",M-2R,,15,"March 25, 2046",0,
Declining Balances Tables,145,"Class M-2, M-2R, M-2S, M-2T, M-2U and M-2I",M-2R,,25,"March 25, 2046",0,
Declining Balances Tables,145,"Class M-2, M-2R, M-2S, M-2T, M-2U and M-2I",M-2R,,35,"March 25, 2046",0,
Declining Balances Tables,145,"Class M-2, M-2R, M-2S, M-2T, M-2U and M-2I",M-2S,,0,"March 25, 2046",0,
Declining Balances Tables,145,"Class M-2, M-2R, M-2S, M-2T, M-2U and M-2I",M-2S,,5,"March 25, 2046",0,
Declining Balances Tables,145,"Class M-2, M-2R, M-2S, M-2T, M-2U and M-2I",M-2S,,10,"March 25, 2046",0,
Declining Balances Tables,145,"Class M-2, M-2R, M-2S, M-2T, M-2U and M-2I",M-2S,,15,"March 25, 2046",0,
Declining Balances Tables,145,"Class M-2, M-2R, M-2S, M-2T, M-2U and M-2I",M-2S,,25,"March 25, 2046",0,
Declining Balances Tables,145,"Class M-2, M-2R, M-2S, M-2T, M-2U and M-2I",M-2S,,35,"March 25, 2046",0,
Declining Balances Tables,145,"Class M-2, M-2R, M-2S, M-2T, M-2U and M-2I",M-2T,,0,"March 25, 2046",0,
Declining Balances Tables,145,"Class M-2, M-2R, M-2S, M-2T, M-2U and M-2I",M-2T,,5,"March 25, 2046",0,
Declining Balances Tables,145,"Class M-2, M-2R, M-2S, M-2T, M-2U and M-2I",M-2T,,10,"March 25, 2046",0,
Declining Balances Tables,145,"Class M-2, M-2R, M-2S, M-2T, M-2U and M-2I",M-2T,,15,"March 25, 2046",0,
Declining Balances Tables,145,"Class M-2, M-2R, M-2S, M-2T, M-2U and M-2I",M-2T,,25,"March 25, 2046",0,
Declining Balances Tables,145,"Class M-2, M-2R, M-2S, M-2T, M-2U and M-2I",M-2T,,35,"March 25, 2046",0,
Declining Balances Tables,145,"Class M-2, M-2R, M-2S, M-2T, M-2U and M-2I",M-2U,,0,"March 25, 2046",0,
Declining Balances Tables,145,"Class M-2, M-2R, M-2S, M-2T, M-2U and M-2I",M-2U,,5,"March 25, 2046",0,
Declining Balances Tables,145,"Class M-2, M-2R, M-2S, M-2T, M-2U and M-2I",M-2U,,10,"March 25, 2046",0,
Declining Balances Tables,145,"Class M-2, M-2R, M-2S, M-2T, M-2U and M-2I",M-2U,,15,"March 25, 2046",0,
Declining Balances Tables,145,"Class M-2, M-2R, M-2S, M-2T, M-2U and M-2I",M-2U,,25,"March 25, 2046",0,
Declining Balances Tables,145,"Class M-2, M-2R, M-2S, M-2T, M-2U and M-2I",M-2U,,35,"March 25, 2046",0,
Declining Balances Tables,145,"Class M-2, M-2R, M-2S, M-2T, M-2U and M-2I",M-2I,,0,"March 25, 2046",0,
Declining Balances Tables,145,"Class M-2, M-2R, M-2S, M-2T, M-2U and M-2I",M-2I,,5,"March 25, 2046",0,
Declining Balances Tables,145,"Class M-2, M-2R, M-2S, M-2T, M-2U and M-2I",M-2I,,10,"March 25, 2046",0,
Declining Balances Tables,145,"Class M-2, M-2R, M-2S, M-2T, M-2U and M-2I",M-2I,,15,"March 25, 2046",0,
Declining Balances Tables,145,"Class M-2, M-2R, M-2S, M-2T, M-2U and M-2I",M-2I,,25,"March 25, 2046",0,
Declining Balances Tables,145,"Class M-2, M-2R, M-2S, M-2T, M-2U and M-2I",M-2I,,35,"March 25, 2046",0,
Declining Balances Tables,145,"Class M-2, M-2R, M-2S, M-2T, M-2U and M-2I",M-2,,0,Weighted Average Life (years) to Scheduled Maturity Date,,18.61
Declining Balances Tables,145,"Class M-2, M-2R, M-2S, M-2T, M-2U and M-2I",M-2,,5,Weighted Average Life (years) to Scheduled Maturity Date,,7.88
Declining Balances Tables,145,"Class M-2, M-2R, M-2S, M-2T, M-2U and M-2I",M-2,,10,Weighted Average Life (years) to Scheduled Maturity Date,,4.43
Declining Balances Tables,145,"Class M-2, M-2R, M-2S, M-2T, M-2U and M-2I",M-2,,15,Weighted Average Life (years) to Scheduled Maturity Date,,3.00
Declining Balances Tables,145,"Class M-2, M-2R, M-2S, M-2T, M-2U and M-2I",M-2,,25,Weighted Average Life (years) to Scheduled Maturity Date,,1.74
Declining Balances Tables,145,"Class M-2, M-2R, M-2S, M-2T, M-2U and M-2I",M-2,,35,Weighted Average Life (years) to Scheduled Maturity Date,,1.17
Declining Balances Tables,145,"Class M-2, M-2R, M-2S, M-2T, M-2U and M-2I",M-2R,,0,Weighted Average Life (years) to Scheduled Maturity Date,,18.61
Declining Balances Tables,145,"Class M-2, M-2R, M-2S, M-2T, M-2U and M-2I",M-2R,,5,Weighted Average Life (years) to Scheduled Maturity Date,,7.88
Declining Balances Tables,145,"Class M-2, M-2R, M-2S, M-2T, M-2U and M-2I",M-2R,,10,Weighted Average Life (years) to Scheduled Maturity Date,,4.43
Declining Balances Tables,145,"Class M-2, M-2R, M-2S, M-2T, M-2U and M-2I",M-2R,,15,Weighted Average Life (years) to Scheduled Maturity Date,,3.00
Declining Balances Tables,145,"Class M-2, M-2R, M-2S, M-2T, M-2U and M-2I",M-2R,,25,Weighted Average Life (years) to Scheduled Maturity Date,,1.74
Declining Balances Tables,145,"Class M-2, M-2R, M-2S, M-2T, M-2U and M-2I",M-2R,,35,Weighted Average Life (years) to Scheduled Maturity Date,,1.17
Declining Balances Tables,145,"Class M-2, M-2R, M-2S, M-2T, M-2U and M-2I",M-2S,,0,Weighted Average Life (years) to Scheduled Maturity Date,,18.61
Declining Balances Tables,145,"Class M-2, M-2R, M-2S, M-2T, M-2U and M-2I",M-2S,,5,Weighted Average Life (years) to Scheduled Maturity Date,,7.88
Declining Balances Tables,145,"Class M-2, M-2R, M-2S, M-2T, M-2U and M-2I",M-2S,,10,Weighted Average Life (years) to Scheduled Maturity Date,,4.43
Declining Balances Tables,145,"Class M-2, M-2R, M-2S, M-2T, M-2U and M-2I",M-2S,,15,Weighted Average Life (years) to Scheduled Maturity Date,,3.00
Declining Balances Tables,145,"Class M-2, M-2R, M-2S, M-2T, M-2U and M-2I",M-2S,,25,Weighted Average Life (years) to Scheduled Maturity Date,,1.74
Declining Balances Tables,145,"Class M-2, M-2R, M-2S, M-2T, M-2U and M-2I",M-2S,,35,Weighted Average Life (years) to Scheduled Maturity Date,,1.17
Declining Balances Tables,145,"Class M-2, M-2R, M-2S, M-2T, M-2U and M-2I",M-2T,,0,Weighted Average Life (years) to Scheduled Maturity Date,,18.61
Declining Balances Tables,145,"Class M-2, M-2R, M-2S, M-2T, M-2U and M-2I",M-2T,,5,Weighted Average Life (years) to Scheduled Maturity Date,,7.88
Declining Balances Tables,145,"Class M-2, M-2R, M-2S, M-2T, M-2U and M-2I",M-2T,,10,Weighted Average Life (years) to Scheduled Maturity Date,,4.43
Declining Balances Tables,145,"Class M-2, M-2R, M-2S, M-2T, M-2U and M-2I",M-2T,,15,Weighted Average Life (years) to Scheduled Maturity Date,,3.00
Declining Balances Tables,145,"Class M-2, M-2R, M-2S, M-2T, M-2U and M-2I",M-2T,,25,Weighted Average Life (years) to Scheduled Maturity Date,,1.74
Declining Balances Tables,145,"Class M-2, M-2R, M-2S, M-2T, M-2U and M-2I",M-2T,,35,Weighted Average Life (years) to Scheduled Maturity Date,,1.17
Declining Balances Tables,145,"Class M-2, M-2R, M-2S, M-2T, M-2U and M-2I",M-2U,,0,Weighted Average Life (years) to Scheduled Maturity Date,,18.61
Declining Balances Tables,145,"Class M-2, M-2R, M-2S, M-2T, M-2U and M-2I",M-2U,,5,Weighted Average Life (years) to Scheduled Maturity Date,,7.88
Declining Balances Tables,145,"Class M-2, M-2R, M-2S, M-2T, M-2U and M-2I",M-2U,,10,Weighted Average Life (years) to Scheduled Maturity Date,,4.43
Declining Balances Tables,145,"Class M-2, M-2R, M-2S, M-2T, M-2U and M-2I",M-2U,,15,Weighted Average Life (years) to Scheduled Maturity Date,,3.00
Declining Balances Tables,145,"Class M-2, M-2R, M-2S, M-2T, M-2U and M-2I",M-2U,,25,Weighted Average Life (years) to Scheduled Maturity Date,,1.74
Declining Balances Tables,145,"Class M-2, M-2R, M-2S, M-2T, M-2U and M-2I",M-2U,,35,Weighted Average Life (years) to Scheduled Maturity Date,,1.17
Declining Balances Tables,145,"Class M-2, M-2R, M-2S, M-2T, M-2U and M-2I",M-2I,,0,Weighted Average Life (years) to Scheduled Maturity Date,,18.61
Declining Balances Tables,145,"Class M-2, M-2R, M-2S, M-2T, M-2U and M-2I",M-2I,,5,Weighted Average Life (years) to Scheduled Maturity Date,,7.88
Declining Balances Tables,145,"Class M-2, M-2R, M-2S, M-2T, M-2U and M-2I",M-2I,,10,Weighted Average Life (years) to Scheduled Maturity Date,,4.43
Declining Balances Tables,145,"Class M-2, M-2R, M-2S, M-2T, M-2U and M-2I",M-2I,,15,Weighted Average Life (years) to Scheduled Maturity Date,,3.00
Declining Balances Tables,145,"Class M-2, M-2R, M-2S, M-2T, M-2U and M-2I",M-2I,,25,Weighted Average Life (years) to Scheduled Maturity Date,,1.74
Declining Balances Tables,145,"Class M-2, M-2R, M-2S, M-2T, M-2U and M-2I",M-2I,,35,Weighted Average Life (years) to Scheduled Maturity Date,,1.17
Declining Balances Tables,145,"Class M-2, M-2R, M-2S, M-2T, M-2U and M-2I",M-2,,0,Weighted Average Life (years) to Early Redemption Date**,,5.02
Declining Balances Tables,145,"Class M-2, M-2R, M-2S, M-2T, M-2U and M-2I",M-2,,5,Weighted Average Life (years) to Early Redemption Date**,,5.02
Declining Balances Tables,145,"Class M-2, M-2R, M-2S, M-2T, M-2U and M-2I",M-2,,10,Weighted Average Life (years) to Early Redemption Date**,,4.38
Declining Balances Tables,145,"Class M-2, M-2R, M-2S, M-2T, M-2U and M-2I",M-2,,15,Weighted Average Life (years) to Early Redemption Date**,,3.00
Declining Balances Tables,145,"Class M-2, M-2R, M-2S, M-2T, M-2U and M-2I",M-2,,25,Weighted Average Life (years) to Early Redemption Date**,,1.74
Declining Balances Tables,145,"Class M-2, M-2R, M-2S, M-2T, M-2U and M-2I",M-2,,35,Weighted Average Life (years) to Early Redemption Date**,,1.17
Declining Balances Tables,145,"Class M-2, M-2R, M-2S, M-2T, M-2U and M-2I",M-2R,,0,Weighted Average Life (years) to Early Redemption Date**,,5.02
Declining Balances Tables,145,"Class M-2, M-2R, M-2S, M-2T, M-2U and M-2I",M-2R,,5,Weighted Average Life (years) to Early Redemption Date**,,5.02
Declining Balances Tables,145,"Class M-2, M-2R, M-2S, M-2T, M-2U and M-2I",M-2R,,10,Weighted Average Life (years) to Early Redemption Date**,,4.38
Declining Balances Tables,145,"Class M-2, M-2R, M-2S, M-2T, M-2U and M-2I",M-2R,,15,Weighted Average Life (years) to Early Redemption Date**,,3.00
Declining Balances Tables,145,"Class M-2, M-2R, M-2S, M-2T, M-2U and M-2I",M-2R,,25,Weighted Average Life (years) to Early Redemption Date**,,1.74
Declining Balances Tables,145,"Class M-2, M-2R, M-2S, M-2T, M-2U and M-2I",M-2R,,35,Weighted Average Life (years) to Early Redemption Date**,,1.17
Declining Balances Tables,145,"Class M-2, M-2R, M-2S, M-2T, M-2U and M-2I",M-2S,,0,Weighted Average Life (years) to Early Redemption Date**,,5.02
Declining Balances Tables,145,"Class M-2, M-2R, M-2S, M-2T, M-2U and M-2I",M-2S,,5,Weighted Average Life (years) to Early Redemption Date**,,5.02
Declining Balances Tables,145,"Class M-2, M-2R, M-2S, M-2T, M-2U and M-2I",M-2S,,10,Weighted Average Life (years) to Early Redemption Date**,,4.38
Declining Balances Tables,145,"Class M-2, M-2R, M-2S, M-2T, M-2U and M-2I",M-2S,,15,Weighted Average Life (years) to Early Redemption Date**,,3.00
Declining Balances Tables,145,"Class M-2, M-2R, M-2S, M-2T, M-2U and M-2I",M-2S,,25,Weighted Average Life (years) to Early Redemption Date**,,1.74
Declining Balances Tables,145,"Class M-2, M-2R, M-2S, M-2T, M-2U and M-2I",M-2S,,35,Weighted Average Life (years) to Early Redemption Date**,,1.17
Declining Balances Tables,145,"Class M-2, M-2R, M-2S, M-2T, M-2U and M-2I",M-2T,,0,Weighted Average Life (years) to Early Redemption Date**,,5.02
Declining Balances Tables,145,"Class M-2, M-2R, M-2S, M-2T, M-2U and M-2I",M-2T,,5,Weighted Average Life (years) to Early Redemption Date**,,5.02
Declining Balances Tables,145,"Class M-2, M-2R, M-2S, M-2T, M-2U and M-2I",M-2T,,10,Weighted Average Life (years) to Early Redemption Date**,,4.38
Declining Balances Tables,145,"Class M-2, M-2R, M-2S, M-2T, M-2U and M-2I",M-2T,,15,Weighted Average Life (years) to Early Redemption Date**,,3.00
Declining Balances Tables,145,"Class M-2, M-2R, M-2S, M-2T, M-2U and M-2I",M-2T,,25,Weighted Average Life (years) to Early Redemption Date**,,1.74
Declining Balances Tables,145,"Class M-2, M-2R, M-2S, M-2T, M-2U and M-2I",M-2T,,35,Weighted Average Life (years) to Early Redemption Date**,,1.17
Declining Balances Tables,145,"Class M-2, M-2R, M-2S, M-2T, M-2U and M-2I",M-2U,,0,Weighted Average Life (years) to Early Redemption Date**,,5.02
Declining Balances Tables,145,"Class M-2, M-2R, M-2S, M-2T, M-2U and M-2I",M-2U,,5,Weighted Average Life (years) to Early Redemption Date**,,5.02
Declining Balances Tables,145,"Class M-2, M-2R, M-2S, M-2T, M-2U and M-2I",M-2U,,10,Weighted Average Life (years) to Early Redemption Date**,,4.38
Declining Balances Tables,145,"Class M-2, M-2R, M-2S, M-2T, M-2U and M-2I",M-2U,,15,Weighted Average Life (years) to Early Redemption Date**,,3.00
Declining Balances Tables,145,"Class M-2, M-2R, M-2S, M-2T, M-2U and M-2I",M-2U,,25,Weighted Average Life (years) to Early Redemption Date**,,1.74
Declining Balances Tables,145,"Class M-2, M-2R, M-2S, M-2T, M-2U and M-2I",M-2U,,35,Weighted Average Life (years) to Early Redemption Date**,,1.17
Declining Balances Tables,145,"Class M-2, M-2R, M-2S, M-2T, M-2U and M-2I",M-2I,,0,Weighted Average Life (years) to Early Redemption Date**,,5.02
Declining Balances Tables,145,"Class M-2, M-2R, M-2S, M-2T, M-2U and M-2I",M-2I,,5,Weighted Average Life (years) to Early Redemption Date**,,5.02
Declining Balances Tables,145,"Class M-2, M-2R, M-2S, M-2T, M-2U and M-2I",M-2I,,10,Weighted Average Life (years) to Early Redemption Date**,,4.38
Declining Balances Tables,145,"Class M-2, M-2R, M-2S, M-2T, M-2U and M-2I",M-2I,,15,Weighted Average Life (years) to Early Redemption Date**,,3.00
Declining Balances Tables,145,"Class M-2, M-2R, M-2S, M-2T, M-2U and M-2I",M-2I,,25,Weighted Average Life (years) to Early Redemption Date**,,1.74
Declining Balances Tables,145,"Class M-2, M-2R, M-2S, M-2T, M-2U and M-2I",M-2I,,35,Weighted Average Life (years) to Early Redemption Date**,,1.17
Declining Balances Tables,146,"Class M-2A, M-2AR, M-2AS, M-2AT, M-2AU and M-2AI",M-2A,,0,Closing Date,100,
Declining Balances Tables,146,"Class M-2A, M-2AR, M-2AS, M-2AT, M-2AU and M-2AI",M-2A,,5,Closing Date,100,
Declining Balances Tables,146,"Class M-2A, M-2AR, M-2AS, M-2AT, M-2AU and M-2AI",M-2A,,10,Closing Date,100,
Declining Balances Tables,146,"Class M-2A, M-2AR, M-2AS, M-2AT, M-2AU and M-2AI",M-2A,,15,Closing Date,100,
Declining Balances Tables,146,"Class M-2A, M-2AR, M-2AS, M-2AT, M-2AU and M-2AI",M-2A,,25,Closing Date,100,
Declining Balances Tables,146,"Class M-2A, M-2AR, M-2AS, M-2AT, M-2AU and M-2AI",M-2A,,35,Closing Date,100,
Declining Balances Tables,146,"Class M-2A, M-2AR, M-2AS, M-2AT, M-2AU and M-2AI",M-2AR,,0,Closing Date,100,
Declining Balances Tables,146,"Class M-2A, M-2AR, M-2AS, M-2AT, M-2AU and M-2AI",M-2AR,,5,Closing Date,100,
Declining Balances Tables,146,"Class M-2A, M-2AR, M-2AS, M-2AT, M-2AU and M-2AI",M-2AR,,10,Closing Date,100,
Declining Balances Tables,146,"Class M-2A, M-2AR, M-2AS, M-2AT, M-2AU and M-2AI",M-2AR,,15,Closing Date,100,
Declining Balances Tables,146,"Class M-2A, M-2AR, M-2AS, M-2AT, M-2AU and M-2AI",M-2AR,,25,Closing Date,100,
Declining Balances Tables,146,"Class M-2A, M-2AR, M-2AS, M-2AT, M-2AU and M-2AI",M-2AR,,35,Closing Date,100,
Declining Balances Tables,146,"Class M-2A, M-2AR, M-2AS, M-2AT, M-2AU and M-2AI",M-2AS,,0,Closing Date,100,
Declining Balances Tables,146,"Class M-2A, M-2AR, M-2AS, M-2AT, M-2AU and M-2AI",M-2AS,,5,Closing Date,100,
Declining Balances Tables,146,"Class M-2A, M-2AR, M-2AS, M-2AT, M-2AU and M-2AI",M-2AS,,10,Closing Date,100,
Declining Balances Tables,146,"Class M-2A, M-2AR, M-2AS, M-2AT, M-2AU and M-2AI",M-2AS,,15,Closing Date,100,
Declining Balances Tables,146,"Class M-2A, M-2AR, M-2AS, M-2AT, M-2AU and M-2AI",M-2AS,,25,Closing Date,100,
Declining Balances Tables,146,"Class M-2A, M-2AR, M-2AS, M-2AT, M-2AU and M-2AI",M-2AS,,35,Closing Date,100,
Declining Balances Tables,146,"Class M-2A, M-2AR, M-2AS, M-2AT, M-2AU and M-2AI",M-2AT,,0,Closing Date,100,
Declining Balances Tables,146,"Class M-2A, M-2AR, M-2AS, M-2AT, M-2AU and M-2AI",M-2AT,,5,Closing Date,100,
Declining Balances Tables,146,"Class M-2A, M-2AR, M-2AS, M-2AT, M-2AU and M-2AI",M-2AT,,10,Closing Date,100,
Declining Balances Tables,146,"Class M-2A, M-2AR, M-2AS, M-2AT, M-2AU and M-2AI",M-2AT,,15,Closing Date,100,
Declining Balances Tables,146,"Class M-2A, M-2AR, M-2AS, M-2AT, M-2AU and M-2AI",M-2AT,,25,Closing Date,100,
Declining Balances Tables,146,"Class M-2A, M-2AR, M-2AS, M-2AT, M-2AU and M-2AI",M-2AT,,35,Closing Date,100,
Declining Balances Tables,146,"Class M-2A, M-2AR, M-2AS, M-2AT, M-2AU and M-2AI",M-2AU,,0,Closing Date,100,
Declining Balances Tables,146,"Class M-2A, M-2AR, M-2AS, M-2AT, M-2AU and M-2AI",M-2AU,,5,Closing Date,100,
Declining Balances Tables,146,"Class M-2A, M-2AR, M-2AS, M-2AT, M-2AU and M-2AI",M-2AU,,10,Closing Date,100,
Declining Balances Tables,146,"Class M-2A, M-2AR, M-2AS, M-2AT, M-2AU and M-2AI",M-2AU,,15,Closing Date,100,
Declining Balances Tables,146,"Class M-2A, M-2AR, M-2AS, M-2AT, M-2AU and M-2AI",M-2AU,,25,Closing Date,100,
Declining Balances Tables,146,"Class M-2A, M-2AR, M-2AS, M-2AT, M-2AU and M-2AI",M-2AU,,35,Closing Date,100,
Declining Balances Tables,146,"Class M-2A, M-2AR, M-2AS, M-2AT, M-2AU and M-2AI",M-2AI,,0,Closing Date,100,
Declining Balances Tables,146,"Class M-2A, M-2AR, M-2AS, M-2AT, M-2AU and M-2AI",M-2AI,,5,Closing Date,100,
Declining Balances Tables,146,"Class M-2A, M-2AR, M-2AS, M-2AT, M-2AU and M-2AI",M-2AI,,10,Closing Date,100,
Declining Balances Tables,146,"Class M-2A, M-2AR, M-2AS, M-2AT, M-2AU and M-2AI",M-2AI,,15,Closing Date,100,
Declining Balances Tables,146,"Class M-2A, M-2AR, M-2AS, M-2AT, M-2AU and M-2AI",M-2AI,,25,Closing Date,100,
Declining Balances Tables,146,"Class M-2A, M-2AR, M-2AS, M-2AT, M-2AU and M-2AI",M-2AI,,35,Closing Date,100,
Declining Balances Tables,146,"Class M-2A, M-2AR, M-2AS, M-2AT, M-2AU and M-2AI",M-2A,,0,"March 25, 2027",100,
Declining Balances Tables,146,"Class M-2A, M-2AR, M-2AS, M-2AT, M-2AU and M-2AI",M-2A,,5,"March 25, 2027",100,
Declining Balances Tables,146,"Class M-2A, M-2AR, M-2AS, M-2AT, M-2AU and M-2AI",M-2A,,10,"March 25, 2027",100,
Declining Balances Tables,146,"Class M-2A, M-2AR, M-2AS, M-2AT, M-2AU and M-2AI",M-2A,,15,"March 25, 2027",100,
Declining Balances Tables,146,"Class M-2A, M-2AR, M-2AS, M-2AT, M-2AU and M-2AI",M-2A,,25,"March 25, 2027",100,
Declining Balances Tables,146,"Class M-2A, M-2AR, M-2AS, M-2AT, M-2AU and M-2AI",M-2A,,35,"March 25, 2027",37,
Declining Balances Tables,146,"Class M-2A, M-2AR, M-2AS, M-2AT, M-2AU and M-2AI",M-2AR,,0,"March 25, 2027",100,
Declining Balances Tables,146,"Class M-2A, M-2AR, M-2AS, M-2AT, M-2AU and M-2AI",M-2AR,,5,"March 25, 2027",100,
Declining Balances Tables,146,"Class M-2A, M-2AR, M-2AS, M-2AT, M-2AU and M-2AI",M-2AR,,10,"March 25, 2027",100,
Declining Balances Tables,146,"Class M-2A, M-2AR, M-2AS, M-2AT, M-2AU and M-2AI",M-2AR,,15,"March 25, 2027",100,
Declining Balances Tables,146,"Class M-2A, M-2AR, M-2AS, M-2AT, M-2AU and M-2AI",M-2AR,,25,"March 25, 2027",100,
Declining Balances Tables,146,"Class M-2A, M-2AR, M-2AS, M-2AT, M-2AU and M-2AI",M-2AR,,35,"March 25, 2027",37,
Declining Balances Tables,146,"Class M-2A, M-2AR, M-2AS, M-2AT, M-2AU and M-2AI",M-2AS,,0,"March 25, 2027",100,
Declining Balances Tables,146,"Class M-2A, M-2AR, M-2AS, M-2AT, M-2AU and M-2AI",M-2AS,,5,"March 25, 2027",100,
Declining Balances Tables,146,"Class M-2A, M-2AR, M-2AS, M-2AT, M-2AU and M-2AI",M-2AS,,10,"March 25, 2027",100,
Declining Balances Tables,146,"Class M-2A, M-2AR, M-2AS, M-2AT, M-2AU and M-2AI",M-2AS,,15,"March 25, 2027",100,
Declining Balances Tables,146,"Class M-2A, M-2AR, M-2AS, M-2AT, M-2AU and M-2AI",M-2AS,,25,"March 25, 2027",100,
Declining Balances Tables,146,"Class M-2A, M-2AR, M-2AS, M-2AT, M-2AU and M-2AI",M-2AS,,35,"March 25, 2027",37,
Declining Balances Tables,146,"Class M-2A, M-2AR, M-2AS, M-2AT, M-2AU and M-2AI",M-2AT,,0,"March 25, 2027",100,
Declining Balances Tables,146,"Class M-2A, M-2AR, M-2AS, M-2AT, M-2AU and M-2AI",M-2AT,,5,"March 25, 2027",100,
Declining Balances Tables,146,"Class M-2A, M-2AR, M-2AS, M-2AT, M-2AU and M-2AI",M-2AT,,10,"March 25, 2027",100,
Declining Balances Tables,146,"Class M-2A, M-2AR, M-2AS, M-2AT, M-2AU and M-2AI",M-2AT,,15,"March 25, 2027",100,
Declining Balances Tables,146,"Class M-2A, M-2AR, M-2AS, M-2AT, M-2AU and M-2AI",M-2AT,,25,"March 25, 2027",100,
Declining Balances Tables,146,"Class M-2A, M-2AR, M-2AS, M-2AT, M-2AU and M-2AI",M-2AT,,35,"March 25, 2027",37,
Declining Balances Tables,146,"Class M-2A, M-2AR, M-2AS, M-2AT, M-2AU and M-2AI",M-2AU,,0,"March 25, 2027",100,
Declining Balances Tables,146,"Class M-2A, M-2AR, M-2AS, M-2AT, M-2AU and M-2AI",M-2AU,,5,"March 25, 2027",100,
Declining Balances Tables,146,"Class M-2A, M-2AR, M-2AS, M-2AT, M-2AU and M-2AI",M-2AU,,10,"March 25, 2027",100,
Declining Balances Tables,146,"Class M-2A, M-2AR, M-2AS, M-2AT, M-2AU and M-2AI",M-2AU,,15,"March 25, 2027",100,
Declining Balances Tables,146,"Class M-2A, M-2AR, M-2AS, M-2AT, M-2AU and M-2AI",M-2AU,,25,"March 25, 2027",100,
Declining Balances Tables,146,"Class M-2A, M-2AR, M-2AS, M-2AT, M-2AU and M-2AI",M-2AU,,35,"March 25, 2027",37,
Declining Balances Tables,146,"Class M-2A, M-2AR, M-2AS, M-2AT, M-2AU and M-2AI",M-2AI,,0,"March 25, 2027",100,
Declining Balances Tables,146,"Class M-2A, M-2AR, M-2AS, M-2AT, M-2AU and M-2AI",M-2AI,,5,"March 25, 2027",100,
Declining Balances Tables,146,"Class M-2A, M-2AR, M-2AS, M-2AT, M-2AU and M-2AI",M-2AI,,10,"March 25, 2027",100,
Declining Balances Tables,146,"Class M-2A, M-2AR, M-2AS, M-2AT, M-2AU and M-2AI",M-2AI,,15,"March 25, 2027",100,
Declining Balances Tables,146,"Class M-2A, M-2AR, M-2AS, M-2AT, M-2AU and M-2AI",M-2AI,,25,"March 25, 2027",100,
Declining Balances Tables,146,"Class M-2A, M-2AR, M-2AS, M-2AT, M-2AU and M-2AI",M-2AI,,35,"March 25, 2027",37,
Declining Balances Tables,146,"Class M-2A, M-2AR, M-2AS, M-2AT, M-2AU and M-2AI",M-2A,,0,"March 25, 2028",100,
Declining Balances Tables,146,"Class M-2A, M-2AR, M-2AS, M-2AT, M-2AU and M-2AI",M-2A,,5,"March 25, 2028",100,
Declining Balances Tables,146,"Class M-2A, M-2AR, M-2AS, M-2AT, M-2AU and M-2AI",M-2A,,10,"March 25, 2028",100,
Declining Balances Tables,146,"Class M-2A, M-2AR, M-2AS, M-2AT, M-2AU and M-2AI",M-2A,,15,"March 25, 2028",100,
Declining Balances Tables,146,"Class M-2A, M-2AR, M-2AS, M-2AT, M-2AU and M-2AI",M-2A,,25,"March 25, 2028",0,
Declining Balances Tables,146,"Class M-2A, M-2AR, M-2AS, M-2AT, M-2AU and M-2AI",M-2A,,35,"March 25, 2028",0,
Declining Balances Tables,146,"Class M-2A, M-2AR, M-2AS, M-2AT, M-2AU and M-2AI",M-2AR,,0,"March 25, 2028",100,
Declining Balances Tables,146,"Class M-2A, M-2AR, M-2AS, M-2AT, M-2AU and M-2AI",M-2AR,,5,"March 25, 2028",100,
Declining Balances Tables,146,"Class M-2A, M-2AR, M-2AS, M-2AT, M-2AU and M-2AI",M-2AR,,10,"March 25, 2028",100,
Declining Balances Tables,146,"Class M-2A, M-2AR, M-2AS, M-2AT, M-2AU and M-2AI",M-2AR,,15,"March 25, 2028",100,
Declining Balances Tables,146,"Class M-2A, M-2AR, M-2AS, M-2AT, M-2AU and M-2AI",M-2AR,,25,"March 25, 2028",0,
Declining Balances Tables,146,"Class M-2A, M-2AR, M-2AS, M-2AT, M-2AU and M-2AI",M-2AR,,35,"March 25, 2028",0,
Declining Balances Tables,146,"Class M-2A, M-2AR, M-2AS, M-2AT, M-2AU and M-2AI",M-2AS,,0,"March 25, 2028",100,
Declining Balances Tables,146,"Class M-2A, M-2AR, M-2AS, M-2AT, M-2AU and M-2AI",M-2AS,,5,"March 25, 2028",100,
Declining Balances Tables,146,"Class M-2A, M-2AR, M-2AS, M-2AT, M-2AU and M-2AI",M-2AS,,10,"March 25, 2028",100,
Declining Balances Tables,146,"Class M-2A, M-2AR, M-2AS, M-2AT, M-2AU and M-2AI",M-2AS,,15,"March 25, 2028",100,
Declining Balances Tables,146,"Class M-2A, M-2AR, M-2AS, M-2AT, M-2AU and M-2AI",M-2AS,,25,"March 25, 2028",0,
Declining Balances Tables,146,"Class M-2A, M-2AR, M-2AS, M-2AT, M-2AU and M-2AI",M-2AS,,35,"March 25, 2028",0,
Declining Balances Tables,146,"Class M-2A, M-2AR, M-2AS, M-2AT, M-2AU and M-2AI",M-2AT,,0,"March 25, 2028",100,
Declining Balances Tables,146,"Class M-2A, M-2AR, M-2AS, M-2AT, M-2AU and M-2AI",M-2AT,,5,"March 25, 2028",100,
Declining Balances Tables,146,"Class M-2A, M-2AR, M-2AS, M-2AT, M-2AU and M-2AI",M-2AT,,10,"March 25, 2028",100,
Declining Balances Tables,146,"Class M-2A, M-2AR, M-2AS, M-2AT, M-2AU and M-2AI",M-2AT,,15,"March 25, 2028",100,
Declining Balances Tables,146,"Class M-2A, M-2AR, M-2AS, M-2AT, M-2AU and M-2AI",M-2AT,,25,"March 25, 2028",0,
Declining Balances Tables,146,"Class M-2A, M-2AR, M-2AS, M-2AT, M-2AU and M-2AI",M-2AT,,35,"March 25, 2028",0,
Declining Balances Tables,146,"Class M-2A, M-2AR, M-2AS, M-2AT, M-2AU and M-2AI",M-2AU,,0,"March 25, 2028",100,
Declining Balances Tables,146,"Class M-2A, M-2AR, M-2AS, M-2AT, M-2AU and M-2AI",M-2AU,,5,"March 25, 2028",100,
Declining Balances Tables,146,"Class M-2A, M-2AR, M-2AS, M-2AT, M-2AU and M-2AI",M-2AU,,10,"March 25, 2028",100,
Declining Balances Tables,146,"Class M-2A, M-2AR, M-2AS, M-2AT, M-2AU and M-2AI",M-2AU,,15,"March 25, 2028",100,
Declining Balances Tables,146,"Class M-2A, M-2AR, M-2AS, M-2AT, M-2AU and M-2AI",M-2AU,,25,"March 25, 2028",0,
Declining Balances Tables,146,"Class M-2A, M-2AR, M-2AS, M-2AT, M-2AU and M-2AI",M-2AU,,35,"March 25, 2028",0,
Declining Balances Tables,146,"Class M-2A, M-2AR, M-2AS, M-2AT, M-2AU and M-2AI",M-2AI,,0,"March 25, 2028",100,
Declining Balances Tables,146,"Class M-2A, M-2AR, M-2AS, M-2AT, M-2AU and M-2AI",M-2AI,,5,"March 25, 2028",100,
Declining Balances Tables,146,"Class M-2A, M-2AR, M-2AS, M-2AT, M-2AU and M-2AI",M-2AI,,10,"March 25, 2028",100,
Declining Balances Tables,146,"Class M-2A, M-2AR, M-2AS, M-2AT, M-2AU and M-2AI",M-2AI,,15,"March 25, 2028",100,
Declining Balances Tables,146,"Class M-2A, M-2AR, M-2AS, M-2AT, M-2AU and M-2AI",M-2AI,,25,"March 25, 2028",0,
Declining Balances Tables,146,"Class M-2A, M-2AR, M-2AS, M-2AT, M-2AU and M-2AI",M-2AI,,35,"March 25, 2028",0,
Declining Balances Tables,146,"Class M-2A, M-2AR, M-2AS, M-2AT, M-2AU and M-2AI",M-2A,,0,"March 25, 2029",100,
Declining Balances Tables,146,"Class M-2A, M-2AR, M-2AS, M-2AT, M-2AU and M-2AI",M-2A,,5,"March 25, 2029",100,
Declining Balances Tables,146,"Class M-2A, M-2AR, M-2AS, M-2AT, M-2AU and M-2AI",M-2A,,10,"March 25, 2029",100,
Declining Balances Tables,146,"Class M-2A, M-2AR, M-2AS, M-2AT, M-2AU and M-2AI",M-2A,,15,"March 25, 2029",0,
Declining Balances Tables,146,"Class M-2A, M-2AR, M-2AS, M-2AT, M-2AU and M-2AI",M-2A,,25,"March 25, 2029",0,
Declining Balances Tables,146,"Class M-2A, M-2AR, M-2AS, M-2AT, M-2AU and M-2AI",M-2A,,35,"March 25, 2029",0,
Declining Balances Tables,146,"Class M-2A, M-2AR, M-2AS, M-2AT, M-2AU and M-2AI",M-2AR,,0,"March 25, 2029",100,
Declining Balances Tables,146,"Class M-2A, M-2AR, M-2AS, M-2AT, M-2AU and M-2AI",M-2AR,,5,"March 25, 2029",100,
Declining Balances Tables,146,"Class M-2A, M-2AR, M-2AS, M-2AT, M-2AU and M-2AI",M-2AR,,10,"March 25, 2029",100,
Declining Balances Tables,146,"Class M-2A, M-2AR, M-2AS, M-2AT, M-2AU and M-2AI",M-2AR,,15,"March 25, 2029",0,
Declining Balances Tables,146,"Class M-2A, M-2AR, M-2AS, M-2AT, M-2AU and M-2AI",M-2AR,,25,"March 25, 2029",0,
Declining Balances Tables,146,"Class M-2A, M-2AR, M-2AS, M-2AT, M-2AU and M-2AI",M-2AR,,35,"March 25, 2029",0,
Declining Balances Tables,146,"Class M-2A, M-2AR, M-2AS, M-2AT, M-2AU and M-2AI",M-2AS,,0,"March 25, 2029",100,
Declining Balances Tables,146,"Class M-2A, M-2AR, M-2AS, M-2AT, M-2AU and M-2AI",M-2AS,,5,"March 25, 2029",100,
Declining Balances Tables,146,"Class M-2A, M-2AR, M-2AS, M-2AT, M-2AU and M-2AI",M-2AS,,10,"March 25, 2029",100,
Declining Balances Tables,146,"Class M-2A, M-2AR, M-2AS, M-2AT, M-2AU and M-2AI",M-2AS,,15,"March 25, 2029",0,
Declining Balances Tables,146,"Class M-2A, M-2AR, M-2AS, M-2AT, M-2AU and M-2AI",M-2AS,,25,"March 25, 2029",0,
Declining Balances Tables,146,"Class M-2A, M-2AR, M-2AS, M-2AT, M-2AU and M-2AI",M-2AS,,35,"March 25, 2029",0,
Declining Balances Tables,146,"Class M-2A, M-2AR, M-2AS, M-2AT, M-2AU and M-2AI",M-2AT,,0,"March 25, 2029",100,
Declining Balances Tables,146,"Class M-2A, M-2AR, M-2AS, M-2AT, M-2AU and M-2AI",M-2AT,,5,"March 25, 2029",100,
Declining Balances Tables,146,"Class M-2A, M-2AR, M-2AS, M-2AT, M-2AU and M-2AI",M-2AT,,10,"March 25, 2029",100,
Declining Balances Tables,146,"Class M-2A, M-2AR, M-2AS, M-2AT, M-2AU and M-2AI",M-2AT,,15,"March 25, 2029",0,
Declining Balances Tables,146,"Class M-2A, M-2AR, M-2AS, M-2AT, M-2AU and M-2AI",M-2AT,,25,"March 25, 2029",0,
Declining Balances Tables,146,"Class M-2A, M-2AR, M-2AS, M-2AT, M-2AU and M-2AI",M-2AT,,35,"March 25, 2029",0,
Declining Balances Tables,146,"Class M-2A, M-2AR, M-2AS, M-2AT, M-2AU and M-2AI",M-2AU,,0,"March 25, 2029",100,
Declining Balances Tables,146,"Class M-2A, M-2AR, M-2AS, M-2AT, M-2AU and M-2AI",M-2AU,,5,"March 25, 2029",100,
Declining Balances Tables,146,"Class M-2A, M-2AR, M-2AS, M-2AT, M-2AU and M-2AI",M-2AU,,10,"March 25, 2029",100,
Declining Balances Tables,146,"Class M-2A, M-2AR, M-2AS, M-2AT, M-2AU and M-2AI",M-2AU,,15,"March 25, 2029",0,
Declining Balances Tables,146,"Class M-2A, M-2AR, M-2AS, M-2AT, M-2AU and M-2AI",M-2AU,,25,"March 25, 2029",0,
Declining Balances Tables,146,"Class M-2A, M-2AR, M-2AS, M-2AT, M-2AU and M-2AI",M-2AU,,35,"March 25, 2029",0,
Declining Balances Tables,146,"Class M-2A, M-2AR, M-2AS, M-2AT, M-2AU and M-2AI",M-2AI,,0,"March 25, 2029",100,
Declining Balances Tables,146,"Class M-2A, M-2AR, M-2AS, M-2AT, M-2AU and M-2AI",M-2AI,,5,"March 25, 2029",100,
Declining Balances Tables,146,"Class M-2A, M-2AR, M-2AS, M-2AT, M-2AU and M-2AI",M-2AI,,10,"March 25, 2029",100,
Declining Balances Tables,146,"Class M-2A, M-2AR, M-2AS, M-2AT, M-2AU and M-2AI",M-2AI,,15,"March 25, 2029",0,
Declining Balances Tables,146,"Class M-2A, M-2AR, M-2AS, M-2AT, M-2AU and M-2AI",M-2AI,,25,"March 25, 2029",0,
Declining Balances Tables,146,"Class M-2A, M-2AR, M-2AS, M-2AT, M-2AU and M-2AI",M-2AI,,35,"March 25, 2029",0,
Declining Balances Tables,146,"Class M-2A, M-2AR, M-2AS, M-2AT, M-2AU and M-2AI",M-2A,,0,"March 25, 2030",100,
Declining Balances Tables,146,"Class M-2A, M-2AR, M-2AS, M-2AT, M-2AU and M-2AI",M-2A,,5,"March 25, 2030",100,
Declining Balances Tables,146,"Class M-2A, M-2AR, M-2AS, M-2AT, M-2AU and M-2AI",M-2A,,10,"March 25, 2030",34,
Declining Balances Tables,146,"Class M-2A, M-2AR, M-2AS, M-2AT, M-2AU and M-2AI",M-2A,,15,"March 25, 2030",0,
Declining Balances Tables,146,"Class M-2A, M-2AR, M-2AS, M-2AT, M-2AU and M-2AI",M-2A,,25,"March 25, 2030",0,
Declining Balances Tables,146,"Class M-2A, M-2AR, M-2AS, M-2AT, M-2AU and M-2AI",M-2A,,35,"March 25, 2030",0,
Declining Balances Tables,146,"Class M-2A, M-2AR, M-2AS, M-2AT, M-2AU and M-2AI",M-2AR,,0,"March 25, 2030",100,
Declining Balances Tables,146,"Class M-2A, M-2AR, M-2AS, M-2AT, M-2AU and M-2AI",M-2AR,,5,"March 25, 2030",100,
Declining Balances Tables,146,"Class M-2A, M-2AR, M-2AS, M-2AT, M-2AU and M-2AI",M-2AR,,10,"March 25, 2030",34,
Declining Balances Tables,146,"Class M-2A, M-2AR, M-2AS, M-2AT, M-2AU and M-2AI",M-2AR,,15,"March 25, 2030",0,
Declining Balances Tables,146,"Class M-2A, M-2AR, M-2AS, M-2AT, M-2AU and M-2AI",M-2AR,,25,"March 25, 2030",0,
Declining Balances Tables,146,"Class M-2A, M-2AR, M-2AS, M-2AT, M-2AU and M-2AI",M-2AR,,35,"March 25, 2030",0,
Declining Balances Tables,146,"Class M-2A, M-2AR, M-2AS, M-2AT, M-2AU and M-2AI",M-2AS,,0,"March 25, 2030",100,
Declining Balances Tables,146,"Class M-2A, M-2AR, M-2AS, M-2AT, M-2AU and M-2AI",M-2AS,,5,"March 25, 2030",100,
Declining Balances Tables,146,"Class M-2A, M-2AR, M-2AS, M-2AT, M-2AU and M-2AI",M-2AS,,10,"March 25, 2030",34,
Declining Balances Tables,146,"Class M-2A, M-2AR, M-2AS, M-2AT, M-2AU and M-2AI",M-2AS,,15,"March 25, 2030",0,
Declining Balances Tables,146,"Class M-2A, M-2AR, M-2AS, M-2AT, M-2AU and M-2AI",M-2AS,,25,"March 25, 2030",0,
Declining Balances Tables,146,"Class M-2A, M-2AR, M-2AS, M-2AT, M-2AU and M-2AI",M-2AS,,35,"March 25, 2030",0,
Declining Balances Tables,146,"Class M-2A, M-2AR, M-2AS, M-2AT, M-2AU and M-2AI",M-2AT,,0,"March 25, 2030",100,
Declining Balances Tables,146,"Class M-2A, M-2AR, M-2AS, M-2AT, M-2AU and M-2AI",M-2AT,,5,"March 25, 2030",100,
Declining Balances Tables,146,"Class M-2A, M-2AR, M-2AS, M-2AT, M-2AU and M-2AI",M-2AT,,10,"March 25, 2030",34,
Declining Balances Tables,146,"Class M-2A, M-2AR, M-2AS, M-2AT, M-2AU and M-2AI",M-2AT,,15,"March 25, 2030",0,
Declining Balances Tables,146,"Class M-2A, M-2AR, M-2AS, M-2AT, M-2AU and M-2AI",M-2AT,,25,"March 25, 2030",0,
Declining Balances Tables,146,"Class M-2A, M-2AR, M-2AS, M-2AT, M-2AU and M-2AI",M-2AT,,35,"March 25, 2030",0,
Declining Balances Tables,146,"Class M-2A, M-2AR, M-2AS, M-2AT, M-2AU and M-2AI",M-2AU,,0,"March 25, 2030",100,
Declining Balances Tables,146,"Class M-2A, M-2AR, M-2AS, M-2AT, M-2AU and M-2AI",M-2AU,,5,"March 25, 2030",100,
Declining Balances Tables,146,"Class M-2A, M-2AR, M-2AS, M-2AT, M-2AU and M-2AI",M-2AU,,10,"March 25, 2030",34,
Declining Balances Tables,146,"Class M-2A, M-2AR, M-2AS, M-2AT, M-2AU and M-2AI",M-2AU,,15,"March 25, 2030",0,
Declining Balances Tables,146,"Class M-2A, M-2AR, M-2AS, M-2AT, M-2AU and M-2AI",M-2AU,,25,"March 25, 2030",0,
Declining Balances Tables,146,"Class M-2A, M-2AR, M-2AS, M-2AT, M-2AU and M-2AI",M-2AU,,35,"March 25, 2030",0,
Declining Balances Tables,146,"Class M-2A, M-2AR, M-2AS, M-2AT, M-2AU and M-2AI",M-2AI,,0,"March 25, 2030",100,
Declining Balances Tables,146,"Class M-2A, M-2AR, M-2AS, M-2AT, M-2AU and M-2AI",M-2AI,,5,"March 25, 2030",100,
Declining Balances Tables,146,"Class M-2A, M-2AR, M-2AS, M-2AT, M-2AU and M-2AI",M-2AI,,10,"March 25, 2030",34,
Declining Balances Tables,146,"Class M-2A, M-2AR, M-2AS, M-2AT, M-2AU and M-2AI",M-2AI,,15,"March 25, 2030",0,
Declining Balances Tables,146,"Class M-2A, M-2AR, M-2AS, M-2AT, M-2AU and M-2AI",M-2AI,,25,"March 25, 2030",0,
Declining Balances Tables,146,"Class M-2A, M-2AR, M-2AS, M-2AT, M-2AU and M-2AI",M-2AI,,35,"March 25, 2030",0,
Declining Balances Tables,146,"Class M-2A, M-2AR, M-2AS, M-2AT, M-2AU and M-2AI",M-2A,,0,"March 25, 2031",100,
Declining Balances Tables,146,"Class M-2A, M-2AR, M-2AS, M-2AT, M-2AU and M-2AI",M-2A,,5,"March 25, 2031",100,
Declining Balances Tables,146,"Class M-2A, M-2AR, M-2AS, M-2AT, M-2AU and M-2AI",M-2A,,10,"March 25, 2031",0,
Declining Balances Tables,146,"Class M-2A, M-2AR, M-2AS, M-2AT, M-2AU and M-2AI",M-2A,,15,"March 25, 2031",0,
Declining Balances Tables,146,"Class M-2A, M-2AR, M-2AS, M-2AT, M-2AU and M-2AI",M-2A,,25,"March 25, 2031",0,
Declining Balances Tables,146,"Class M-2A, M-2AR, M-2AS, M-2AT, M-2AU and M-2AI",M-2A,,35,"March 25, 2031",0,
Declining Balances Tables,146,"Class M-2A, M-2AR, M-2AS, M-2AT, M-2AU and M-2AI",M-2AR,,0,"March 25, 2031",100,
Declining Balances Tables,146,"Class M-2A, M-2AR, M-2AS, M-2AT, M-2AU and M-2AI",M-2AR,,5,"March 25, 2031",100,
Declining Balances Tables,146,"Class M-2A, M-2AR, M-2AS, M-2AT, M-2AU and M-2AI",M-2AR,,10,"March 25, 2031",0,
Declining Balances Tables,146,"Class M-2A, M-2AR, M-2AS, M-2AT, M-2AU and M-2AI",M-2AR,,15,"March 25, 2031",0,
Declining Balances Tables,146,"Class M-2A, M-2AR, M-2AS, M-2AT, M-2AU and M-2AI",M-2AR,,25,"March 25, 2031",0,
Declining Balances Tables,146,"Class M-2A, M-2AR, M-2AS, M-2AT, M-2AU and M-2AI",M-2AR,,35,"March 25, 2031",0,
Declining Balances Tables,146,"Class M-2A, M-2AR, M-2AS, M-2AT, M-2AU and M-2AI",M-2AS,,0,"March 25, 2031",100,
Declining Balances Tables,146,"Class M-2A, M-2AR, M-2AS, M-2AT, M-2AU and M-2AI",M-2AS,,5,"March 25, 2031",100,
Declining Balances Tables,146,"Class M-2A, M-2AR, M-2AS, M-2AT, M-2AU and M-2AI",M-2AS,,10,"March 25, 2031",0,
Declining Balances Tables,146,"Class M-2A, M-2AR, M-2AS, M-2AT, M-2AU and M-2AI",M-2AS,,15,"March 25, 2031",0,
Declining Balances Tables,146,"Class M-2A, M-2AR, M-2AS, M-2AT, M-2AU and M-2AI",M-2AS,,25,"March 25, 2031",0,
Declining Balances Tables,146,"Class M-2A, M-2AR, M-2AS, M-2AT, M-2AU and M-2AI",M-2AS,,35,"March 25, 2031",0,
Declining Balances Tables,146,"Class M-2A, M-2AR, M-2AS, M-2AT, M-2AU and M-2AI",M-2AT,,0,"March 25, 2031",100,
Declining Balances Tables,146,"Class M-2A, M-2AR, M-2AS, M-2AT, M-2AU and M-2AI",M-2AT,,5,"March 25, 2031",100,
Declining Balances Tables,146,"Class M-2A, M-2AR, M-2AS, M-2AT, M-2AU and M-2AI",M-2AT,,10,"March 25, 2031",0,
Declining Balances Tables,146,"Class M-2A, M-2AR, M-2AS, M-2AT, M-2AU and M-2AI",M-2AT,,15,"March 25, 2031",0,
Declining Balances Tables,146,"Class M-2A, M-2AR, M-2AS, M-2AT, M-2AU and M-2AI",M-2AT,,25,"March 25, 2031",0,
Declining Balances Tables,146,"Class M-2A, M-2AR, M-2AS, M-2AT, M-2AU and M-2AI",M-2AT,,35,"March 25, 2031",0,
Declining Balances Tables,146,"Class M-2A, M-2AR, M-2AS, M-2AT, M-2AU and M-2AI",M-2AU,,0,"March 25, 2031",100,
Declining Balances Tables,146,"Class M-2A, M-2AR, M-2AS, M-2AT, M-2AU and M-2AI",M-2AU,,5,"March 25, 2031",100,
Declining Balances Tables,146,"Class M-2A, M-2AR, M-2AS, M-2AT, M-2AU and M-2AI",M-2AU,,10,"March 25, 2031",0,
Declining Balances Tables,146,"Class M-2A, M-2AR, M-2AS, M-2AT, M-2AU and M-2AI",M-2AU,,15,"March 25, 2031",0,
Declining Balances Tables,146,"Class M-2A, M-2AR, M-2AS, M-2AT, M-2AU and M-2AI",M-2AU,,25,"March 25, 2031",0,
Declining Balances Tables,146,"Class M-2A, M-2AR, M-2AS, M-2AT, M-2AU and M-2AI",M-2AU,,35,"March 25, 2031",0,
Declining Balances Tables,146,"Class M-2A, M-2AR, M-2AS, M-2AT, M-2AU and M-2AI",M-2AI,,0,"March 25, 2031",100,
Declining Balances Tables,146,"Class M-2A, M-2AR, M-2AS, M-2AT, M-2AU and M-2AI",M-2AI,,5,"March 25, 2031",100,
Declining Balances Tables,146,"Class M-2A, M-2AR, M-2AS, M-2AT, M-2AU and M-2AI",M-2AI,,10,"March 25, 2031",0,
Declining Balances Tables,146,"Class M-2A, M-2AR, M-2AS, M-2AT, M-2AU and M-2AI",M-2AI,,15,"March 25, 2031",0,
Declining Balances Tables,146,"Class M-2A, M-2AR, M-2AS, M-2AT, M-2AU and M-2AI",M-2AI,,25,"March 25, 2031",0,
Declining Balances Tables,146,"Class M-2A, M-2AR, M-2AS, M-2AT, M-2AU and M-2AI",M-2AI,,35,"March 25, 2031",0,
Declining Balances Tables,146,"Class M-2A, M-2AR, M-2AS, M-2AT, M-2AU and M-2AI",M-2A,,0,"March 25, 2032",100,
Declining Balances Tables,146,"Class M-2A, M-2AR, M-2AS, M-2AT, M-2AU and M-2AI",M-2A,,5,"March 25, 2032",100,
Declining Balances Tables,146,"Class M-2A, M-2AR, M-2AS, M-2AT, M-2AU and M-2AI",M-2A,,10,"March 25, 2032",0,
Declining Balances Tables,146,"Class M-2A, M-2AR, M-2AS, M-2AT, M-2AU and M-2AI",M-2A,,15,"March 25, 2032",0,
Declining Balances Tables,146,"Class M-2A, M-2AR, M-2AS, M-2AT, M-2AU and M-2AI",M-2A,,25,"March 25, 2032",0,
Declining Balances Tables,146,"Class M-2A, M-2AR, M-2AS, M-2AT, M-2AU and M-2AI",M-2A,,35,"March 25, 2032",0,
Declining Balances Tables,146,"Class M-2A, M-2AR, M-2AS, M-2AT, M-2AU and M-2AI",M-2AR,,0,"March 25, 2032",100,
Declining Balances Tables,146,"Class M-2A, M-2AR, M-2AS, M-2AT, M-2AU and M-2AI",M-2AR,,5,"March 25, 2032",100,
Declining Balances Tables,146,"Class M-2A, M-2AR, M-2AS, M-2AT, M-2AU and M-2AI",M-2AR,,10,"March 25, 2032",0,
Declining Balances Tables,146,"Class M-2A, M-2AR, M-2AS, M-2AT, M-2AU and M-2AI",M-2AR,,15,"March 25, 2032",0,
Declining Balances Tables,146,"Class M-2A, M-2AR, M-2AS, M-2AT, M-2AU and M-2AI",M-2AR,,25,"March 25, 2032",0,
Declining Balances Tables,146,"Class M-2A, M-2AR, M-2AS, M-2AT, M-2AU and M-2AI",M-2AR,,35,"March 25, 2032",0,
Declining Balances Tables,146,"Class M-2A, M-2AR, M-2AS, M-2AT, M-2AU and M-2AI",M-2AS,,0,"March 25, 2032",100,
Declining Balances Tables,146,"Class M-2A, M-2AR, M-2AS, M-2AT, M-2AU and M-2AI",M-2AS,,5,"March 25, 2032",100,
Declining Balances Tables,146,"Class M-2A, M-2AR, M-2AS, M-2AT, M-2AU and M-2AI",M-2AS,,10,"March 25, 2032",0,
Declining Balances Tables,146,"Class M-2A, M-2AR, M-2AS, M-2AT, M-2AU and M-2AI",M-2AS,,15,"March 25, 2032",0,
Declining Balances Tables,146,"Class M-2A, M-2AR, M-2AS, M-2AT, M-2AU and M-2AI",M-2AS,,25,"March 25, 2032",0,
Declining Balances Tables,146,"Class M-2A, M-2AR, M-2AS, M-2AT, M-2AU and M-2AI",M-2AS,,35,"March 25, 2032",0,
Declining Balances Tables,146,"Class M-2A, M-2AR, M-2AS, M-2AT, M-2AU and M-2AI",M-2AT,,0,"March 25, 2032",100,
Declining Balances Tables,146,"Class M-2A, M-2AR, M-2AS, M-2AT, M-2AU and M-2AI",M-2AT,,5,"March 25, 2032",100,
Declining Balances Tables,146,"Class M-2A, M-2AR, M-2AS, M-2AT, M-2AU and M-2AI",M-2AT,,10,"March 25, 2032",0,
Declining Balances Tables,146,"Class M-2A, M-2AR, M-2AS, M-2AT, M-2AU and M-2AI",M-2AT,,15,"March 25, 2032",0,
Declining Balances Tables,146,"Class M-2A, M-2AR, M-2AS, M-2AT, M-2AU and M-2AI",M-2AT,,25,"March 25, 2032",0,
Declining Balances Tables,146,"Class M-2A, M-2AR, M-2AS, M-2AT, M-2AU and M-2AI",M-2AT,,35,"March 25, 2032",0,
Declining Balances Tables,146,"Class M-2A, M-2AR, M-2AS, M-2AT, M-2AU and M-2AI",M-2AU,,0,"March 25, 2032",100,
Declining Balances Tables,146,"Class M-2A, M-2AR, M-2AS, M-2AT, M-2AU and M-2AI",M-2AU,,5,"March 25, 2032",100,
Declining Balances Tables,146,"Class M-2A, M-2AR, M-2AS, M-2AT, M-2AU and M-2AI",M-2AU,,10,"March 25, 2032",0,
Declining Balances Tables,146,"Class M-2A, M-2AR, M-2AS, M-2AT, M-2AU and M-2AI",M-2AU,,15,"March 25, 2032",0,
Declining Balances Tables,146,"Class M-2A, M-2AR, M-2AS, M-2AT, M-2AU and M-2AI",M-2AU,,25,"March 25, 2032",0,
Declining Balances Tables,146,"Class M-2A, M-2AR, M-2AS, M-2AT, M-2AU and M-2AI",M-2AU,,35,"March 25, 2032",0,
Declining Balances Tables,146,"Class M-2A, M-2AR, M-2AS, M-2AT, M-2AU and M-2AI",M-2AI,,0,"March 25, 2032",100,
Declining Balances Tables,146,"Class M-2A, M-2AR, M-2AS, M-2AT, M-2AU and M-2AI",M-2AI,,5,"March 25, 2032",100,
Declining Balances Tables,146,"Class M-2A, M-2AR, M-2AS, M-2AT, M-2AU and M-2AI",M-2AI,,10,"March 25, 2032",0,
Declining Balances Tables,146,"Class M-2A, M-2AR, M-2AS, M-2AT, M-2AU and M-2AI",M-2AI,,15,"March 25, 2032",0,
Declining Balances Tables,146,"Class M-2A, M-2AR, M-2AS, M-2AT, M-2AU and M-2AI",M-2AI,,25,"March 25, 2032",0,
Declining Balances Tables,146,"Class M-2A, M-2AR, M-2AS, M-2AT, M-2AU and M-2AI",M-2AI,,35,"March 25, 2032",0,
Declining Balances Tables,146,"Class M-2A, M-2AR, M-2AS, M-2AT, M-2AU and M-2AI",M-2A,,0,"March 25, 2033",100,
Declining Balances Tables,146,"Class M-2A, M-2AR, M-2AS, M-2AT, M-2AU and M-2AI",M-2A,,5,"March 25, 2033",46,
Declining Balances Tables,146,"Class M-2A, M-2AR, M-2AS, M-2AT, M-2AU and M-2AI",M-2A,,10,"March 25, 2033",0,
Declining Balances Tables,146,"Class M-2A, M-2AR, M-2AS, M-2AT, M-2AU and M-2AI",M-2A,,15,"March 25, 2033",0,
Declining Balances Tables,146,"Class M-2A, M-2AR, M-2AS, M-2AT, M-2AU and M-2AI",M-2A,,25,"March 25, 2033",0,
Declining Balances Tables,146,"Class M-2A, M-2AR, M-2AS, M-2AT, M-2AU and M-2AI",M-2A,,35,"March 25, 2033",0,
Declining Balances Tables,146,"Class M-2A, M-2AR, M-2AS, M-2AT, M-2AU and M-2AI",M-2AR,,0,"March 25, 2033",100,
Declining Balances Tables,146,"Class M-2A, M-2AR, M-2AS, M-2AT, M-2AU and M-2AI",M-2AR,,5,"March 25, 2033",46,
Declining Balances Tables,146,"Class M-2A, M-2AR, M-2AS, M-2AT, M-2AU and M-2AI",M-2AR,,10,"March 25, 2033",0,
Declining Balances Tables,146,"Class M-2A, M-2AR, M-2AS, M-2AT, M-2AU and M-2AI",M-2AR,,15,"March 25, 2033",0,
Declining Balances Tables,146,"Class M-2A, M-2AR, M-2AS, M-2AT, M-2AU and M-2AI",M-2AR,,25,"March 25, 2033",0,
Declining Balances Tables,146,"Class M-2A, M-2AR, M-2AS, M-2AT, M-2AU and M-2AI",M-2AR,,35,"March 25, 2033",0,
Declining Balances Tables,146,"Class M-2A, M-2AR, M-2AS, M-2AT, M-2AU and M-2AI",M-2AS,,0,"March 25, 2033",100,
Declining Balances Tables,146,"Class M-2A, M-2AR, M-2AS, M-2AT, M-2AU and M-2AI",M-2AS,,5,"March 25, 2033",46,
Declining Balances Tables,146,"Class M-2A, M-2AR, M-2AS, M-2AT, M-2AU and M-2AI",M-2AS,,10,"March 25, 2033",0,
Declining Balances Tables,146,"Class M-2A, M-2AR, M-2AS, M-2AT, M-2AU and M-2AI",M-2AS,,15,"March 25, 2033",0,
Declining Balances Tables,146,"Class M-2A, M-2AR, M-2AS, M-2AT, M-2AU and M-2AI",M-2AS,,25,"March 25, 2033",0,
Declining Balances Tables,146,"Class M-2A, M-2AR, M-2AS, M-2AT, M-2AU and M-2AI",M-2AS,,35,"March 25, 2033",0,
Declining Balances Tables,146,"Class M-2A, M-2AR, M-2AS, M-2AT, M-2AU and M-2AI",M-2AT,,0,"March 25, 2033",100,
Declining Balances Tables,146,"Class M-2A, M-2AR, M-2AS, M-2AT, M-2AU and M-2AI",M-2AT,,5,"March 25, 2033",46,
Declining Balances Tables,146,"Class M-2A, M-2AR, M-2AS, M-2AT, M-2AU and M-2AI",M-2AT,,10,"March 25, 2033",0,
Declining Balances Tables,146,"Class M-2A, M-2AR, M-2AS, M-2AT, M-2AU and M-2AI",M-2AT,,15,"March 25, 2033",0,
Declining Balances Tables,146,"Class M-2A, M-2AR, M-2AS, M-2AT, M-2AU and M-2AI",M-2AT,,25,"March 25, 2033",0,
Declining Balances Tables,146,"Class M-2A, M-2AR, M-2AS, M-2AT, M-2AU and M-2AI",M-2AT,,35,"March 25, 2033",0,
Declining Balances Tables,146,"Class M-2A, M-2AR, M-2AS, M-2AT, M-2AU and M-2AI",M-2AU,,0,"March 25, 2033",100,
Declining Balances Tables,146,"Class M-2A, M-2AR, M-2AS, M-2AT, M-2AU and M-2AI",M-2AU,,5,"March 25, 2033",46,
Declining Balances Tables,146,"Class M-2A, M-2AR, M-2AS, M-2AT, M-2AU and M-2AI",M-2AU,,10,"March 25, 2033",0,
Declining Balances Tables,146,"Class M-2A, M-2AR, M-2AS, M-2AT, M-2AU and M-2AI",M-2AU,,15,"March 25, 2033",0,
Declining Balances Tables,146,"Class M-2A, M-2AR, M-2AS, M-2AT, M-2AU and M-2AI",M-2AU,,25,"March 25, 2033",0,
Declining Balances Tables,146,"Class M-2A, M-2AR, M-2AS, M-2AT, M-2AU and M-2AI",M-2AU,,35,"March 25, 2033",0,
Declining Balances Tables,146,"Class M-2A, M-2AR, M-2AS, M-2AT, M-2AU and M-2AI",M-2AI,,0,"March 25, 2033",100,
Declining Balances Tables,146,"Class M-2A, M-2AR, M-2AS, M-2AT, M-2AU and M-2AI",M-2AI,,5,"March 25, 2033",46,
Declining Balances Tables,146,"Class M-2A, M-2AR, M-2AS, M-2AT, M-2AU and M-2AI",M-2AI,,10,"March 25, 2033",0,
Declining Balances Tables,146,"Class M-2A, M-2AR, M-2AS, M-2AT, M-2AU and M-2AI",M-2AI,,15,"March 25, 2033",0,
Declining Balances Tables,146,"Class M-2A, M-2AR, M-2AS, M-2AT, M-2AU and M-2AI",M-2AI,,25,"March 25, 2033",0,
Declining Balances Tables,146,"Class M-2A, M-2AR, M-2AS, M-2AT, M-2AU and M-2AI",M-2AI,,35,"March 25, 2033",0,
Declining Balances Tables,146,"Class M-2A, M-2AR, M-2AS, M-2AT, M-2AU and M-2AI",M-2A,,0,"March 25, 2034",100,
Declining Balances Tables,146,"Class M-2A, M-2AR, M-2AS, M-2AT, M-2AU and M-2AI",M-2A,,5,"March 25, 2034",0,
Declining Balances Tables,146,"Class M-2A, M-2AR, M-2AS, M-2AT, M-2AU and M-2AI",M-2A,,10,"March 25, 2034",0,
Declining Balances Tables,146,"Class M-2A, M-2AR, M-2AS, M-2AT, M-2AU and M-2AI",M-2A,,15,"March 25, 2034",0,
Declining Balances Tables,146,"Class M-2A, M-2AR, M-2AS, M-2AT, M-2AU and M-2AI",M-2A,,25,"March 25, 2034",0,
Declining Balances Tables,146,"Class M-2A, M-2AR, M-2AS, M-2AT, M-2AU and M-2AI",M-2A,,35,"March 25, 2034",0,
Declining Balances Tables,146,"Class M-2A, M-2AR, M-2AS, M-2AT, M-2AU and M-2AI",M-2AR,,0,"March 25, 2034",100,
Declining Balances Tables,146,"Class M-2A, M-2AR, M-2AS, M-2AT, M-2AU and M-2AI",M-2AR,,5,"March 25, 2034",0,
Declining Balances Tables,146,"Class M-2A, M-2AR, M-2AS, M-2AT, M-2AU and M-2AI",M-2AR,,10,"March 25, 2034",0,
Declining Balances Tables,146,"Class M-2A, M-2AR, M-2AS, M-2AT, M-2AU and M-2AI",M-2AR,,15,"March 25, 2034",0,
Declining Balances Tables,146,"Class M-2A, M-2AR, M-2AS, M-2AT, M-2AU and M-2AI",M-2AR,,25,"March 25, 2034",0,
Declining Balances Tables,146,"Class M-2A, M-2AR, M-2AS, M-2AT, M-2AU and M-2AI",M-2AR,,35,"March 25, 2034",0,
Declining Balances Tables,146,"Class M-2A, M-2AR, M-2AS, M-2AT, M-2AU and M-2AI",M-2AS,,0,"March 25, 2034",100,
Declining Balances Tables,146,"Class M-2A, M-2AR, M-2AS, M-2AT, M-2AU and M-2AI",M-2AS,,5,"March 25, 2034",0,
Declining Balances Tables,146,"Class M-2A, M-2AR, M-2AS, M-2AT, M-2AU and M-2AI",M-2AS,,10,"March 25, 2034",0,
Declining Balances Tables,146,"Class M-2A, M-2AR, M-2AS, M-2AT, M-2AU and M-2AI",M-2AS,,15,"March 25, 2034",0,
Declining Balances Tables,146,"Class M-2A, M-2AR, M-2AS, M-2AT, M-2AU and M-2AI",M-2AS,,25,"March 25, 2034",0,
Declining Balances Tables,146,"Class M-2A, M-2AR, M-2AS, M-2AT, M-2AU and M-2AI",M-2AS,,35,"March 25, 2034",0,
Declining Balances Tables,146,"Class M-2A, M-2AR, M-2AS, M-2AT, M-2AU and M-2AI",M-2AT,,0,"March 25, 2034",100,
Declining Balances Tables,146,"Class M-2A, M-2AR, M-2AS, M-2AT, M-2AU and M-2AI",M-2AT,,5,"March 25, 2034",0,
Declining Balances Tables,146,"Class M-2A, M-2AR, M-2AS, M-2AT, M-2AU and M-2AI",M-2AT,,10,"March 25, 2034",0,
Declining Balances Tables,146,"Class M-2A, M-2AR, M-2AS, M-2AT, M-2AU and M-2AI",M-2AT,,15,"March 25, 2034",0,
Declining Balances Tables,146,"Class M-2A, M-2AR, M-2AS, M-2AT, M-2AU and M-2AI",M-2AT,,25,"March 25, 2034",0,
Declining Balances Tables,146,"Class M-2A, M-2AR, M-2AS, M-2AT, M-2AU and M-2AI",M-2AT,,35,"March 25, 2034",0,
Declining Balances Tables,146,"Class M-2A, M-2AR, M-2AS, M-2AT, M-2AU and M-2AI",M-2AU,,0,"March 25, 2034",100,
Declining Balances Tables,146,"Class M-2A, M-2AR, M-2AS, M-2AT, M-2AU and M-2AI",M-2AU,,5,"March 25, 2034",0,
Declining Balances Tables,146,"Class M-2A, M-2AR, M-2AS, M-2AT, M-2AU and M-2AI",M-2AU,,10,"March 25, 2034",0,
Declining Balances Tables,146,"Class M-2A, M-2AR, M-2AS, M-2AT, M-2AU and M-2AI",M-2AU,,15,"March 25, 2034",0,
Declining Balances Tables,146,"Class M-2A, M-2AR, M-2AS, M-2AT, M-2AU and M-2AI",M-2AU,,25,"March 25, 2034",0,
Declining Balances Tables,146,"Class M-2A, M-2AR, M-2AS, M-2AT, M-2AU and M-2AI",M-2AU,,35,"March 25, 2034",0,
Declining Balances Tables,146,"Class M-2A, M-2AR, M-2AS, M-2AT, M-2AU and M-2AI",M-2AI,,0,"March 25, 2034",100,
Declining Balances Tables,146,"Class M-2A, M-2AR, M-2AS, M-2AT, M-2AU and M-2AI",M-2AI,,5,"March 25, 2034",0,
Declining Balances Tables,146,"Class M-2A, M-2AR, M-2AS, M-2AT, M-2AU and M-2AI",M-2AI,,10,"March 25, 2034",0,
Declining Balances Tables,146,"Class M-2A, M-2AR, M-2AS, M-2AT, M-2AU and M-2AI",M-2AI,,15,"March 25, 2034",0,
Declining Balances Tables,146,"Class M-2A, M-2AR, M-2AS, M-2AT, M-2AU and M-2AI",M-2AI,,25,"March 25, 2034",0,
Declining Balances Tables,146,"Class M-2A, M-2AR, M-2AS, M-2AT, M-2AU and M-2AI",M-2AI,,35,"March 25, 2034",0,
Declining Balances Tables,146,"Class M-2A, M-2AR, M-2AS, M-2AT, M-2AU and M-2AI",M-2A,,0,"March 25, 2035",100,
Declining Balances Tables,146,"Class M-2A, M-2AR, M-2AS, M-2AT, M-2AU and M-2AI",M-2A,,5,"March 25, 2035",0,
Declining Balances Tables,146,"Class M-2A, M-2AR, M-2AS, M-2AT, M-2AU and M-2AI",M-2A,,10,"March 25, 2035",0,
Declining Balances Tables,146,"Class M-2A, M-2AR, M-2AS, M-2AT, M-2AU and M-2AI",M-2A,,15,"March 25, 2035",0,
Declining Balances Tables,146,"Class M-2A, M-2AR, M-2AS, M-2AT, M-2AU and M-2AI",M-2A,,25,"March 25, 2035",0,
Declining Balances Tables,146,"Class M-2A, M-2AR, M-2AS, M-2AT, M-2AU and M-2AI",M-2A,,35,"March 25, 2035",0,
Declining Balances Tables,146,"Class M-2A, M-2AR, M-2AS, M-2AT, M-2AU and M-2AI",M-2AR,,0,"March 25, 2035",100,
Declining Balances Tables,146,"Class M-2A, M-2AR, M-2AS, M-2AT, M-2AU and M-2AI",M-2AR,,5,"March 25, 2035",0,
Declining Balances Tables,146,"Class M-2A, M-2AR, M-2AS, M-2AT, M-2AU and M-2AI",M-2AR,,10,"March 25, 2035",0,
Declining Balances Tables,146,"Class M-2A, M-2AR, M-2AS, M-2AT, M-2AU and M-2AI",M-2AR,,15,"March 25, 2035",0,
Declining Balances Tables,146,"Class M-2A, M-2AR, M-2AS, M-2AT, M-2AU and M-2AI",M-2AR,,25,"March 25, 2035",0,
Declining Balances Tables,146,"Class M-2A, M-2AR, M-2AS, M-2AT, M-2AU and M-2AI",M-2AR,,35,"March 25, 2035",0,
Declining Balances Tables,146,"Class M-2A, M-2AR, M-2AS, M-2AT, M-2AU and M-2AI",M-2AS,,0,"March 25, 2035",100,
Declining Balances Tables,146,"Class M-2A, M-2AR, M-2AS, M-2AT, M-2AU and M-2AI",M-2AS,,5,"March 25, 2035",0,
Declining Balances Tables,146,"Class M-2A, M-2AR, M-2AS, M-2AT, M-2AU and M-2AI",M-2AS,,10,"March 25, 2035",0,
Declining Balances Tables,146,"Class M-2A, M-2AR, M-2AS, M-2AT, M-2AU and M-2AI",M-2AS,,15,"March 25, 2035",0,
Declining Balances Tables,146,"Class M-2A, M-2AR, M-2AS, M-2AT, M-2AU and M-2AI",M-2AS,,25,"March 25, 2035",0,
Declining Balances Tables,146,"Class M-2A, M-2AR, M-2AS, M-2AT, M-2AU and M-2AI",M-2AS,,35,"March 25, 2035",0,
Declining Balances Tables,146,"Class M-2A, M-2AR, M-2AS, M-2AT, M-2AU and M-2AI",M-2AT,,0,"March 25, 2035",100,
Declining Balances Tables,146,"Class M-2A, M-2AR, M-2AS, M-2AT, M-2AU and M-2AI",M-2AT,,5,"March 25, 2035",0,
Declining Balances Tables,146,"Class M-2A, M-2AR, M-2AS, M-2AT, M-2AU and M-2AI",M-2AT,,10,"March 25, 2035",0,
Declining Balances Tables,146,"Class M-2A, M-2AR, M-2AS, M-2AT, M-2AU and M-2AI",M-2AT,,15,"March 25, 2035",0,
Declining Balances Tables,146,"Class M-2A, M-2AR, M-2AS, M-2AT, M-2AU and M-2AI",M-2AT,,25,"March 25, 2035",0,
Declining Balances Tables,146,"Class M-2A, M-2AR, M-2AS, M-2AT, M-2AU and M-2AI",M-2AT,,35,"March 25, 2035",0,
Declining Balances Tables,146,"Class M-2A, M-2AR, M-2AS, M-2AT, M-2AU and M-2AI",M-2AU,,0,"March 25, 2035",100,
Declining Balances Tables,146,"Class M-2A, M-2AR, M-2AS, M-2AT, M-2AU and M-2AI",M-2AU,,5,"March 25, 2035",0,
Declining Balances Tables,146,"Class M-2A, M-2AR, M-2AS, M-2AT, M-2AU and M-2AI",M-2AU,,10,"March 25, 2035",0,
Declining Balances Tables,146,"Class M-2A, M-2AR, M-2AS, M-2AT, M-2AU and M-2AI",M-2AU,,15,"March 25, 2035",0,
Declining Balances Tables,146,"Class M-2A, M-2AR, M-2AS, M-2AT, M-2AU and M-2AI",M-2AU,,25,"March 25, 2035",0,
Declining Balances Tables,146,"Class M-2A, M-2AR, M-2AS, M-2AT, M-2AU and M-2AI",M-2AU,,35,"March 25, 2035",0,
Declining Balances Tables,146,"Class M-2A, M-2AR, M-2AS, M-2AT, M-2AU and M-2AI",M-2AI,,0,"March 25, 2035",100,
Declining Balances Tables,146,"Class M-2A, M-2AR, M-2AS, M-2AT, M-2AU and M-2AI",M-2AI,,5,"March 25, 2035",0,
Declining Balances Tables,146,"Class M-2A, M-2AR, M-2AS, M-2AT, M-2AU and M-2AI",M-2AI,,10,"March 25, 2035",0,
Declining Balances Tables,146,"Class M-2A, M-2AR, M-2AS, M-2AT, M-2AU and M-2AI",M-2AI,,15,"March 25, 2035",0,
Declining Balances Tables,146,"Class M-2A, M-2AR, M-2AS, M-2AT, M-2AU and M-2AI",M-2AI,,25,"March 25, 2035",0,
Declining Balances Tables,146,"Class M-2A, M-2AR, M-2AS, M-2AT, M-2AU and M-2AI",M-2AI,,35,"March 25, 2035",0,
Declining Balances Tables,146,"Class M-2A, M-2AR, M-2AS, M-2AT, M-2AU and M-2AI",M-2A,,0,"March 25, 2036",100,
Declining Balances Tables,146,"Class M-2A, M-2AR, M-2AS, M-2AT, M-2AU and M-2AI",M-2A,,5,"March 25, 2036",0,
Declining Balances Tables,146,"Class M-2A, M-2AR, M-2AS, M-2AT, M-2AU and M-2AI",M-2A,,10,"March 25, 2036",0,
Declining Balances Tables,146,"Class M-2A, M-2AR, M-2AS, M-2AT, M-2AU and M-2AI",M-2A,,15,"March 25, 2036",0,
Declining Balances Tables,146,"Class M-2A, M-2AR, M-2AS, M-2AT, M-2AU and M-2AI",M-2A,,25,"March 25, 2036",0,
Declining Balances Tables,146,"Class M-2A, M-2AR, M-2AS, M-2AT, M-2AU and M-2AI",M-2A,,35,"March 25, 2036",0,
Declining Balances Tables,146,"Class M-2A, M-2AR, M-2AS, M-2AT, M-2AU and M-2AI",M-2AR,,0,"March 25, 2036",100,
Declining Balances Tables,146,"Class M-2A, M-2AR, M-2AS, M-2AT, M-2AU and M-2AI",M-2AR,,5,"March 25, 2036",0,
Declining Balances Tables,146,"Class M-2A, M-2AR, M-2AS, M-2AT, M-2AU and M-2AI",M-2AR,,10,"March 25, 2036",0,
Declining Balances Tables,146,"Class M-2A, M-2AR, M-2AS, M-2AT, M-2AU and M-2AI",M-2AR,,15,"March 25, 2036",0,
Declining Balances Tables,146,"Class M-2A, M-2AR, M-2AS, M-2AT, M-2AU and M-2AI",M-2AR,,25,"March 25, 2036",0,
Declining Balances Tables,146,"Class M-2A, M-2AR, M-2AS, M-2AT, M-2AU and M-2AI",M-2AR,,35,"March 25, 2036",0,
Declining Balances Tables,146,"Class M-2A, M-2AR, M-2AS, M-2AT, M-2AU and M-2AI",M-2AS,,0,"March 25, 2036",100,
Declining Balances Tables,146,"Class M-2A, M-2AR, M-2AS, M-2AT, M-2AU and M-2AI",M-2AS,,5,"March 25, 2036",0,
Declining Balances Tables,146,"Class M-2A, M-2AR, M-2AS, M-2AT, M-2AU and M-2AI",M-2AS,,10,"March 25, 2036",0,
Declining Balances Tables,146,"Class M-2A, M-2AR, M-2AS, M-2AT, M-2AU and M-2AI",M-2AS,,15,"March 25, 2036",0,
Declining Balances Tables,146,"Class M-2A, M-2AR, M-2AS, M-2AT, M-2AU and M-2AI",M-2AS,,25,"March 25, 2036",0,
Declining Balances Tables,146,"Class M-2A, M-2AR, M-2AS, M-2AT, M-2AU and M-2AI",M-2AS,,35,"March 25, 2036",0,
Declining Balances Tables,146,"Class M-2A, M-2AR, M-2AS, M-2AT, M-2AU and M-2AI",M-2AT,,0,"March 25, 2036",100,
Declining Balances Tables,146,"Class M-2A, M-2AR, M-2AS, M-2AT, M-2AU and M-2AI",M-2AT,,5,"March 25, 2036",0,
Declining Balances Tables,146,"Class M-2A, M-2AR, M-2AS, M-2AT, M-2AU and M-2AI",M-2AT,,10,"March 25, 2036",0,
Declining Balances Tables,146,"Class M-2A, M-2AR, M-2AS, M-2AT, M-2AU and M-2AI",M-2AT,,15,"March 25, 2036",0,
Declining Balances Tables,146,"Class M-2A, M-2AR, M-2AS, M-2AT, M-2AU and M-2AI",M-2AT,,25,"March 25, 2036",0,
Declining Balances Tables,146,"Class M-2A, M-2AR, M-2AS, M-2AT, M-2AU and M-2AI",M-2AT,,35,"March 25, 2036",0,
Declining Balances Tables,146,"Class M-2A, M-2AR, M-2AS, M-2AT, M-2AU and M-2AI",M-2AU,,0,"March 25, 2036",100,
Declining Balances Tables,146,"Class M-2A, M-2AR, M-2AS, M-2AT, M-2AU and M-2AI",M-2AU,,5,"March 25, 2036",0,
Declining Balances Tables,146,"Class M-2A, M-2AR, M-2AS, M-2AT, M-2AU and M-2AI",M-2AU,,10,"March 25, 2036",0,
Declining Balances Tables,146,"Class M-2A, M-2AR, M-2AS, M-2AT, M-2AU and M-2AI",M-2AU,,15,"March 25, 2036",0,
Declining Balances Tables,146,"Class M-2A, M-2AR, M-2AS, M-2AT, M-2AU and M-2AI",M-2AU,,25,"March 25, 2036",0,
Declining Balances Tables,146,"Class M-2A, M-2AR, M-2AS, M-2AT, M-2AU and M-2AI",M-2AU,,35,"March 25, 2036",0,
Declining Balances Tables,146,"Class M-2A, M-2AR, M-2AS, M-2AT, M-2AU and M-2AI",M-2AI,,0,"March 25, 2036",100,
Declining Balances Tables,146,"Class M-2A, M-2AR, M-2AS, M-2AT, M-2AU and M-2AI",M-2AI,,5,"March 25, 2036",0,
Declining Balances Tables,146,"Class M-2A, M-2AR, M-2AS, M-2AT, M-2AU and M-2AI",M-2AI,,10,"March 25, 2036",0,
Declining Balances Tables,146,"Class M-2A, M-2AR, M-2AS, M-2AT, M-2AU and M-2AI",M-2AI,,15,"March 25, 2036",0,
Declining Balances Tables,146,"Class M-2A, M-2AR, M-2AS, M-2AT, M-2AU and M-2AI",M-2AI,,25,"March 25, 2036",0,
Declining Balances Tables,146,"Class M-2A, M-2AR, M-2AS, M-2AT, M-2AU and M-2AI",M-2AI,,35,"March 25, 2036",0,
Declining Balances Tables,146,"Class M-2A, M-2AR, M-2AS, M-2AT, M-2AU and M-2AI",M-2A,,0,"March 25, 2037",100,
Declining Balances Tables,146,"Class M-2A, M-2AR, M-2AS, M-2AT, M-2AU and M-2AI",M-2A,,5,"March 25, 2037",0,
Declining Balances Tables,146,"Class M-2A, M-2AR, M-2AS, M-2AT, M-2AU and M-2AI",M-2A,,10,"March 25, 2037",0,
Declining Balances Tables,146,"Class M-2A, M-2AR, M-2AS, M-2AT, M-2AU and M-2AI",M-2A,,15,"March 25, 2037",0,
Declining Balances Tables,146,"Class M-2A, M-2AR, M-2AS, M-2AT, M-2AU and M-2AI",M-2A,,25,"March 25, 2037",0,
Declining Balances Tables,146,"Class M-2A, M-2AR, M-2AS, M-2AT, M-2AU and M-2AI",M-2A,,35,"March 25, 2037",0,
Declining Balances Tables,146,"Class M-2A, M-2AR, M-2AS, M-2AT, M-2AU and M-2AI",M-2AR,,0,"March 25, 2037",100,
Declining Balances Tables,146,"Class M-2A, M-2AR, M-2AS, M-2AT, M-2AU and M-2AI",M-2AR,,5,"March 25, 2037",0,
Declining Balances Tables,146,"Class M-2A, M-2AR, M-2AS, M-2AT, M-2AU and M-2AI",M-2AR,,10,"March 25, 2037",0,
Declining Balances Tables,146,"Class M-2A, M-2AR, M-2AS, M-2AT, M-2AU and M-2AI",M-2AR,,15,"March 25, 2037",0,
Declining Balances Tables,146,"Class M-2A, M-2AR, M-2AS, M-2AT, M-2AU and M-2AI",M-2AR,,25,"March 25, 2037",0,
Declining Balances Tables,146,"Class M-2A, M-2AR, M-2AS, M-2AT, M-2AU and M-2AI",M-2AR,,35,"March 25, 2037",0,
Declining Balances Tables,146,"Class M-2A, M-2AR, M-2AS, M-2AT, M-2AU and M-2AI",M-2AS,,0,"March 25, 2037",100,
Declining Balances Tables,146,"Class M-2A, M-2AR, M-2AS, M-2AT, M-2AU and M-2AI",M-2AS,,5,"March 25, 2037",0,
Declining Balances Tables,146,"Class M-2A, M-2AR, M-2AS, M-2AT, M-2AU and M-2AI",M-2AS,,10,"March 25, 2037",0,
Declining Balances Tables,146,"Class M-2A, M-2AR, M-2AS, M-2AT, M-2AU and M-2AI",M-2AS,,15,"March 25, 2037",0,
Declining Balances Tables,146,"Class M-2A, M-2AR, M-2AS, M-2AT, M-2AU and M-2AI",M-2AS,,25,"March 25, 2037",0,
Declining Balances Tables,146,"Class M-2A, M-2AR, M-2AS, M-2AT, M-2AU and M-2AI",M-2AS,,35,"March 25, 2037",0,
Declining Balances Tables,146,"Class M-2A, M-2AR, M-2AS, M-2AT, M-2AU and M-2AI",M-2AT,,0,"March 25, 2037",100,
Declining Balances Tables,146,"Class M-2A, M-2AR, M-2AS, M-2AT, M-2AU and M-2AI",M-2AT,,5,"March 25, 2037",0,
Declining Balances Tables,146,"Class M-2A, M-2AR, M-2AS, M-2AT, M-2AU and M-2AI",M-2AT,,10,"March 25, 2037",0,
Declining Balances Tables,146,"Class M-2A, M-2AR, M-2AS, M-2AT, M-2AU and M-2AI",M-2AT,,15,"March 25, 2037",0,
Declining Balances Tables,146,"Class M-2A, M-2AR, M-2AS, M-2AT, M-2AU and M-2AI",M-2AT,,25,"March 25, 2037",0,
Declining Balances Tables,146,"Class M-2A, M-2AR, M-2AS, M-2AT, M-2AU and M-2AI",M-2AT,,35,"March 25, 2037",0,
Declining Balances Tables,146,"Class M-2A, M-2AR, M-2AS, M-2AT, M-2AU and M-2AI",M-2AU,,0,"March 25, 2037",100,
Declining Balances Tables,146,"Class M-2A, M-2AR, M-2AS, M-2AT, M-2AU and M-2AI",M-2AU,,5,"March 25, 2037",0,
Declining Balances Tables,146,"Class M-2A, M-2AR, M-2AS, M-2AT, M-2AU and M-2AI",M-2AU,,10,"March 25, 2037",0,
Declining Balances Tables,146,"Class M-2A, M-2AR, M-2AS, M-2AT, M-2AU and M-2AI",M-2AU,,15,"March 25, 2037",0,
Declining Balances Tables,146,"Class M-2A, M-2AR, M-2AS, M-2AT, M-2AU and M-2AI",M-2AU,,25,"March 25, 2037",0,
Declining Balances Tables,146,"Class M-2A, M-2AR, M-2AS, M-2AT, M-2AU and M-2AI",M-2AU,,35,"March 25, 2037",0,
Declining Balances Tables,146,"Class M-2A, M-2AR, M-2AS, M-2AT, M-2AU and M-2AI",M-2AI,,0,"March 25, 2037",100,
Declining Balances Tables,146,"Class M-2A, M-2AR, M-2AS, M-2AT, M-2AU and M-2AI",M-2AI,,5,"March 25, 2037",0,
Declining Balances Tables,146,"Class M-2A, M-2AR, M-2AS, M-2AT, M-2AU and M-2AI",M-2AI,,10,"March 25, 2037",0,
Declining Balances Tables,146,"Class M-2A, M-2AR, M-2AS, M-2AT, M-2AU and M-2AI",M-2AI,,15,"March 25, 2037",0,
Declining Balances Tables,146,"Class M-2A, M-2AR, M-2AS, M-2AT, M-2AU and M-2AI",M-2AI,,25,"March 25, 2037",0,
Declining Balances Tables,146,"Class M-2A, M-2AR, M-2AS, M-2AT, M-2AU and M-2AI",M-2AI,,35,"March 25, 2037",0,
Declining Balances Tables,146,"Class M-2A, M-2AR, M-2AS, M-2AT, M-2AU and M-2AI",M-2A,,0,"March 25, 2038",100,
Declining Balances Tables,146,"Class M-2A, M-2AR, M-2AS, M-2AT, M-2AU and M-2AI",M-2A,,5,"March 25, 2038",0,
Declining Balances Tables,146,"Class M-2A, M-2AR, M-2AS, M-2AT, M-2AU and M-2AI",M-2A,,10,"March 25, 2038",0,
Declining Balances Tables,146,"Class M-2A, M-2AR, M-2AS, M-2AT, M-2AU and M-2AI",M-2A,,15,"March 25, 2038",0,
Declining Balances Tables,146,"Class M-2A, M-2AR, M-2AS, M-2AT, M-2AU and M-2AI",M-2A,,25,"March 25, 2038",0,
Declining Balances Tables,146,"Class M-2A, M-2AR, M-2AS, M-2AT, M-2AU and M-2AI",M-2A,,35,"March 25, 2038",0,
Declining Balances Tables,146,"Class M-2A, M-2AR, M-2AS, M-2AT, M-2AU and M-2AI",M-2AR,,0,"March 25, 2038",100,
Declining Balances Tables,146,"Class M-2A, M-2AR, M-2AS, M-2AT, M-2AU and M-2AI",M-2AR,,5,"March 25, 2038",0,
Declining Balances Tables,146,"Class M-2A, M-2AR, M-2AS, M-2AT, M-2AU and M-2AI",M-2AR,,10,"March 25, 2038",0,
Declining Balances Tables,146,"Class M-2A, M-2AR, M-2AS, M-2AT, M-2AU and M-2AI",M-2AR,,15,"March 25, 2038",0,
Declining Balances Tables,146,"Class M-2A, M-2AR, M-2AS, M-2AT, M-2AU and M-2AI",M-2AR,,25,"March 25, 2038",0,
Declining Balances Tables,146,"Class M-2A, M-2AR, M-2AS, M-2AT, M-2AU and M-2AI",M-2AR,,35,"March 25, 2038",0,
Declining Balances Tables,146,"Class M-2A, M-2AR, M-2AS, M-2AT, M-2AU and M-2AI",M-2AS,,0,"March 25, 2038",100,
Declining Balances Tables,146,"Class M-2A, M-2AR, M-2AS, M-2AT, M-2AU and M-2AI",M-2AS,,5,"March 25, 2038",0,
Declining Balances Tables,146,"Class M-2A, M-2AR, M-2AS, M-2AT, M-2AU and M-2AI",M-2AS,,10,"March 25, 2038",0,
Declining Balances Tables,146,"Class M-2A, M-2AR, M-2AS, M-2AT, M-2AU and M-2AI",M-2AS,,15,"March 25, 2038",0,
Declining Balances Tables,146,"Class M-2A, M-2AR, M-2AS, M-2AT, M-2AU and M-2AI",M-2AS,,25,"March 25, 2038",0,
Declining Balances Tables,146,"Class M-2A, M-2AR, M-2AS, M-2AT, M-2AU and M-2AI",M-2AS,,35,"March 25, 2038",0,
Declining Balances Tables,146,"Class M-2A, M-2AR, M-2AS, M-2AT, M-2AU and M-2AI",M-2AT,,0,"March 25, 2038",100,
Declining Balances Tables,146,"Class M-2A, M-2AR, M-2AS, M-2AT, M-2AU and M-2AI",M-2AT,,5,"March 25, 2038",0,
Declining Balances Tables,146,"Class M-2A, M-2AR, M-2AS, M-2AT, M-2AU and M-2AI",M-2AT,,10,"March 25, 2038",0,
Declining Balances Tables,146,"Class M-2A, M-2AR, M-2AS, M-2AT, M-2AU and M-2AI",M-2AT,,15,"March 25, 2038",0,
Declining Balances Tables,146,"Class M-2A, M-2AR, M-2AS, M-2AT, M-2AU and M-2AI",M-2AT,,25,"March 25, 2038",0,
Declining Balances Tables,146,"Class M-2A, M-2AR, M-2AS, M-2AT, M-2AU and M-2AI",M-2AT,,35,"March 25, 2038",0,
Declining Balances Tables,146,"Class M-2A, M-2AR, M-2AS, M-2AT, M-2AU and M-2AI",M-2AU,,0,"March 25, 2038",100,
Declining Balances Tables,146,"Class M-2A, M-2AR, M-2AS, M-2AT, M-2AU and M-2AI",M-2AU,,5,"March 25, 2038",0,
Declining Balances Tables,146,"Class M-2A, M-2AR, M-2AS, M-2AT, M-2AU and M-2AI",M-2AU,,10,"March 25, 2038",0,
Declining Balances Tables,146,"Class M-2A, M-2AR, M-2AS, M-2AT, M-2AU and M-2AI",M-2AU,,15,"March 25, 2038",0,
Declining Balances Tables,146,"Class M-2A, M-2AR, M-2AS, M-2AT, M-2AU and M-2AI",M-2AU,,25,"March 25, 2038",0,
Declining Balances Tables,146,"Class M-2A, M-2AR, M-2AS, M-2AT, M-2AU and M-2AI",M-2AU,,35,"March 25, 2038",0,
Declining Balances Tables,146,"Class M-2A, M-2AR, M-2AS, M-2AT, M-2AU and M-2AI",M-2AI,,0,"March 25, 2038",100,
Declining Balances Tables,146,"Class M-2A, M-2AR, M-2AS, M-2AT, M-2AU and M-2AI",M-2AI,,5,"March 25, 2038",0,
Declining Balances Tables,146,"Class M-2A, M-2AR, M-2AS, M-2AT, M-2AU and M-2AI",M-2AI,,10,"March 25, 2038",0,
Declining Balances Tables,146,"Class M-2A, M-2AR, M-2AS, M-2AT, M-2AU and M-2AI",M-2AI,,15,"March 25, 2038",0,
Declining Balances Tables,146,"Class M-2A, M-2AR, M-2AS, M-2AT, M-2AU and M-2AI",M-2AI,,25,"March 25, 2038",0,
Declining Balances Tables,146,"Class M-2A, M-2AR, M-2AS, M-2AT, M-2AU and M-2AI",M-2AI,,35,"March 25, 2038",0,
Declining Balances Tables,146,"Class M-2A, M-2AR, M-2AS, M-2AT, M-2AU and M-2AI",M-2A,,0,"March 25, 2039",100,
Declining Balances Tables,146,"Class M-2A, M-2AR, M-2AS, M-2AT, M-2AU and M-2AI",M-2A,,5,"March 25, 2039",0,
Declining Balances Tables,146,"Class M-2A, M-2AR, M-2AS, M-2AT, M-2AU and M-2AI",M-2A,,10,"March 25, 2039",0,
Declining Balances Tables,146,"Class M-2A, M-2AR, M-2AS, M-2AT, M-2AU and M-2AI",M-2A,,15,"March 25, 2039",0,
Declining Balances Tables,146,"Class M-2A, M-2AR, M-2AS, M-2AT, M-2AU and M-2AI",M-2A,,25,"March 25, 2039",0,
Declining Balances Tables,146,"Class M-2A, M-2AR, M-2AS, M-2AT, M-2AU and M-2AI",M-2A,,35,"March 25, 2039",0,
Declining Balances Tables,146,"Class M-2A, M-2AR, M-2AS, M-2AT, M-2AU and M-2AI",M-2AR,,0,"March 25, 2039",100,
Declining Balances Tables,146,"Class M-2A, M-2AR, M-2AS, M-2AT, M-2AU and M-2AI",M-2AR,,5,"March 25, 2039",0,
Declining Balances Tables,146,"Class M-2A, M-2AR, M-2AS, M-2AT, M-2AU and M-2AI",M-2AR,,10,"March 25, 2039",0,
Declining Balances Tables,146,"Class M-2A, M-2AR, M-2AS, M-2AT, M-2AU and M-2AI",M-2AR,,15,"March 25, 2039",0,
Declining Balances Tables,146,"Class M-2A, M-2AR, M-2AS, M-2AT, M-2AU and M-2AI",M-2AR,,25,"March 25, 2039",0,
Declining Balances Tables,146,"Class M-2A, M-2AR, M-2AS, M-2AT, M-2AU and M-2AI",M-2AR,,35,"March 25, 2039",0,
Declining Balances Tables,146,"Class M-2A, M-2AR, M-2AS, M-2AT, M-2AU and M-2AI",M-2AS,,0,"March 25, 2039",100,
Declining Balances Tables,146,"Class M-2A, M-2AR, M-2AS, M-2AT, M-2AU and M-2AI",M-2AS,,5,"March 25, 2039",0,
Declining Balances Tables,146,"Class M-2A, M-2AR, M-2AS, M-2AT, M-2AU and M-2AI",M-2AS,,10,"March 25, 2039",0,
Declining Balances Tables,146,"Class M-2A, M-2AR, M-2AS, M-2AT, M-2AU and M-2AI",M-2AS,,15,"March 25, 2039",0,
Declining Balances Tables,146,"Class M-2A, M-2AR, M-2AS, M-2AT, M-2AU and M-2AI",M-2AS,,25,"March 25, 2039",0,
Declining Balances Tables,146,"Class M-2A, M-2AR, M-2AS, M-2AT, M-2AU and M-2AI",M-2AS,,35,"March 25, 2039",0,
Declining Balances Tables,146,"Class M-2A, M-2AR, M-2AS, M-2AT, M-2AU and M-2AI",M-2AT,,0,"March 25, 2039",100,
Declining Balances Tables,146,"Class M-2A, M-2AR, M-2AS, M-2AT, M-2AU and M-2AI",M-2AT,,5,"March 25, 2039",0,
Declining Balances Tables,146,"Class M-2A, M-2AR, M-2AS, M-2AT, M-2AU and M-2AI",M-2AT,,10,"March 25, 2039",0,
Declining Balances Tables,146,"Class M-2A, M-2AR, M-2AS, M-2AT, M-2AU and M-2AI",M-2AT,,15,"March 25, 2039",0,
Declining Balances Tables,146,"Class M-2A, M-2AR, M-2AS, M-2AT, M-2AU and M-2AI",M-2AT,,25,"March 25, 2039",0,
Declining Balances Tables,146,"Class M-2A, M-2AR, M-2AS, M-2AT, M-2AU and M-2AI",M-2AT,,35,"March 25, 2039",0,
Declining Balances Tables,146,"Class M-2A, M-2AR, M-2AS, M-2AT, M-2AU and M-2AI",M-2AU,,0,"March 25, 2039",100,
Declining Balances Tables,146,"Class M-2A, M-2AR, M-2AS, M-2AT, M-2AU and M-2AI",M-2AU,,5,"March 25, 2039",0,
Declining Balances Tables,146,"Class M-2A, M-2AR, M-2AS, M-2AT, M-2AU and M-2AI",M-2AU,,10,"March 25, 2039",0,
Declining Balances Tables,146,"Class M-2A, M-2AR, M-2AS, M-2AT, M-2AU and M-2AI",M-2AU,,15,"March 25, 2039",0,
Declining Balances Tables,146,"Class M-2A, M-2AR, M-2AS, M-2AT, M-2AU and M-2AI",M-2AU,,25,"March 25, 2039",0,
Declining Balances Tables,146,"Class M-2A, M-2AR, M-2AS, M-2AT, M-2AU and M-2AI",M-2AU,,35,"March 25, 2039",0,
Declining Balances Tables,146,"Class M-2A, M-2AR, M-2AS, M-2AT, M-2AU and M-2AI",M-2AI,,0,"March 25, 2039",100,
Declining Balances Tables,146,"Class M-2A, M-2AR, M-2AS, M-2AT, M-2AU and M-2AI",M-2AI,,5,"March 25, 2039",0,
Declining Balances Tables,146,"Class M-2A, M-2AR, M-2AS, M-2AT, M-2AU and M-2AI",M-2AI,,10,"March 25, 2039",0,
Declining Balances Tables,146,"Class M-2A, M-2AR, M-2AS, M-2AT, M-2AU and M-2AI",M-2AI,,15,"March 25, 2039",0,
Declining Balances Tables,146,"Class M-2A, M-2AR, M-2AS, M-2AT, M-2AU and M-2AI",M-2AI,,25,"March 25, 2039",0,
Declining Balances Tables,146,"Class M-2A, M-2AR, M-2AS, M-2AT, M-2AU and M-2AI",M-2AI,,35,"March 25, 2039",0,
Declining Balances Tables,146,"Class M-2A, M-2AR, M-2AS, M-2AT, M-2AU and M-2AI",M-2A,,0,"March 25, 2040",100,
Declining Balances Tables,146,"Class M-2A, M-2AR, M-2AS, M-2AT, M-2AU and M-2AI",M-2A,,5,"March 25, 2040",0,
Declining Balances Tables,146,"Class M-2A, M-2AR, M-2AS, M-2AT, M-2AU and M-2AI",M-2A,,10,"March 25, 2040",0,
Declining Balances Tables,146,"Class M-2A, M-2AR, M-2AS, M-2AT, M-2AU and M-2AI",M-2A,,15,"March 25, 2040",0,
Declining Balances Tables,146,"Class M-2A, M-2AR, M-2AS, M-2AT, M-2AU and M-2AI",M-2A,,25,"March 25, 2040",0,
Declining Balances Tables,146,"Class M-2A, M-2AR, M-2AS, M-2AT, M-2AU and M-2AI",M-2A,,35,"March 25, 2040",0,
Declining Balances Tables,146,"Class M-2A, M-2AR, M-2AS, M-2AT, M-2AU and M-2AI",M-2AR,,0,"March 25, 2040",100,
Declining Balances Tables,146,"Class M-2A, M-2AR, M-2AS, M-2AT, M-2AU and M-2AI",M-2AR,,5,"March 25, 2040",0,
Declining Balances Tables,146,"Class M-2A, M-2AR, M-2AS, M-2AT, M-2AU and M-2AI",M-2AR,,10,"March 25, 2040",0,
Declining Balances Tables,146,"Class M-2A, M-2AR, M-2AS, M-2AT, M-2AU and M-2AI",M-2AR,,15,"March 25, 2040",0,
Declining Balances Tables,146,"Class M-2A, M-2AR, M-2AS, M-2AT, M-2AU and M-2AI",M-2AR,,25,"March 25, 2040",0,
Declining Balances Tables,146,"Class M-2A, M-2AR, M-2AS, M-2AT, M-2AU and M-2AI",M-2AR,,35,"March 25, 2040",0,
Declining Balances Tables,146,"Class M-2A, M-2AR, M-2AS, M-2AT, M-2AU and M-2AI",M-2AS,,0,"March 25, 2040",100,
Declining Balances Tables,146,"Class M-2A, M-2AR, M-2AS, M-2AT, M-2AU and M-2AI",M-2AS,,5,"March 25, 2040",0,
Declining Balances Tables,146,"Class M-2A, M-2AR, M-2AS, M-2AT, M-2AU and M-2AI",M-2AS,,10,"March 25, 2040",0,
Declining Balances Tables,146,"Class M-2A, M-2AR, M-2AS, M-2AT, M-2AU and M-2AI",M-2AS,,15,"March 25, 2040",0,
Declining Balances Tables,146,"Class M-2A, M-2AR, M-2AS, M-2AT, M-2AU and M-2AI",M-2AS,,25,"March 25, 2040",0,
Declining Balances Tables,146,"Class M-2A, M-2AR, M-2AS, M-2AT, M-2AU and M-2AI",M-2AS,,35,"March 25, 2040",0,
Declining Balances Tables,146,"Class M-2A, M-2AR, M-2AS, M-2AT, M-2AU and M-2AI",M-2AT,,0,"March 25, 2040",100,
Declining Balances Tables,146,"Class M-2A, M-2AR, M-2AS, M-2AT, M-2AU and M-2AI",M-2AT,,5,"March 25, 2040",0,
Declining Balances Tables,146,"Class M-2A, M-2AR, M-2AS, M-2AT, M-2AU and M-2AI",M-2AT,,10,"March 25, 2040",0,
Declining Balances Tables,146,"Class M-2A, M-2AR, M-2AS, M-2AT, M-2AU and M-2AI",M-2AT,,15,"March 25, 2040",0,
Declining Balances Tables,146,"Class M-2A, M-2AR, M-2AS, M-2AT, M-2AU and M-2AI",M-2AT,,25,"March 25, 2040",0,
Declining Balances Tables,146,"Class M-2A, M-2AR, M-2AS, M-2AT, M-2AU and M-2AI",M-2AT,,35,"March 25, 2040",0,
Declining Balances Tables,146,"Class M-2A, M-2AR, M-2AS, M-2AT, M-2AU and M-2AI",M-2AU,,0,"March 25, 2040",100,
Declining Balances Tables,146,"Class M-2A, M-2AR, M-2AS, M-2AT, M-2AU and M-2AI",M-2AU,,5,"March 25, 2040",0,
Declining Balances Tables,146,"Class M-2A, M-2AR, M-2AS, M-2AT, M-2AU and M-2AI",M-2AU,,10,"March 25, 2040",0,
Declining Balances Tables,146,"Class M-2A, M-2AR, M-2AS, M-2AT, M-2AU and M-2AI",M-2AU,,15,"March 25, 2040",0,
Declining Balances Tables,146,"Class M-2A, M-2AR, M-2AS, M-2AT, M-2AU and M-2AI",M-2AU,,25,"March 25, 2040",0,
Declining Balances Tables,146,"Class M-2A, M-2AR, M-2AS, M-2AT, M-2AU and M-2AI",M-2AU,,35,"March 25, 2040",0,
Declining Balances Tables,146,"Class M-2A, M-2AR, M-2AS, M-2AT, M-2AU and M-2AI",M-2AI,,0,"March 25, 2040",100,
Declining Balances Tables,146,"Class M-2A, M-2AR, M-2AS, M-2AT, M-2AU and M-2AI",M-2AI,,5,"March 25, 2040",0,
Declining Balances Tables,146,"Class M-2A, M-2AR, M-2AS, M-2AT, M-2AU and M-2AI",M-2AI,,10,"March 25, 2040",0,
Declining Balances Tables,146,"Class M-2A, M-2AR, M-2AS, M-2AT, M-2AU and M-2AI",M-2AI,,15,"March 25, 2040",0,
Declining Balances Tables,146,"Class M-2A, M-2AR, M-2AS, M-2AT, M-2AU and M-2AI",M-2AI,,25,"March 25, 2040",0,
Declining Balances Tables,146,"Class M-2A, M-2AR, M-2AS, M-2AT, M-2AU and M-2AI",M-2AI,,35,"March 25, 2040",0,
Declining Balances Tables,146,"Class M-2A, M-2AR, M-2AS, M-2AT, M-2AU and M-2AI",M-2A,,0,"March 25, 2041",100,
Declining Balances Tables,146,"Class M-2A, M-2AR, M-2AS, M-2AT, M-2AU and M-2AI",M-2A,,5,"March 25, 2041",0,
Declining Balances Tables,146,"Class M-2A, M-2AR, M-2AS, M-2AT, M-2AU and M-2AI",M-2A,,10,"March 25, 2041",0,
Declining Balances Tables,146,"Class M-2A, M-2AR, M-2AS, M-2AT, M-2AU and M-2AI",M-2A,,15,"March 25, 2041",0,
Declining Balances Tables,146,"Class M-2A, M-2AR, M-2AS, M-2AT, M-2AU and M-2AI",M-2A,,25,"March 25, 2041",0,
Declining Balances Tables,146,"Class M-2A, M-2AR, M-2AS, M-2AT, M-2AU and M-2AI",M-2A,,35,"March 25, 2041",0,
Declining Balances Tables,146,"Class M-2A, M-2AR, M-2AS, M-2AT, M-2AU and M-2AI",M-2AR,,0,"March 25, 2041",100,
Declining Balances Tables,146,"Class M-2A, M-2AR, M-2AS, M-2AT, M-2AU and M-2AI",M-2AR,,5,"March 25, 2041",0,
Declining Balances Tables,146,"Class M-2A, M-2AR, M-2AS, M-2AT, M-2AU and M-2AI",M-2AR,,10,"March 25, 2041",0,
Declining Balances Tables,146,"Class M-2A, M-2AR, M-2AS, M-2AT, M-2AU and M-2AI",M-2AR,,15,"March 25, 2041",0,
Declining Balances Tables,146,"Class M-2A, M-2AR, M-2AS, M-2AT, M-2AU and M-2AI",M-2AR,,25,"March 25, 2041",0,
Declining Balances Tables,146,"Class M-2A, M-2AR, M-2AS, M-2AT, M-2AU and M-2AI",M-2AR,,35,"March 25, 2041",0,
Declining Balances Tables,146,"Class M-2A, M-2AR, M-2AS, M-2AT, M-2AU and M-2AI",M-2AS,,0,"March 25, 2041",100,
Declining Balances Tables,146,"Class M-2A, M-2AR, M-2AS, M-2AT, M-2AU and M-2AI",M-2AS,,5,"March 25, 2041",0,
Declining Balances Tables,146,"Class M-2A, M-2AR, M-2AS, M-2AT, M-2AU and M-2AI",M-2AS,,10,"March 25, 2041",0,
Declining Balances Tables,146,"Class M-2A, M-2AR, M-2AS, M-2AT, M-2AU and M-2AI",M-2AS,,15,"March 25, 2041",0,
Declining Balances Tables,146,"Class M-2A, M-2AR, M-2AS, M-2AT, M-2AU and M-2AI",M-2AS,,25,"March 25, 2041",0,
Declining Balances Tables,146,"Class M-2A, M-2AR, M-2AS, M-2AT, M-2AU and M-2AI",M-2AS,,35,"March 25, 2041",0,
Declining Balances Tables,146,"Class M-2A, M-2AR, M-2AS, M-2AT, M-2AU and M-2AI",M-2AT,,0,"March 25, 2041",100,
Declining Balances Tables,146,"Class M-2A, M-2AR, M-2AS, M-2AT, M-2AU and M-2AI",M-2AT,,5,"March 25, 2041",0,
Declining Balances Tables,146,"Class M-2A, M-2AR, M-2AS, M-2AT, M-2AU and M-2AI",M-2AT,,10,"March 25, 2041",0,
Declining Balances Tables,146,"Class M-2A, M-2AR, M-2AS, M-2AT, M-2AU and M-2AI",M-2AT,,15,"March 25, 2041",0,
Declining Balances Tables,146,"Class M-2A, M-2AR, M-2AS, M-2AT, M-2AU and M-2AI",M-2AT,,25,"March 25, 2041",0,
Declining Balances Tables,146,"Class M-2A, M-2AR, M-2AS, M-2AT, M-2AU and M-2AI",M-2AT,,35,"March 25, 2041",0,
Declining Balances Tables,146,"Class M-2A, M-2AR, M-2AS, M-2AT, M-2AU and M-2AI",M-2AU,,0,"March 25, 2041",100,
Declining Balances Tables,146,"Class M-2A, M-2AR, M-2AS, M-2AT, M-2AU and M-2AI",M-2AU,,5,"March 25, 2041",0,
Declining Balances Tables,146,"Class M-2A, M-2AR, M-2AS, M-2AT, M-2AU and M-2AI",M-2AU,,10,"March 25, 2041",0,
Declining Balances Tables,146,"Class M-2A, M-2AR, M-2AS, M-2AT, M-2AU and M-2AI",M-2AU,,15,"March 25, 2041",0,
Declining Balances Tables,146,"Class M-2A, M-2AR, M-2AS, M-2AT, M-2AU and M-2AI",M-2AU,,25,"March 25, 2041",0,
Declining Balances Tables,146,"Class M-2A, M-2AR, M-2AS, M-2AT, M-2AU and M-2AI",M-2AU,,35,"March 25, 2041",0,
Declining Balances Tables,146,"Class M-2A, M-2AR, M-2AS, M-2AT, M-2AU and M-2AI",M-2AI,,0,"March 25, 2041",100,
Declining Balances Tables,146,"Class M-2A, M-2AR, M-2AS, M-2AT, M-2AU and M-2AI",M-2AI,,5,"March 25, 2041",0,
Declining Balances Tables,146,"Class M-2A, M-2AR, M-2AS, M-2AT, M-2AU and M-2AI",M-2AI,,10,"March 25, 2041",0,
Declining Balances Tables,146,"Class M-2A, M-2AR, M-2AS, M-2AT, M-2AU and M-2AI",M-2AI,,15,"March 25, 2041",0,
Declining Balances Tables,146,"Class M-2A, M-2AR, M-2AS, M-2AT, M-2AU and M-2AI",M-2AI,,25,"March 25, 2041",0,
Declining Balances Tables,146,"Class M-2A, M-2AR, M-2AS, M-2AT, M-2AU and M-2AI",M-2AI,,35,"March 25, 2041",0,
Declining Balances Tables,146,"Class M-2A, M-2AR, M-2AS, M-2AT, M-2AU and M-2AI",M-2A,,0,"March 25, 2042",100,
Declining Balances Tables,146,"Class M-2A, M-2AR, M-2AS, M-2AT, M-2AU and M-2AI",M-2A,,5,"March 25, 2042",0,
Declining Balances Tables,146,"Class M-2A, M-2AR, M-2AS, M-2AT, M-2AU and M-2AI",M-2A,,10,"March 25, 2042",0,
Declining Balances Tables,146,"Class M-2A, M-2AR, M-2AS, M-2AT, M-2AU and M-2AI",M-2A,,15,"March 25, 2042",0,
Declining Balances Tables,146,"Class M-2A, M-2AR, M-2AS, M-2AT, M-2AU and M-2AI",M-2A,,25,"March 25, 2042",0,
Declining Balances Tables,146,"Class M-2A, M-2AR, M-2AS, M-2AT, M-2AU and M-2AI",M-2A,,35,"March 25, 2042",0,
Declining Balances Tables,146,"Class M-2A, M-2AR, M-2AS, M-2AT, M-2AU and M-2AI",M-2AR,,0,"March 25, 2042",100,
Declining Balances Tables,146,"Class M-2A, M-2AR, M-2AS, M-2AT, M-2AU and M-2AI",M-2AR,,5,"March 25, 2042",0,
Declining Balances Tables,146,"Class M-2A, M-2AR, M-2AS, M-2AT, M-2AU and M-2AI",M-2AR,,10,"March 25, 2042",0,
Declining Balances Tables,146,"Class M-2A, M-2AR, M-2AS, M-2AT, M-2AU and M-2AI",M-2AR,,15,"March 25, 2042",0,
Declining Balances Tables,146,"Class M-2A, M-2AR, M-2AS, M-2AT, M-2AU and M-2AI",M-2AR,,25,"March 25, 2042",0,
Declining Balances Tables,146,"Class M-2A, M-2AR, M-2AS, M-2AT, M-2AU and M-2AI",M-2AR,,35,"March 25, 2042",0,
Declining Balances Tables,146,"Class M-2A, M-2AR, M-2AS, M-2AT, M-2AU and M-2AI",M-2AS,,0,"March 25, 2042",100,
Declining Balances Tables,146,"Class M-2A, M-2AR, M-2AS, M-2AT, M-2AU and M-2AI",M-2AS,,5,"March 25, 2042",0,
Declining Balances Tables,146,"Class M-2A, M-2AR, M-2AS, M-2AT, M-2AU and M-2AI",M-2AS,,10,"March 25, 2042",0,
Declining Balances Tables,146,"Class M-2A, M-2AR, M-2AS, M-2AT, M-2AU and M-2AI",M-2AS,,15,"March 25, 2042",0,
Declining Balances Tables,146,"Class M-2A, M-2AR, M-2AS, M-2AT, M-2AU and M-2AI",M-2AS,,25,"March 25, 2042",0,
Declining Balances Tables,146,"Class M-2A, M-2AR, M-2AS, M-2AT, M-2AU and M-2AI",M-2AS,,35,"March 25, 2042",0,
Declining Balances Tables,146,"Class M-2A, M-2AR, M-2AS, M-2AT, M-2AU and M-2AI",M-2AT,,0,"March 25, 2042",100,
Declining Balances Tables,146,"Class M-2A, M-2AR, M-2AS, M-2AT, M-2AU and M-2AI",M-2AT,,5,"March 25, 2042",0,
Declining Balances Tables,146,"Class M-2A, M-2AR, M-2AS, M-2AT, M-2AU and M-2AI",M-2AT,,10,"March 25, 2042",0,
Declining Balances Tables,146,"Class M-2A, M-2AR, M-2AS, M-2AT, M-2AU and M-2AI",M-2AT,,15,"March 25, 2042",0,
Declining Balances Tables,146,"Class M-2A, M-2AR, M-2AS, M-2AT, M-2AU and M-2AI",M-2AT,,25,"March 25, 2042",0,
Declining Balances Tables,146,"Class M-2A, M-2AR, M-2AS, M-2AT, M-2AU and M-2AI",M-2AT,,35,"March 25, 2042",0,
Declining Balances Tables,146,"Class M-2A, M-2AR, M-2AS, M-2AT, M-2AU and M-2AI",M-2AU,,0,"March 25, 2042",100,
Declining Balances Tables,146,"Class M-2A, M-2AR, M-2AS, M-2AT, M-2AU and M-2AI",M-2AU,,5,"March 25, 2042",0,
Declining Balances Tables,146,"Class M-2A, M-2AR, M-2AS, M-2AT, M-2AU and M-2AI",M-2AU,,10,"March 25, 2042",0,
Declining Balances Tables,146,"Class M-2A, M-2AR, M-2AS, M-2AT, M-2AU and M-2AI",M-2AU,,15,"March 25, 2042",0,
Declining Balances Tables,146,"Class M-2A, M-2AR, M-2AS, M-2AT, M-2AU and M-2AI",M-2AU,,25,"March 25, 2042",0,
Declining Balances Tables,146,"Class M-2A, M-2AR, M-2AS, M-2AT, M-2AU and M-2AI",M-2AU,,35,"March 25, 2042",0,
Declining Balances Tables,146,"Class M-2A, M-2AR, M-2AS, M-2AT, M-2AU and M-2AI",M-2AI,,0,"March 25, 2042",100,
Declining Balances Tables,146,"Class M-2A, M-2AR, M-2AS, M-2AT, M-2AU and M-2AI",M-2AI,,5,"March 25, 2042",0,
Declining Balances Tables,146,"Class M-2A, M-2AR, M-2AS, M-2AT, M-2AU and M-2AI",M-2AI,,10,"March 25, 2042",0,
Declining Balances Tables,146,"Class M-2A, M-2AR, M-2AS, M-2AT, M-2AU and M-2AI",M-2AI,,15,"March 25, 2042",0,
Declining Balances Tables,146,"Class M-2A, M-2AR, M-2AS, M-2AT, M-2AU and M-2AI",M-2AI,,25,"March 25, 2042",0,
Declining Balances Tables,146,"Class M-2A, M-2AR, M-2AS, M-2AT, M-2AU and M-2AI",M-2AI,,35,"March 25, 2042",0,
Declining Balances Tables,146,"Class M-2A, M-2AR, M-2AS, M-2AT, M-2AU and M-2AI",M-2A,,0,"March 25, 2043",79,
Declining Balances Tables,146,"Class M-2A, M-2AR, M-2AS, M-2AT, M-2AU and M-2AI",M-2A,,5,"March 25, 2043",0,
Declining Balances Tables,146,"Class M-2A, M-2AR, M-2AS, M-2AT, M-2AU and M-2AI",M-2A,,10,"March 25, 2043",0,
Declining Balances Tables,146,"Class M-2A, M-2AR, M-2AS, M-2AT, M-2AU and M-2AI",M-2A,,15,"March 25, 2043",0,
Declining Balances Tables,146,"Class M-2A, M-2AR, M-2AS, M-2AT, M-2AU and M-2AI",M-2A,,25,"March 25, 2043",0,
Declining Balances Tables,146,"Class M-2A, M-2AR, M-2AS, M-2AT, M-2AU and M-2AI",M-2A,,35,"March 25, 2043",0,
Declining Balances Tables,146,"Class M-2A, M-2AR, M-2AS, M-2AT, M-2AU and M-2AI",M-2AR,,0,"March 25, 2043",79,
Declining Balances Tables,146,"Class M-2A, M-2AR, M-2AS, M-2AT, M-2AU and M-2AI",M-2AR,,5,"March 25, 2043",0,
Declining Balances Tables,146,"Class M-2A, M-2AR, M-2AS, M-2AT, M-2AU and M-2AI",M-2AR,,10,"March 25, 2043",0,
Declining Balances Tables,146,"Class M-2A, M-2AR, M-2AS, M-2AT, M-2AU and M-2AI",M-2AR,,15,"March 25, 2043",0,
Declining Balances Tables,146,"Class M-2A, M-2AR, M-2AS, M-2AT, M-2AU and M-2AI",M-2AR,,25,"March 25, 2043",0,
Declining Balances Tables,146,"Class M-2A, M-2AR, M-2AS, M-2AT, M-2AU and M-2AI",M-2AR,,35,"March 25, 2043",0,
Declining Balances Tables,146,"Class M-2A, M-2AR, M-2AS, M-2AT, M-2AU and M-2AI",M-2AS,,0,"March 25, 2043",79,
Declining Balances Tables,146,"Class M-2A, M-2AR, M-2AS, M-2AT, M-2AU and M-2AI",M-2AS,,5,"March 25, 2043",0,
Declining Balances Tables,146,"Class M-2A, M-2AR, M-2AS, M-2AT, M-2AU and M-2AI",M-2AS,,10,"March 25, 2043",0,
Declining Balances Tables,146,"Class M-2A, M-2AR, M-2AS, M-2AT, M-2AU and M-2AI",M-2AS,,15,"March 25, 2043",0,
Declining Balances Tables,146,"Class M-2A, M-2AR, M-2AS, M-2AT, M-2AU and M-2AI",M-2AS,,25,"March 25, 2043",0,
Declining Balances Tables,146,"Class M-2A, M-2AR, M-2AS, M-2AT, M-2AU and M-2AI",M-2AS,,35,"March 25, 2043",0,
Declining Balances Tables,146,"Class M-2A, M-2AR, M-2AS, M-2AT, M-2AU and M-2AI",M-2AT,,0,"March 25, 2043",79,
Declining Balances Tables,146,"Class M-2A, M-2AR, M-2AS, M-2AT, M-2AU and M-2AI",M-2AT,,5,"March 25, 2043",0,
Declining Balances Tables,146,"Class M-2A, M-2AR, M-2AS, M-2AT, M-2AU and M-2AI",M-2AT,,10,"March 25, 2043",0,
Declining Balances Tables,146,"Class M-2A, M-2AR, M-2AS, M-2AT, M-2AU and M-2AI",M-2AT,,15,"March 25, 2043",0,
Declining Balances Tables,146,"Class M-2A, M-2AR, M-2AS, M-2AT, M-2AU and M-2AI",M-2AT,,25,"March 25, 2043",0,
Declining Balances Tables,146,"Class M-2A, M-2AR, M-2AS, M-2AT, M-2AU and M-2AI",M-2AT,,35,"March 25, 2043",0,
Declining Balances Tables,146,"Class M-2A, M-2AR, M-2AS, M-2AT, M-2AU and M-2AI",M-2AU,,0,"March 25, 2043",79,
Declining Balances Tables,146,"Class M-2A, M-2AR, M-2AS, M-2AT, M-2AU and M-2AI",M-2AU,,5,"March 25, 2043",0,
Declining Balances Tables,146,"Class M-2A, M-2AR, M-2AS, M-2AT, M-2AU and M-2AI",M-2AU,,10,"March 25, 2043",0,
Declining Balances Tables,146,"Class M-2A, M-2AR, M-2AS, M-2AT, M-2AU and M-2AI",M-2AU,,15,"March 25, 2043",0,
Declining Balances Tables,146,"Class M-2A, M-2AR, M-2AS, M-2AT, M-2AU and M-2AI",M-2AU,,25,"March 25, 2043",0,
Declining Balances Tables,146,"Class M-2A, M-2AR, M-2AS, M-2AT, M-2AU and M-2AI",M-2AU,,35,"March 25, 2043",0,
Declining Balances Tables,146,"Class M-2A, M-2AR, M-2AS, M-2AT, M-2AU and M-2AI",M-2AI,,0,"March 25, 2043",79,
Declining Balances Tables,146,"Class M-2A, M-2AR, M-2AS, M-2AT, M-2AU and M-2AI",M-2AI,,5,"March 25, 2043",0,
Declining Balances Tables,146,"Class M-2A, M-2AR, M-2AS, M-2AT, M-2AU and M-2AI",M-2AI,,10,"March 25, 2043",0,
Declining Balances Tables,146,"Class M-2A, M-2AR, M-2AS, M-2AT, M-2AU and M-2AI",M-2AI,,15,"March 25, 2043",0,
Declining Balances Tables,146,"Class M-2A, M-2AR, M-2AS, M-2AT, M-2AU and M-2AI",M-2AI,,25,"March 25, 2043",0,
Declining Balances Tables,146,"Class M-2A, M-2AR, M-2AS, M-2AT, M-2AU and M-2AI",M-2AI,,35,"March 25, 2043",0,
Declining Balances Tables,146,"Class M-2A, M-2AR, M-2AS, M-2AT, M-2AU and M-2AI",M-2A,,0,"March 25, 2044",31,
Declining Balances Tables,146,"Class M-2A, M-2AR, M-2AS, M-2AT, M-2AU and M-2AI",M-2A,,5,"March 25, 2044",0,
Declining Balances Tables,146,"Class M-2A, M-2AR, M-2AS, M-2AT, M-2AU and M-2AI",M-2A,,10,"March 25, 2044",0,
Declining Balances Tables,146,"Class M-2A, M-2AR, M-2AS, M-2AT, M-2AU and M-2AI",M-2A,,15,"March 25, 2044",0,
Declining Balances Tables,146,"Class M-2A, M-2AR, M-2AS, M-2AT, M-2AU and M-2AI",M-2A,,25,"March 25, 2044",0,
Declining Balances Tables,146,"Class M-2A, M-2AR, M-2AS, M-2AT, M-2AU and M-2AI",M-2A,,35,"March 25, 2044",0,
Declining Balances Tables,146,"Class M-2A, M-2AR, M-2AS, M-2AT, M-2AU and M-2AI",M-2AR,,0,"March 25, 2044",31,
Declining Balances Tables,146,"Class M-2A, M-2AR, M-2AS, M-2AT, M-2AU and M-2AI",M-2AR,,5,"March 25, 2044",0,
Declining Balances Tables,146,"Class M-2A, M-2AR, M-2AS, M-2AT, M-2AU and M-2AI",M-2AR,,10,"March 25, 2044",0,
Declining Balances Tables,146,"Class M-2A, M-2AR, M-2AS, M-2AT, M-2AU and M-2AI",M-2AR,,15,"March 25, 2044",0,
Declining Balances Tables,146,"Class M-2A, M-2AR, M-2AS, M-2AT, M-2AU and M-2AI",M-2AR,,25,"March 25, 2044",0,
Declining Balances Tables,146,"Class M-2A, M-2AR, M-2AS, M-2AT, M-2AU and M-2AI",M-2AR,,35,"March 25, 2044",0,
Declining Balances Tables,146,"Class M-2A, M-2AR, M-2AS, M-2AT, M-2AU and M-2AI",M-2AS,,0,"March 25, 2044",31,
Declining Balances Tables,146,"Class M-2A, M-2AR, M-2AS, M-2AT, M-2AU and M-2AI",M-2AS,,5,"March 25, 2044",0,
Declining Balances Tables,146,"Class M-2A, M-2AR, M-2AS, M-2AT, M-2AU and M-2AI",M-2AS,,10,"March 25, 2044",0,
Declining Balances Tables,146,"Class M-2A, M-2AR, M-2AS, M-2AT, M-2AU and M-2AI",M-2AS,,15,"March 25, 2044",0,
Declining Balances Tables,146,"Class M-2A, M-2AR, M-2AS, M-2AT, M-2AU and M-2AI",M-2AS,,25,"March 25, 2044",0,
Declining Balances Tables,146,"Class M-2A, M-2AR, M-2AS, M-2AT, M-2AU and M-2AI",M-2AS,,35,"March 25, 2044",0,
Declining Balances Tables,146,"Class M-2A, M-2AR, M-2AS, M-2AT, M-2AU and M-2AI",M-2AT,,0,"March 25, 2044",31,
Declining Balances Tables,146,"Class M-2A, M-2AR, M-2AS, M-2AT, M-2AU and M-2AI",M-2AT,,5,"March 25, 2044",0,
Declining Balances Tables,146,"Class M-2A, M-2AR, M-2AS, M-2AT, M-2AU and M-2AI",M-2AT,,10,"March 25, 2044",0,
Declining Balances Tables,146,"Class M-2A, M-2AR, M-2AS, M-2AT, M-2AU and M-2AI",M-2AT,,15,"March 25, 2044",0,
Declining Balances Tables,146,"Class M-2A, M-2AR, M-2AS, M-2AT, M-2AU and M-2AI",M-2AT,,25,"March 25, 2044",0,
Declining Balances Tables,146,"Class M-2A, M-2AR, M-2AS, M-2AT, M-2AU and M-2AI",M-2AT,,35,"March 25, 2044",0,
Declining Balances Tables,146,"Class M-2A, M-2AR, M-2AS, M-2AT, M-2AU and M-2AI",M-2AU,,0,"March 25, 2044",31,
Declining Balances Tables,146,"Class M-2A, M-2AR, M-2AS, M-2AT, M-2AU and M-2AI",M-2AU,,5,"March 25, 2044",0,
Declining Balances Tables,146,"Class M-2A, M-2AR, M-2AS, M-2AT, M-2AU and M-2AI",M-2AU,,10,"March 25, 2044",0,
Declining Balances Tables,146,"Class M-2A, M-2AR, M-2AS, M-2AT, M-2AU and M-2AI",M-2AU,,15,"March 25, 2044",0,
Declining Balances Tables,146,"Class M-2A, M-2AR, M-2AS, M-2AT, M-2AU and M-2AI",M-2AU,,25,"March 25, 2044",0,
Declining Balances Tables,146,"Class M-2A, M-2AR, M-2AS, M-2AT, M-2AU and M-2AI",M-2AU,,35,"March 25, 2044",0,
Declining Balances Tables,146,"Class M-2A, M-2AR, M-2AS, M-2AT, M-2AU and M-2AI",M-2AI,,0,"March 25, 2044",31,
Declining Balances Tables,146,"Class M-2A, M-2AR, M-2AS, M-2AT, M-2AU and M-2AI",M-2AI,,5,"March 25, 2044",0,
Declining Balances Tables,146,"Class M-2A, M-2AR, M-2AS, M-2AT, M-2AU and M-2AI",M-2AI,,10,"March 25, 2044",0,
Declining Balances Tables,146,"Class M-2A, M-2AR, M-2AS, M-2AT, M-2AU and M-2AI",M-2AI,,15,"March 25, 2044",0,
Declining Balances Tables,146,"Class M-2A, M-2AR, M-2AS, M-2AT, M-2AU and M-2AI",M-2AI,,25,"March 25, 2044",0,
Declining Balances Tables,146,"Class M-2A, M-2AR, M-2AS, M-2AT, M-2AU and M-2AI",M-2AI,,35,"March 25, 2044",0,
Declining Balances Tables,146,"Class M-2A, M-2AR, M-2AS, M-2AT, M-2AU and M-2AI",M-2A,,0,"March 25, 2045 and thereafter",0,
Declining Balances Tables,146,"Class M-2A, M-2AR, M-2AS, M-2AT, M-2AU and M-2AI",M-2A,,5,"March 25, 2045 and thereafter",0,
Declining Balances Tables,146,"Class M-2A, M-2AR, M-2AS, M-2AT, M-2AU and M-2AI",M-2A,,10,"March 25, 2045 and thereafter",0,
Declining Balances Tables,146,"Class M-2A, M-2AR, M-2AS, M-2AT, M-2AU and M-2AI",M-2A,,15,"March 25, 2045 and thereafter",0,
Declining Balances Tables,146,"Class M-2A, M-2AR, M-2AS, M-2AT, M-2AU and M-2AI",M-2A,,25,"March 25, 2045 and thereafter",0,
Declining Balances Tables,146,"Class M-2A, M-2AR, M-2AS, M-2AT, M-2AU and M-2AI",M-2A,,35,"March 25, 2045 and thereafter",0,
Declining Balances Tables,146,"Class M-2A, M-2AR, M-2AS, M-2AT, M-2AU and M-2AI",M-2AR,,0,"March 25, 2045 and thereafter",0,
Declining Balances Tables,146,"Class M-2A, M-2AR, M-2AS, M-2AT, M-2AU and M-2AI",M-2AR,,5,"March 25, 2045 and thereafter",0,
Declining Balances Tables,146,"Class M-2A, M-2AR, M-2AS, M-2AT, M-2AU and M-2AI",M-2AR,,10,"March 25, 2045 and thereafter",0,
Declining Balances Tables,146,"Class M-2A, M-2AR, M-2AS, M-2AT, M-2AU and M-2AI",M-2AR,,15,"March 25, 2045 and thereafter",0,
Declining Balances Tables,146,"Class M-2A, M-2AR, M-2AS, M-2AT, M-2AU and M-2AI",M-2AR,,25,"March 25, 2045 and thereafter",0,
Declining Balances Tables,146,"Class M-2A, M-2AR, M-2AS, M-2AT, M-2AU and M-2AI",M-2AR,,35,"March 25, 2045 and thereafter",0,
Declining Balances Tables,146,"Class M-2A, M-2AR, M-2AS, M-2AT, M-2AU and M-2AI",M-2AS,,0,"March 25, 2045 and thereafter",0,
Declining Balances Tables,146,"Class M-2A, M-2AR, M-2AS, M-2AT, M-2AU and M-2AI",M-2AS,,5,"March 25, 2045 and thereafter",0,
Declining Balances Tables,146,"Class M-2A, M-2AR, M-2AS, M-2AT, M-2AU and M-2AI",M-2AS,,10,"March 25, 2045 and thereafter",0,
Declining Balances Tables,146,"Class M-2A, M-2AR, M-2AS, M-2AT, M-2AU and M-2AI",M-2AS,,15,"March 25, 2045 and thereafter",0,
Declining Balances Tables,146,"Class M-2A, M-2AR, M-2AS, M-2AT, M-2AU and M-2AI",M-2AS,,25,"March 25, 2045 and thereafter",0,
Declining Balances Tables,146,"Class M-2A, M-2AR, M-2AS, M-2AT, M-2AU and M-2AI",M-2AS,,35,"March 25, 2045 and thereafter",0,
Declining Balances Tables,146,"Class M-2A, M-2AR, M-2AS, M-2AT, M-2AU and M-2AI",M-2AT,,0,"March 25, 2045 and thereafter",0,
Declining Balances Tables,146,"Class M-2A, M-2AR, M-2AS, M-2AT, M-2AU and M-2AI",M-2AT,,5,"March 25, 2045 and thereafter",0,
Declining Balances Tables,146,"Class M-2A, M-2AR, M-2AS, M-2AT, M-2AU and M-2AI",M-2AT,,10,"March 25, 2045 and thereafter",0,
Declining Balances Tables,146,"Class M-2A, M-2AR, M-2AS, M-2AT, M-2AU and M-2AI",M-2AT,,15,"March 25, 2045 and thereafter",0,
Declining Balances Tables,146,"Class M-2A, M-2AR, M-2AS, M-2AT, M-2AU and M-2AI",M-2AT,,25,"March 25, 2045 and thereafter",0,
Declining Balances Tables,146,"Class M-2A, M-2AR, M-2AS, M-2AT, M-2AU and M-2AI",M-2AT,,35,"March 25, 2045 and thereafter",0,
Declining Balances Tables,146,"Class M-2A, M-2AR, M-2AS, M-2AT, M-2AU and M-2AI",M-2AU,,0,"March 25, 2045 and thereafter",0,
Declining Balances Tables,146,"Class M-2A, M-2AR, M-2AS, M-2AT, M-2AU and M-2AI",M-2AU,,5,"March 25, 2045 and thereafter",0,
Declining Balances Tables,146,"Class M-2A, M-2AR, M-2AS, M-2AT, M-2AU and M-2AI",M-2AU,,10,"March 25, 2045 and thereafter",0,
Declining Balances Tables,146,"Class M-2A, M-2AR, M-2AS, M-2AT, M-2AU and M-2AI",M-2AU,,15,"March 25, 2045 and thereafter",0,
Declining Balances Tables,146,"Class M-2A, M-2AR, M-2AS, M-2AT, M-2AU and M-2AI",M-2AU,,25,"March 25, 2045 and thereafter",0,
Declining Balances Tables,146,"Class M-2A, M-2AR, M-2AS, M-2AT, M-2AU and M-2AI",M-2AU,,35,"March 25, 2045 and thereafter",0,
Declining Balances Tables,146,"Class M-2A, M-2AR, M-2AS, M-2AT, M-2AU and M-2AI",M-2AI,,0,"March 25, 2045 and thereafter",0,
Declining Balances Tables,146,"Class M-2A, M-2AR, M-2AS, M-2AT, M-2AU and M-2AI",M-2AI,,5,"March 25, 2045 and thereafter",0,
Declining Balances Tables,146,"Class M-2A, M-2AR, M-2AS, M-2AT, M-2AU and M-2AI",M-2AI,,10,"March 25, 2045 and thereafter",0,
Declining Balances Tables,146,"Class M-2A, M-2AR, M-2AS, M-2AT, M-2AU and M-2AI",M-2AI,,15,"March 25, 2045 and thereafter",0,
Declining Balances Tables,146,"Class M-2A, M-2AR, M-2AS, M-2AT, M-2AU and M-2AI",M-2AI,,25,"March 25, 2045 and thereafter",0,
Declining Balances Tables,146,"Class M-2A, M-2AR, M-2AS, M-2AT, M-2AU and M-2AI",M-2AI,,35,"March 25, 2045 and thereafter",0,
Declining Balances Tables,146,"Class M-2A, M-2AR, M-2AS, M-2AT, M-2AU and M-2AI",M-2A,,0,Weighted Average Life (years) to Scheduled Maturity Date,,17.66
Declining Balances Tables,146,"Class M-2A, M-2AR, M-2AS, M-2AT, M-2AU and M-2AI",M-2A,,5,Weighted Average Life (years) to Scheduled Maturity Date,,7.01
Declining Balances Tables,146,"Class M-2A, M-2AR, M-2AS, M-2AT, M-2AU and M-2AI",M-2A,,10,Weighted Average Life (years) to Scheduled Maturity Date,,3.90
Declining Balances Tables,146,"Class M-2A, M-2AR, M-2AS, M-2AT, M-2AU and M-2AI",M-2A,,15,Weighted Average Life (years) to Scheduled Maturity Date,,2.64
Declining Balances Tables,146,"Class M-2A, M-2AR, M-2AS, M-2AT, M-2AU and M-2AI",M-2A,,25,Weighted Average Life (years) to Scheduled Maturity Date,,1.53
Declining Balances Tables,146,"Class M-2A, M-2AR, M-2AS, M-2AT, M-2AU and M-2AI",M-2A,,35,Weighted Average Life (years) to Scheduled Maturity Date,,1.03
Declining Balances Tables,146,"Class M-2A, M-2AR, M-2AS, M-2AT, M-2AU and M-2AI",M-2AR,,0,Weighted Average Life (years) to Scheduled Maturity Date,,17.66
Declining Balances Tables,146,"Class M-2A, M-2AR, M-2AS, M-2AT, M-2AU and M-2AI",M-2AR,,5,Weighted Average Life (years) to Scheduled Maturity Date,,7.01
Declining Balances Tables,146,"Class M-2A, M-2AR, M-2AS, M-2AT, M-2AU and M-2AI",M-2AR,,10,Weighted Average Life (years) to Scheduled Maturity Date,,3.90
Declining Balances Tables,146,"Class M-2A, M-2AR, M-2AS, M-2AT, M-2AU and M-2AI",M-2AR,,15,Weighted Average Life (years) to Scheduled Maturity Date,,2.64
Declining Balances Tables,146,"Class M-2A, M-2AR, M-2AS, M-2AT, M-2AU and M-2AI",M-2AR,,25,Weighted Average Life (years) to Scheduled Maturity Date,,1.53
Declining Balances Tables,146,"Class M-2A, M-2AR, M-2AS, M-2AT, M-2AU and M-2AI",M-2AR,,35,Weighted Average Life (years) to Scheduled Maturity Date,,1.03
Declining Balances Tables,146,"Class M-2A, M-2AR, M-2AS, M-2AT, M-2AU and M-2AI",M-2AS,,0,Weighted Average Life (years) to Scheduled Maturity Date,,17.66
Declining Balances Tables,146,"Class M-2A, M-2AR, M-2AS, M-2AT, M-2AU and M-2AI",M-2AS,,5,Weighted Average Life (years) to Scheduled Maturity Date,,7.01
Declining Balances Tables,146,"Class M-2A, M-2AR, M-2AS, M-2AT, M-2AU and M-2AI",M-2AS,,10,Weighted Average Life (years) to Scheduled Maturity Date,,3.90
Declining Balances Tables,146,"Class M-2A, M-2AR, M-2AS, M-2AT, M-2AU and M-2AI",M-2AS,,15,Weighted Average Life (years) to Scheduled Maturity Date,,2.64
Declining Balances Tables,146,"Class M-2A, M-2AR, M-2AS, M-2AT, M-2AU and M-2AI",M-2AS,,25,Weighted Average Life (years) to Scheduled Maturity Date,,1.53
Declining Balances Tables,146,"Class M-2A, M-2AR, M-2AS, M-2AT, M-2AU and M-2AI",M-2AS,,35,Weighted Average Life (years) to Scheduled Maturity Date,,1.03
Declining Balances Tables,146,"Class M-2A, M-2AR, M-2AS, M-2AT, M-2AU and M-2AI",M-2AT,,0,Weighted Average Life (years) to Scheduled Maturity Date,,17.66
Declining Balances Tables,146,"Class M-2A, M-2AR, M-2AS, M-2AT, M-2AU and M-2AI",M-2AT,,5,Weighted Average Life (years) to Scheduled Maturity Date,,7.01
Declining Balances Tables,146,"Class M-2A, M-2AR, M-2AS, M-2AT, M-2AU and M-2AI",M-2AT,,10,Weighted Average Life (years) to Scheduled Maturity Date,,3.90
Declining Balances Tables,146,"Class M-2A, M-2AR, M-2AS, M-2AT, M-2AU and M-2AI",M-2AT,,15,Weighted Average Life (years) to Scheduled Maturity Date,,2.64
Declining Balances Tables,146,"Class M-2A, M-2AR, M-2AS, M-2AT, M-2AU and M-2AI",M-2AT,,25,Weighted Average Life (years) to Scheduled Maturity Date,,1.53
Declining Balances Tables,146,"Class M-2A, M-2AR, M-2AS, M-2AT, M-2AU and M-2AI",M-2AT,,35,Weighted Average Life (years) to Scheduled Maturity Date,,1.03
Declining Balances Tables,146,"Class M-2A, M-2AR, M-2AS, M-2AT, M-2AU and M-2AI",M-2AU,,0,Weighted Average Life (years) to Scheduled Maturity Date,,17.66
Declining Balances Tables,146,"Class M-2A, M-2AR, M-2AS, M-2AT, M-2AU and M-2AI",M-2AU,,5,Weighted Average Life (years) to Scheduled Maturity Date,,7.01
Declining Balances Tables,146,"Class M-2A, M-2AR, M-2AS, M-2AT, M-2AU and M-2AI",M-2AU,,10,Weighted Average Life (years) to Scheduled Maturity Date,,3.90
Declining Balances Tables,146,"Class M-2A, M-2AR, M-2AS, M-2AT, M-2AU and M-2AI",M-2AU,,15,Weighted Average Life (years) to Scheduled Maturity Date,,2.64
Declining Balances Tables,146,"Class M-2A, M-2AR, M-2AS, M-2AT, M-2AU and M-2AI",M-2AU,,25,Weighted Average Life (years) to Scheduled Maturity Date,,1.53
Declining Balances Tables,146,"Class M-2A, M-2AR, M-2AS, M-2AT, M-2AU and M-2AI",M-2AU,,35,Weighted Average Life (years) to Scheduled Maturity Date,,1.03
Declining Balances Tables,146,"Class M-2A, M-2AR, M-2AS, M-2AT, M-2AU and M-2AI",M-2AI,,0,Weighted Average Life (years) to Scheduled Maturity Date,,17.66
Declining Balances Tables,146,"Class M-2A, M-2AR, M-2AS, M-2AT, M-2AU and M-2AI",M-2AI,,5,Weighted Average Life (years) to Scheduled Maturity Date,,7.01
Declining Balances Tables,146,"Class M-2A, M-2AR, M-2AS, M-2AT, M-2AU and M-2AI",M-2AI,,10,Weighted Average Life (years) to Scheduled Maturity Date,,3.90
Declining Balances Tables,146,"Class M-2A, M-2AR, M-2AS, M-2AT, M-2AU and M-2AI",M-2AI,,15,Weighted Average Life (years) to Scheduled Maturity Date,,2.64
Declining Balances Tables,146,"Class M-2A, M-2AR, M-2AS, M-2AT, M-2AU and M-2AI",M-2AI,,25,Weighted Average Life (years) to Scheduled Maturity Date,,1.53
Declining Balances Tables,146,"Class M-2A, M-2AR, M-2AS, M-2AT, M-2AU and M-2AI",M-2AI,,35,Weighted Average Life (years) to Scheduled Maturity Date,,1.03
Declining Balances Tables,146,"Class M-2A, M-2AR, M-2AS, M-2AT, M-2AU and M-2AI",M-2A,,0,Weighted Average Life (years) to Early Redemption Date**,,5.02
Declining Balances Tables,146,"Class M-2A, M-2AR, M-2AS, M-2AT, M-2AU and M-2AI",M-2A,,5,Weighted Average Life (years) to Early Redemption Date**,,5.02
Declining Balances Tables,146,"Class M-2A, M-2AR, M-2AS, M-2AT, M-2AU and M-2AI",M-2A,,10,Weighted Average Life (years) to Early Redemption Date**,,3.90
Declining Balances Tables,146,"Class M-2A, M-2AR, M-2AS, M-2AT, M-2AU and M-2AI",M-2A,,15,Weighted Average Life (years) to Early Redemption Date**,,2.64
Declining Balances Tables,146,"Class M-2A, M-2AR, M-2AS, M-2AT, M-2AU and M-2AI",M-2A,,25,Weighted Average Life (years) to Early Redemption Date**,,1.53
Declining Balances Tables,146,"Class M-2A, M-2AR, M-2AS, M-2AT, M-2AU and M-2AI",M-2A,,35,Weighted Average Life (years) to Early Redemption Date**,,1.03
Declining Balances Tables,146,"Class M-2A, M-2AR, M-2AS, M-2AT, M-2AU and M-2AI",M-2AR,,0,Weighted Average Life (years) to Early Redemption Date**,,5.02
Declining Balances Tables,146,"Class M-2A, M-2AR, M-2AS, M-2AT, M-2AU and M-2AI",M-2AR,,5,Weighted Average Life (years) to Early Redemption Date**,,5.02
Declining Balances Tables,146,"Class M-2A, M-2AR, M-2AS, M-2AT, M-2AU and M-2AI",M-2AR,,10,Weighted Average Life (years) to Early Redemption Date**,,3.90
Declining Balances Tables,146,"Class M-2A, M-2AR, M-2AS, M-2AT, M-2AU and M-2AI",M-2AR,,15,Weighted Average Life (years) to Early Redemption Date**,,2.64
Declining Balances Tables,146,"Class M-2A, M-2AR, M-2AS, M-2AT, M-2AU and M-2AI",M-2AR,,25,Weighted Average Life (years) to Early Redemption Date**,,1.53
Declining Balances Tables,146,"Class M-2A, M-2AR, M-2AS, M-2AT, M-2AU and M-2AI",M-2AR,,35,Weighted Average Life (years) to Early Redemption Date**,,1.03
Declining Balances Tables,146,"Class M-2A, M-2AR, M-2AS, M-2AT, M-2AU and M-2AI",M-2AS,,0,Weighted Average Life (years) to Early Redemption Date**,,5.02
Declining Balances Tables,146,"Class M-2A, M-2AR, M-2AS, M-2AT, M-2AU and M-2AI",M-2AS,,5,Weighted Average Life (years) to Early Redemption Date**,,5.02
Declining Balances Tables,146,"Class M-2A, M-2AR, M-2AS, M-2AT, M-2AU and M-2AI",M-2AS,,10,Weighted Average Life (years) to Early Redemption Date**,,3.90
Declining Balances Tables,146,"Class M-2A, M-2AR, M-2AS, M-2AT, M-2AU and M-2AI",M-2AS,,15,Weighted Average Life (years) to Early Redemption Date**,,2.64
Declining Balances Tables,146,"Class M-2A, M-2AR, M-2AS, M-2AT, M-2AU and M-2AI",M-2AS,,25,Weighted Average Life (years) to Early Redemption Date**,,1.53
Declining Balances Tables,146,"Class M-2A, M-2AR, M-2AS, M-2AT, M-2AU and M-2AI",M-2AS,,35,Weighted Average Life (years) to Early Redemption Date**,,1.03
Declining Balances Tables,146,"Class M-2A, M-2AR, M-2AS, M-2AT, M-2AU and M-2AI",M-2AT,,0,Weighted Average Life (years) to Early Redemption Date**,,5.02
Declining Balances Tables,146,"Class M-2A, M-2AR, M-2AS, M-2AT, M-2AU and M-2AI",M-2AT,,5,Weighted Average Life (years) to Early Redemption Date**,,5.02
Declining Balances Tables,146,"Class M-2A, M-2AR, M-2AS, M-2AT, M-2AU and M-2AI",M-2AT,,10,Weighted Average Life (years) to Early Redemption Date**,,3.90
Declining Balances Tables,146,"Class M-2A, M-2AR, M-2AS, M-2AT, M-2AU and M-2AI",M-2AT,,15,Weighted Average Life (years) to Early Redemption Date**,,2.64
Declining Balances Tables,146,"Class M-2A, M-2AR, M-2AS, M-2AT, M-2AU and M-2AI",M-2AT,,25,Weighted Average Life (years) to Early Redemption Date**,,1.53
Declining Balances Tables,146,"Class M-2A, M-2AR, M-2AS, M-2AT, M-2AU and M-2AI",M-2AT,,35,Weighted Average Life (years) to Early Redemption Date**,,1.03
Declining Balances Tables,146,"Class M-2A, M-2AR, M-2AS, M-2AT, M-2AU and M-2AI",M-2AU,,0,Weighted Average Life (years) to Early Redemption Date**,,5.02
Declining Balances Tables,146,"Class M-2A, M-2AR, M-2AS, M-2AT, M-2AU and M-2AI",M-2AU,,5,Weighted Average Life (years) to Early Redemption Date**,,5.02
Declining Balances Tables,146,"Class M-2A, M-2AR, M-2AS, M-2AT, M-2AU and M-2AI",M-2AU,,10,Weighted Average Life (years) to Early Redemption Date**,,3.90
Declining Balances Tables,146,"Class M-2A, M-2AR, M-2AS, M-2AT, M-2AU and M-2AI",M-2AU,,15,Weighted Average Life (years) to Early Redemption Date**,,2.64
Declining Balances Tables,146,"Class M-2A, M-2AR, M-2AS, M-2AT, M-2AU and M-2AI",M-2AU,,25,Weighted Average Life (years) to Early Redemption Date**,,1.53
Declining Balances Tables,146,"Class M-2A, M-2AR, M-2AS, M-2AT, M-2AU and M-2AI",M-2AU,,35,Weighted Average Life (years) to Early Redemption Date**,,1.03
Declining Balances Tables,146,"Class M-2A, M-2AR, M-2AS, M-2AT, M-2AU and M-2AI",M-2AI,,0,Weighted Average Life (years) to Early Redemption Date**,,5.02
Declining Balances Tables,146,"Class M-2A, M-2AR, M-2AS, M-2AT, M-2AU and M-2AI",M-2AI,,5,Weighted Average Life (years) to Early Redemption Date**,,5.02
Declining Balances Tables,146,"Class M-2A, M-2AR, M-2AS, M-2AT, M-2AU and M-2AI",M-2AI,,10,Weighted Average Life (years) to Early Redemption Date**,,3.90
Declining Balances Tables,146,"Class M-2A, M-2AR, M-2AS, M-2AT, M-2AU and M-2AI",M-2AI,,15,Weighted Average Life (years) to Early Redemption Date**,,2.64
Declining Balances Tables,146,"Class M-2A, M-2AR, M-2AS, M-2AT, M-2AU and M-2AI",M-2AI,,25,Weighted Average Life (years) to Early Redemption Date**,,1.53
Declining Balances Tables,146,"Class M-2A, M-2AR, M-2AS, M-2AT, M-2AU and M-2AI",M-2AI,,35,Weighted Average Life (years) to Early Redemption Date**,,1.03
Declining Balances Tables,147,"Class M-2B, M-2BR, M-2BS, M-2BT, M-2BU, M-2BI, M-2RB*, M-2SB*, M-2TB* and M-2UB*",M-2B,,0,Closing Date,100,
Declining Balances Tables,147,"Class M-2B, M-2BR, M-2BS, M-2BT, M-2BU, M-2BI, M-2RB*, M-2SB*, M-2TB* and M-2UB*",M-2B,,5,Closing Date,100,
Declining Balances Tables,147,"Class M-2B, M-2BR, M-2BS, M-2BT, M-2BU, M-2BI, M-2RB*, M-2SB*, M-2TB* and M-2UB*",M-2B,,10,Closing Date,100,
Declining Balances Tables,147,"Class M-2B, M-2BR, M-2BS, M-2BT, M-2BU, M-2BI, M-2RB*, M-2SB*, M-2TB* and M-2UB*",M-2B,,15,Closing Date,100,
Declining Balances Tables,147,"Class M-2B, M-2BR, M-2BS, M-2BT, M-2BU, M-2BI, M-2RB*, M-2SB*, M-2TB* and M-2UB*",M-2B,,25,Closing Date,100,
Declining Balances Tables,147,"Class M-2B, M-2BR, M-2BS, M-2BT, M-2BU, M-2BI, M-2RB*, M-2SB*, M-2TB* and M-2UB*",M-2B,,35,Closing Date,100,
Declining Balances Tables,147,"Class M-2B, M-2BR, M-2BS, M-2BT, M-2BU, M-2BI, M-2RB*, M-2SB*, M-2TB* and M-2UB*",M-2BR,,0,Closing Date,100,
Declining Balances Tables,147,"Class M-2B, M-2BR, M-2BS, M-2BT, M-2BU, M-2BI, M-2RB*, M-2SB*, M-2TB* and M-2UB*",M-2BR,,5,Closing Date,100,
Declining Balances Tables,147,"Class M-2B, M-2BR, M-2BS, M-2BT, M-2BU, M-2BI, M-2RB*, M-2SB*, M-2TB* and M-2UB*",M-2BR,,10,Closing Date,100,
Declining Balances Tables,147,"Class M-2B, M-2BR, M-2BS, M-2BT, M-2BU, M-2BI, M-2RB*, M-2SB*, M-2TB* and M-2UB*",M-2BR,,15,Closing Date,100,
Declining Balances Tables,147,"Class M-2B, M-2BR, M-2BS, M-2BT, M-2BU, M-2BI, M-2RB*, M-2SB*, M-2TB* and M-2UB*",M-2BR,,25,Closing Date,100,
Declining Balances Tables,147,"Class M-2B, M-2BR, M-2BS, M-2BT, M-2BU, M-2BI, M-2RB*, M-2SB*, M-2TB* and M-2UB*",M-2BR,,35,Closing Date,100,
Declining Balances Tables,147,"Class M-2B, M-2BR, M-2BS, M-2BT, M-2BU, M-2BI, M-2RB*, M-2SB*, M-2TB* and M-2UB*",M-2BS,,0,Closing Date,100,
Declining Balances Tables,147,"Class M-2B, M-2BR, M-2BS, M-2BT, M-2BU, M-2BI, M-2RB*, M-2SB*, M-2TB* and M-2UB*",M-2BS,,5,Closing Date,100,
Declining Balances Tables,147,"Class M-2B, M-2BR, M-2BS, M-2BT, M-2BU, M-2BI, M-2RB*, M-2SB*, M-2TB* and M-2UB*",M-2BS,,10,Closing Date,100,
Declining Balances Tables,147,"Class M-2B, M-2BR, M-2BS, M-2BT, M-2BU, M-2BI, M-2RB*, M-2SB*, M-2TB* and M-2UB*",M-2BS,,15,Closing Date,100,
Declining Balances Tables,147,"Class M-2B, M-2BR, M-2BS, M-2BT, M-2BU, M-2BI, M-2RB*, M-2SB*, M-2TB* and M-2UB*",M-2BS,,25,Closing Date,100,
Declining Balances Tables,147,"Class M-2B, M-2BR, M-2BS, M-2BT, M-2BU, M-2BI, M-2RB*, M-2SB*, M-2TB* and M-2UB*",M-2BS,,35,Closing Date,100,
Declining Balances Tables,147,"Class M-2B, M-2BR, M-2BS, M-2BT, M-2BU, M-2BI, M-2RB*, M-2SB*, M-2TB* and M-2UB*",M-2BT,,0,Closing Date,100,
Declining Balances Tables,147,"Class M-2B, M-2BR, M-2BS, M-2BT, M-2BU, M-2BI, M-2RB*, M-2SB*, M-2TB* and M-2UB*",M-2BT,,5,Closing Date,100,
Declining Balances Tables,147,"Class M-2B, M-2BR, M-2BS, M-2BT, M-2BU, M-2BI, M-2RB*, M-2SB*, M-2TB* and M-2UB*",M-2BT,,10,Closing Date,100,
Declining Balances Tables,147,"Class M-2B, M-2BR, M-2BS, M-2BT, M-2BU, M-2BI, M-2RB*, M-2SB*, M-2TB* and M-2UB*",M-2BT,,15,Closing Date,100,
Declining Balances Tables,147,"Class M-2B, M-2BR, M-2BS, M-2BT, M-2BU, M-2BI, M-2RB*, M-2SB*, M-2TB* and M-2UB*",M-2BT,,25,Closing Date,100,
Declining Balances Tables,147,"Class M-2B, M-2BR, M-2BS, M-2BT, M-2BU, M-2BI, M-2RB*, M-2SB*, M-2TB* and M-2UB*",M-2BT,,35,Closing Date,100,
Declining Balances Tables,147,"Class M-2B, M-2BR, M-2BS, M-2BT, M-2BU, M-2BI, M-2RB*, M-2SB*, M-2TB* and M-2UB*",M-2BU,,0,Closing Date,100,
Declining Balances Tables,147,"Class M-2B, M-2BR, M-2BS, M-2BT, M-2BU, M-2BI, M-2RB*, M-2SB*, M-2TB* and M-2UB*",M-2BU,,5,Closing Date,100,
Declining Balances Tables,147,"Class M-2B, M-2BR, M-2BS, M-2BT, M-2BU, M-2BI, M-2RB*, M-2SB*, M-2TB* and M-2UB*",M-2BU,,10,Closing Date,100,
Declining Balances Tables,147,"Class M-2B, M-2BR, M-2BS, M-2BT, M-2BU, M-2BI, M-2RB*, M-2SB*, M-2TB* and M-2UB*",M-2BU,,15,Closing Date,100,
Declining Balances Tables,147,"Class M-2B, M-2BR, M-2BS, M-2BT, M-2BU, M-2BI, M-2RB*, M-2SB*, M-2TB* and M-2UB*",M-2BU,,25,Closing Date,100,
Declining Balances Tables,147,"Class M-2B, M-2BR, M-2BS, M-2BT, M-2BU, M-2BI, M-2RB*, M-2SB*, M-2TB* and M-2UB*",M-2BU,,35,Closing Date,100,
Declining Balances Tables,147,"Class M-2B, M-2BR, M-2BS, M-2BT, M-2BU, M-2BI, M-2RB*, M-2SB*, M-2TB* and M-2UB*",M-2BI,,0,Closing Date,100,
Declining Balances Tables,147,"Class M-2B, M-2BR, M-2BS, M-2BT, M-2BU, M-2BI, M-2RB*, M-2SB*, M-2TB* and M-2UB*",M-2BI,,5,Closing Date,100,
Declining Balances Tables,147,"Class M-2B, M-2BR, M-2BS, M-2BT, M-2BU, M-2BI, M-2RB*, M-2SB*, M-2TB* and M-2UB*",M-2BI,,10,Closing Date,100,
Declining Balances Tables,147,"Class M-2B, M-2BR, M-2BS, M-2BT, M-2BU, M-2BI, M-2RB*, M-2SB*, M-2TB* and M-2UB*",M-2BI,,15,Closing Date,100,
Declining Balances Tables,147,"Class M-2B, M-2BR, M-2BS, M-2BT, M-2BU, M-2BI, M-2RB*, M-2SB*, M-2TB* and M-2UB*",M-2BI,,25,Closing Date,100,
Declining Balances Tables,147,"Class M-2B, M-2BR, M-2BS, M-2BT, M-2BU, M-2BI, M-2RB*, M-2SB*, M-2TB* and M-2UB*",M-2BI,,35,Closing Date,100,
Declining Balances Tables,147,"Class M-2B, M-2BR, M-2BS, M-2BT, M-2BU, M-2BI, M-2RB*, M-2SB*, M-2TB* and M-2UB*",M-2RB,*,0,Closing Date,100,
Declining Balances Tables,147,"Class M-2B, M-2BR, M-2BS, M-2BT, M-2BU, M-2BI, M-2RB*, M-2SB*, M-2TB* and M-2UB*",M-2RB,*,5,Closing Date,100,
Declining Balances Tables,147,"Class M-2B, M-2BR, M-2BS, M-2BT, M-2BU, M-2BI, M-2RB*, M-2SB*, M-2TB* and M-2UB*",M-2RB,*,10,Closing Date,100,
Declining Balances Tables,147,"Class M-2B, M-2BR, M-2BS, M-2BT, M-2BU, M-2BI, M-2RB*, M-2SB*, M-2TB* and M-2UB*",M-2RB,*,15,Closing Date,100,
Declining Balances Tables,147,"Class M-2B, M-2BR, M-2BS, M-2BT, M-2BU, M-2BI, M-2RB*, M-2SB*, M-2TB* and M-2UB*",M-2RB,*,25,Closing Date,100,
Declining Balances Tables,147,"Class M-2B, M-2BR, M-2BS, M-2BT, M-2BU, M-2BI, M-2RB*, M-2SB*, M-2TB* and M-2UB*",M-2RB,*,35,Closing Date,100,
Declining Balances Tables,147,"Class M-2B, M-2BR, M-2BS, M-2BT, M-2BU, M-2BI, M-2RB*, M-2SB*, M-2TB* and M-2UB*",M-2SB,*,0,Closing Date,100,
Declining Balances Tables,147,"Class M-2B, M-2BR, M-2BS, M-2BT, M-2BU, M-2BI, M-2RB*, M-2SB*, M-2TB* and M-2UB*",M-2SB,*,5,Closing Date,100,
Declining Balances Tables,147,"Class M-2B, M-2BR, M-2BS, M-2BT, M-2BU, M-2BI, M-2RB*, M-2SB*, M-2TB* and M-2UB*",M-2SB,*,10,Closing Date,100,
Declining Balances Tables,147,"Class M-2B, M-2BR, M-2BS, M-2BT, M-2BU, M-2BI, M-2RB*, M-2SB*, M-2TB* and M-2UB*",M-2SB,*,15,Closing Date,100,
Declining Balances Tables,147,"Class M-2B, M-2BR, M-2BS, M-2BT, M-2BU, M-2BI, M-2RB*, M-2SB*, M-2TB* and M-2UB*",M-2SB,*,25,Closing Date,100,
Declining Balances Tables,147,"Class M-2B, M-2BR, M-2BS, M-2BT, M-2BU, M-2BI, M-2RB*, M-2SB*, M-2TB* and M-2UB*",M-2SB,*,35,Closing Date,100,
Declining Balances Tables,147,"Class M-2B, M-2BR, M-2BS, M-2BT, M-2BU, M-2BI, M-2RB*, M-2SB*, M-2TB* and M-2UB*",M-2TB,*,0,Closing Date,100,
Declining Balances Tables,147,"Class M-2B, M-2BR, M-2BS, M-2BT, M-2BU, M-2BI, M-2RB*, M-2SB*, M-2TB* and M-2UB*",M-2TB,*,5,Closing Date,100,
Declining Balances Tables,147,"Class M-2B, M-2BR, M-2BS, M-2BT, M-2BU, M-2BI, M-2RB*, M-2SB*, M-2TB* and M-2UB*",M-2TB,*,10,Closing Date,100,
Declining Balances Tables,147,"Class M-2B, M-2BR, M-2BS, M-2BT, M-2BU, M-2BI, M-2RB*, M-2SB*, M-2TB* and M-2UB*",M-2TB,*,15,Closing Date,100,
Declining Balances Tables,147,"Class M-2B, M-2BR, M-2BS, M-2BT, M-2BU, M-2BI, M-2RB*, M-2SB*, M-2TB* and M-2UB*",M-2TB,*,25,Closing Date,100,
Declining Balances Tables,147,"Class M-2B, M-2BR, M-2BS, M-2BT, M-2BU, M-2BI, M-2RB*, M-2SB*, M-2TB* and M-2UB*",M-2TB,*,35,Closing Date,100,
Declining Balances Tables,147,"Class M-2B, M-2BR, M-2BS, M-2BT, M-2BU, M-2BI, M-2RB*, M-2SB*, M-2TB* and M-2UB*",M-2UB,*,0,Closing Date,100,
Declining Balances Tables,147,"Class M-2B, M-2BR, M-2BS, M-2BT, M-2BU, M-2BI, M-2RB*, M-2SB*, M-2TB* and M-2UB*",M-2UB,*,5,Closing Date,100,
Declining Balances Tables,147,"Class M-2B, M-2BR, M-2BS, M-2BT, M-2BU, M-2BI, M-2RB*, M-2SB*, M-2TB* and M-2UB*",M-2UB,*,10,Closing Date,100,
Declining Balances Tables,147,"Class M-2B, M-2BR, M-2BS, M-2BT, M-2BU, M-2BI, M-2RB*, M-2SB*, M-2TB* and M-2UB*",M-2UB,*,15,Closing Date,100,
Declining Balances Tables,147,"Class M-2B, M-2BR, M-2BS, M-2BT, M-2BU, M-2BI, M-2RB*, M-2SB*, M-2TB* and M-2UB*",M-2UB,*,25,Closing Date,100,
Declining Balances Tables,147,"Class M-2B, M-2BR, M-2BS, M-2BT, M-2BU, M-2BI, M-2RB*, M-2SB*, M-2TB* and M-2UB*",M-2UB,*,35,Closing Date,100,
Declining Balances Tables,147,"Class M-2B, M-2BR, M-2BS, M-2BT, M-2BU, M-2BI, M-2RB*, M-2SB*, M-2TB* and M-2UB*",M-2B,,0,"March 25, 2027",100,
Declining Balances Tables,147,"Class M-2B, M-2BR, M-2BS, M-2BT, M-2BU, M-2BI, M-2RB*, M-2SB*, M-2TB* and M-2UB*",M-2B,,5,"March 25, 2027",100,
Declining Balances Tables,147,"Class M-2B, M-2BR, M-2BS, M-2BT, M-2BU, M-2BI, M-2RB*, M-2SB*, M-2TB* and M-2UB*",M-2B,,10,"March 25, 2027",100,
Declining Balances Tables,147,"Class M-2B, M-2BR, M-2BS, M-2BT, M-2BU, M-2BI, M-2RB*, M-2SB*, M-2TB* and M-2UB*",M-2B,,15,"March 25, 2027",100,
Declining Balances Tables,147,"Class M-2B, M-2BR, M-2BS, M-2BT, M-2BU, M-2BI, M-2RB*, M-2SB*, M-2TB* and M-2UB*",M-2B,,25,"March 25, 2027",100,
Declining Balances Tables,147,"Class M-2B, M-2BR, M-2BS, M-2BT, M-2BU, M-2BI, M-2RB*, M-2SB*, M-2TB* and M-2UB*",M-2B,,35,"March 25, 2027",100,
Declining Balances Tables,147,"Class M-2B, M-2BR, M-2BS, M-2BT, M-2BU, M-2BI, M-2RB*, M-2SB*, M-2TB* and M-2UB*",M-2BR,,0,"March 25, 2027",100,
Declining Balances Tables,147,"Class M-2B, M-2BR, M-2BS, M-2BT, M-2BU, M-2BI, M-2RB*, M-2SB*, M-2TB* and M-2UB*",M-2BR,,5,"March 25, 2027",100,
Declining Balances Tables,147,"Class M-2B, M-2BR, M-2BS, M-2BT, M-2BU, M-2BI, M-2RB*, M-2SB*, M-2TB* and M-2UB*",M-2BR,,10,"March 25, 2027",100,
Declining Balances Tables,147,"Class M-2B, M-2BR, M-2BS, M-2BT, M-2BU, M-2BI, M-2RB*, M-2SB*, M-2TB* and M-2UB*",M-2BR,,15,"March 25, 2027",100,
Declining Balances Tables,147,"Class M-2B, M-2BR, M-2BS, M-2BT, M-2BU, M-2BI, M-2RB*, M-2SB*, M-2TB* and M-2UB*",M-2BR,,25,"March 25, 2027",100,
Declining Balances Tables,147,"Class M-2B, M-2BR, M-2BS, M-2BT, M-2BU, M-2BI, M-2RB*, M-2SB*, M-2TB* and M-2UB*",M-2BR,,35,"March 25, 2027",100,
Declining Balances Tables,147,"Class M-2B, M-2BR, M-2BS, M-2BT, M-2BU, M-2BI, M-2RB*, M-2SB*, M-2TB* and M-2UB*",M-2BS,,0,"March 25, 2027",100,
Declining Balances Tables,147,"Class M-2B, M-2BR, M-2BS, M-2BT, M-2BU, M-2BI, M-2RB*, M-2SB*, M-2TB* and M-2UB*",M-2BS,,5,"March 25, 2027",100,
Declining Balances Tables,147,"Class M-2B, M-2BR, M-2BS, M-2BT, M-2BU, M-2BI, M-2RB*, M-2SB*, M-2TB* and M-2UB*",M-2BS,,10,"March 25, 2027",100,
Declining Balances Tables,147,"Class M-2B, M-2BR, M-2BS, M-2BT, M-2BU, M-2BI, M-2RB*, M-2SB*, M-2TB* and M-2UB*",M-2BS,,15,"March 25, 2027",100,
Declining Balances Tables,147,"Class M-2B, M-2BR, M-2BS, M-2BT, M-2BU, M-2BI, M-2RB*, M-2SB*, M-2TB* and M-2UB*",M-2BS,,25,"March 25, 2027",100,
Declining Balances Tables,147,"Class M-2B, M-2BR, M-2BS, M-2BT, M-2BU, M-2BI, M-2RB*, M-2SB*, M-2TB* and M-2UB*",M-2BS,,35,"March 25, 2027",100,
Declining Balances Tables,147,"Class M-2B, M-2BR, M-2BS, M-2BT, M-2BU, M-2BI, M-2RB*, M-2SB*, M-2TB* and M-2UB*",M-2BT,,0,"March 25, 2027",100,
Declining Balances Tables,147,"Class M-2B, M-2BR, M-2BS, M-2BT, M-2BU, M-2BI, M-2RB*, M-2SB*, M-2TB* and M-2UB*",M-2BT,,5,"March 25, 2027",100,
Declining Balances Tables,147,"Class M-2B, M-2BR, M-2BS, M-2BT, M-2BU, M-2BI, M-2RB*, M-2SB*, M-2TB* and M-2UB*",M-2BT,,10,"March 25, 2027",100,
Declining Balances Tables,147,"Class M-2B, M-2BR, M-2BS, M-2BT, M-2BU, M-2BI, M-2RB*, M-2SB*, M-2TB* and M-2UB*",M-2BT,,15,"March 25, 2027",100,
Declining Balances Tables,147,"Class M-2B, M-2BR, M-2BS, M-2BT, M-2BU, M-2BI, M-2RB*, M-2SB*, M-2TB* and M-2UB*",M-2BT,,25,"March 25, 2027",100,
Declining Balances Tables,147,"Class M-2B, M-2BR, M-2BS, M-2BT, M-2BU, M-2BI, M-2RB*, M-2SB*, M-2TB* and M-2UB*",M-2BT,,35,"March 25, 2027",100,
Declining Balances Tables,147,"Class M-2B, M-2BR, M-2BS, M-2BT, M-2BU, M-2BI, M-2RB*, M-2SB*, M-2TB* and M-2UB*",M-2BU,,0,"March 25, 2027",100,
Declining Balances Tables,147,"Class M-2B, M-2BR, M-2BS, M-2BT, M-2BU, M-2BI, M-2RB*, M-2SB*, M-2TB* and M-2UB*",M-2BU,,5,"March 25, 2027",100,
Declining Balances Tables,147,"Class M-2B, M-2BR, M-2BS, M-2BT, M-2BU, M-2BI, M-2RB*, M-2SB*, M-2TB* and M-2UB*",M-2BU,,10,"March 25, 2027",100,
Declining Balances Tables,147,"Class M-2B, M-2BR, M-2BS, M-2BT, M-2BU, M-2BI, M-2RB*, M-2SB*, M-2TB* and M-2UB*",M-2BU,,15,"March 25, 2027",100,
Declining Balances Tables,147,"Class M-2B, M-2BR, M-2BS, M-2BT, M-2BU, M-2BI, M-2RB*, M-2SB*, M-2TB* and M-2UB*",M-2BU,,25,"March 25, 2027",100,
Declining Balances Tables,147,"Class M-2B, M-2BR, M-2BS, M-2BT, M-2BU, M-2BI, M-2RB*, M-2SB*, M-2TB* and M-2UB*",M-2BU,,35,"March 25, 2027",100,
Declining Balances Tables,147,"Class M-2B, M-2BR, M-2BS, M-2BT, M-2BU, M-2BI, M-2RB*, M-2SB*, M-2TB* and M-2UB*",M-2BI,,0,"March 25, 2027",100,
Declining Balances Tables,147,"Class M-2B, M-2BR, M-2BS, M-2BT, M-2BU, M-2BI, M-2RB*, M-2SB*, M-2TB* and M-2UB*",M-2BI,,5,"March 25, 2027",100,
Declining Balances Tables,147,"Class M-2B, M-2BR, M-2BS, M-2BT, M-2BU, M-2BI, M-2RB*, M-2SB*, M-2TB* and M-2UB*",M-2BI,,10,"March 25, 2027",100,
Declining Balances Tables,147,"Class M-2B, M-2BR, M-2BS, M-2BT, M-2BU, M-2BI, M-2RB*, M-2SB*, M-2TB* and M-2UB*",M-2BI,,15,"March 25, 2027",100,
Declining Balances Tables,147,"Class M-2B, M-2BR, M-2BS, M-2BT, M-2BU, M-2BI, M-2RB*, M-2SB*, M-2TB* and M-2UB*",M-2BI,,25,"March 25, 2027",100,
Declining Balances Tables,147,"Class M-2B, M-2BR, M-2BS, M-2BT, M-2BU, M-2BI, M-2RB*, M-2SB*, M-2TB* and M-2UB*",M-2BI,,35,"March 25, 2027",100,
Declining Balances Tables,147,"Class M-2B, M-2BR, M-2BS, M-2BT, M-2BU, M-2BI, M-2RB*, M-2SB*, M-2TB* and M-2UB*",M-2RB,*,0,"March 25, 2027",100,
Declining Balances Tables,147,"Class M-2B, M-2BR, M-2BS, M-2BT, M-2BU, M-2BI, M-2RB*, M-2SB*, M-2TB* and M-2UB*",M-2RB,*,5,"March 25, 2027",100,
Declining Balances Tables,147,"Class M-2B, M-2BR, M-2BS, M-2BT, M-2BU, M-2BI, M-2RB*, M-2SB*, M-2TB* and M-2UB*",M-2RB,*,10,"March 25, 2027",100,
Declining Balances Tables,147,"Class M-2B, M-2BR, M-2BS, M-2BT, M-2BU, M-2BI, M-2RB*, M-2SB*, M-2TB* and M-2UB*",M-2RB,*,15,"March 25, 2027",100,
Declining Balances Tables,147,"Class M-2B, M-2BR, M-2BS, M-2BT, M-2BU, M-2BI, M-2RB*, M-2SB*, M-2TB* and M-2UB*",M-2RB,*,25,"March 25, 2027",100,
Declining Balances Tables,147,"Class M-2B, M-2BR, M-2BS, M-2BT, M-2BU, M-2BI, M-2RB*, M-2SB*, M-2TB* and M-2UB*",M-2RB,*,35,"March 25, 2027",100,
Declining Balances Tables,147,"Class M-2B, M-2BR, M-2BS, M-2BT, M-2BU, M-2BI, M-2RB*, M-2SB*, M-2TB* and M-2UB*",M-2SB,*,0,"March 25, 2027",100,
Declining Balances Tables,147,"Class M-2B, M-2BR, M-2BS, M-2BT, M-2BU, M-2BI, M-2RB*, M-2SB*, M-2TB* and M-2UB*",M-2SB,*,5,"March 25, 2027",100,
Declining Balances Tables,147,"Class M-2B, M-2BR, M-2BS, M-2BT, M-2BU, M-2BI, M-2RB*, M-2SB*, M-2TB* and M-2UB*",M-2SB,*,10,"March 25, 2027",100,
Declining Balances Tables,147,"Class M-2B, M-2BR, M-2BS, M-2BT, M-2BU, M-2BI, M-2RB*, M-2SB*, M-2TB* and M-2UB*",M-2SB,*,15,"March 25, 2027",100,
Declining Balances Tables,147,"Class M-2B, M-2BR, M-2BS, M-2BT, M-2BU, M-2BI, M-2RB*, M-2SB*, M-2TB* and M-2UB*",M-2SB,*,25,"March 25, 2027",100,
Declining Balances Tables,147,"Class M-2B, M-2BR, M-2BS, M-2BT, M-2BU, M-2BI, M-2RB*, M-2SB*, M-2TB* and M-2UB*",M-2SB,*,35,"March 25, 2027",100,
Declining Balances Tables,147,"Class M-2B, M-2BR, M-2BS, M-2BT, M-2BU, M-2BI, M-2RB*, M-2SB*, M-2TB* and M-2UB*",M-2TB,*,0,"March 25, 2027",100,
Declining Balances Tables,147,"Class M-2B, M-2BR, M-2BS, M-2BT, M-2BU, M-2BI, M-2RB*, M-2SB*, M-2TB* and M-2UB*",M-2TB,*,5,"March 25, 2027",100,
Declining Balances Tables,147,"Class M-2B, M-2BR, M-2BS, M-2BT, M-2BU, M-2BI, M-2RB*, M-2SB*, M-2TB* and M-2UB*",M-2TB,*,10,"March 25, 2027",100,
Declining Balances Tables,147,"Class M-2B, M-2BR, M-2BS, M-2BT, M-2BU, M-2BI, M-2RB*, M-2SB*, M-2TB* and M-2UB*",M-2TB,*,15,"March 25, 2027",100,
Declining Balances Tables,147,"Class M-2B, M-2BR, M-2BS, M-2BT, M-2BU, M-2BI, M-2RB*, M-2SB*, M-2TB* and M-2UB*",M-2TB,*,25,"March 25, 2027",100,
Declining Balances Tables,147,"Class M-2B, M-2BR, M-2BS, M-2BT, M-2BU, M-2BI, M-2RB*, M-2SB*, M-2TB* and M-2UB*",M-2TB,*,35,"March 25, 2027",100,
Declining Balances Tables,147,"Class M-2B, M-2BR, M-2BS, M-2BT, M-2BU, M-2BI, M-2RB*, M-2SB*, M-2TB* and M-2UB*",M-2UB,*,0,"March 25, 2027",100,
Declining Balances Tables,147,"Class M-2B, M-2BR, M-2BS, M-2BT, M-2BU, M-2BI, M-2RB*, M-2SB*, M-2TB* and M-2UB*",M-2UB,*,5,"March 25, 2027",100,
Declining Balances Tables,147,"Class M-2B, M-2BR, M-2BS, M-2BT, M-2BU, M-2BI, M-2RB*, M-2SB*, M-2TB* and M-2UB*",M-2UB,*,10,"March 25, 2027",100,
Declining Balances Tables,147,"Class M-2B, M-2BR, M-2BS, M-2BT, M-2BU, M-2BI, M-2RB*, M-2SB*, M-2TB* and M-2UB*",M-2UB,*,15,"March 25, 2027",100,
Declining Balances Tables,147,"Class M-2B, M-2BR, M-2BS, M-2BT, M-2BU, M-2BI, M-2RB*, M-2SB*, M-2TB* and M-2UB*",M-2UB,*,25,"March 25, 2027",100,
Declining Balances Tables,147,"Class M-2B, M-2BR, M-2BS, M-2BT, M-2BU, M-2BI, M-2RB*, M-2SB*, M-2TB* and M-2UB*",M-2UB,*,35,"March 25, 2027",100,
Declining Balances Tables,147,"Class M-2B, M-2BR, M-2BS, M-2BT, M-2BU, M-2BI, M-2RB*, M-2SB*, M-2TB* and M-2UB*",M-2B,,0,"March 25, 2028",100,
Declining Balances Tables,147,"Class M-2B, M-2BR, M-2BS, M-2BT, M-2BU, M-2BI, M-2RB*, M-2SB*, M-2TB* and M-2UB*",M-2B,,5,"March 25, 2028",100,
Declining Balances Tables,147,"Class M-2B, M-2BR, M-2BS, M-2BT, M-2BU, M-2BI, M-2RB*, M-2SB*, M-2TB* and M-2UB*",M-2B,,10,"March 25, 2028",100,
Declining Balances Tables,147,"Class M-2B, M-2BR, M-2BS, M-2BT, M-2BU, M-2BI, M-2RB*, M-2SB*, M-2TB* and M-2UB*",M-2B,,15,"March 25, 2028",100,
Declining Balances Tables,147,"Class M-2B, M-2BR, M-2BS, M-2BT, M-2BU, M-2BI, M-2RB*, M-2SB*, M-2TB* and M-2UB*",M-2B,,25,"March 25, 2028",25,
Declining Balances Tables,147,"Class M-2B, M-2BR, M-2BS, M-2BT, M-2BU, M-2BI, M-2RB*, M-2SB*, M-2TB* and M-2UB*",M-2B,,35,"March 25, 2028",0,
Declining Balances Tables,147,"Class M-2B, M-2BR, M-2BS, M-2BT, M-2BU, M-2BI, M-2RB*, M-2SB*, M-2TB* and M-2UB*",M-2BR,,0,"March 25, 2028",100,
Declining Balances Tables,147,"Class M-2B, M-2BR, M-2BS, M-2BT, M-2BU, M-2BI, M-2RB*, M-2SB*, M-2TB* and M-2UB*",M-2BR,,5,"March 25, 2028",100,
Declining Balances Tables,147,"Class M-2B, M-2BR, M-2BS, M-2BT, M-2BU, M-2BI, M-2RB*, M-2SB*, M-2TB* and M-2UB*",M-2BR,,10,"March 25, 2028",100,
Declining Balances Tables,147,"Class M-2B, M-2BR, M-2BS, M-2BT, M-2BU, M-2BI, M-2RB*, M-2SB*, M-2TB* and M-2UB*",M-2BR,,15,"March 25, 2028",100,
Declining Balances Tables,147,"Class M-2B, M-2BR, M-2BS, M-2BT, M-2BU, M-2BI, M-2RB*, M-2SB*, M-2TB* and M-2UB*",M-2BR,,25,"March 25, 2028",25,
Declining Balances Tables,147,"Class M-2B, M-2BR, M-2BS, M-2BT, M-2BU, M-2BI, M-2RB*, M-2SB*, M-2TB* and M-2UB*",M-2BR,,35,"March 25, 2028",0,
Declining Balances Tables,147,"Class M-2B, M-2BR, M-2BS, M-2BT, M-2BU, M-2BI, M-2RB*, M-2SB*, M-2TB* and M-2UB*",M-2BS,,0,"March 25, 2028",100,
Declining Balances Tables,147,"Class M-2B, M-2BR, M-2BS, M-2BT, M-2BU, M-2BI, M-2RB*, M-2SB*, M-2TB* and M-2UB*",M-2BS,,5,"March 25, 2028",100,
Declining Balances Tables,147,"Class M-2B, M-2BR, M-2BS, M-2BT, M-2BU, M-2BI, M-2RB*, M-2SB*, M-2TB* and M-2UB*",M-2BS,,10,"March 25, 2028",100,
Declining Balances Tables,147,"Class M-2B, M-2BR, M-2BS, M-2BT, M-2BU, M-2BI, M-2RB*, M-2SB*, M-2TB* and M-2UB*",M-2BS,,15,"March 25, 2028",100,
Declining Balances Tables,147,"Class M-2B, M-2BR, M-2BS, M-2BT, M-2BU, M-2BI, M-2RB*, M-2SB*, M-2TB* and M-2UB*",M-2BS,,25,"March 25, 2028",25,
Declining Balances Tables,147,"Class M-2B, M-2BR, M-2BS, M-2BT, M-2BU, M-2BI, M-2RB*, M-2SB*, M-2TB* and M-2UB*",M-2BS,,35,"March 25, 2028",0,
Declining Balances Tables,147,"Class M-2B, M-2BR, M-2BS, M-2BT, M-2BU, M-2BI, M-2RB*, M-2SB*, M-2TB* and M-2UB*",M-2BT,,0,"March 25, 2028",100,
Declining Balances Tables,147,"Class M-2B, M-2BR, M-2BS, M-2BT, M-2BU, M-2BI, M-2RB*, M-2SB*, M-2TB* and M-2UB*",M-2BT,,5,"March 25, 2028",100,
Declining Balances Tables,147,"Class M-2B, M-2BR, M-2BS, M-2BT, M-2BU, M-2BI, M-2RB*, M-2SB*, M-2TB* and M-2UB*",M-2BT,,10,"March 25, 2028",100,
Declining Balances Tables,147,"Class M-2B, M-2BR, M-2BS, M-2BT, M-2BU, M-2BI, M-2RB*, M-2SB*, M-2TB* and M-2UB*",M-2BT,,15,"March 25, 2028",100,
Declining Balances Tables,147,"Class M-2B, M-2BR, M-2BS, M-2BT, M-2BU, M-2BI, M-2RB*, M-2SB*, M-2TB* and M-2UB*",M-2BT,,25,"March 25, 2028",25,
Declining Balances Tables,147,"Class M-2B, M-2BR, M-2BS, M-2BT, M-2BU, M-2BI, M-2RB*, M-2SB*, M-2TB* and M-2UB*",M-2BT,,35,"March 25, 2028",0,
Declining Balances Tables,147,"Class M-2B, M-2BR, M-2BS, M-2BT, M-2BU, M-2BI, M-2RB*, M-2SB*, M-2TB* and M-2UB*",M-2BU,,0,"March 25, 2028",100,
Declining Balances Tables,147,"Class M-2B, M-2BR, M-2BS, M-2BT, M-2BU, M-2BI, M-2RB*, M-2SB*, M-2TB* and M-2UB*",M-2BU,,5,"March 25, 2028",100,
Declining Balances Tables,147,"Class M-2B, M-2BR, M-2BS, M-2BT, M-2BU, M-2BI, M-2RB*, M-2SB*, M-2TB* and M-2UB*",M-2BU,,10,"March 25, 2028",100,
Declining Balances Tables,147,"Class M-2B, M-2BR, M-2BS, M-2BT, M-2BU, M-2BI, M-2RB*, M-2SB*, M-2TB* and M-2UB*",M-2BU,,15,"March 25, 2028",100,
Declining Balances Tables,147,"Class M-2B, M-2BR, M-2BS, M-2BT, M-2BU, M-2BI, M-2RB*, M-2SB*, M-2TB* and M-2UB*",M-2BU,,25,"March 25, 2028",25,
Declining Balances Tables,147,"Class M-2B, M-2BR, M-2BS, M-2BT, M-2BU, M-2BI, M-2RB*, M-2SB*, M-2TB* and M-2UB*",M-2BU,,35,"March 25, 2028",0,
Declining Balances Tables,147,"Class M-2B, M-2BR, M-2BS, M-2BT, M-2BU, M-2BI, M-2RB*, M-2SB*, M-2TB* and M-2UB*",M-2BI,,0,"March 25, 2028",100,
Declining Balances Tables,147,"Class M-2B, M-2BR, M-2BS, M-2BT, M-2BU, M-2BI, M-2RB*, M-2SB*, M-2TB* and M-2UB*",M-2BI,,5,"March 25, 2028",100,
Declining Balances Tables,147,"Class M-2B, M-2BR, M-2BS, M-2BT, M-2BU, M-2BI, M-2RB*, M-2SB*, M-2TB* and M-2UB*",M-2BI,,10,"March 25, 2028",100,
Declining Balances Tables,147,"Class M-2B, M-2BR, M-2BS, M-2BT, M-2BU, M-2BI, M-2RB*, M-2SB*, M-2TB* and M-2UB*",M-2BI,,15,"March 25, 2028",100,
Declining Balances Tables,147,"Class M-2B, M-2BR, M-2BS, M-2BT, M-2BU, M-2BI, M-2RB*, M-2SB*, M-2TB* and M-2UB*",M-2BI,,25,"March 25, 2028",25,
Declining Balances Tables,147,"Class M-2B, M-2BR, M-2BS, M-2BT, M-2BU, M-2BI, M-2RB*, M-2SB*, M-2TB* and M-2UB*",M-2BI,,35,"March 25, 2028",0,
Declining Balances Tables,147,"Class M-2B, M-2BR, M-2BS, M-2BT, M-2BU, M-2BI, M-2RB*, M-2SB*, M-2TB* and M-2UB*",M-2RB,*,0,"March 25, 2028",100,
Declining Balances Tables,147,"Class M-2B, M-2BR, M-2BS, M-2BT, M-2BU, M-2BI, M-2RB*, M-2SB*, M-2TB* and M-2UB*",M-2RB,*,5,"March 25, 2028",100,
Declining Balances Tables,147,"Class M-2B, M-2BR, M-2BS, M-2BT, M-2BU, M-2BI, M-2RB*, M-2SB*, M-2TB* and M-2UB*",M-2RB,*,10,"March 25, 2028",100,
Declining Balances Tables,147,"Class M-2B, M-2BR, M-2BS, M-2BT, M-2BU, M-2BI, M-2RB*, M-2SB*, M-2TB* and M-2UB*",M-2RB,*,15,"March 25, 2028",100,
Declining Balances Tables,147,"Class M-2B, M-2BR, M-2BS, M-2BT, M-2BU, M-2BI, M-2RB*, M-2SB*, M-2TB* and M-2UB*",M-2RB,*,25,"March 25, 2028",25,
Declining Balances Tables,147,"Class M-2B, M-2BR, M-2BS, M-2BT, M-2BU, M-2BI, M-2RB*, M-2SB*, M-2TB* and M-2UB*",M-2RB,*,35,"March 25, 2028",0,
Declining Balances Tables,147,"Class M-2B, M-2BR, M-2BS, M-2BT, M-2BU, M-2BI, M-2RB*, M-2SB*, M-2TB* and M-2UB*",M-2SB,*,0,"March 25, 2028",100,
Declining Balances Tables,147,"Class M-2B, M-2BR, M-2BS, M-2BT, M-2BU, M-2BI, M-2RB*, M-2SB*, M-2TB* and M-2UB*",M-2SB,*,5,"March 25, 2028",100,
Declining Balances Tables,147,"Class M-2B, M-2BR, M-2BS, M-2BT, M-2BU, M-2BI, M-2RB*, M-2SB*, M-2TB* and M-2UB*",M-2SB,*,10,"March 25, 2028",100,
Declining Balances Tables,147,"Class M-2B, M-2BR, M-2BS, M-2BT, M-2BU, M-2BI, M-2RB*, M-2SB*, M-2TB* and M-2UB*",M-2SB,*,15,"March 25, 2028",100,
Declining Balances Tables,147,"Class M-2B, M-2BR, M-2BS, M-2BT, M-2BU, M-2BI, M-2RB*, M-2SB*, M-2TB* and M-2UB*",M-2SB,*,25,"March 25, 2028",25,
Declining Balances Tables,147,"Class M-2B, M-2BR, M-2BS, M-2BT, M-2BU, M-2BI, M-2RB*, M-2SB*, M-2TB* and M-2UB*",M-2SB,*,35,"March 25, 2028",0,
Declining Balances Tables,147,"Class M-2B, M-2BR, M-2BS, M-2BT, M-2BU, M-2BI, M-2RB*, M-2SB*, M-2TB* and M-2UB*",M-2TB,*,0,"March 25, 2028",100,
Declining Balances Tables,147,"Class M-2B, M-2BR, M-2BS, M-2BT, M-2BU, M-2BI, M-2RB*, M-2SB*, M-2TB* and M-2UB*",M-2TB,*,5,"March 25, 2028",100,
Declining Balances Tables,147,"Class M-2B, M-2BR, M-2BS, M-2BT, M-2BU, M-2BI, M-2RB*, M-2SB*, M-2TB* and M-2UB*",M-2TB,*,10,"March 25, 2028",100,
Declining Balances Tables,147,"Class M-2B, M-2BR, M-2BS, M-2BT, M-2BU, M-2BI, M-2RB*, M-2SB*, M-2TB* and M-2UB*",M-2TB,*,15,"March 25, 2028",100,
Declining Balances Tables,147,"Class M-2B, M-2BR, M-2BS, M-2BT, M-2BU, M-2BI, M-2RB*, M-2SB*, M-2TB* and M-2UB*",M-2TB,*,25,"March 25, 2028",25,
Declining Balances Tables,147,"Class M-2B, M-2BR, M-2BS, M-2BT, M-2BU, M-2BI, M-2RB*, M-2SB*, M-2TB* and M-2UB*",M-2TB,*,35,"March 25, 2028",0,
Declining Balances Tables,147,"Class M-2B, M-2BR, M-2BS, M-2BT, M-2BU, M-2BI, M-2RB*, M-2SB*, M-2TB* and M-2UB*",M-2UB,*,0,"March 25, 2028",100,
Declining Balances Tables,147,"Class M-2B, M-2BR, M-2BS, M-2BT, M-2BU, M-2BI, M-2RB*, M-2SB*, M-2TB* and M-2UB*",M-2UB,*,5,"March 25, 2028",100,
Declining Balances Tables,147,"Class M-2B, M-2BR, M-2BS, M-2BT, M-2BU, M-2BI, M-2RB*, M-2SB*, M-2TB* and M-2UB*",M-2UB,*,10,"March 25, 2028",100,
Declining Balances Tables,147,"Class M-2B, M-2BR, M-2BS, M-2BT, M-2BU, M-2BI, M-2RB*, M-2SB*, M-2TB* and M-2UB*",M-2UB,*,15,"March 25, 2028",100,
Declining Balances Tables,147,"Class M-2B, M-2BR, M-2BS, M-2BT, M-2BU, M-2BI, M-2RB*, M-2SB*, M-2TB* and M-2UB*",M-2UB,*,25,"March 25, 2028",25,
Declining Balances Tables,147,"Class M-2B, M-2BR, M-2BS, M-2BT, M-2BU, M-2BI, M-2RB*, M-2SB*, M-2TB* and M-2UB*",M-2UB,*,35,"March 25, 2028",0,
Declining Balances Tables,147,"Class M-2B, M-2BR, M-2BS, M-2BT, M-2BU, M-2BI, M-2RB*, M-2SB*, M-2TB* and M-2UB*",M-2B,,0,"March 25, 2029",100,
Declining Balances Tables,147,"Class M-2B, M-2BR, M-2BS, M-2BT, M-2BU, M-2BI, M-2RB*, M-2SB*, M-2TB* and M-2UB*",M-2B,,5,"March 25, 2029",100,
Declining Balances Tables,147,"Class M-2B, M-2BR, M-2BS, M-2BT, M-2BU, M-2BI, M-2RB*, M-2SB*, M-2TB* and M-2UB*",M-2B,,10,"March 25, 2029",100,
Declining Balances Tables,147,"Class M-2B, M-2BR, M-2BS, M-2BT, M-2BU, M-2BI, M-2RB*, M-2SB*, M-2TB* and M-2UB*",M-2B,,15,"March 25, 2029",89,
Declining Balances Tables,147,"Class M-2B, M-2BR, M-2BS, M-2BT, M-2BU, M-2BI, M-2RB*, M-2SB*, M-2TB* and M-2UB*",M-2B,,25,"March 25, 2029",0,
Declining Balances Tables,147,"Class M-2B, M-2BR, M-2BS, M-2BT, M-2BU, M-2BI, M-2RB*, M-2SB*, M-2TB* and M-2UB*",M-2B,,35,"March 25, 2029",0,
Declining Balances Tables,147,"Class M-2B, M-2BR, M-2BS, M-2BT, M-2BU, M-2BI, M-2RB*, M-2SB*, M-2TB* and M-2UB*",M-2BR,,0,"March 25, 2029",100,
Declining Balances Tables,147,"Class M-2B, M-2BR, M-2BS, M-2BT, M-2BU, M-2BI, M-2RB*, M-2SB*, M-2TB* and M-2UB*",M-2BR,,5,"March 25, 2029",100,
Declining Balances Tables,147,"Class M-2B, M-2BR, M-2BS, M-2BT, M-2BU, M-2BI, M-2RB*, M-2SB*, M-2TB* and M-2UB*",M-2BR,,10,"March 25, 2029",100,
Declining Balances Tables,147,"Class M-2B, M-2BR, M-2BS, M-2BT, M-2BU, M-2BI, M-2RB*, M-2SB*, M-2TB* and M-2UB*",M-2BR,,15,"March 25, 2029",89,
Declining Balances Tables,147,"Class M-2B, M-2BR, M-2BS, M-2BT, M-2BU, M-2BI, M-2RB*, M-2SB*, M-2TB* and M-2UB*",M-2BR,,25,"March 25, 2029",0,
Declining Balances Tables,147,"Class M-2B, M-2BR, M-2BS, M-2BT, M-2BU, M-2BI, M-2RB*, M-2SB*, M-2TB* and M-2UB*",M-2BR,,35,"March 25, 2029",0,
Declining Balances Tables,147,"Class M-2B, M-2BR, M-2BS, M-2BT, M-2BU, M-2BI, M-2RB*, M-2SB*, M-2TB* and M-2UB*",M-2BS,,0,"March 25, 2029",100,
Declining Balances Tables,147,"Class M-2B, M-2BR, M-2BS, M-2BT, M-2BU, M-2BI, M-2RB*, M-2SB*, M-2TB* and M-2UB*",M-2BS,,5,"March 25, 2029",100,
Declining Balances Tables,147,"Class M-2B, M-2BR, M-2BS, M-2BT, M-2BU, M-2BI, M-2RB*, M-2SB*, M-2TB* and M-2UB*",M-2BS,,10,"March 25, 2029",100,
Declining Balances Tables,147,"Class M-2B, M-2BR, M-2BS, M-2BT, M-2BU, M-2BI, M-2RB*, M-2SB*, M-2TB* and M-2UB*",M-2BS,,15,"March 25, 2029",89,
Declining Balances Tables,147,"Class M-2B, M-2BR, M-2BS, M-2BT, M-2BU, M-2BI, M-2RB*, M-2SB*, M-2TB* and M-2UB*",M-2BS,,25,"March 25, 2029",0,
Declining Balances Tables,147,"Class M-2B, M-2BR, M-2BS, M-2BT, M-2BU, M-2BI, M-2RB*, M-2SB*, M-2TB* and M-2UB*",M-2BS,,35,"March 25, 2029",0,
Declining Balances Tables,147,"Class M-2B, M-2BR, M-2BS, M-2BT, M-2BU, M-2BI, M-2RB*, M-2SB*, M-2TB* and M-2UB*",M-2BT,,0,"March 25, 2029",100,
Declining Balances Tables,147,"Class M-2B, M-2BR, M-2BS, M-2BT, M-2BU, M-2BI, M-2RB*, M-2SB*, M-2TB* and M-2UB*",M-2BT,,5,"March 25, 2029",100,
Declining Balances Tables,147,"Class M-2B, M-2BR, M-2BS, M-2BT, M-2BU, M-2BI, M-2RB*, M-2SB*, M-2TB* and M-2UB*",M-2BT,,10,"March 25, 2029",100,
Declining Balances Tables,147,"Class M-2B, M-2BR, M-2BS, M-2BT, M-2BU, M-2BI, M-2RB*, M-2SB*, M-2TB* and M-2UB*",M-2BT,,15,"March 25, 2029",89,
Declining Balances Tables,147,"Class M-2B, M-2BR, M-2BS, M-2BT, M-2BU, M-2BI, M-2RB*, M-2SB*, M-2TB* and M-2UB*",M-2BT,,25,"March 25, 2029",0,
Declining Balances Tables,147,"Class M-2B, M-2BR, M-2BS, M-2BT, M-2BU, M-2BI, M-2RB*, M-2SB*, M-2TB* and M-2UB*",M-2BT,,35,"March 25, 2029",0,
Declining Balances Tables,147,"Class M-2B, M-2BR, M-2BS, M-2BT, M-2BU, M-2BI, M-2RB*, M-2SB*, M-2TB* and M-2UB*",M-2BU,,0,"March 25, 2029",100,
Declining Balances Tables,147,"Class M-2B, M-2BR, M-2BS, M-2BT, M-2BU, M-2BI, M-2RB*, M-2SB*, M-2TB* and M-2UB*",M-2BU,,5,"March 25, 2029",100,
Declining Balances Tables,147,"Class M-2B, M-2BR, M-2BS, M-2BT, M-2BU, M-2BI, M-2RB*, M-2SB*, M-2TB* and M-2UB*",M-2BU,,10,"March 25, 2029",100,
Declining Balances Tables,147,"Class M-2B, M-2BR, M-2BS, M-2BT, M-2BU, M-2BI, M-2RB*, M-2SB*, M-2TB* and M-2UB*",M-2BU,,15,"March 25, 2029",89,
Declining Balances Tables,147,"Class M-2B, M-2BR, M-2BS, M-2BT, M-2BU, M-2BI, M-2RB*, M-2SB*, M-2TB* and M-2UB*",M-2BU,,25,"March 25, 2029",0,
Declining Balances Tables,147,"Class M-2B, M-2BR, M-2BS, M-2BT, M-2BU, M-2BI, M-2RB*, M-2SB*, M-2TB* and M-2UB*",M-2BU,,35,"March 25, 2029",0,
Declining Balances Tables,147,"Class M-2B, M-2BR, M-2BS, M-2BT, M-2BU, M-2BI, M-2RB*, M-2SB*, M-2TB* and M-2UB*",M-2BI,,0,"March 25, 2029",100,
Declining Balances Tables,147,"Class M-2B, M-2BR, M-2BS, M-2BT, M-2BU, M-2BI, M-2RB*, M-2SB*, M-2TB* and M-2UB*",M-2BI,,5,"March 25, 2029",100,
Declining Balances Tables,147,"Class M-2B, M-2BR, M-2BS, M-2BT, M-2BU, M-2BI, M-2RB*, M-2SB*, M-2TB* and M-2UB*",M-2BI,,10,"March 25, 2029",100,
Declining Balances Tables,147,"Class M-2B, M-2BR, M-2BS, M-2BT, M-2BU, M-2BI, M-2RB*, M-2SB*, M-2TB* and M-2UB*",M-2BI,,15,"March 25, 2029",89,
Declining Balances Tables,147,"Class M-2B, M-2BR, M-2BS, M-2BT, M-2BU, M-2BI, M-2RB*, M-2SB*, M-2TB* and M-2UB*",M-2BI,,25,"March 25, 2029",0,
Declining Balances Tables,147,"Class M-2B, M-2BR, M-2BS, M-2BT, M-2BU, M-2BI, M-2RB*, M-2SB*, M-2TB* and M-2UB*",M-2BI,,35,"March 25, 2029",0,
Declining Balances Tables,147,"Class M-2B, M-2BR, M-2BS, M-2BT, M-2BU, M-2BI, M-2RB*, M-2SB*, M-2TB* and M-2UB*",M-2RB,*,0,"March 25, 2029",100,
Declining Balances Tables,147,"Class M-2B, M-2BR, M-2BS, M-2BT, M-2BU, M-2BI, M-2RB*, M-2SB*, M-2TB* and M-2UB*",M-2RB,*,5,"March 25, 2029",100,
Declining Balances Tables,147,"Class M-2B, M-2BR, M-2BS, M-2BT, M-2BU, M-2BI, M-2RB*, M-2SB*, M-2TB* and M-2UB*",M-2RB,*,10,"March 25, 2029",100,
Declining Balances Tables,147,"Class M-2B, M-2BR, M-2BS, M-2BT, M-2BU, M-2BI, M-2RB*, M-2SB*, M-2TB* and M-2UB*",M-2RB,*,15,"March 25, 2029",89,
Declining Balances Tables,147,"Class M-2B, M-2BR, M-2BS, M-2BT, M-2BU, M-2BI, M-2RB*, M-2SB*, M-2TB* and M-2UB*",M-2RB,*,25,"March 25, 2029",0,
Declining Balances Tables,147,"Class M-2B, M-2BR, M-2BS, M-2BT, M-2BU, M-2BI, M-2RB*, M-2SB*, M-2TB* and M-2UB*",M-2RB,*,35,"March 25, 2029",0,
Declining Balances Tables,147,"Class M-2B, M-2BR, M-2BS, M-2BT, M-2BU, M-2BI, M-2RB*, M-2SB*, M-2TB* and M-2UB*",M-2SB,*,0,"March 25, 2029",100,
Declining Balances Tables,147,"Class M-2B, M-2BR, M-2BS, M-2BT, M-2BU, M-2BI, M-2RB*, M-2SB*, M-2TB* and M-2UB*",M-2SB,*,5,"March 25, 2029",100,
Declining Balances Tables,147,"Class M-2B, M-2BR, M-2BS, M-2BT, M-2BU, M-2BI, M-2RB*, M-2SB*, M-2TB* and M-2UB*",M-2SB,*,10,"March 25, 2029",100,
Declining Balances Tables,147,"Class M-2B, M-2BR, M-2BS, M-2BT, M-2BU, M-2BI, M-2RB*, M-2SB*, M-2TB* and M-2UB*",M-2SB,*,15,"March 25, 2029",89,
Declining Balances Tables,147,"Class M-2B, M-2BR, M-2BS, M-2BT, M-2BU, M-2BI, M-2RB*, M-2SB*, M-2TB* and M-2UB*",M-2SB,*,25,"March 25, 2029",0,
Declining Balances Tables,147,"Class M-2B, M-2BR, M-2BS, M-2BT, M-2BU, M-2BI, M-2RB*, M-2SB*, M-2TB* and M-2UB*",M-2SB,*,35,"March 25, 2029",0,
Declining Balances Tables,147,"Class M-2B, M-2BR, M-2BS, M-2BT, M-2BU, M-2BI, M-2RB*, M-2SB*, M-2TB* and M-2UB*",M-2TB,*,0,"March 25, 2029",100,
Declining Balances Tables,147,"Class M-2B, M-2BR, M-2BS, M-2BT, M-2BU, M-2BI, M-2RB*, M-2SB*, M-2TB* and M-2UB*",M-2TB,*,5,"March 25, 2029",100,
Declining Balances Tables,147,"Class M-2B, M-2BR, M-2BS, M-2BT, M-2BU, M-2BI, M-2RB*, M-2SB*, M-2TB* and M-2UB*",M-2TB,*,10,"March 25, 2029",100,
Declining Balances Tables,147,"Class M-2B, M-2BR, M-2BS, M-2BT, M-2BU, M-2BI, M-2RB*, M-2SB*, M-2TB* and M-2UB*",M-2TB,*,15,"March 25, 2029",89,
Declining Balances Tables,147,"Class M-2B, M-2BR, M-2BS, M-2BT, M-2BU, M-2BI, M-2RB*, M-2SB*, M-2TB* and M-2UB*",M-2TB,*,25,"March 25, 2029",0,
Declining Balances Tables,147,"Class M-2B, M-2BR, M-2BS, M-2BT, M-2BU, M-2BI, M-2RB*, M-2SB*, M-2TB* and M-2UB*",M-2TB,*,35,"March 25, 2029",0,
Declining Balances Tables,147,"Class M-2B, M-2BR, M-2BS, M-2BT, M-2BU, M-2BI, M-2RB*, M-2SB*, M-2TB* and M-2UB*",M-2UB,*,0,"March 25, 2029",100,
Declining Balances Tables,147,"Class M-2B, M-2BR, M-2BS, M-2BT, M-2BU, M-2BI, M-2RB*, M-2SB*, M-2TB* and M-2UB*",M-2UB,*,5,"March 25, 2029",100,
Declining Balances Tables,147,"Class M-2B, M-2BR, M-2BS, M-2BT, M-2BU, M-2BI, M-2RB*, M-2SB*, M-2TB* and M-2UB*",M-2UB,*,10,"March 25, 2029",100,
Declining Balances Tables,147,"Class M-2B, M-2BR, M-2BS, M-2BT, M-2BU, M-2BI, M-2RB*, M-2SB*, M-2TB* and M-2UB*",M-2UB,*,15,"March 25, 2029",89,
Declining Balances Tables,147,"Class M-2B, M-2BR, M-2BS, M-2BT, M-2BU, M-2BI, M-2RB*, M-2SB*, M-2TB* and M-2UB*",M-2UB,*,25,"March 25, 2029",0,
Declining Balances Tables,147,"Class M-2B, M-2BR, M-2BS, M-2BT, M-2BU, M-2BI, M-2RB*, M-2SB*, M-2TB* and M-2UB*",M-2UB,*,35,"March 25, 2029",0,
Declining Balances Tables,147,"Class M-2B, M-2BR, M-2BS, M-2BT, M-2BU, M-2BI, M-2RB*, M-2SB*, M-2TB* and M-2UB*",M-2B,,0,"March 25, 2030",100,
Declining Balances Tables,147,"Class M-2B, M-2BR, M-2BS, M-2BT, M-2BU, M-2BI, M-2RB*, M-2SB*, M-2TB* and M-2UB*",M-2B,,5,"March 25, 2030",100,
Declining Balances Tables,147,"Class M-2B, M-2BR, M-2BS, M-2BT, M-2BU, M-2BI, M-2RB*, M-2SB*, M-2TB* and M-2UB*",M-2B,,10,"March 25, 2030",100,
Declining Balances Tables,147,"Class M-2B, M-2BR, M-2BS, M-2BT, M-2BU, M-2BI, M-2RB*, M-2SB*, M-2TB* and M-2UB*",M-2B,,15,"March 25, 2030",0,
Declining Balances Tables,147,"Class M-2B, M-2BR, M-2BS, M-2BT, M-2BU, M-2BI, M-2RB*, M-2SB*, M-2TB* and M-2UB*",M-2B,,25,"March 25, 2030",0,
Declining Balances Tables,147,"Class M-2B, M-2BR, M-2BS, M-2BT, M-2BU, M-2BI, M-2RB*, M-2SB*, M-2TB* and M-2UB*",M-2B,,35,"March 25, 2030",0,
Declining Balances Tables,147,"Class M-2B, M-2BR, M-2BS, M-2BT, M-2BU, M-2BI, M-2RB*, M-2SB*, M-2TB* and M-2UB*",M-2BR,,0,"March 25, 2030",100,
Declining Balances Tables,147,"Class M-2B, M-2BR, M-2BS, M-2BT, M-2BU, M-2BI, M-2RB*, M-2SB*, M-2TB* and M-2UB*",M-2BR,,5,"March 25, 2030",100,
Declining Balances Tables,147,"Class M-2B, M-2BR, M-2BS, M-2BT, M-2BU, M-2BI, M-2RB*, M-2SB*, M-2TB* and M-2UB*",M-2BR,,10,"March 25, 2030",100,
Declining Balances Tables,147,"Class M-2B, M-2BR, M-2BS, M-2BT, M-2BU, M-2BI, M-2RB*, M-2SB*, M-2TB* and M-2UB*",M-2BR,,15,"March 25, 2030",0,
Declining Balances Tables,147,"Class M-2B, M-2BR, M-2BS, M-2BT, M-2BU, M-2BI, M-2RB*, M-2SB*, M-2TB* and M-2UB*",M-2BR,,25,"March 25, 2030",0,
Declining Balances Tables,147,"Class M-2B, M-2BR, M-2BS, M-2BT, M-2BU, M-2BI, M-2RB*, M-2SB*, M-2TB* and M-2UB*",M-2BR,,35,"March 25, 2030",0,
Declining Balances Tables,147,"Class M-2B, M-2BR, M-2BS, M-2BT, M-2BU, M-2BI, M-2RB*, M-2SB*, M-2TB* and M-2UB*",M-2BS,,0,"March 25, 2030",100,
Declining Balances Tables,147,"Class M-2B, M-2BR, M-2BS, M-2BT, M-2BU, M-2BI, M-2RB*, M-2SB*, M-2TB* and M-2UB*",M-2BS,,5,"March 25, 2030",100,
Declining Balances Tables,147,"Class M-2B, M-2BR, M-2BS, M-2BT, M-2BU, M-2BI, M-2RB*, M-2SB*, M-2TB* and M-2UB*",M-2BS,,10,"March 25, 2030",100,
Declining Balances Tables,147,"Class M-2B, M-2BR, M-2BS, M-2BT, M-2BU, M-2BI, M-2RB*, M-2SB*, M-2TB* and M-2UB*",M-2BS,,15,"March 25, 2030",0,
Declining Balances Tables,147,"Class M-2B, M-2BR, M-2BS, M-2BT, M-2BU, M-2BI, M-2RB*, M-2SB*, M-2TB* and M-2UB*",M-2BS,,25,"March 25, 2030",0,
Declining Balances Tables,147,"Class M-2B, M-2BR, M-2BS, M-2BT, M-2BU, M-2BI, M-2RB*, M-2SB*, M-2TB* and M-2UB*",M-2BS,,35,"March 25, 2030",0,
Declining Balances Tables,147,"Class M-2B, M-2BR, M-2BS, M-2BT, M-2BU, M-2BI, M-2RB*, M-2SB*, M-2TB* and M-2UB*",M-2BT,,0,"March 25, 2030",100,
Declining Balances Tables,147,"Class M-2B, M-2BR, M-2BS, M-2BT, M-2BU, M-2BI, M-2RB*, M-2SB*, M-2TB* and M-2UB*",M-2BT,,5,"March 25, 2030",100,
Declining Balances Tables,147,"Class M-2B, M-2BR, M-2BS, M-2BT, M-2BU, M-2BI, M-2RB*, M-2SB*, M-2TB* and M-2UB*",M-2BT,,10,"March 25, 2030",100,
Declining Balances Tables,147,"Class M-2B, M-2BR, M-2BS, M-2BT, M-2BU, M-2BI, M-2RB*, M-2SB*, M-2TB* and M-2UB*",M-2BT,,15,"March 25, 2030",0,
Declining Balances Tables,147,"Class M-2B, M-2BR, M-2BS, M-2BT, M-2BU, M-2BI, M-2RB*, M-2SB*, M-2TB* and M-2UB*",M-2BT,,25,"March 25, 2030",0,
Declining Balances Tables,147,"Class M-2B, M-2BR, M-2BS, M-2BT, M-2BU, M-2BI, M-2RB*, M-2SB*, M-2TB* and M-2UB*",M-2BT,,35,"March 25, 2030",0,
Declining Balances Tables,147,"Class M-2B, M-2BR, M-2BS, M-2BT, M-2BU, M-2BI, M-2RB*, M-2SB*, M-2TB* and M-2UB*",M-2BU,,0,"March 25, 2030",100,
Declining Balances Tables,147,"Class M-2B, M-2BR, M-2BS, M-2BT, M-2BU, M-2BI, M-2RB*, M-2SB*, M-2TB* and M-2UB*",M-2BU,,5,"March 25, 2030",100,
Declining Balances Tables,147,"Class M-2B, M-2BR, M-2BS, M-2BT, M-2BU, M-2BI, M-2RB*, M-2SB*, M-2TB* and M-2UB*",M-2BU,,10,"March 25, 2030",100,
Declining Balances Tables,147,"Class M-2B, M-2BR, M-2BS, M-2BT, M-2BU, M-2BI, M-2RB*, M-2SB*, M-2TB* and M-2UB*",M-2BU,,15,"March 25, 2030",0,
Declining Balances Tables,147,"Class M-2B, M-2BR, M-2BS, M-2BT, M-2BU, M-2BI, M-2RB*, M-2SB*, M-2TB* and M-2UB*",M-2BU,,25,"March 25, 2030",0,
Declining Balances Tables,147,"Class M-2B, M-2BR, M-2BS, M-2BT, M-2BU, M-2BI, M-2RB*, M-2SB*, M-2TB* and M-2UB*",M-2BU,,35,"March 25, 2030",0,
Declining Balances Tables,147,"Class M-2B, M-2BR, M-2BS, M-2BT, M-2BU, M-2BI, M-2RB*, M-2SB*, M-2TB* and M-2UB*",M-2BI,,0,"March 25, 2030",100,
Declining Balances Tables,147,"Class M-2B, M-2BR, M-2BS, M-2BT, M-2BU, M-2BI, M-2RB*, M-2SB*, M-2TB* and M-2UB*",M-2BI,,5,"March 25, 2030",100,
Declining Balances Tables,147,"Class M-2B, M-2BR, M-2BS, M-2BT, M-2BU, M-2BI, M-2RB*, M-2SB*, M-2TB* and M-2UB*",M-2BI,,10,"March 25, 2030",100,
Declining Balances Tables,147,"Class M-2B, M-2BR, M-2BS, M-2BT, M-2BU, M-2BI, M-2RB*, M-2SB*, M-2TB* and M-2UB*",M-2BI,,15,"March 25, 2030",0,
Declining Balances Tables,147,"Class M-2B, M-2BR, M-2BS, M-2BT, M-2BU, M-2BI, M-2RB*, M-2SB*, M-2TB* and M-2UB*",M-2BI,,25,"March 25, 2030",0,
Declining Balances Tables,147,"Class M-2B, M-2BR, M-2BS, M-2BT, M-2BU, M-2BI, M-2RB*, M-2SB*, M-2TB* and M-2UB*",M-2BI,,35,"March 25, 2030",0,
Declining Balances Tables,147,"Class M-2B, M-2BR, M-2BS, M-2BT, M-2BU, M-2BI, M-2RB*, M-2SB*, M-2TB* and M-2UB*",M-2RB,*,0,"March 25, 2030",100,
Declining Balances Tables,147,"Class M-2B, M-2BR, M-2BS, M-2BT, M-2BU, M-2BI, M-2RB*, M-2SB*, M-2TB* and M-2UB*",M-2RB,*,5,"March 25, 2030",100,
Declining Balances Tables,147,"Class M-2B, M-2BR, M-2BS, M-2BT, M-2BU, M-2BI, M-2RB*, M-2SB*, M-2TB* and M-2UB*",M-2RB,*,10,"March 25, 2030",100,
Declining Balances Tables,147,"Class M-2B, M-2BR, M-2BS, M-2BT, M-2BU, M-2BI, M-2RB*, M-2SB*, M-2TB* and M-2UB*",M-2RB,*,15,"March 25, 2030",0,
Declining Balances Tables,147,"Class M-2B, M-2BR, M-2BS, M-2BT, M-2BU, M-2BI, M-2RB*, M-2SB*, M-2TB* and M-2UB*",M-2RB,*,25,"March 25, 2030",0,
Declining Balances Tables,147,"Class M-2B, M-2BR, M-2BS, M-2BT, M-2BU, M-2BI, M-2RB*, M-2SB*, M-2TB* and M-2UB*",M-2RB,*,35,"March 25, 2030",0,
Declining Balances Tables,147,"Class M-2B, M-2BR, M-2BS, M-2BT, M-2BU, M-2BI, M-2RB*, M-2SB*, M-2TB* and M-2UB*",M-2SB,*,0,"March 25, 2030",100,
Declining Balances Tables,147,"Class M-2B, M-2BR, M-2BS, M-2BT, M-2BU, M-2BI, M-2RB*, M-2SB*, M-2TB* and M-2UB*",M-2SB,*,5,"March 25, 2030",100,
Declining Balances Tables,147,"Class M-2B, M-2BR, M-2BS, M-2BT, M-2BU, M-2BI, M-2RB*, M-2SB*, M-2TB* and M-2UB*",M-2SB,*,10,"March 25, 2030",100,
Declining Balances Tables,147,"Class M-2B, M-2BR, M-2BS, M-2BT, M-2BU, M-2BI, M-2RB*, M-2SB*, M-2TB* and M-2UB*",M-2SB,*,15,"March 25, 2030",0,
Declining Balances Tables,147,"Class M-2B, M-2BR, M-2BS, M-2BT, M-2BU, M-2BI, M-2RB*, M-2SB*, M-2TB* and M-2UB*",M-2SB,*,25,"March 25, 2030",0,
Declining Balances Tables,147,"Class M-2B, M-2BR, M-2BS, M-2BT, M-2BU, M-2BI, M-2RB*, M-2SB*, M-2TB* and M-2UB*",M-2SB,*,35,"March 25, 2030",0,
Declining Balances Tables,147,"Class M-2B, M-2BR, M-2BS, M-2BT, M-2BU, M-2BI, M-2RB*, M-2SB*, M-2TB* and M-2UB*",M-2TB,*,0,"March 25, 2030",100,
Declining Balances Tables,147,"Class M-2B, M-2BR, M-2BS, M-2BT, M-2BU, M-2BI, M-2RB*, M-2SB*, M-2TB* and M-2UB*",M-2TB,*,5,"March 25, 2030",100,
Declining Balances Tables,147,"Class M-2B, M-2BR, M-2BS, M-2BT, M-2BU, M-2BI, M-2RB*, M-2SB*, M-2TB* and M-2UB*",M-2TB,*,10,"March 25, 2030",100,
Declining Balances Tables,147,"Class M-2B, M-2BR, M-2BS, M-2BT, M-2BU, M-2BI, M-2RB*, M-2SB*, M-2TB* and M-2UB*",M-2TB,*,15,"March 25, 2030",0,
Declining Balances Tables,147,"Class M-2B, M-2BR, M-2BS, M-2BT, M-2BU, M-2BI, M-2RB*, M-2SB*, M-2TB* and M-2UB*",M-2TB,*,25,"March 25, 2030",0,
Declining Balances Tables,147,"Class M-2B, M-2BR, M-2BS, M-2BT, M-2BU, M-2BI, M-2RB*, M-2SB*, M-2TB* and M-2UB*",M-2TB,*,35,"March 25, 2030",0,
Declining Balances Tables,147,"Class M-2B, M-2BR, M-2BS, M-2BT, M-2BU, M-2BI, M-2RB*, M-2SB*, M-2TB* and M-2UB*",M-2UB,*,0,"March 25, 2030",100,
Declining Balances Tables,147,"Class M-2B, M-2BR, M-2BS, M-2BT, M-2BU, M-2BI, M-2RB*, M-2SB*, M-2TB* and M-2UB*",M-2UB,*,5,"March 25, 2030",100,
Declining Balances Tables,147,"Class M-2B, M-2BR, M-2BS, M-2BT, M-2BU, M-2BI, M-2RB*, M-2SB*, M-2TB* and M-2UB*",M-2UB,*,10,"March 25, 2030",100,
Declining Balances Tables,147,"Class M-2B, M-2BR, M-2BS, M-2BT, M-2BU, M-2BI, M-2RB*, M-2SB*, M-2TB* and M-2UB*",M-2UB,*,15,"March 25, 2030",0,
Declining Balances Tables,147,"Class M-2B, M-2BR, M-2BS, M-2BT, M-2BU, M-2BI, M-2RB*, M-2SB*, M-2TB* and M-2UB*",M-2UB,*,25,"March 25, 2030",0,
Declining Balances Tables,147,"Class M-2B, M-2BR, M-2BS, M-2BT, M-2BU, M-2BI, M-2RB*, M-2SB*, M-2TB* and M-2UB*",M-2UB,*,35,"March 25, 2030",0,
Declining Balances Tables,147,"Class M-2B, M-2BR, M-2BS, M-2BT, M-2BU, M-2BI, M-2RB*, M-2SB*, M-2TB* and M-2UB*",M-2B,,0,"March 25, 2031",100,
Declining Balances Tables,147,"Class M-2B, M-2BR, M-2BS, M-2BT, M-2BU, M-2BI, M-2RB*, M-2SB*, M-2TB* and M-2UB*",M-2B,,5,"March 25, 2031",100,
Declining Balances Tables,147,"Class M-2B, M-2BR, M-2BS, M-2BT, M-2BU, M-2BI, M-2RB*, M-2SB*, M-2TB* and M-2UB*",M-2B,,10,"March 25, 2031",40,
Declining Balances Tables,147,"Class M-2B, M-2BR, M-2BS, M-2BT, M-2BU, M-2BI, M-2RB*, M-2SB*, M-2TB* and M-2UB*",M-2B,,15,"March 25, 2031",0,
Declining Balances Tables,147,"Class M-2B, M-2BR, M-2BS, M-2BT, M-2BU, M-2BI, M-2RB*, M-2SB*, M-2TB* and M-2UB*",M-2B,,25,"March 25, 2031",0,
Declining Balances Tables,147,"Class M-2B, M-2BR, M-2BS, M-2BT, M-2BU, M-2BI, M-2RB*, M-2SB*, M-2TB* and M-2UB*",M-2B,,35,"March 25, 2031",0,
Declining Balances Tables,147,"Class M-2B, M-2BR, M-2BS, M-2BT, M-2BU, M-2BI, M-2RB*, M-2SB*, M-2TB* and M-2UB*",M-2BR,,0,"March 25, 2031",100,
Declining Balances Tables,147,"Class M-2B, M-2BR, M-2BS, M-2BT, M-2BU, M-2BI, M-2RB*, M-2SB*, M-2TB* and M-2UB*",M-2BR,,5,"March 25, 2031",100,
Declining Balances Tables,147,"Class M-2B, M-2BR, M-2BS, M-2BT, M-2BU, M-2BI, M-2RB*, M-2SB*, M-2TB* and M-2UB*",M-2BR,,10,"March 25, 2031",40,
Declining Balances Tables,147,"Class M-2B, M-2BR, M-2BS, M-2BT, M-2BU, M-2BI, M-2RB*, M-2SB*, M-2TB* and M-2UB*",M-2BR,,15,"March 25, 2031",0,
Declining Balances Tables,147,"Class M-2B, M-2BR, M-2BS, M-2BT, M-2BU, M-2BI, M-2RB*, M-2SB*, M-2TB* and M-2UB*",M-2BR,,25,"March 25, 2031",0,
Declining Balances Tables,147,"Class M-2B, M-2BR, M-2BS, M-2BT, M-2BU, M-2BI, M-2RB*, M-2SB*, M-2TB* and M-2UB*",M-2BR,,35,"March 25, 2031",0,
Declining Balances Tables,147,"Class M-2B, M-2BR, M-2BS, M-2BT, M-2BU, M-2BI, M-2RB*, M-2SB*, M-2TB* and M-2UB*",M-2BS,,0,"March 25, 2031",100,
Declining Balances Tables,147,"Class M-2B, M-2BR, M-2BS, M-2BT, M-2BU, M-2BI, M-2RB*, M-2SB*, M-2TB* and M-2UB*",M-2BS,,5,"March 25, 2031",100,
Declining Balances Tables,147,"Class M-2B, M-2BR, M-2BS, M-2BT, M-2BU, M-2BI, M-2RB*, M-2SB*, M-2TB* and M-2UB*",M-2BS,,10,"March 25, 2031",40,
Declining Balances Tables,147,"Class M-2B, M-2BR, M-2BS, M-2BT, M-2BU, M-2BI, M-2RB*, M-2SB*, M-2TB* and M-2UB*",M-2BS,,15,"March 25, 2031",0,
Declining Balances Tables,147,"Class M-2B, M-2BR, M-2BS, M-2BT, M-2BU, M-2BI, M-2RB*, M-2SB*, M-2TB* and M-2UB*",M-2BS,,25,"March 25, 2031",0,
Declining Balances Tables,147,"Class M-2B, M-2BR, M-2BS, M-2BT, M-2BU, M-2BI, M-2RB*, M-2SB*, M-2TB* and M-2UB*",M-2BS,,35,"March 25, 2031",0,
Declining Balances Tables,147,"Class M-2B, M-2BR, M-2BS, M-2BT, M-2BU, M-2BI, M-2RB*, M-2SB*, M-2TB* and M-2UB*",M-2BT,,0,"March 25, 2031",100,
Declining Balances Tables,147,"Class M-2B, M-2BR, M-2BS, M-2BT, M-2BU, M-2BI, M-2RB*, M-2SB*, M-2TB* and M-2UB*",M-2BT,,5,"March 25, 2031",100,
Declining Balances Tables,147,"Class M-2B, M-2BR, M-2BS, M-2BT, M-2BU, M-2BI, M-2RB*, M-2SB*, M-2TB* and M-2UB*",M-2BT,,10,"March 25, 2031",40,
Declining Balances Tables,147,"Class M-2B, M-2BR, M-2BS, M-2BT, M-2BU, M-2BI, M-2RB*, M-2SB*, M-2TB* and M-2UB*",M-2BT,,15,"March 25, 2031",0,
Declining Balances Tables,147,"Class M-2B, M-2BR, M-2BS, M-2BT, M-2BU, M-2BI, M-2RB*, M-2SB*, M-2TB* and M-2UB*",M-2BT,,25,"March 25, 2031",0,
Declining Balances Tables,147,"Class M-2B, M-2BR, M-2BS, M-2BT, M-2BU, M-2BI, M-2RB*, M-2SB*, M-2TB* and M-2UB*",M-2BT,,35,"March 25, 2031",0,
Declining Balances Tables,147,"Class M-2B, M-2BR, M-2BS, M-2BT, M-2BU, M-2BI, M-2RB*, M-2SB*, M-2TB* and M-2UB*",M-2BU,,0,"March 25, 2031",100,
Declining Balances Tables,147,"Class M-2B, M-2BR, M-2BS, M-2BT, M-2BU, M-2BI, M-2RB*, M-2SB*, M-2TB* and M-2UB*",M-2BU,,5,"March 25, 2031",100,
Declining Balances Tables,147,"Class M-2B, M-2BR, M-2BS, M-2BT, M-2BU, M-2BI, M-2RB*, M-2SB*, M-2TB* and M-2UB*",M-2BU,,10,"March 25, 2031",40,
Declining Balances Tables,147,"Class M-2B, M-2BR, M-2BS, M-2BT, M-2BU, M-2BI, M-2RB*, M-2SB*, M-2TB* and M-2UB*",M-2BU,,15,"March 25, 2031",0,
Declining Balances Tables,147,"Class M-2B, M-2BR, M-2BS, M-2BT, M-2BU, M-2BI, M-2RB*, M-2SB*, M-2TB* and M-2UB*",M-2BU,,25,"March 25, 2031",0,
Declining Balances Tables,147,"Class M-2B, M-2BR, M-2BS, M-2BT, M-2BU, M-2BI, M-2RB*, M-2SB*, M-2TB* and M-2UB*",M-2BU,,35,"March 25, 2031",0,
Declining Balances Tables,147,"Class M-2B, M-2BR, M-2BS, M-2BT, M-2BU, M-2BI, M-2RB*, M-2SB*, M-2TB* and M-2UB*",M-2BI,,0,"March 25, 2031",100,
Declining Balances Tables,147,"Class M-2B, M-2BR, M-2BS, M-2BT, M-2BU, M-2BI, M-2RB*, M-2SB*, M-2TB* and M-2UB*",M-2BI,,5,"March 25, 2031",100,
Declining Balances Tables,147,"Class M-2B, M-2BR, M-2BS, M-2BT, M-2BU, M-2BI, M-2RB*, M-2SB*, M-2TB* and M-2UB*",M-2BI,,10,"March 25, 2031",40,
Declining Balances Tables,147,"Class M-2B, M-2BR, M-2BS, M-2BT, M-2BU, M-2BI, M-2RB*, M-2SB*, M-2TB* and M-2UB*",M-2BI,,15,"March 25, 2031",0,
Declining Balances Tables,147,"Class M-2B, M-2BR, M-2BS, M-2BT, M-2BU, M-2BI, M-2RB*, M-2SB*, M-2TB* and M-2UB*",M-2BI,,25,"March 25, 2031",0,
Declining Balances Tables,147,"Class M-2B, M-2BR, M-2BS, M-2BT, M-2BU, M-2BI, M-2RB*, M-2SB*, M-2TB* and M-2UB*",M-2BI,,35,"March 25, 2031",0,
Declining Balances Tables,147,"Class M-2B, M-2BR, M-2BS, M-2BT, M-2BU, M-2BI, M-2RB*, M-2SB*, M-2TB* and M-2UB*",M-2RB,*,0,"March 25, 2031",100,
Declining Balances Tables,147,"Class M-2B, M-2BR, M-2BS, M-2BT, M-2BU, M-2BI, M-2RB*, M-2SB*, M-2TB* and M-2UB*",M-2RB,*,5,"March 25, 2031",100,
Declining Balances Tables,147,"Class M-2B, M-2BR, M-2BS, M-2BT, M-2BU, M-2BI, M-2RB*, M-2SB*, M-2TB* and M-2UB*",M-2RB,*,10,"March 25, 2031",40,
Declining Balances Tables,147,"Class M-2B, M-2BR, M-2BS, M-2BT, M-2BU, M-2BI, M-2RB*, M-2SB*, M-2TB* and M-2UB*",M-2RB,*,15,"March 25, 2031",0,
Declining Balances Tables,147,"Class M-2B, M-2BR, M-2BS, M-2BT, M-2BU, M-2BI, M-2RB*, M-2SB*, M-2TB* and M-2UB*",M-2RB,*,25,"March 25, 2031",0,
Declining Balances Tables,147,"Class M-2B, M-2BR, M-2BS, M-2BT, M-2BU, M-2BI, M-2RB*, M-2SB*, M-2TB* and M-2UB*",M-2RB,*,35,"March 25, 2031",0,
Declining Balances Tables,147,"Class M-2B, M-2BR, M-2BS, M-2BT, M-2BU, M-2BI, M-2RB*, M-2SB*, M-2TB* and M-2UB*",M-2SB,*,0,"March 25, 2031",100,
Declining Balances Tables,147,"Class M-2B, M-2BR, M-2BS, M-2BT, M-2BU, M-2BI, M-2RB*, M-2SB*, M-2TB* and M-2UB*",M-2SB,*,5,"March 25, 2031",100,
Declining Balances Tables,147,"Class M-2B, M-2BR, M-2BS, M-2BT, M-2BU, M-2BI, M-2RB*, M-2SB*, M-2TB* and M-2UB*",M-2SB,*,10,"March 25, 2031",40,
Declining Balances Tables,147,"Class M-2B, M-2BR, M-2BS, M-2BT, M-2BU, M-2BI, M-2RB*, M-2SB*, M-2TB* and M-2UB*",M-2SB,*,15,"March 25, 2031",0,
Declining Balances Tables,147,"Class M-2B, M-2BR, M-2BS, M-2BT, M-2BU, M-2BI, M-2RB*, M-2SB*, M-2TB* and M-2UB*",M-2SB,*,25,"March 25, 2031",0,
Declining Balances Tables,147,"Class M-2B, M-2BR, M-2BS, M-2BT, M-2BU, M-2BI, M-2RB*, M-2SB*, M-2TB* and M-2UB*",M-2SB,*,35,"March 25, 2031",0,
Declining Balances Tables,147,"Class M-2B, M-2BR, M-2BS, M-2BT, M-2BU, M-2BI, M-2RB*, M-2SB*, M-2TB* and M-2UB*",M-2TB,*,0,"March 25, 2031",100,
Declining Balances Tables,147,"Class M-2B, M-2BR, M-2BS, M-2BT, M-2BU, M-2BI, M-2RB*, M-2SB*, M-2TB* and M-2UB*",M-2TB,*,5,"March 25, 2031",100,
Declining Balances Tables,147,"Class M-2B, M-2BR, M-2BS, M-2BT, M-2BU, M-2BI, M-2RB*, M-2SB*, M-2TB* and M-2UB*",M-2TB,*,10,"March 25, 2031",40,
Declining Balances Tables,147,"Class M-2B, M-2BR, M-2BS, M-2BT, M-2BU, M-2BI, M-2RB*, M-2SB*, M-2TB* and M-2UB*",M-2TB,*,15,"March 25, 2031",0,
Declining Balances Tables,147,"Class M-2B, M-2BR, M-2BS, M-2BT, M-2BU, M-2BI, M-2RB*, M-2SB*, M-2TB* and M-2UB*",M-2TB,*,25,"March 25, 2031",0,
Declining Balances Tables,147,"Class M-2B, M-2BR, M-2BS, M-2BT, M-2BU, M-2BI, M-2RB*, M-2SB*, M-2TB* and M-2UB*",M-2TB,*,35,"March 25, 2031",0,
Declining Balances Tables,147,"Class M-2B, M-2BR, M-2BS, M-2BT, M-2BU, M-2BI, M-2RB*, M-2SB*, M-2TB* and M-2UB*",M-2UB,*,0,"March 25, 2031",100,
Declining Balances Tables,147,"Class M-2B, M-2BR, M-2BS, M-2BT, M-2BU, M-2BI, M-2RB*, M-2SB*, M-2TB* and M-2UB*",M-2UB,*,5,"March 25, 2031",100,
Declining Balances Tables,147,"Class M-2B, M-2BR, M-2BS, M-2BT, M-2BU, M-2BI, M-2RB*, M-2SB*, M-2TB* and M-2UB*",M-2UB,*,10,"March 25, 2031",40,
Declining Balances Tables,147,"Class M-2B, M-2BR, M-2BS, M-2BT, M-2BU, M-2BI, M-2RB*, M-2SB*, M-2TB* and M-2UB*",M-2UB,*,15,"March 25, 2031",0,
Declining Balances Tables,147,"Class M-2B, M-2BR, M-2BS, M-2BT, M-2BU, M-2BI, M-2RB*, M-2SB*, M-2TB* and M-2UB*",M-2UB,*,25,"March 25, 2031",0,
Declining Balances Tables,147,"Class M-2B, M-2BR, M-2BS, M-2BT, M-2BU, M-2BI, M-2RB*, M-2SB*, M-2TB* and M-2UB*",M-2UB,*,35,"March 25, 2031",0,
Declining Balances Tables,147,"Class M-2B, M-2BR, M-2BS, M-2BT, M-2BU, M-2BI, M-2RB*, M-2SB*, M-2TB* and M-2UB*",M-2B,,0,"March 25, 2032",100,
Declining Balances Tables,147,"Class M-2B, M-2BR, M-2BS, M-2BT, M-2BU, M-2BI, M-2RB*, M-2SB*, M-2TB* and M-2UB*",M-2B,,5,"March 25, 2032",100,
Declining Balances Tables,147,"Class M-2B, M-2BR, M-2BS, M-2BT, M-2BU, M-2BI, M-2RB*, M-2SB*, M-2TB* and M-2UB*",M-2B,,10,"March 25, 2032",0,
Declining Balances Tables,147,"Class M-2B, M-2BR, M-2BS, M-2BT, M-2BU, M-2BI, M-2RB*, M-2SB*, M-2TB* and M-2UB*",M-2B,,15,"March 25, 2032",0,
Declining Balances Tables,147,"Class M-2B, M-2BR, M-2BS, M-2BT, M-2BU, M-2BI, M-2RB*, M-2SB*, M-2TB* and M-2UB*",M-2B,,25,"March 25, 2032",0,
Declining Balances Tables,147,"Class M-2B, M-2BR, M-2BS, M-2BT, M-2BU, M-2BI, M-2RB*, M-2SB*, M-2TB* and M-2UB*",M-2B,,35,"March 25, 2032",0,
Declining Balances Tables,147,"Class M-2B, M-2BR, M-2BS, M-2BT, M-2BU, M-2BI, M-2RB*, M-2SB*, M-2TB* and M-2UB*",M-2BR,,0,"March 25, 2032",100,
Declining Balances Tables,147,"Class M-2B, M-2BR, M-2BS, M-2BT, M-2BU, M-2BI, M-2RB*, M-2SB*, M-2TB* and M-2UB*",M-2BR,,5,"March 25, 2032",100,
Declining Balances Tables,147,"Class M-2B, M-2BR, M-2BS, M-2BT, M-2BU, M-2BI, M-2RB*, M-2SB*, M-2TB* and M-2UB*",M-2BR,,10,"March 25, 2032",0,
Declining Balances Tables,147,"Class M-2B, M-2BR, M-2BS, M-2BT, M-2BU, M-2BI, M-2RB*, M-2SB*, M-2TB* and M-2UB*",M-2BR,,15,"March 25, 2032",0,
Declining Balances Tables,147,"Class M-2B, M-2BR, M-2BS, M-2BT, M-2BU, M-2BI, M-2RB*, M-2SB*, M-2TB* and M-2UB*",M-2BR,,25,"March 25, 2032",0,
Declining Balances Tables,147,"Class M-2B, M-2BR, M-2BS, M-2BT, M-2BU, M-2BI, M-2RB*, M-2SB*, M-2TB* and M-2UB*",M-2BR,,35,"March 25, 2032",0,
Declining Balances Tables,147,"Class M-2B, M-2BR, M-2BS, M-2BT, M-2BU, M-2BI, M-2RB*, M-2SB*, M-2TB* and M-2UB*",M-2BS,,0,"March 25, 2032",100,
Declining Balances Tables,147,"Class M-2B, M-2BR, M-2BS, M-2BT, M-2BU, M-2BI, M-2RB*, M-2SB*, M-2TB* and M-2UB*",M-2BS,,5,"March 25, 2032",100,
Declining Balances Tables,147,"Class M-2B, M-2BR, M-2BS, M-2BT, M-2BU, M-2BI, M-2RB*, M-2SB*, M-2TB* and M-2UB*",M-2BS,,10,"March 25, 2032",0,
Declining Balances Tables,147,"Class M-2B, M-2BR, M-2BS, M-2BT, M-2BU, M-2BI, M-2RB*, M-2SB*, M-2TB* and M-2UB*",M-2BS,,15,"March 25, 2032",0,
Declining Balances Tables,147,"Class M-2B, M-2BR, M-2BS, M-2BT, M-2BU, M-2BI, M-2RB*, M-2SB*, M-2TB* and M-2UB*",M-2BS,,25,"March 25, 2032",0,
Declining Balances Tables,147,"Class M-2B, M-2BR, M-2BS, M-2BT, M-2BU, M-2BI, M-2RB*, M-2SB*, M-2TB* and M-2UB*",M-2BS,,35,"March 25, 2032",0,
Declining Balances Tables,147,"Class M-2B, M-2BR, M-2BS, M-2BT, M-2BU, M-2BI, M-2RB*, M-2SB*, M-2TB* and M-2UB*",M-2BT,,0,"March 25, 2032",100,
Declining Balances Tables,147,"Class M-2B, M-2BR, M-2BS, M-2BT, M-2BU, M-2BI, M-2RB*, M-2SB*, M-2TB* and M-2UB*",M-2BT,,5,"March 25, 2032",100,
Declining Balances Tables,147,"Class M-2B, M-2BR, M-2BS, M-2BT, M-2BU, M-2BI, M-2RB*, M-2SB*, M-2TB* and M-2UB*",M-2BT,,10,"March 25, 2032",0,
Declining Balances Tables,147,"Class M-2B, M-2BR, M-2BS, M-2BT, M-2BU, M-2BI, M-2RB*, M-2SB*, M-2TB* and M-2UB*",M-2BT,,15,"March 25, 2032",0,
Declining Balances Tables,147,"Class M-2B, M-2BR, M-2BS, M-2BT, M-2BU, M-2BI, M-2RB*, M-2SB*, M-2TB* and M-2UB*",M-2BT,,25,"March 25, 2032",0,
Declining Balances Tables,147,"Class M-2B, M-2BR, M-2BS, M-2BT, M-2BU, M-2BI, M-2RB*, M-2SB*, M-2TB* and M-2UB*",M-2BT,,35,"March 25, 2032",0,
Declining Balances Tables,147,"Class M-2B, M-2BR, M-2BS, M-2BT, M-2BU, M-2BI, M-2RB*, M-2SB*, M-2TB* and M-2UB*",M-2BU,,0,"March 25, 2032",100,
Declining Balances Tables,147,"Class M-2B, M-2BR, M-2BS, M-2BT, M-2BU, M-2BI, M-2RB*, M-2SB*, M-2TB* and M-2UB*",M-2BU,,5,"March 25, 2032",100,
Declining Balances Tables,147,"Class M-2B, M-2BR, M-2BS, M-2BT, M-2BU, M-2BI, M-2RB*, M-2SB*, M-2TB* and M-2UB*",M-2BU,,10,"March 25, 2032",0,
Declining Balances Tables,147,"Class M-2B, M-2BR, M-2BS, M-2BT, M-2BU, M-2BI, M-2RB*, M-2SB*, M-2TB* and M-2UB*",M-2BU,,15,"March 25, 2032",0,
Declining Balances Tables,147,"Class M-2B, M-2BR, M-2BS, M-2BT, M-2BU, M-2BI, M-2RB*, M-2SB*, M-2TB* and M-2UB*",M-2BU,,25,"March 25, 2032",0,
Declining Balances Tables,147,"Class M-2B, M-2BR, M-2BS, M-2BT, M-2BU, M-2BI, M-2RB*, M-2SB*, M-2TB* and M-2UB*",M-2BU,,35,"March 25, 2032",0,
Declining Balances Tables,147,"Class M-2B, M-2BR, M-2BS, M-2BT, M-2BU, M-2BI, M-2RB*, M-2SB*, M-2TB* and M-2UB*",M-2BI,,0,"March 25, 2032",100,
Declining Balances Tables,147,"Class M-2B, M-2BR, M-2BS, M-2BT, M-2BU, M-2BI, M-2RB*, M-2SB*, M-2TB* and M-2UB*",M-2BI,,5,"March 25, 2032",100,
Declining Balances Tables,147,"Class M-2B, M-2BR, M-2BS, M-2BT, M-2BU, M-2BI, M-2RB*, M-2SB*, M-2TB* and M-2UB*",M-2BI,,10,"March 25, 2032",0,
Declining Balances Tables,147,"Class M-2B, M-2BR, M-2BS, M-2BT, M-2BU, M-2BI, M-2RB*, M-2SB*, M-2TB* and M-2UB*",M-2BI,,15,"March 25, 2032",0,
Declining Balances Tables,147,"Class M-2B, M-2BR, M-2BS, M-2BT, M-2BU, M-2BI, M-2RB*, M-2SB*, M-2TB* and M-2UB*",M-2BI,,25,"March 25, 2032",0,
Declining Balances Tables,147,"Class M-2B, M-2BR, M-2BS, M-2BT, M-2BU, M-2BI, M-2RB*, M-2SB*, M-2TB* and M-2UB*",M-2BI,,35,"March 25, 2032",0,
Declining Balances Tables,147,"Class M-2B, M-2BR, M-2BS, M-2BT, M-2BU, M-2BI, M-2RB*, M-2SB*, M-2TB* and M-2UB*",M-2RB,*,0,"March 25, 2032",100,
Declining Balances Tables,147,"Class M-2B, M-2BR, M-2BS, M-2BT, M-2BU, M-2BI, M-2RB*, M-2SB*, M-2TB* and M-2UB*",M-2RB,*,5,"March 25, 2032",100,
Declining Balances Tables,147,"Class M-2B, M-2BR, M-2BS, M-2BT, M-2BU, M-2BI, M-2RB*, M-2SB*, M-2TB* and M-2UB*",M-2RB,*,10,"March 25, 2032",0,
Declining Balances Tables,147,"Class M-2B, M-2BR, M-2BS, M-2BT, M-2BU, M-2BI, M-2RB*, M-2SB*, M-2TB* and M-2UB*",M-2RB,*,15,"March 25, 2032",0,
Declining Balances Tables,147,"Class M-2B, M-2BR, M-2BS, M-2BT, M-2BU, M-2BI, M-2RB*, M-2SB*, M-2TB* and M-2UB*",M-2RB,*,25,"March 25, 2032",0,
Declining Balances Tables,147,"Class M-2B, M-2BR, M-2BS, M-2BT, M-2BU, M-2BI, M-2RB*, M-2SB*, M-2TB* and M-2UB*",M-2RB,*,35,"March 25, 2032",0,
Declining Balances Tables,147,"Class M-2B, M-2BR, M-2BS, M-2BT, M-2BU, M-2BI, M-2RB*, M-2SB*, M-2TB* and M-2UB*",M-2SB,*,0,"March 25, 2032",100,
Declining Balances Tables,147,"Class M-2B, M-2BR, M-2BS, M-2BT, M-2BU, M-2BI, M-2RB*, M-2SB*, M-2TB* and M-2UB*",M-2SB,*,5,"March 25, 2032",100,
Declining Balances Tables,147,"Class M-2B, M-2BR, M-2BS, M-2BT, M-2BU, M-2BI, M-2RB*, M-2SB*, M-2TB* and M-2UB*",M-2SB,*,10,"March 25, 2032",0,
Declining Balances Tables,147,"Class M-2B, M-2BR, M-2BS, M-2BT, M-2BU, M-2BI, M-2RB*, M-2SB*, M-2TB* and M-2UB*",M-2SB,*,15,"March 25, 2032",0,
Declining Balances Tables,147,"Class M-2B, M-2BR, M-2BS, M-2BT, M-2BU, M-2BI, M-2RB*, M-2SB*, M-2TB* and M-2UB*",M-2SB,*,25,"March 25, 2032",0,
Declining Balances Tables,147,"Class M-2B, M-2BR, M-2BS, M-2BT, M-2BU, M-2BI, M-2RB*, M-2SB*, M-2TB* and M-2UB*",M-2SB,*,35,"March 25, 2032",0,
Declining Balances Tables,147,"Class M-2B, M-2BR, M-2BS, M-2BT, M-2BU, M-2BI, M-2RB*, M-2SB*, M-2TB* and M-2UB*",M-2TB,*,0,"March 25, 2032",100,
Declining Balances Tables,147,"Class M-2B, M-2BR, M-2BS, M-2BT, M-2BU, M-2BI, M-2RB*, M-2SB*, M-2TB* and M-2UB*",M-2TB,*,5,"March 25, 2032",100,
Declining Balances Tables,147,"Class M-2B, M-2BR, M-2BS, M-2BT, M-2BU, M-2BI, M-2RB*, M-2SB*, M-2TB* and M-2UB*",M-2TB,*,10,"March 25, 2032",0,
Declining Balances Tables,147,"Class M-2B, M-2BR, M-2BS, M-2BT, M-2BU, M-2BI, M-2RB*, M-2SB*, M-2TB* and M-2UB*",M-2TB,*,15,"March 25, 2032",0,
Declining Balances Tables,147,"Class M-2B, M-2BR, M-2BS, M-2BT, M-2BU, M-2BI, M-2RB*, M-2SB*, M-2TB* and M-2UB*",M-2TB,*,25,"March 25, 2032",0,
Declining Balances Tables,147,"Class M-2B, M-2BR, M-2BS, M-2BT, M-2BU, M-2BI, M-2RB*, M-2SB*, M-2TB* and M-2UB*",M-2TB,*,35,"March 25, 2032",0,
Declining Balances Tables,147,"Class M-2B, M-2BR, M-2BS, M-2BT, M-2BU, M-2BI, M-2RB*, M-2SB*, M-2TB* and M-2UB*",M-2UB,*,0,"March 25, 2032",100,
Declining Balances Tables,147,"Class M-2B, M-2BR, M-2BS, M-2BT, M-2BU, M-2BI, M-2RB*, M-2SB*, M-2TB* and M-2UB*",M-2UB,*,5,"March 25, 2032",100,
Declining Balances Tables,147,"Class M-2B, M-2BR, M-2BS, M-2BT, M-2BU, M-2BI, M-2RB*, M-2SB*, M-2TB* and M-2UB*",M-2UB,*,10,"March 25, 2032",0,
Declining Balances Tables,147,"Class M-2B, M-2BR, M-2BS, M-2BT, M-2BU, M-2BI, M-2RB*, M-2SB*, M-2TB* and M-2UB*",M-2UB,*,15,"March 25, 2032",0,
Declining Balances Tables,147,"Class M-2B, M-2BR, M-2BS, M-2BT, M-2BU, M-2BI, M-2RB*, M-2SB*, M-2TB* and M-2UB*",M-2UB,*,25,"March 25, 2032",0,
Declining Balances Tables,147,"Class M-2B, M-2BR, M-2BS, M-2BT, M-2BU, M-2BI, M-2RB*, M-2SB*, M-2TB* and M-2UB*",M-2UB,*,35,"March 25, 2032",0,
Declining Balances Tables,147,"Class M-2B, M-2BR, M-2BS, M-2BT, M-2BU, M-2BI, M-2RB*, M-2SB*, M-2TB* and M-2UB*",M-2B,,0,"March 25, 2033",100,
Declining Balances Tables,147,"Class M-2B, M-2BR, M-2BS, M-2BT, M-2BU, M-2BI, M-2RB*, M-2SB*, M-2TB* and M-2UB*",M-2B,,5,"March 25, 2033",100,
Declining Balances Tables,147,"Class M-2B, M-2BR, M-2BS, M-2BT, M-2BU, M-2BI, M-2RB*, M-2SB*, M-2TB* and M-2UB*",M-2B,,10,"March 25, 2033",0,
Declining Balances Tables,147,"Class M-2B, M-2BR, M-2BS, M-2BT, M-2BU, M-2BI, M-2RB*, M-2SB*, M-2TB* and M-2UB*",M-2B,,15,"March 25, 2033",0,
Declining Balances Tables,147,"Class M-2B, M-2BR, M-2BS, M-2BT, M-2BU, M-2BI, M-2RB*, M-2SB*, M-2TB* and M-2UB*",M-2B,,25,"March 25, 2033",0,
Declining Balances Tables,147,"Class M-2B, M-2BR, M-2BS, M-2BT, M-2BU, M-2BI, M-2RB*, M-2SB*, M-2TB* and M-2UB*",M-2B,,35,"March 25, 2033",0,
Declining Balances Tables,147,"Class M-2B, M-2BR, M-2BS, M-2BT, M-2BU, M-2BI, M-2RB*, M-2SB*, M-2TB* and M-2UB*",M-2BR,,0,"March 25, 2033",100,
Declining Balances Tables,147,"Class M-2B, M-2BR, M-2BS, M-2BT, M-2BU, M-2BI, M-2RB*, M-2SB*, M-2TB* and M-2UB*",M-2BR,,5,"March 25, 2033",100,
Declining Balances Tables,147,"Class M-2B, M-2BR, M-2BS, M-2BT, M-2BU, M-2BI, M-2RB*, M-2SB*, M-2TB* and M-2UB*",M-2BR,,10,"March 25, 2033",0,
Declining Balances Tables,147,"Class M-2B, M-2BR, M-2BS, M-2BT, M-2BU, M-2BI, M-2RB*, M-2SB*, M-2TB* and M-2UB*",M-2BR,,15,"March 25, 2033",0,
Declining Balances Tables,147,"Class M-2B, M-2BR, M-2BS, M-2BT, M-2BU, M-2BI, M-2RB*, M-2SB*, M-2TB* and M-2UB*",M-2BR,,25,"March 25, 2033",0,
Declining Balances Tables,147,"Class M-2B, M-2BR, M-2BS, M-2BT, M-2BU, M-2BI, M-2RB*, M-2SB*, M-2TB* and M-2UB*",M-2BR,,35,"March 25, 2033",0,
Declining Balances Tables,147,"Class M-2B, M-2BR, M-2BS, M-2BT, M-2BU, M-2BI, M-2RB*, M-2SB*, M-2TB* and M-2UB*",M-2BS,,0,"March 25, 2033",100,
Declining Balances Tables,147,"Class M-2B, M-2BR, M-2BS, M-2BT, M-2BU, M-2BI, M-2RB*, M-2SB*, M-2TB* and M-2UB*",M-2BS,,5,"March 25, 2033",100,
Declining Balances Tables,147,"Class M-2B, M-2BR, M-2BS, M-2BT, M-2BU, M-2BI, M-2RB*, M-2SB*, M-2TB* and M-2UB*",M-2BS,,10,"March 25, 2033",0,
Declining Balances Tables,147,"Class M-2B, M-2BR, M-2BS, M-2BT, M-2BU, M-2BI, M-2RB*, M-2SB*, M-2TB* and M-2UB*",M-2BS,,15,"March 25, 2033",0,
Declining Balances Tables,147,"Class M-2B, M-2BR, M-2BS, M-2BT, M-2BU, M-2BI, M-2RB*, M-2SB*, M-2TB* and M-2UB*",M-2BS,,25,"March 25, 2033",0,
Declining Balances Tables,147,"Class M-2B, M-2BR, M-2BS, M-2BT, M-2BU, M-2BI, M-2RB*, M-2SB*, M-2TB* and M-2UB*",M-2BS,,35,"March 25, 2033",0,
Declining Balances Tables,147,"Class M-2B, M-2BR, M-2BS, M-2BT, M-2BU, M-2BI, M-2RB*, M-2SB*, M-2TB* and M-2UB*",M-2BT,,0,"March 25, 2033",100,
Declining Balances Tables,147,"Class M-2B, M-2BR, M-2BS, M-2BT, M-2BU, M-2BI, M-2RB*, M-2SB*, M-2TB* and M-2UB*",M-2BT,,5,"March 25, 2033",100,
Declining Balances Tables,147,"Class M-2B, M-2BR, M-2BS, M-2BT, M-2BU, M-2BI, M-2RB*, M-2SB*, M-2TB* and M-2UB*",M-2BT,,10,"March 25, 2033",0,
Declining Balances Tables,147,"Class M-2B, M-2BR, M-2BS, M-2BT, M-2BU, M-2BI, M-2RB*, M-2SB*, M-2TB* and M-2UB*",M-2BT,,15,"March 25, 2033",0,
Declining Balances Tables,147,"Class M-2B, M-2BR, M-2BS, M-2BT, M-2BU, M-2BI, M-2RB*, M-2SB*, M-2TB* and M-2UB*",M-2BT,,25,"March 25, 2033",0,
Declining Balances Tables,147,"Class M-2B, M-2BR, M-2BS, M-2BT, M-2BU, M-2BI, M-2RB*, M-2SB*, M-2TB* and M-2UB*",M-2BT,,35,"March 25, 2033",0,
Declining Balances Tables,147,"Class M-2B, M-2BR, M-2BS, M-2BT, M-2BU, M-2BI, M-2RB*, M-2SB*, M-2TB* and M-2UB*",M-2BU,,0,"March 25, 2033",100,
Declining Balances Tables,147,"Class M-2B, M-2BR, M-2BS, M-2BT, M-2BU, M-2BI, M-2RB*, M-2SB*, M-2TB* and M-2UB*",M-2BU,,5,"March 25, 2033",100,
Declining Balances Tables,147,"Class M-2B, M-2BR, M-2BS, M-2BT, M-2BU, M-2BI, M-2RB*, M-2SB*, M-2TB* and M-2UB*",M-2BU,,10,"March 25, 2033",0,
Declining Balances Tables,147,"Class M-2B, M-2BR, M-2BS, M-2BT, M-2BU, M-2BI, M-2RB*, M-2SB*, M-2TB* and M-2UB*",M-2BU,,15,"March 25, 2033",0,
Declining Balances Tables,147,"Class M-2B, M-2BR, M-2BS, M-2BT, M-2BU, M-2BI, M-2RB*, M-2SB*, M-2TB* and M-2UB*",M-2BU,,25,"March 25, 2033",0,
Declining Balances Tables,147,"Class M-2B, M-2BR, M-2BS, M-2BT, M-2BU, M-2BI, M-2RB*, M-2SB*, M-2TB* and M-2UB*",M-2BU,,35,"March 25, 2033",0,
Declining Balances Tables,147,"Class M-2B, M-2BR, M-2BS, M-2BT, M-2BU, M-2BI, M-2RB*, M-2SB*, M-2TB* and M-2UB*",M-2BI,,0,"March 25, 2033",100,
Declining Balances Tables,147,"Class M-2B, M-2BR, M-2BS, M-2BT, M-2BU, M-2BI, M-2RB*, M-2SB*, M-2TB* and M-2UB*",M-2BI,,5,"March 25, 2033",100,
Declining Balances Tables,147,"Class M-2B, M-2BR, M-2BS, M-2BT, M-2BU, M-2BI, M-2RB*, M-2SB*, M-2TB* and M-2UB*",M-2BI,,10,"March 25, 2033",0,
Declining Balances Tables,147,"Class M-2B, M-2BR, M-2BS, M-2BT, M-2BU, M-2BI, M-2RB*, M-2SB*, M-2TB* and M-2UB*",M-2BI,,15,"March 25, 2033",0,
Declining Balances Tables,147,"Class M-2B, M-2BR, M-2BS, M-2BT, M-2BU, M-2BI, M-2RB*, M-2SB*, M-2TB* and M-2UB*",M-2BI,,25,"March 25, 2033",0,
Declining Balances Tables,147,"Class M-2B, M-2BR, M-2BS, M-2BT, M-2BU, M-2BI, M-2RB*, M-2SB*, M-2TB* and M-2UB*",M-2BI,,35,"March 25, 2033",0,
Declining Balances Tables,147,"Class M-2B, M-2BR, M-2BS, M-2BT, M-2BU, M-2BI, M-2RB*, M-2SB*, M-2TB* and M-2UB*",M-2RB,*,0,"March 25, 2033",100,
Declining Balances Tables,147,"Class M-2B, M-2BR, M-2BS, M-2BT, M-2BU, M-2BI, M-2RB*, M-2SB*, M-2TB* and M-2UB*",M-2RB,*,5,"March 25, 2033",100,
Declining Balances Tables,147,"Class M-2B, M-2BR, M-2BS, M-2BT, M-2BU, M-2BI, M-2RB*, M-2SB*, M-2TB* and M-2UB*",M-2RB,*,10,"March 25, 2033",0,
Declining Balances Tables,147,"Class M-2B, M-2BR, M-2BS, M-2BT, M-2BU, M-2BI, M-2RB*, M-2SB*, M-2TB* and M-2UB*",M-2RB,*,15,"March 25, 2033",0,
Declining Balances Tables,147,"Class M-2B, M-2BR, M-2BS, M-2BT, M-2BU, M-2BI, M-2RB*, M-2SB*, M-2TB* and M-2UB*",M-2RB,*,25,"March 25, 2033",0,
Declining Balances Tables,147,"Class M-2B, M-2BR, M-2BS, M-2BT, M-2BU, M-2BI, M-2RB*, M-2SB*, M-2TB* and M-2UB*",M-2RB,*,35,"March 25, 2033",0,
Declining Balances Tables,147,"Class M-2B, M-2BR, M-2BS, M-2BT, M-2BU, M-2BI, M-2RB*, M-2SB*, M-2TB* and M-2UB*",M-2SB,*,0,"March 25, 2033",100,
Declining Balances Tables,147,"Class M-2B, M-2BR, M-2BS, M-2BT, M-2BU, M-2BI, M-2RB*, M-2SB*, M-2TB* and M-2UB*",M-2SB,*,5,"March 25, 2033",100,
Declining Balances Tables,147,"Class M-2B, M-2BR, M-2BS, M-2BT, M-2BU, M-2BI, M-2RB*, M-2SB*, M-2TB* and M-2UB*",M-2SB,*,10,"March 25, 2033",0,
Declining Balances Tables,147,"Class M-2B, M-2BR, M-2BS, M-2BT, M-2BU, M-2BI, M-2RB*, M-2SB*, M-2TB* and M-2UB*",M-2SB,*,15,"March 25, 2033",0,
Declining Balances Tables,147,"Class M-2B, M-2BR, M-2BS, M-2BT, M-2BU, M-2BI, M-2RB*, M-2SB*, M-2TB* and M-2UB*",M-2SB,*,25,"March 25, 2033",0,
Declining Balances Tables,147,"Class M-2B, M-2BR, M-2BS, M-2BT, M-2BU, M-2BI, M-2RB*, M-2SB*, M-2TB* and M-2UB*",M-2SB,*,35,"March 25, 2033",0,
Declining Balances Tables,147,"Class M-2B, M-2BR, M-2BS, M-2BT, M-2BU, M-2BI, M-2RB*, M-2SB*, M-2TB* and M-2UB*",M-2TB,*,0,"March 25, 2033",100,
Declining Balances Tables,147,"Class M-2B, M-2BR, M-2BS, M-2BT, M-2BU, M-2BI, M-2RB*, M-2SB*, M-2TB* and M-2UB*",M-2TB,*,5,"March 25, 2033",100,
Declining Balances Tables,147,"Class M-2B, M-2BR, M-2BS, M-2BT, M-2BU, M-2BI, M-2RB*, M-2SB*, M-2TB* and M-2UB*",M-2TB,*,10,"March 25, 2033",0,
Declining Balances Tables,147,"Class M-2B, M-2BR, M-2BS, M-2BT, M-2BU, M-2BI, M-2RB*, M-2SB*, M-2TB* and M-2UB*",M-2TB,*,15,"March 25, 2033",0,
Declining Balances Tables,147,"Class M-2B, M-2BR, M-2BS, M-2BT, M-2BU, M-2BI, M-2RB*, M-2SB*, M-2TB* and M-2UB*",M-2TB,*,25,"March 25, 2033",0,
Declining Balances Tables,147,"Class M-2B, M-2BR, M-2BS, M-2BT, M-2BU, M-2BI, M-2RB*, M-2SB*, M-2TB* and M-2UB*",M-2TB,*,35,"March 25, 2033",0,
Declining Balances Tables,147,"Class M-2B, M-2BR, M-2BS, M-2BT, M-2BU, M-2BI, M-2RB*, M-2SB*, M-2TB* and M-2UB*",M-2UB,*,0,"March 25, 2033",100,
Declining Balances Tables,147,"Class M-2B, M-2BR, M-2BS, M-2BT, M-2BU, M-2BI, M-2RB*, M-2SB*, M-2TB* and M-2UB*",M-2UB,*,5,"March 25, 2033",100,
Declining Balances Tables,147,"Class M-2B, M-2BR, M-2BS, M-2BT, M-2BU, M-2BI, M-2RB*, M-2SB*, M-2TB* and M-2UB*",M-2UB,*,10,"March 25, 2033",0,
Declining Balances Tables,147,"Class M-2B, M-2BR, M-2BS, M-2BT, M-2BU, M-2BI, M-2RB*, M-2SB*, M-2TB* and M-2UB*",M-2UB,*,15,"March 25, 2033",0,
Declining Balances Tables,147,"Class M-2B, M-2BR, M-2BS, M-2BT, M-2BU, M-2BI, M-2RB*, M-2SB*, M-2TB* and M-2UB*",M-2UB,*,25,"March 25, 2033",0,
Declining Balances Tables,147,"Class M-2B, M-2BR, M-2BS, M-2BT, M-2BU, M-2BI, M-2RB*, M-2SB*, M-2TB* and M-2UB*",M-2UB,*,35,"March 25, 2033",0,
Declining Balances Tables,147,"Class M-2B, M-2BR, M-2BS, M-2BT, M-2BU, M-2BI, M-2RB*, M-2SB*, M-2TB* and M-2UB*",M-2B,,0,"March 25, 2034",100,
Declining Balances Tables,147,"Class M-2B, M-2BR, M-2BS, M-2BT, M-2BU, M-2BI, M-2RB*, M-2SB*, M-2TB* and M-2UB*",M-2B,,5,"March 25, 2034",88,
Declining Balances Tables,147,"Class M-2B, M-2BR, M-2BS, M-2BT, M-2BU, M-2BI, M-2RB*, M-2SB*, M-2TB* and M-2UB*",M-2B,,10,"March 25, 2034",0,
Declining Balances Tables,147,"Class M-2B, M-2BR, M-2BS, M-2BT, M-2BU, M-2BI, M-2RB*, M-2SB*, M-2TB* and M-2UB*",M-2B,,15,"March 25, 2034",0,
Declining Balances Tables,147,"Class M-2B, M-2BR, M-2BS, M-2BT, M-2BU, M-2BI, M-2RB*, M-2SB*, M-2TB* and M-2UB*",M-2B,,25,"March 25, 2034",0,
Declining Balances Tables,147,"Class M-2B, M-2BR, M-2BS, M-2BT, M-2BU, M-2BI, M-2RB*, M-2SB*, M-2TB* and M-2UB*",M-2B,,35,"March 25, 2034",0,
Declining Balances Tables,147,"Class M-2B, M-2BR, M-2BS, M-2BT, M-2BU, M-2BI, M-2RB*, M-2SB*, M-2TB* and M-2UB*",M-2BR,,0,"March 25, 2034",100,
Declining Balances Tables,147,"Class M-2B, M-2BR, M-2BS, M-2BT, M-2BU, M-2BI, M-2RB*, M-2SB*, M-2TB* and M-2UB*",M-2BR,,5,"March 25, 2034",88,
Declining Balances Tables,147,"Class M-2B, M-2BR, M-2BS, M-2BT, M-2BU, M-2BI, M-2RB*, M-2SB*, M-2TB* and M-2UB*",M-2BR,,10,"March 25, 2034",0,
Declining Balances Tables,147,"Class M-2B, M-2BR, M-2BS, M-2BT, M-2BU, M-2BI, M-2RB*, M-2SB*, M-2TB* and M-2UB*",M-2BR,,15,"March 25, 2034",0,
Declining Balances Tables,147,"Class M-2B, M-2BR, M-2BS, M-2BT, M-2BU, M-2BI, M-2RB*, M-2SB*, M-2TB* and M-2UB*",M-2BR,,25,"March 25, 2034",0,
Declining Balances Tables,147,"Class M-2B, M-2BR, M-2BS, M-2BT, M-2BU, M-2BI, M-2RB*, M-2SB*, M-2TB* and M-2UB*",M-2BR,,35,"March 25, 2034",0,
Declining Balances Tables,147,"Class M-2B, M-2BR, M-2BS, M-2BT, M-2BU, M-2BI, M-2RB*, M-2SB*, M-2TB* and M-2UB*",M-2BS,,0,"March 25, 2034",100,
Declining Balances Tables,147,"Class M-2B, M-2BR, M-2BS, M-2BT, M-2BU, M-2BI, M-2RB*, M-2SB*, M-2TB* and M-2UB*",M-2BS,,5,"March 25, 2034",88,
Declining Balances Tables,147,"Class M-2B, M-2BR, M-2BS, M-2BT, M-2BU, M-2BI, M-2RB*, M-2SB*, M-2TB* and M-2UB*",M-2BS,,10,"March 25, 2034",0,
Declining Balances Tables,147,"Class M-2B, M-2BR, M-2BS, M-2BT, M-2BU, M-2BI, M-2RB*, M-2SB*, M-2TB* and M-2UB*",M-2BS,,15,"March 25, 2034",0,
Declining Balances Tables,147,"Class M-2B, M-2BR, M-2BS, M-2BT, M-2BU, M-2BI, M-2RB*, M-2SB*, M-2TB* and M-2UB*",M-2BS,,25,"March 25, 2034",0,
Declining Balances Tables,147,"Class M-2B, M-2BR, M-2BS, M-2BT, M-2BU, M-2BI, M-2RB*, M-2SB*, M-2TB* and M-2UB*",M-2BS,,35,"March 25, 2034",0,
Declining Balances Tables,147,"Class M-2B, M-2BR, M-2BS, M-2BT, M-2BU, M-2BI, M-2RB*, M-2SB*, M-2TB* and M-2UB*",M-2BT,,0,"March 25, 2034",100,
Declining Balances Tables,147,"Class M-2B, M-2BR, M-2BS, M-2BT, M-2BU, M-2BI, M-2RB*, M-2SB*, M-2TB* and M-2UB*",M-2BT,,5,"March 25, 2034",88,
Declining Balances Tables,147,"Class M-2B, M-2BR, M-2BS, M-2BT, M-2BU, M-2BI, M-2RB*, M-2SB*, M-2TB* and M-2UB*",M-2BT,,10,"March 25, 2034",0,
Declining Balances Tables,147,"Class M-2B, M-2BR, M-2BS, M-2BT, M-2BU, M-2BI, M-2RB*, M-2SB*, M-2TB* and M-2UB*",M-2BT,,15,"March 25, 2034",0,
Declining Balances Tables,147,"Class M-2B, M-2BR, M-2BS, M-2BT, M-2BU, M-2BI, M-2RB*, M-2SB*, M-2TB* and M-2UB*",M-2BT,,25,"March 25, 2034",0,
Declining Balances Tables,147,"Class M-2B, M-2BR, M-2BS, M-2BT, M-2BU, M-2BI, M-2RB*, M-2SB*, M-2TB* and M-2UB*",M-2BT,,35,"March 25, 2034",0,
Declining Balances Tables,147,"Class M-2B, M-2BR, M-2BS, M-2BT, M-2BU, M-2BI, M-2RB*, M-2SB*, M-2TB* and M-2UB*",M-2BU,,0,"March 25, 2034",100,
Declining Balances Tables,147,"Class M-2B, M-2BR, M-2BS, M-2BT, M-2BU, M-2BI, M-2RB*, M-2SB*, M-2TB* and M-2UB*",M-2BU,,5,"March 25, 2034",88,
Declining Balances Tables,147,"Class M-2B, M-2BR, M-2BS, M-2BT, M-2BU, M-2BI, M-2RB*, M-2SB*, M-2TB* and M-2UB*",M-2BU,,10,"March 25, 2034",0,
Declining Balances Tables,147,"Class M-2B, M-2BR, M-2BS, M-2BT, M-2BU, M-2BI, M-2RB*, M-2SB*, M-2TB* and M-2UB*",M-2BU,,15,"March 25, 2034",0,
Declining Balances Tables,147,"Class M-2B, M-2BR, M-2BS, M-2BT, M-2BU, M-2BI, M-2RB*, M-2SB*, M-2TB* and M-2UB*",M-2BU,,25,"March 25, 2034",0,
Declining Balances Tables,147,"Class M-2B, M-2BR, M-2BS, M-2BT, M-2BU, M-2BI, M-2RB*, M-2SB*, M-2TB* and M-2UB*",M-2BU,,35,"March 25, 2034",0,
Declining Balances Tables,147,"Class M-2B, M-2BR, M-2BS, M-2BT, M-2BU, M-2BI, M-2RB*, M-2SB*, M-2TB* and M-2UB*",M-2BI,,0,"March 25, 2034",100,
Declining Balances Tables,147,"Class M-2B, M-2BR, M-2BS, M-2BT, M-2BU, M-2BI, M-2RB*, M-2SB*, M-2TB* and M-2UB*",M-2BI,,5,"March 25, 2034",88,
Declining Balances Tables,147,"Class M-2B, M-2BR, M-2BS, M-2BT, M-2BU, M-2BI, M-2RB*, M-2SB*, M-2TB* and M-2UB*",M-2BI,,10,"March 25, 2034",0,
Declining Balances Tables,147,"Class M-2B, M-2BR, M-2BS, M-2BT, M-2BU, M-2BI, M-2RB*, M-2SB*, M-2TB* and M-2UB*",M-2BI,,15,"March 25, 2034",0,
Declining Balances Tables,147,"Class M-2B, M-2BR, M-2BS, M-2BT, M-2BU, M-2BI, M-2RB*, M-2SB*, M-2TB* and M-2UB*",M-2BI,,25,"March 25, 2034",0,
Declining Balances Tables,147,"Class M-2B, M-2BR, M-2BS, M-2BT, M-2BU, M-2BI, M-2RB*, M-2SB*, M-2TB* and M-2UB*",M-2BI,,35,"March 25, 2034",0,
Declining Balances Tables,147,"Class M-2B, M-2BR, M-2BS, M-2BT, M-2BU, M-2BI, M-2RB*, M-2SB*, M-2TB* and M-2UB*",M-2RB,*,0,"March 25, 2034",100,
Declining Balances Tables,147,"Class M-2B, M-2BR, M-2BS, M-2BT, M-2BU, M-2BI, M-2RB*, M-2SB*, M-2TB* and M-2UB*",M-2RB,*,5,"March 25, 2034",88,
Declining Balances Tables,147,"Class M-2B, M-2BR, M-2BS, M-2BT, M-2BU, M-2BI, M-2RB*, M-2SB*, M-2TB* and M-2UB*",M-2RB,*,10,"March 25, 2034",0,
Declining Balances Tables,147,"Class M-2B, M-2BR, M-2BS, M-2BT, M-2BU, M-2BI, M-2RB*, M-2SB*, M-2TB* and M-2UB*",M-2RB,*,15,"March 25, 2034",0,
Declining Balances Tables,147,"Class M-2B, M-2BR, M-2BS, M-2BT, M-2BU, M-2BI, M-2RB*, M-2SB*, M-2TB* and M-2UB*",M-2RB,*,25,"March 25, 2034",0,
Declining Balances Tables,147,"Class M-2B, M-2BR, M-2BS, M-2BT, M-2BU, M-2BI, M-2RB*, M-2SB*, M-2TB* and M-2UB*",M-2RB,*,35,"March 25, 2034",0,
Declining Balances Tables,147,"Class M-2B, M-2BR, M-2BS, M-2BT, M-2BU, M-2BI, M-2RB*, M-2SB*, M-2TB* and M-2UB*",M-2SB,*,0,"March 25, 2034",100,
Declining Balances Tables,147,"Class M-2B, M-2BR, M-2BS, M-2BT, M-2BU, M-2BI, M-2RB*, M-2SB*, M-2TB* and M-2UB*",M-2SB,*,5,"March 25, 2034",88,
Declining Balances Tables,147,"Class M-2B, M-2BR, M-2BS, M-2BT, M-2BU, M-2BI, M-2RB*, M-2SB*, M-2TB* and M-2UB*",M-2SB,*,10,"March 25, 2034",0,
Declining Balances Tables,147,"Class M-2B, M-2BR, M-2BS, M-2BT, M-2BU, M-2BI, M-2RB*, M-2SB*, M-2TB* and M-2UB*",M-2SB,*,15,"March 25, 2034",0,
Declining Balances Tables,147,"Class M-2B, M-2BR, M-2BS, M-2BT, M-2BU, M-2BI, M-2RB*, M-2SB*, M-2TB* and M-2UB*",M-2SB,*,25,"March 25, 2034",0,
Declining Balances Tables,147,"Class M-2B, M-2BR, M-2BS, M-2BT, M-2BU, M-2BI, M-2RB*, M-2SB*, M-2TB* and M-2UB*",M-2SB,*,35,"March 25, 2034",0,
Declining Balances Tables,147,"Class M-2B, M-2BR, M-2BS, M-2BT, M-2BU, M-2BI, M-2RB*, M-2SB*, M-2TB* and M-2UB*",M-2TB,*,0,"March 25, 2034",100,
Declining Balances Tables,147,"Class M-2B, M-2BR, M-2BS, M-2BT, M-2BU, M-2BI, M-2RB*, M-2SB*, M-2TB* and M-2UB*",M-2TB,*,5,"March 25, 2034",88,
Declining Balances Tables,147,"Class M-2B, M-2BR, M-2BS, M-2BT, M-2BU, M-2BI, M-2RB*, M-2SB*, M-2TB* and M-2UB*",M-2TB,*,10,"March 25, 2034",0,
Declining Balances Tables,147,"Class M-2B, M-2BR, M-2BS, M-2BT, M-2BU, M-2BI, M-2RB*, M-2SB*, M-2TB* and M-2UB*",M-2TB,*,15,"March 25, 2034",0,
Declining Balances Tables,147,"Class M-2B, M-2BR, M-2BS, M-2BT, M-2BU, M-2BI, M-2RB*, M-2SB*, M-2TB* and M-2UB*",M-2TB,*,25,"March 25, 2034",0,
Declining Balances Tables,147,"Class M-2B, M-2BR, M-2BS, M-2BT, M-2BU, M-2BI, M-2RB*, M-2SB*, M-2TB* and M-2UB*",M-2TB,*,35,"March 25, 2034",0,
Declining Balances Tables,147,"Class M-2B, M-2BR, M-2BS, M-2BT, M-2BU, M-2BI, M-2RB*, M-2SB*, M-2TB* and M-2UB*",M-2UB,*,0,"March 25, 2034",100,
Declining Balances Tables,147,"Class M-2B, M-2BR, M-2BS, M-2BT, M-2BU, M-2BI, M-2RB*, M-2SB*, M-2TB* and M-2UB*",M-2UB,*,5,"March 25, 2034",88,
Declining Balances Tables,147,"Class M-2B, M-2BR, M-2BS, M-2BT, M-2BU, M-2BI, M-2RB*, M-2SB*, M-2TB* and M-2UB*",M-2UB,*,10,"March 25, 2034",0,
Declining Balances Tables,147,"Class M-2B, M-2BR, M-2BS, M-2BT, M-2BU, M-2BI, M-2RB*, M-2SB*, M-2TB* and M-2UB*",M-2UB,*,15,"March 25, 2034",0,
Declining Balances Tables,147,"Class M-2B, M-2BR, M-2BS, M-2BT, M-2BU, M-2BI, M-2RB*, M-2SB*, M-2TB* and M-2UB*",M-2UB,*,25,"March 25, 2034",0,
Declining Balances Tables,147,"Class M-2B, M-2BR, M-2BS, M-2BT, M-2BU, M-2BI, M-2RB*, M-2SB*, M-2TB* and M-2UB*",M-2UB,*,35,"March 25, 2034",0,
Declining Balances Tables,147,"Class M-2B, M-2BR, M-2BS, M-2BT, M-2BU, M-2BI, M-2RB*, M-2SB*, M-2TB* and M-2UB*",M-2B,,0,"March 25, 2035",100,
Declining Balances Tables,147,"Class M-2B, M-2BR, M-2BS, M-2BT, M-2BU, M-2BI, M-2RB*, M-2SB*, M-2TB* and M-2UB*",M-2B,,5,"March 25, 2035",33,
Declining Balances Tables,147,"Class M-2B, M-2BR, M-2BS, M-2BT, M-2BU, M-2BI, M-2RB*, M-2SB*, M-2TB* and M-2UB*",M-2B,,10,"March 25, 2035",0,
Declining Balances Tables,147,"Class M-2B, M-2BR, M-2BS, M-2BT, M-2BU, M-2BI, M-2RB*, M-2SB*, M-2TB* and M-2UB*",M-2B,,15,"March 25, 2035",0,
Declining Balances Tables,147,"Class M-2B, M-2BR, M-2BS, M-2BT, M-2BU, M-2BI, M-2RB*, M-2SB*, M-2TB* and M-2UB*",M-2B,,25,"March 25, 2035",0,
Declining Balances Tables,147,"Class M-2B, M-2BR, M-2BS, M-2BT, M-2BU, M-2BI, M-2RB*, M-2SB*, M-2TB* and M-2UB*",M-2B,,35,"March 25, 2035",0,
Declining Balances Tables,147,"Class M-2B, M-2BR, M-2BS, M-2BT, M-2BU, M-2BI, M-2RB*, M-2SB*, M-2TB* and M-2UB*",M-2BR,,0,"March 25, 2035",100,
Declining Balances Tables,147,"Class M-2B, M-2BR, M-2BS, M-2BT, M-2BU, M-2BI, M-2RB*, M-2SB*, M-2TB* and M-2UB*",M-2BR,,5,"March 25, 2035",33,
Declining Balances Tables,147,"Class M-2B, M-2BR, M-2BS, M-2BT, M-2BU, M-2BI, M-2RB*, M-2SB*, M-2TB* and M-2UB*",M-2BR,,10,"March 25, 2035",0,
Declining Balances Tables,147,"Class M-2B, M-2BR, M-2BS, M-2BT, M-2BU, M-2BI, M-2RB*, M-2SB*, M-2TB* and M-2UB*",M-2BR,,15,"March 25, 2035",0,
Declining Balances Tables,147,"Class M-2B, M-2BR, M-2BS, M-2BT, M-2BU, M-2BI, M-2RB*, M-2SB*, M-2TB* and M-2UB*",M-2BR,,25,"March 25, 2035",0,
Declining Balances Tables,147,"Class M-2B, M-2BR, M-2BS, M-2BT, M-2BU, M-2BI, M-2RB*, M-2SB*, M-2TB* and M-2UB*",M-2BR,,35,"March 25, 2035",0,
Declining Balances Tables,147,"Class M-2B, M-2BR, M-2BS, M-2BT, M-2BU, M-2BI, M-2RB*, M-2SB*, M-2TB* and M-2UB*",M-2BS,,0,"March 25, 2035",100,
Declining Balances Tables,147,"Class M-2B, M-2BR, M-2BS, M-2BT, M-2BU, M-2BI, M-2RB*, M-2SB*, M-2TB* and M-2UB*",M-2BS,,5,"March 25, 2035",33,
Declining Balances Tables,147,"Class M-2B, M-2BR, M-2BS, M-2BT, M-2BU, M-2BI, M-2RB*, M-2SB*, M-2TB* and M-2UB*",M-2BS,,10,"March 25, 2035",0,
Declining Balances Tables,147,"Class M-2B, M-2BR, M-2BS, M-2BT, M-2BU, M-2BI, M-2RB*, M-2SB*, M-2TB* and M-2UB*",M-2BS,,15,"March 25, 2035",0,
Declining Balances Tables,147,"Class M-2B, M-2BR, M-2BS, M-2BT, M-2BU, M-2BI, M-2RB*, M-2SB*, M-2TB* and M-2UB*",M-2BS,,25,"March 25, 2035",0,
Declining Balances Tables,147,"Class M-2B, M-2BR, M-2BS, M-2BT, M-2BU, M-2BI, M-2RB*, M-2SB*, M-2TB* and M-2UB*",M-2BS,,35,"March 25, 2035",0,
Declining Balances Tables,147,"Class M-2B, M-2BR, M-2BS, M-2BT, M-2BU, M-2BI, M-2RB*, M-2SB*, M-2TB* and M-2UB*",M-2BT,,0,"March 25, 2035",100,
Declining Balances Tables,147,"Class M-2B, M-2BR, M-2BS, M-2BT, M-2BU, M-2BI, M-2RB*, M-2SB*, M-2TB* and M-2UB*",M-2BT,,5,"March 25, 2035",33,
Declining Balances Tables,147,"Class M-2B, M-2BR, M-2BS, M-2BT, M-2BU, M-2BI, M-2RB*, M-2SB*, M-2TB* and M-2UB*",M-2BT,,10,"March 25, 2035",0,
Declining Balances Tables,147,"Class M-2B, M-2BR, M-2BS, M-2BT, M-2BU, M-2BI, M-2RB*, M-2SB*, M-2TB* and M-2UB*",M-2BT,,15,"March 25, 2035",0,
Declining Balances Tables,147,"Class M-2B, M-2BR, M-2BS, M-2BT, M-2BU, M-2BI, M-2RB*, M-2SB*, M-2TB* and M-2UB*",M-2BT,,25,"March 25, 2035",0,
Declining Balances Tables,147,"Class M-2B, M-2BR, M-2BS, M-2BT, M-2BU, M-2BI, M-2RB*, M-2SB*, M-2TB* and M-2UB*",M-2BT,,35,"March 25, 2035",0,
Declining Balances Tables,147,"Class M-2B, M-2BR, M-2BS, M-2BT, M-2BU, M-2BI, M-2RB*, M-2SB*, M-2TB* and M-2UB*",M-2BU,,0,"March 25, 2035",100,
Declining Balances Tables,147,"Class M-2B, M-2BR, M-2BS, M-2BT, M-2BU, M-2BI, M-2RB*, M-2SB*, M-2TB* and M-2UB*",M-2BU,,5,"March 25, 2035",33,
Declining Balances Tables,147,"Class M-2B, M-2BR, M-2BS, M-2BT, M-2BU, M-2BI, M-2RB*, M-2SB*, M-2TB* and M-2UB*",M-2BU,,10,"March 25, 2035",0,
Declining Balances Tables,147,"Class M-2B, M-2BR, M-2BS, M-2BT, M-2BU, M-2BI, M-2RB*, M-2SB*, M-2TB* and M-2UB*",M-2BU,,15,"March 25, 2035",0,
Declining Balances Tables,147,"Class M-2B, M-2BR, M-2BS, M-2BT, M-2BU, M-2BI, M-2RB*, M-2SB*, M-2TB* and M-2UB*",M-2BU,,25,"March 25, 2035",0,
Declining Balances Tables,147,"Class M-2B, M-2BR, M-2BS, M-2BT, M-2BU, M-2BI, M-2RB*, M-2SB*, M-2TB* and M-2UB*",M-2BU,,35,"March 25, 2035",0,
Declining Balances Tables,147,"Class M-2B, M-2BR, M-2BS, M-2BT, M-2BU, M-2BI, M-2RB*, M-2SB*, M-2TB* and M-2UB*",M-2BI,,0,"March 25, 2035",100,
Declining Balances Tables,147,"Class M-2B, M-2BR, M-2BS, M-2BT, M-2BU, M-2BI, M-2RB*, M-2SB*, M-2TB* and M-2UB*",M-2BI,,5,"March 25, 2035",33,
Declining Balances Tables,147,"Class M-2B, M-2BR, M-2BS, M-2BT, M-2BU, M-2BI, M-2RB*, M-2SB*, M-2TB* and M-2UB*",M-2BI,,10,"March 25, 2035",0,
Declining Balances Tables,147,"Class M-2B, M-2BR, M-2BS, M-2BT, M-2BU, M-2BI, M-2RB*, M-2SB*, M-2TB* and M-2UB*",M-2BI,,15,"March 25, 2035",0,
Declining Balances Tables,147,"Class M-2B, M-2BR, M-2BS, M-2BT, M-2BU, M-2BI, M-2RB*, M-2SB*, M-2TB* and M-2UB*",M-2BI,,25,"March 25, 2035",0,
Declining Balances Tables,147,"Class M-2B, M-2BR, M-2BS, M-2BT, M-2BU, M-2BI, M-2RB*, M-2SB*, M-2TB* and M-2UB*",M-2BI,,35,"March 25, 2035",0,
Declining Balances Tables,147,"Class M-2B, M-2BR, M-2BS, M-2BT, M-2BU, M-2BI, M-2RB*, M-2SB*, M-2TB* and M-2UB*",M-2RB,*,0,"March 25, 2035",100,
Declining Balances Tables,147,"Class M-2B, M-2BR, M-2BS, M-2BT, M-2BU, M-2BI, M-2RB*, M-2SB*, M-2TB* and M-2UB*",M-2RB,*,5,"March 25, 2035",33,
Declining Balances Tables,147,"Class M-2B, M-2BR, M-2BS, M-2BT, M-2BU, M-2BI, M-2RB*, M-2SB*, M-2TB* and M-2UB*",M-2RB,*,10,"March 25, 2035",0,
Declining Balances Tables,147,"Class M-2B, M-2BR, M-2BS, M-2BT, M-2BU, M-2BI, M-2RB*, M-2SB*, M-2TB* and M-2UB*",M-2RB,*,15,"March 25, 2035",0,
Declining Balances Tables,147,"Class M-2B, M-2BR, M-2BS, M-2BT, M-2BU, M-2BI, M-2RB*, M-2SB*, M-2TB* and M-2UB*",M-2RB,*,25,"March 25, 2035",0,
Declining Balances Tables,147,"Class M-2B, M-2BR, M-2BS, M-2BT, M-2BU, M-2BI, M-2RB*, M-2SB*, M-2TB* and M-2UB*",M-2RB,*,35,"March 25, 2035",0,
Declining Balances Tables,147,"Class M-2B, M-2BR, M-2BS, M-2BT, M-2BU, M-2BI, M-2RB*, M-2SB*, M-2TB* and M-2UB*",M-2SB,*,0,"March 25, 2035",100,
Declining Balances Tables,147,"Class M-2B, M-2BR, M-2BS, M-2BT, M-2BU, M-2BI, M-2RB*, M-2SB*, M-2TB* and M-2UB*",M-2SB,*,5,"March 25, 2035",33,
Declining Balances Tables,147,"Class M-2B, M-2BR, M-2BS, M-2BT, M-2BU, M-2BI, M-2RB*, M-2SB*, M-2TB* and M-2UB*",M-2SB,*,10,"March 25, 2035",0,
Declining Balances Tables,147,"Class M-2B, M-2BR, M-2BS, M-2BT, M-2BU, M-2BI, M-2RB*, M-2SB*, M-2TB* and M-2UB*",M-2SB,*,15,"March 25, 2035",0,
Declining Balances Tables,147,"Class M-2B, M-2BR, M-2BS, M-2BT, M-2BU, M-2BI, M-2RB*, M-2SB*, M-2TB* and M-2UB*",M-2SB,*,25,"March 25, 2035",0,
Declining Balances Tables,147,"Class M-2B, M-2BR, M-2BS, M-2BT, M-2BU, M-2BI, M-2RB*, M-2SB*, M-2TB* and M-2UB*",M-2SB,*,35,"March 25, 2035",0,
Declining Balances Tables,147,"Class M-2B, M-2BR, M-2BS, M-2BT, M-2BU, M-2BI, M-2RB*, M-2SB*, M-2TB* and M-2UB*",M-2TB,*,0,"March 25, 2035",100,
Declining Balances Tables,147,"Class M-2B, M-2BR, M-2BS, M-2BT, M-2BU, M-2BI, M-2RB*, M-2SB*, M-2TB* and M-2UB*",M-2TB,*,5,"March 25, 2035",33,
Declining Balances Tables,147,"Class M-2B, M-2BR, M-2BS, M-2BT, M-2BU, M-2BI, M-2RB*, M-2SB*, M-2TB* and M-2UB*",M-2TB,*,10,"March 25, 2035",0,
Declining Balances Tables,147,"Class M-2B, M-2BR, M-2BS, M-2BT, M-2BU, M-2BI, M-2RB*, M-2SB*, M-2TB* and M-2UB*",M-2TB,*,15,"March 25, 2035",0,
Declining Balances Tables,147,"Class M-2B, M-2BR, M-2BS, M-2BT, M-2BU, M-2BI, M-2RB*, M-2SB*, M-2TB* and M-2UB*",M-2TB,*,25,"March 25, 2035",0,
Declining Balances Tables,147,"Class M-2B, M-2BR, M-2BS, M-2BT, M-2BU, M-2BI, M-2RB*, M-2SB*, M-2TB* and M-2UB*",M-2TB,*,35,"March 25, 2035",0,
Declining Balances Tables,147,"Class M-2B, M-2BR, M-2BS, M-2BT, M-2BU, M-2BI, M-2RB*, M-2SB*, M-2TB* and M-2UB*",M-2UB,*,0,"March 25, 2035",100,
Declining Balances Tables,147,"Class M-2B, M-2BR, M-2BS, M-2BT, M-2BU, M-2BI, M-2RB*, M-2SB*, M-2TB* and M-2UB*",M-2UB,*,5,"March 25, 2035",33,
Declining Balances Tables,147,"Class M-2B, M-2BR, M-2BS, M-2BT, M-2BU, M-2BI, M-2RB*, M-2SB*, M-2TB* and M-2UB*",M-2UB,*,10,"March 25, 2035",0,
Declining Balances Tables,147,"Class M-2B, M-2BR, M-2BS, M-2BT, M-2BU, M-2BI, M-2RB*, M-2SB*, M-2TB* and M-2UB*",M-2UB,*,15,"March 25, 2035",0,
Declining Balances Tables,147,"Class M-2B, M-2BR, M-2BS, M-2BT, M-2BU, M-2BI, M-2RB*, M-2SB*, M-2TB* and M-2UB*",M-2UB,*,25,"March 25, 2035",0,
Declining Balances Tables,147,"Class M-2B, M-2BR, M-2BS, M-2BT, M-2BU, M-2BI, M-2RB*, M-2SB*, M-2TB* and M-2UB*",M-2UB,*,35,"March 25, 2035",0,
Declining Balances Tables,147,"Class M-2B, M-2BR, M-2BS, M-2BT, M-2BU, M-2BI, M-2RB*, M-2SB*, M-2TB* and M-2UB*",M-2B,,0,"March 25, 2036",100,
Declining Balances Tables,147,"Class M-2B, M-2BR, M-2BS, M-2BT, M-2BU, M-2BI, M-2RB*, M-2SB*, M-2TB* and M-2UB*",M-2B,,5,"March 25, 2036",0,
Declining Balances Tables,147,"Class M-2B, M-2BR, M-2BS, M-2BT, M-2BU, M-2BI, M-2RB*, M-2SB*, M-2TB* and M-2UB*",M-2B,,10,"March 25, 2036",0,
Declining Balances Tables,147,"Class M-2B, M-2BR, M-2BS, M-2BT, M-2BU, M-2BI, M-2RB*, M-2SB*, M-2TB* and M-2UB*",M-2B,,15,"March 25, 2036",0,
Declining Balances Tables,147,"Class M-2B, M-2BR, M-2BS, M-2BT, M-2BU, M-2BI, M-2RB*, M-2SB*, M-2TB* and M-2UB*",M-2B,,25,"March 25, 2036",0,
Declining Balances Tables,147,"Class M-2B, M-2BR, M-2BS, M-2BT, M-2BU, M-2BI, M-2RB*, M-2SB*, M-2TB* and M-2UB*",M-2B,,35,"March 25, 2036",0,
Declining Balances Tables,147,"Class M-2B, M-2BR, M-2BS, M-2BT, M-2BU, M-2BI, M-2RB*, M-2SB*, M-2TB* and M-2UB*",M-2BR,,0,"March 25, 2036",100,
Declining Balances Tables,147,"Class M-2B, M-2BR, M-2BS, M-2BT, M-2BU, M-2BI, M-2RB*, M-2SB*, M-2TB* and M-2UB*",M-2BR,,5,"March 25, 2036",0,
Declining Balances Tables,147,"Class M-2B, M-2BR, M-2BS, M-2BT, M-2BU, M-2BI, M-2RB*, M-2SB*, M-2TB* and M-2UB*",M-2BR,,10,"March 25, 2036",0,
Declining Balances Tables,147,"Class M-2B, M-2BR, M-2BS, M-2BT, M-2BU, M-2BI, M-2RB*, M-2SB*, M-2TB* and M-2UB*",M-2BR,,15,"March 25, 2036",0,
Declining Balances Tables,147,"Class M-2B, M-2BR, M-2BS, M-2BT, M-2BU, M-2BI, M-2RB*, M-2SB*, M-2TB* and M-2UB*",M-2BR,,25,"March 25, 2036",0,
Declining Balances Tables,147,"Class M-2B, M-2BR, M-2BS, M-2BT, M-2BU, M-2BI, M-2RB*, M-2SB*, M-2TB* and M-2UB*",M-2BR,,35,"March 25, 2036",0,
Declining Balances Tables,147,"Class M-2B, M-2BR, M-2BS, M-2BT, M-2BU, M-2BI, M-2RB*, M-2SB*, M-2TB* and M-2UB*",M-2BS,,0,"March 25, 2036",100,
Declining Balances Tables,147,"Class M-2B, M-2BR, M-2BS, M-2BT, M-2BU, M-2BI, M-2RB*, M-2SB*, M-2TB* and M-2UB*",M-2BS,,5,"March 25, 2036",0,
Declining Balances Tables,147,"Class M-2B, M-2BR, M-2BS, M-2BT, M-2BU, M-2BI, M-2RB*, M-2SB*, M-2TB* and M-2UB*",M-2BS,,10,"March 25, 2036",0,
Declining Balances Tables,147,"Class M-2B, M-2BR, M-2BS, M-2BT, M-2BU, M-2BI, M-2RB*, M-2SB*, M-2TB* and M-2UB*",M-2BS,,15,"March 25, 2036",0,
Declining Balances Tables,147,"Class M-2B, M-2BR, M-2BS, M-2BT, M-2BU, M-2BI, M-2RB*, M-2SB*, M-2TB* and M-2UB*",M-2BS,,25,"March 25, 2036",0,
Declining Balances Tables,147,"Class M-2B, M-2BR, M-2BS, M-2BT, M-2BU, M-2BI, M-2RB*, M-2SB*, M-2TB* and M-2UB*",M-2BS,,35,"March 25, 2036",0,
Declining Balances Tables,147,"Class M-2B, M-2BR, M-2BS, M-2BT, M-2BU, M-2BI, M-2RB*, M-2SB*, M-2TB* and M-2UB*",M-2BT,,0,"March 25, 2036",100,
Declining Balances Tables,147,"Class M-2B, M-2BR, M-2BS, M-2BT, M-2BU, M-2BI, M-2RB*, M-2SB*, M-2TB* and M-2UB*",M-2BT,,5,"March 25, 2036",0,
Declining Balances Tables,147,"Class M-2B, M-2BR, M-2BS, M-2BT, M-2BU, M-2BI, M-2RB*, M-2SB*, M-2TB* and M-2UB*",M-2BT,,10,"March 25, 2036",0,
Declining Balances Tables,147,"Class M-2B, M-2BR, M-2BS, M-2BT, M-2BU, M-2BI, M-2RB*, M-2SB*, M-2TB* and M-2UB*",M-2BT,,15,"March 25, 2036",0,
Declining Balances Tables,147,"Class M-2B, M-2BR, M-2BS, M-2BT, M-2BU, M-2BI, M-2RB*, M-2SB*, M-2TB* and M-2UB*",M-2BT,,25,"March 25, 2036",0,
Declining Balances Tables,147,"Class M-2B, M-2BR, M-2BS, M-2BT, M-2BU, M-2BI, M-2RB*, M-2SB*, M-2TB* and M-2UB*",M-2BT,,35,"March 25, 2036",0,
Declining Balances Tables,147,"Class M-2B, M-2BR, M-2BS, M-2BT, M-2BU, M-2BI, M-2RB*, M-2SB*, M-2TB* and M-2UB*",M-2BU,,0,"March 25, 2036",100,
Declining Balances Tables,147,"Class M-2B, M-2BR, M-2BS, M-2BT, M-2BU, M-2BI, M-2RB*, M-2SB*, M-2TB* and M-2UB*",M-2BU,,5,"March 25, 2036",0,
Declining Balances Tables,147,"Class M-2B, M-2BR, M-2BS, M-2BT, M-2BU, M-2BI, M-2RB*, M-2SB*, M-2TB* and M-2UB*",M-2BU,,10,"March 25, 2036",0,
Declining Balances Tables,147,"Class M-2B, M-2BR, M-2BS, M-2BT, M-2BU, M-2BI, M-2RB*, M-2SB*, M-2TB* and M-2UB*",M-2BU,,15,"March 25, 2036",0,
Declining Balances Tables,147,"Class M-2B, M-2BR, M-2BS, M-2BT, M-2BU, M-2BI, M-2RB*, M-2SB*, M-2TB* and M-2UB*",M-2BU,,25,"March 25, 2036",0,
Declining Balances Tables,147,"Class M-2B, M-2BR, M-2BS, M-2BT, M-2BU, M-2BI, M-2RB*, M-2SB*, M-2TB* and M-2UB*",M-2BU,,35,"March 25, 2036",0,
Declining Balances Tables,147,"Class M-2B, M-2BR, M-2BS, M-2BT, M-2BU, M-2BI, M-2RB*, M-2SB*, M-2TB* and M-2UB*",M-2BI,,0,"March 25, 2036",100,
Declining Balances Tables,147,"Class M-2B, M-2BR, M-2BS, M-2BT, M-2BU, M-2BI, M-2RB*, M-2SB*, M-2TB* and M-2UB*",M-2BI,,5,"March 25, 2036",0,
Declining Balances Tables,147,"Class M-2B, M-2BR, M-2BS, M-2BT, M-2BU, M-2BI, M-2RB*, M-2SB*, M-2TB* and M-2UB*",M-2BI,,10,"March 25, 2036",0,
Declining Balances Tables,147,"Class M-2B, M-2BR, M-2BS, M-2BT, M-2BU, M-2BI, M-2RB*, M-2SB*, M-2TB* and M-2UB*",M-2BI,,15,"March 25, 2036",0,
Declining Balances Tables,147,"Class M-2B, M-2BR, M-2BS, M-2BT, M-2BU, M-2BI, M-2RB*, M-2SB*, M-2TB* and M-2UB*",M-2BI,,25,"March 25, 2036",0,
Declining Balances Tables,147,"Class M-2B, M-2BR, M-2BS, M-2BT, M-2BU, M-2BI, M-2RB*, M-2SB*, M-2TB* and M-2UB*",M-2BI,,35,"March 25, 2036",0,
Declining Balances Tables,147,"Class M-2B, M-2BR, M-2BS, M-2BT, M-2BU, M-2BI, M-2RB*, M-2SB*, M-2TB* and M-2UB*",M-2RB,*,0,"March 25, 2036",100,
Declining Balances Tables,147,"Class M-2B, M-2BR, M-2BS, M-2BT, M-2BU, M-2BI, M-2RB*, M-2SB*, M-2TB* and M-2UB*",M-2RB,*,5,"March 25, 2036",0,
Declining Balances Tables,147,"Class M-2B, M-2BR, M-2BS, M-2BT, M-2BU, M-2BI, M-2RB*, M-2SB*, M-2TB* and M-2UB*",M-2RB,*,10,"March 25, 2036",0,
Declining Balances Tables,147,"Class M-2B, M-2BR, M-2BS, M-2BT, M-2BU, M-2BI, M-2RB*, M-2SB*, M-2TB* and M-2UB*",M-2RB,*,15,"March 25, 2036",0,
Declining Balances Tables,147,"Class M-2B, M-2BR, M-2BS, M-2BT, M-2BU, M-2BI, M-2RB*, M-2SB*, M-2TB* and M-2UB*",M-2RB,*,25,"March 25, 2036",0,
Declining Balances Tables,147,"Class M-2B, M-2BR, M-2BS, M-2BT, M-2BU, M-2BI, M-2RB*, M-2SB*, M-2TB* and M-2UB*",M-2RB,*,35,"March 25, 2036",0,
Declining Balances Tables,147,"Class M-2B, M-2BR, M-2BS, M-2BT, M-2BU, M-2BI, M-2RB*, M-2SB*, M-2TB* and M-2UB*",M-2SB,*,0,"March 25, 2036",100,
Declining Balances Tables,147,"Class M-2B, M-2BR, M-2BS, M-2BT, M-2BU, M-2BI, M-2RB*, M-2SB*, M-2TB* and M-2UB*",M-2SB,*,5,"March 25, 2036",0,
Declining Balances Tables,147,"Class M-2B, M-2BR, M-2BS, M-2BT, M-2BU, M-2BI, M-2RB*, M-2SB*, M-2TB* and M-2UB*",M-2SB,*,10,"March 25, 2036",0,
Declining Balances Tables,147,"Class M-2B, M-2BR, M-2BS, M-2BT, M-2BU, M-2BI, M-2RB*, M-2SB*, M-2TB* and M-2UB*",M-2SB,*,15,"March 25, 2036",0,
Declining Balances Tables,147,"Class M-2B, M-2BR, M-2BS, M-2BT, M-2BU, M-2BI, M-2RB*, M-2SB*, M-2TB* and M-2UB*",M-2SB,*,25,"March 25, 2036",0,
Declining Balances Tables,147,"Class M-2B, M-2BR, M-2BS, M-2BT, M-2BU, M-2BI, M-2RB*, M-2SB*, M-2TB* and M-2UB*",M-2SB,*,35,"March 25, 2036",0,
Declining Balances Tables,147,"Class M-2B, M-2BR, M-2BS, M-2BT, M-2BU, M-2BI, M-2RB*, M-2SB*, M-2TB* and M-2UB*",M-2TB,*,0,"March 25, 2036",100,
Declining Balances Tables,147,"Class M-2B, M-2BR, M-2BS, M-2BT, M-2BU, M-2BI, M-2RB*, M-2SB*, M-2TB* and M-2UB*",M-2TB,*,5,"March 25, 2036",0,
Declining Balances Tables,147,"Class M-2B, M-2BR, M-2BS, M-2BT, M-2BU, M-2BI, M-2RB*, M-2SB*, M-2TB* and M-2UB*",M-2TB,*,10,"March 25, 2036",0,
Declining Balances Tables,147,"Class M-2B, M-2BR, M-2BS, M-2BT, M-2BU, M-2BI, M-2RB*, M-2SB*, M-2TB* and M-2UB*",M-2TB,*,15,"March 25, 2036",0,
Declining Balances Tables,147,"Class M-2B, M-2BR, M-2BS, M-2BT, M-2BU, M-2BI, M-2RB*, M-2SB*, M-2TB* and M-2UB*",M-2TB,*,25,"March 25, 2036",0,
Declining Balances Tables,147,"Class M-2B, M-2BR, M-2BS, M-2BT, M-2BU, M-2BI, M-2RB*, M-2SB*, M-2TB* and M-2UB*",M-2TB,*,35,"March 25, 2036",0,
Declining Balances Tables,147,"Class M-2B, M-2BR, M-2BS, M-2BT, M-2BU, M-2BI, M-2RB*, M-2SB*, M-2TB* and M-2UB*",M-2UB,*,0,"March 25, 2036",100,
Declining Balances Tables,147,"Class M-2B, M-2BR, M-2BS, M-2BT, M-2BU, M-2BI, M-2RB*, M-2SB*, M-2TB* and M-2UB*",M-2UB,*,5,"March 25, 2036",0,
Declining Balances Tables,147,"Class M-2B, M-2BR, M-2BS, M-2BT, M-2BU, M-2BI, M-2RB*, M-2SB*, M-2TB* and M-2UB*",M-2UB,*,10,"March 25, 2036",0,
Declining Balances Tables,147,"Class M-2B, M-2BR, M-2BS, M-2BT, M-2BU, M-2BI, M-2RB*, M-2SB*, M-2TB* and M-2UB*",M-2UB,*,15,"March 25, 2036",0,
Declining Balances Tables,147,"Class M-2B, M-2BR, M-2BS, M-2BT, M-2BU, M-2BI, M-2RB*, M-2SB*, M-2TB* and M-2UB*",M-2UB,*,25,"March 25, 2036",0,
Declining Balances Tables,147,"Class M-2B, M-2BR, M-2BS, M-2BT, M-2BU, M-2BI, M-2RB*, M-2SB*, M-2TB* and M-2UB*",M-2UB,*,35,"March 25, 2036",0,
Declining Balances Tables,147,"Class M-2B, M-2BR, M-2BS, M-2BT, M-2BU, M-2BI, M-2RB*, M-2SB*, M-2TB* and M-2UB*",M-2B,,0,"March 25, 2037",100,
Declining Balances Tables,147,"Class M-2B, M-2BR, M-2BS, M-2BT, M-2BU, M-2BI, M-2RB*, M-2SB*, M-2TB* and M-2UB*",M-2B,,5,"March 25, 2037",0,
Declining Balances Tables,147,"Class M-2B, M-2BR, M-2BS, M-2BT, M-2BU, M-2BI, M-2RB*, M-2SB*, M-2TB* and M-2UB*",M-2B,,10,"March 25, 2037",0,
Declining Balances Tables,147,"Class M-2B, M-2BR, M-2BS, M-2BT, M-2BU, M-2BI, M-2RB*, M-2SB*, M-2TB* and M-2UB*",M-2B,,15,"March 25, 2037",0,
Declining Balances Tables,147,"Class M-2B, M-2BR, M-2BS, M-2BT, M-2BU, M-2BI, M-2RB*, M-2SB*, M-2TB* and M-2UB*",M-2B,,25,"March 25, 2037",0,
Declining Balances Tables,147,"Class M-2B, M-2BR, M-2BS, M-2BT, M-2BU, M-2BI, M-2RB*, M-2SB*, M-2TB* and M-2UB*",M-2B,,35,"March 25, 2037",0,
Declining Balances Tables,147,"Class M-2B, M-2BR, M-2BS, M-2BT, M-2BU, M-2BI, M-2RB*, M-2SB*, M-2TB* and M-2UB*",M-2BR,,0,"March 25, 2037",100,
Declining Balances Tables,147,"Class M-2B, M-2BR, M-2BS, M-2BT, M-2BU, M-2BI, M-2RB*, M-2SB*, M-2TB* and M-2UB*",M-2BR,,5,"March 25, 2037",0,
Declining Balances Tables,147,"Class M-2B, M-2BR, M-2BS, M-2BT, M-2BU, M-2BI, M-2RB*, M-2SB*, M-2TB* and M-2UB*",M-2BR,,10,"March 25, 2037",0,
Declining Balances Tables,147,"Class M-2B, M-2BR, M-2BS, M-2BT, M-2BU, M-2BI, M-2RB*, M-2SB*, M-2TB* and M-2UB*",M-2BR,,15,"March 25, 2037",0,
Declining Balances Tables,147,"Class M-2B, M-2BR, M-2BS, M-2BT, M-2BU, M-2BI, M-2RB*, M-2SB*, M-2TB* and M-2UB*",M-2BR,,25,"March 25, 2037",0,
Declining Balances Tables,147,"Class M-2B, M-2BR, M-2BS, M-2BT, M-2BU, M-2BI, M-2RB*, M-2SB*, M-2TB* and M-2UB*",M-2BR,,35,"March 25, 2037",0,
Declining Balances Tables,147,"Class M-2B, M-2BR, M-2BS, M-2BT, M-2BU, M-2BI, M-2RB*, M-2SB*, M-2TB* and M-2UB*",M-2BS,,0,"March 25, 2037",100,
Declining Balances Tables,147,"Class M-2B, M-2BR, M-2BS, M-2BT, M-2BU, M-2BI, M-2RB*, M-2SB*, M-2TB* and M-2UB*",M-2BS,,5,"March 25, 2037",0,
Declining Balances Tables,147,"Class M-2B, M-2BR, M-2BS, M-2BT, M-2BU, M-2BI, M-2RB*, M-2SB*, M-2TB* and M-2UB*",M-2BS,,10,"March 25, 2037",0,
Declining Balances Tables,147,"Class M-2B, M-2BR, M-2BS, M-2BT, M-2BU, M-2BI, M-2RB*, M-2SB*, M-2TB* and M-2UB*",M-2BS,,15,"March 25, 2037",0,
Declining Balances Tables,147,"Class M-2B, M-2BR, M-2BS, M-2BT, M-2BU, M-2BI, M-2RB*, M-2SB*, M-2TB* and M-2UB*",M-2BS,,25,"March 25, 2037",0,
Declining Balances Tables,147,"Class M-2B, M-2BR, M-2BS, M-2BT, M-2BU, M-2BI, M-2RB*, M-2SB*, M-2TB* and M-2UB*",M-2BS,,35,"March 25, 2037",0,
Declining Balances Tables,147,"Class M-2B, M-2BR, M-2BS, M-2BT, M-2BU, M-2BI, M-2RB*, M-2SB*, M-2TB* and M-2UB*",M-2BT,,0,"March 25, 2037",100,
Declining Balances Tables,147,"Class M-2B, M-2BR, M-2BS, M-2BT, M-2BU, M-2BI, M-2RB*, M-2SB*, M-2TB* and M-2UB*",M-2BT,,5,"March 25, 2037",0,
Declining Balances Tables,147,"Class M-2B, M-2BR, M-2BS, M-2BT, M-2BU, M-2BI, M-2RB*, M-2SB*, M-2TB* and M-2UB*",M-2BT,,10,"March 25, 2037",0,
Declining Balances Tables,147,"Class M-2B, M-2BR, M-2BS, M-2BT, M-2BU, M-2BI, M-2RB*, M-2SB*, M-2TB* and M-2UB*",M-2BT,,15,"March 25, 2037",0,
Declining Balances Tables,147,"Class M-2B, M-2BR, M-2BS, M-2BT, M-2BU, M-2BI, M-2RB*, M-2SB*, M-2TB* and M-2UB*",M-2BT,,25,"March 25, 2037",0,
Declining Balances Tables,147,"Class M-2B, M-2BR, M-2BS, M-2BT, M-2BU, M-2BI, M-2RB*, M-2SB*, M-2TB* and M-2UB*",M-2BT,,35,"March 25, 2037",0,
Declining Balances Tables,147,"Class M-2B, M-2BR, M-2BS, M-2BT, M-2BU, M-2BI, M-2RB*, M-2SB*, M-2TB* and M-2UB*",M-2BU,,0,"March 25, 2037",100,
Declining Balances Tables,147,"Class M-2B, M-2BR, M-2BS, M-2BT, M-2BU, M-2BI, M-2RB*, M-2SB*, M-2TB* and M-2UB*",M-2BU,,5,"March 25, 2037",0,
Declining Balances Tables,147,"Class M-2B, M-2BR, M-2BS, M-2BT, M-2BU, M-2BI, M-2RB*, M-2SB*, M-2TB* and M-2UB*",M-2BU,,10,"March 25, 2037",0,
Declining Balances Tables,147,"Class M-2B, M-2BR, M-2BS, M-2BT, M-2BU, M-2BI, M-2RB*, M-2SB*, M-2TB* and M-2UB*",M-2BU,,15,"March 25, 2037",0,
Declining Balances Tables,147,"Class M-2B, M-2BR, M-2BS, M-2BT, M-2BU, M-2BI, M-2RB*, M-2SB*, M-2TB* and M-2UB*",M-2BU,,25,"March 25, 2037",0,
Declining Balances Tables,147,"Class M-2B, M-2BR, M-2BS, M-2BT, M-2BU, M-2BI, M-2RB*, M-2SB*, M-2TB* and M-2UB*",M-2BU,,35,"March 25, 2037",0,
Declining Balances Tables,147,"Class M-2B, M-2BR, M-2BS, M-2BT, M-2BU, M-2BI, M-2RB*, M-2SB*, M-2TB* and M-2UB*",M-2BI,,0,"March 25, 2037",100,
Declining Balances Tables,147,"Class M-2B, M-2BR, M-2BS, M-2BT, M-2BU, M-2BI, M-2RB*, M-2SB*, M-2TB* and M-2UB*",M-2BI,,5,"March 25, 2037",0,
Declining Balances Tables,147,"Class M-2B, M-2BR, M-2BS, M-2BT, M-2BU, M-2BI, M-2RB*, M-2SB*, M-2TB* and M-2UB*",M-2BI,,10,"March 25, 2037",0,
Declining Balances Tables,147,"Class M-2B, M-2BR, M-2BS, M-2BT, M-2BU, M-2BI, M-2RB*, M-2SB*, M-2TB* and M-2UB*",M-2BI,,15,"March 25, 2037",0,
Declining Balances Tables,147,"Class M-2B, M-2BR, M-2BS, M-2BT, M-2BU, M-2BI, M-2RB*, M-2SB*, M-2TB* and M-2UB*",M-2BI,,25,"March 25, 2037",0,
Declining Balances Tables,147,"Class M-2B, M-2BR, M-2BS, M-2BT, M-2BU, M-2BI, M-2RB*, M-2SB*, M-2TB* and M-2UB*",M-2BI,,35,"March 25, 2037",0,
Declining Balances Tables,147,"Class M-2B, M-2BR, M-2BS, M-2BT, M-2BU, M-2BI, M-2RB*, M-2SB*, M-2TB* and M-2UB*",M-2RB,*,0,"March 25, 2037",100,
Declining Balances Tables,147,"Class M-2B, M-2BR, M-2BS, M-2BT, M-2BU, M-2BI, M-2RB*, M-2SB*, M-2TB* and M-2UB*",M-2RB,*,5,"March 25, 2037",0,
Declining Balances Tables,147,"Class M-2B, M-2BR, M-2BS, M-2BT, M-2BU, M-2BI, M-2RB*, M-2SB*, M-2TB* and M-2UB*",M-2RB,*,10,"March 25, 2037",0,
Declining Balances Tables,147,"Class M-2B, M-2BR, M-2BS, M-2BT, M-2BU, M-2BI, M-2RB*, M-2SB*, M-2TB* and M-2UB*",M-2RB,*,15,"March 25, 2037",0,
Declining Balances Tables,147,"Class M-2B, M-2BR, M-2BS, M-2BT, M-2BU, M-2BI, M-2RB*, M-2SB*, M-2TB* and M-2UB*",M-2RB,*,25,"March 25, 2037",0,
Declining Balances Tables,147,"Class M-2B, M-2BR, M-2BS, M-2BT, M-2BU, M-2BI, M-2RB*, M-2SB*, M-2TB* and M-2UB*",M-2RB,*,35,"March 25, 2037",0,
Declining Balances Tables,147,"Class M-2B, M-2BR, M-2BS, M-2BT, M-2BU, M-2BI, M-2RB*, M-2SB*, M-2TB* and M-2UB*",M-2SB,*,0,"March 25, 2037",100,
Declining Balances Tables,147,"Class M-2B, M-2BR, M-2BS, M-2BT, M-2BU, M-2BI, M-2RB*, M-2SB*, M-2TB* and M-2UB*",M-2SB,*,5,"March 25, 2037",0,
Declining Balances Tables,147,"Class M-2B, M-2BR, M-2BS, M-2BT, M-2BU, M-2BI, M-2RB*, M-2SB*, M-2TB* and M-2UB*",M-2SB,*,10,"March 25, 2037",0,
Declining Balances Tables,147,"Class M-2B, M-2BR, M-2BS, M-2BT, M-2BU, M-2BI, M-2RB*, M-2SB*, M-2TB* and M-2UB*",M-2SB,*,15,"March 25, 2037",0,
Declining Balances Tables,147,"Class M-2B, M-2BR, M-2BS, M-2BT, M-2BU, M-2BI, M-2RB*, M-2SB*, M-2TB* and M-2UB*",M-2SB,*,25,"March 25, 2037",0,
Declining Balances Tables,147,"Class M-2B, M-2BR, M-2BS, M-2BT, M-2BU, M-2BI, M-2RB*, M-2SB*, M-2TB* and M-2UB*",M-2SB,*,35,"March 25, 2037",0,
Declining Balances Tables,147,"Class M-2B, M-2BR, M-2BS, M-2BT, M-2BU, M-2BI, M-2RB*, M-2SB*, M-2TB* and M-2UB*",M-2TB,*,0,"March 25, 2037",100,
Declining Balances Tables,147,"Class M-2B, M-2BR, M-2BS, M-2BT, M-2BU, M-2BI, M-2RB*, M-2SB*, M-2TB* and M-2UB*",M-2TB,*,5,"March 25, 2037",0,
Declining Balances Tables,147,"Class M-2B, M-2BR, M-2BS, M-2BT, M-2BU, M-2BI, M-2RB*, M-2SB*, M-2TB* and M-2UB*",M-2TB,*,10,"March 25, 2037",0,
Declining Balances Tables,147,"Class M-2B, M-2BR, M-2BS, M-2BT, M-2BU, M-2BI, M-2RB*, M-2SB*, M-2TB* and M-2UB*",M-2TB,*,15,"March 25, 2037",0,
Declining Balances Tables,147,"Class M-2B, M-2BR, M-2BS, M-2BT, M-2BU, M-2BI, M-2RB*, M-2SB*, M-2TB* and M-2UB*",M-2TB,*,25,"March 25, 2037",0,
Declining Balances Tables,147,"Class M-2B, M-2BR, M-2BS, M-2BT, M-2BU, M-2BI, M-2RB*, M-2SB*, M-2TB* and M-2UB*",M-2TB,*,35,"March 25, 2037",0,
Declining Balances Tables,147,"Class M-2B, M-2BR, M-2BS, M-2BT, M-2BU, M-2BI, M-2RB*, M-2SB*, M-2TB* and M-2UB*",M-2UB,*,0,"March 25, 2037",100,
Declining Balances Tables,147,"Class M-2B, M-2BR, M-2BS, M-2BT, M-2BU, M-2BI, M-2RB*, M-2SB*, M-2TB* and M-2UB*",M-2UB,*,5,"March 25, 2037",0,
Declining Balances Tables,147,"Class M-2B, M-2BR, M-2BS, M-2BT, M-2BU, M-2BI, M-2RB*, M-2SB*, M-2TB* and M-2UB*",M-2UB,*,10,"March 25, 2037",0,
Declining Balances Tables,147,"Class M-2B, M-2BR, M-2BS, M-2BT, M-2BU, M-2BI, M-2RB*, M-2SB*, M-2TB* and M-2UB*",M-2UB,*,15,"March 25, 2037",0,
Declining Balances Tables,147,"Class M-2B, M-2BR, M-2BS, M-2BT, M-2BU, M-2BI, M-2RB*, M-2SB*, M-2TB* and M-2UB*",M-2UB,*,25,"March 25, 2037",0,
Declining Balances Tables,147,"Class M-2B, M-2BR, M-2BS, M-2BT, M-2BU, M-2BI, M-2RB*, M-2SB*, M-2TB* and M-2UB*",M-2UB,*,35,"March 25, 2037",0,
Declining Balances Tables,147,"Class M-2B, M-2BR, M-2BS, M-2BT, M-2BU, M-2BI, M-2RB*, M-2SB*, M-2TB* and M-2UB*",M-2B,,0,"March 25, 2038",100,
Declining Balances Tables,147,"Class M-2B, M-2BR, M-2BS, M-2BT, M-2BU, M-2BI, M-2RB*, M-2SB*, M-2TB* and M-2UB*",M-2B,,5,"March 25, 2038",0,
Declining Balances Tables,147,"Class M-2B, M-2BR, M-2BS, M-2BT, M-2BU, M-2BI, M-2RB*, M-2SB*, M-2TB* and M-2UB*",M-2B,,10,"March 25, 2038",0,
Declining Balances Tables,147,"Class M-2B, M-2BR, M-2BS, M-2BT, M-2BU, M-2BI, M-2RB*, M-2SB*, M-2TB* and M-2UB*",M-2B,,15,"March 25, 2038",0,
Declining Balances Tables,147,"Class M-2B, M-2BR, M-2BS, M-2BT, M-2BU, M-2BI, M-2RB*, M-2SB*, M-2TB* and M-2UB*",M-2B,,25,"March 25, 2038",0,
Declining Balances Tables,147,"Class M-2B, M-2BR, M-2BS, M-2BT, M-2BU, M-2BI, M-2RB*, M-2SB*, M-2TB* and M-2UB*",M-2B,,35,"March 25, 2038",0,
Declining Balances Tables,147,"Class M-2B, M-2BR, M-2BS, M-2BT, M-2BU, M-2BI, M-2RB*, M-2SB*, M-2TB* and M-2UB*",M-2BR,,0,"March 25, 2038",100,
Declining Balances Tables,147,"Class M-2B, M-2BR, M-2BS, M-2BT, M-2BU, M-2BI, M-2RB*, M-2SB*, M-2TB* and M-2UB*",M-2BR,,5,"March 25, 2038",0,
Declining Balances Tables,147,"Class M-2B, M-2BR, M-2BS, M-2BT, M-2BU, M-2BI, M-2RB*, M-2SB*, M-2TB* and M-2UB*",M-2BR,,10,"March 25, 2038",0,
Declining Balances Tables,147,"Class M-2B, M-2BR, M-2BS, M-2BT, M-2BU, M-2BI, M-2RB*, M-2SB*, M-2TB* and M-2UB*",M-2BR,,15,"March 25, 2038",0,
Declining Balances Tables,147,"Class M-2B, M-2BR, M-2BS, M-2BT, M-2BU, M-2BI, M-2RB*, M-2SB*, M-2TB* and M-2UB*",M-2BR,,25,"March 25, 2038",0,
Declining Balances Tables,147,"Class M-2B, M-2BR, M-2BS, M-2BT, M-2BU, M-2BI, M-2RB*, M-2SB*, M-2TB* and M-2UB*",M-2BR,,35,"March 25, 2038",0,
Declining Balances Tables,147,"Class M-2B, M-2BR, M-2BS, M-2BT, M-2BU, M-2BI, M-2RB*, M-2SB*, M-2TB* and M-2UB*",M-2BS,,0,"March 25, 2038",100,
Declining Balances Tables,147,"Class M-2B, M-2BR, M-2BS, M-2BT, M-2BU, M-2BI, M-2RB*, M-2SB*, M-2TB* and M-2UB*",M-2BS,,5,"March 25, 2038",0,
Declining Balances Tables,147,"Class M-2B, M-2BR, M-2BS, M-2BT, M-2BU, M-2BI, M-2RB*, M-2SB*, M-2TB* and M-2UB*",M-2BS,,10,"March 25, 2038",0,
Declining Balances Tables,147,"Class M-2B, M-2BR, M-2BS, M-2BT, M-2BU, M-2BI, M-2RB*, M-2SB*, M-2TB* and M-2UB*",M-2BS,,15,"March 25, 2038",0,
Declining Balances Tables,147,"Class M-2B, M-2BR, M-2BS, M-2BT, M-2BU, M-2BI, M-2RB*, M-2SB*, M-2TB* and M-2UB*",M-2BS,,25,"March 25, 2038",0,
Declining Balances Tables,147,"Class M-2B, M-2BR, M-2BS, M-2BT, M-2BU, M-2BI, M-2RB*, M-2SB*, M-2TB* and M-2UB*",M-2BS,,35,"March 25, 2038",0,
Declining Balances Tables,147,"Class M-2B, M-2BR, M-2BS, M-2BT, M-2BU, M-2BI, M-2RB*, M-2SB*, M-2TB* and M-2UB*",M-2BT,,0,"March 25, 2038",100,
Declining Balances Tables,147,"Class M-2B, M-2BR, M-2BS, M-2BT, M-2BU, M-2BI, M-2RB*, M-2SB*, M-2TB* and M-2UB*",M-2BT,,5,"March 25, 2038",0,
Declining Balances Tables,147,"Class M-2B, M-2BR, M-2BS, M-2BT, M-2BU, M-2BI, M-2RB*, M-2SB*, M-2TB* and M-2UB*",M-2BT,,10,"March 25, 2038",0,
Declining Balances Tables,147,"Class M-2B, M-2BR, M-2BS, M-2BT, M-2BU, M-2BI, M-2RB*, M-2SB*, M-2TB* and M-2UB*",M-2BT,,15,"March 25, 2038",0,
Declining Balances Tables,147,"Class M-2B, M-2BR, M-2BS, M-2BT, M-2BU, M-2BI, M-2RB*, M-2SB*, M-2TB* and M-2UB*",M-2BT,,25,"March 25, 2038",0,
Declining Balances Tables,147,"Class M-2B, M-2BR, M-2BS, M-2BT, M-2BU, M-2BI, M-2RB*, M-2SB*, M-2TB* and M-2UB*",M-2BT,,35,"March 25, 2038",0,
Declining Balances Tables,147,"Class M-2B, M-2BR, M-2BS, M-2BT, M-2BU, M-2BI, M-2RB*, M-2SB*, M-2TB* and M-2UB*",M-2BU,,0,"March 25, 2038",100,
Declining Balances Tables,147,"Class M-2B, M-2BR, M-2BS, M-2BT, M-2BU, M-2BI, M-2RB*, M-2SB*, M-2TB* and M-2UB*",M-2BU,,5,"March 25, 2038",0,
Declining Balances Tables,147,"Class M-2B, M-2BR, M-2BS, M-2BT, M-2BU, M-2BI, M-2RB*, M-2SB*, M-2TB* and M-2UB*",M-2BU,,10,"March 25, 2038",0,
Declining Balances Tables,147,"Class M-2B, M-2BR, M-2BS, M-2BT, M-2BU, M-2BI, M-2RB*, M-2SB*, M-2TB* and M-2UB*",M-2BU,,15,"March 25, 2038",0,
Declining Balances Tables,147,"Class M-2B, M-2BR, M-2BS, M-2BT, M-2BU, M-2BI, M-2RB*, M-2SB*, M-2TB* and M-2UB*",M-2BU,,25,"March 25, 2038",0,
Declining Balances Tables,147,"Class M-2B, M-2BR, M-2BS, M-2BT, M-2BU, M-2BI, M-2RB*, M-2SB*, M-2TB* and M-2UB*",M-2BU,,35,"March 25, 2038",0,
Declining Balances Tables,147,"Class M-2B, M-2BR, M-2BS, M-2BT, M-2BU, M-2BI, M-2RB*, M-2SB*, M-2TB* and M-2UB*",M-2BI,,0,"March 25, 2038",100,
Declining Balances Tables,147,"Class M-2B, M-2BR, M-2BS, M-2BT, M-2BU, M-2BI, M-2RB*, M-2SB*, M-2TB* and M-2UB*",M-2BI,,5,"March 25, 2038",0,
Declining Balances Tables,147,"Class M-2B, M-2BR, M-2BS, M-2BT, M-2BU, M-2BI, M-2RB*, M-2SB*, M-2TB* and M-2UB*",M-2BI,,10,"March 25, 2038",0,
Declining Balances Tables,147,"Class M-2B, M-2BR, M-2BS, M-2BT, M-2BU, M-2BI, M-2RB*, M-2SB*, M-2TB* and M-2UB*",M-2BI,,15,"March 25, 2038",0,
Declining Balances Tables,147,"Class M-2B, M-2BR, M-2BS, M-2BT, M-2BU, M-2BI, M-2RB*, M-2SB*, M-2TB* and M-2UB*",M-2BI,,25,"March 25, 2038",0,
Declining Balances Tables,147,"Class M-2B, M-2BR, M-2BS, M-2BT, M-2BU, M-2BI, M-2RB*, M-2SB*, M-2TB* and M-2UB*",M-2BI,,35,"March 25, 2038",0,
Declining Balances Tables,147,"Class M-2B, M-2BR, M-2BS, M-2BT, M-2BU, M-2BI, M-2RB*, M-2SB*, M-2TB* and M-2UB*",M-2RB,*,0,"March 25, 2038",100,
Declining Balances Tables,147,"Class M-2B, M-2BR, M-2BS, M-2BT, M-2BU, M-2BI, M-2RB*, M-2SB*, M-2TB* and M-2UB*",M-2RB,*,5,"March 25, 2038",0,
Declining Balances Tables,147,"Class M-2B, M-2BR, M-2BS, M-2BT, M-2BU, M-2BI, M-2RB*, M-2SB*, M-2TB* and M-2UB*",M-2RB,*,10,"March 25, 2038",0,
Declining Balances Tables,147,"Class M-2B, M-2BR, M-2BS, M-2BT, M-2BU, M-2BI, M-2RB*, M-2SB*, M-2TB* and M-2UB*",M-2RB,*,15,"March 25, 2038",0,
Declining Balances Tables,147,"Class M-2B, M-2BR, M-2BS, M-2BT, M-2BU, M-2BI, M-2RB*, M-2SB*, M-2TB* and M-2UB*",M-2RB,*,25,"March 25, 2038",0,
Declining Balances Tables,147,"Class M-2B, M-2BR, M-2BS, M-2BT, M-2BU, M-2BI, M-2RB*, M-2SB*, M-2TB* and M-2UB*",M-2RB,*,35,"March 25, 2038",0,
Declining Balances Tables,147,"Class M-2B, M-2BR, M-2BS, M-2BT, M-2BU, M-2BI, M-2RB*, M-2SB*, M-2TB* and M-2UB*",M-2SB,*,0,"March 25, 2038",100,
Declining Balances Tables,147,"Class M-2B, M-2BR, M-2BS, M-2BT, M-2BU, M-2BI, M-2RB*, M-2SB*, M-2TB* and M-2UB*",M-2SB,*,5,"March 25, 2038",0,
Declining Balances Tables,147,"Class M-2B, M-2BR, M-2BS, M-2BT, M-2BU, M-2BI, M-2RB*, M-2SB*, M-2TB* and M-2UB*",M-2SB,*,10,"March 25, 2038",0,
Declining Balances Tables,147,"Class M-2B, M-2BR, M-2BS, M-2BT, M-2BU, M-2BI, M-2RB*, M-2SB*, M-2TB* and M-2UB*",M-2SB,*,15,"March 25, 2038",0,
Declining Balances Tables,147,"Class M-2B, M-2BR, M-2BS, M-2BT, M-2BU, M-2BI, M-2RB*, M-2SB*, M-2TB* and M-2UB*",M-2SB,*,25,"March 25, 2038",0,
Declining Balances Tables,147,"Class M-2B, M-2BR, M-2BS, M-2BT, M-2BU, M-2BI, M-2RB*, M-2SB*, M-2TB* and M-2UB*",M-2SB,*,35,"March 25, 2038",0,
Declining Balances Tables,147,"Class M-2B, M-2BR, M-2BS, M-2BT, M-2BU, M-2BI, M-2RB*, M-2SB*, M-2TB* and M-2UB*",M-2TB,*,0,"March 25, 2038",100,
Declining Balances Tables,147,"Class M-2B, M-2BR, M-2BS, M-2BT, M-2BU, M-2BI, M-2RB*, M-2SB*, M-2TB* and M-2UB*",M-2TB,*,5,"March 25, 2038",0,
Declining Balances Tables,147,"Class M-2B, M-2BR, M-2BS, M-2BT, M-2BU, M-2BI, M-2RB*, M-2SB*, M-2TB* and M-2UB*",M-2TB,*,10,"March 25, 2038",0,
Declining Balances Tables,147,"Class M-2B, M-2BR, M-2BS, M-2BT, M-2BU, M-2BI, M-2RB*, M-2SB*, M-2TB* and M-2UB*",M-2TB,*,15,"March 25, 2038",0,
Declining Balances Tables,147,"Class M-2B, M-2BR, M-2BS, M-2BT, M-2BU, M-2BI, M-2RB*, M-2SB*, M-2TB* and M-2UB*",M-2TB,*,25,"March 25, 2038",0,
Declining Balances Tables,147,"Class M-2B, M-2BR, M-2BS, M-2BT, M-2BU, M-2BI, M-2RB*, M-2SB*, M-2TB* and M-2UB*",M-2TB,*,35,"March 25, 2038",0,
Declining Balances Tables,147,"Class M-2B, M-2BR, M-2BS, M-2BT, M-2BU, M-2BI, M-2RB*, M-2SB*, M-2TB* and M-2UB*",M-2UB,*,0,"March 25, 2038",100,
Declining Balances Tables,147,"Class M-2B, M-2BR, M-2BS, M-2BT, M-2BU, M-2BI, M-2RB*, M-2SB*, M-2TB* and M-2UB*",M-2UB,*,5,"March 25, 2038",0,
Declining Balances Tables,147,"Class M-2B, M-2BR, M-2BS, M-2BT, M-2BU, M-2BI, M-2RB*, M-2SB*, M-2TB* and M-2UB*",M-2UB,*,10,"March 25, 2038",0,
Declining Balances Tables,147,"Class M-2B, M-2BR, M-2BS, M-2BT, M-2BU, M-2BI, M-2RB*, M-2SB*, M-2TB* and M-2UB*",M-2UB,*,15,"March 25, 2038",0,
Declining Balances Tables,147,"Class M-2B, M-2BR, M-2BS, M-2BT, M-2BU, M-2BI, M-2RB*, M-2SB*, M-2TB* and M-2UB*",M-2UB,*,25,"March 25, 2038",0,
Declining Balances Tables,147,"Class M-2B, M-2BR, M-2BS, M-2BT, M-2BU, M-2BI, M-2RB*, M-2SB*, M-2TB* and M-2UB*",M-2UB,*,35,"March 25, 2038",0,
Declining Balances Tables,147,"Class M-2B, M-2BR, M-2BS, M-2BT, M-2BU, M-2BI, M-2RB*, M-2SB*, M-2TB* and M-2UB*",M-2B,,0,"March 25, 2039",100,
Declining Balances Tables,147,"Class M-2B, M-2BR, M-2BS, M-2BT, M-2BU, M-2BI, M-2RB*, M-2SB*, M-2TB* and M-2UB*",M-2B,,5,"March 25, 2039",0,
Declining Balances Tables,147,"Class M-2B, M-2BR, M-2BS, M-2BT, M-2BU, M-2BI, M-2RB*, M-2SB*, M-2TB* and M-2UB*",M-2B,,10,"March 25, 2039",0,
Declining Balances Tables,147,"Class M-2B, M-2BR, M-2BS, M-2BT, M-2BU, M-2BI, M-2RB*, M-2SB*, M-2TB* and M-2UB*",M-2B,,15,"March 25, 2039",0,
Declining Balances Tables,147,"Class M-2B, M-2BR, M-2BS, M-2BT, M-2BU, M-2BI, M-2RB*, M-2SB*, M-2TB* and M-2UB*",M-2B,,25,"March 25, 2039",0,
Declining Balances Tables,147,"Class M-2B, M-2BR, M-2BS, M-2BT, M-2BU, M-2BI, M-2RB*, M-2SB*, M-2TB* and M-2UB*",M-2B,,35,"March 25, 2039",0,
Declining Balances Tables,147,"Class M-2B, M-2BR, M-2BS, M-2BT, M-2BU, M-2BI, M-2RB*, M-2SB*, M-2TB* and M-2UB*",M-2BR,,0,"March 25, 2039",100,
Declining Balances Tables,147,"Class M-2B, M-2BR, M-2BS, M-2BT, M-2BU, M-2BI, M-2RB*, M-2SB*, M-2TB* and M-2UB*",M-2BR,,5,"March 25, 2039",0,
Declining Balances Tables,147,"Class M-2B, M-2BR, M-2BS, M-2BT, M-2BU, M-2BI, M-2RB*, M-2SB*, M-2TB* and M-2UB*",M-2BR,,10,"March 25, 2039",0,
Declining Balances Tables,147,"Class M-2B, M-2BR, M-2BS, M-2BT, M-2BU, M-2BI, M-2RB*, M-2SB*, M-2TB* and M-2UB*",M-2BR,,15,"March 25, 2039",0,
Declining Balances Tables,147,"Class M-2B, M-2BR, M-2BS, M-2BT, M-2BU, M-2BI, M-2RB*, M-2SB*, M-2TB* and M-2UB*",M-2BR,,25,"March 25, 2039",0,
Declining Balances Tables,147,"Class M-2B, M-2BR, M-2BS, M-2BT, M-2BU, M-2BI, M-2RB*, M-2SB*, M-2TB* and M-2UB*",M-2BR,,35,"March 25, 2039",0,
Declining Balances Tables,147,"Class M-2B, M-2BR, M-2BS, M-2BT, M-2BU, M-2BI, M-2RB*, M-2SB*, M-2TB* and M-2UB*",M-2BS,,0,"March 25, 2039",100,
Declining Balances Tables,147,"Class M-2B, M-2BR, M-2BS, M-2BT, M-2BU, M-2BI, M-2RB*, M-2SB*, M-2TB* and M-2UB*",M-2BS,,5,"March 25, 2039",0,
Declining Balances Tables,147,"Class M-2B, M-2BR, M-2BS, M-2BT, M-2BU, M-2BI, M-2RB*, M-2SB*, M-2TB* and M-2UB*",M-2BS,,10,"March 25, 2039",0,
Declining Balances Tables,147,"Class M-2B, M-2BR, M-2BS, M-2BT, M-2BU, M-2BI, M-2RB*, M-2SB*, M-2TB* and M-2UB*",M-2BS,,15,"March 25, 2039",0,
Declining Balances Tables,147,"Class M-2B, M-2BR, M-2BS, M-2BT, M-2BU, M-2BI, M-2RB*, M-2SB*, M-2TB* and M-2UB*",M-2BS,,25,"March 25, 2039",0,
Declining Balances Tables,147,"Class M-2B, M-2BR, M-2BS, M-2BT, M-2BU, M-2BI, M-2RB*, M-2SB*, M-2TB* and M-2UB*",M-2BS,,35,"March 25, 2039",0,
Declining Balances Tables,147,"Class M-2B, M-2BR, M-2BS, M-2BT, M-2BU, M-2BI, M-2RB*, M-2SB*, M-2TB* and M-2UB*",M-2BT,,0,"March 25, 2039",100,
Declining Balances Tables,147,"Class M-2B, M-2BR, M-2BS, M-2BT, M-2BU, M-2BI, M-2RB*, M-2SB*, M-2TB* and M-2UB*",M-2BT,,5,"March 25, 2039",0,
Declining Balances Tables,147,"Class M-2B, M-2BR, M-2BS, M-2BT, M-2BU, M-2BI, M-2RB*, M-2SB*, M-2TB* and M-2UB*",M-2BT,,10,"March 25, 2039",0,
Declining Balances Tables,147,"Class M-2B, M-2BR, M-2BS, M-2BT, M-2BU, M-2BI, M-2RB*, M-2SB*, M-2TB* and M-2UB*",M-2BT,,15,"March 25, 2039",0,
Declining Balances Tables,147,"Class M-2B, M-2BR, M-2BS, M-2BT, M-2BU, M-2BI, M-2RB*, M-2SB*, M-2TB* and M-2UB*",M-2BT,,25,"March 25, 2039",0,
Declining Balances Tables,147,"Class M-2B, M-2BR, M-2BS, M-2BT, M-2BU, M-2BI, M-2RB*, M-2SB*, M-2TB* and M-2UB*",M-2BT,,35,"March 25, 2039",0,
Declining Balances Tables,147,"Class M-2B, M-2BR, M-2BS, M-2BT, M-2BU, M-2BI, M-2RB*, M-2SB*, M-2TB* and M-2UB*",M-2BU,,0,"March 25, 2039",100,
Declining Balances Tables,147,"Class M-2B, M-2BR, M-2BS, M-2BT, M-2BU, M-2BI, M-2RB*, M-2SB*, M-2TB* and M-2UB*",M-2BU,,5,"March 25, 2039",0,
Declining Balances Tables,147,"Class M-2B, M-2BR, M-2BS, M-2BT, M-2BU, M-2BI, M-2RB*, M-2SB*, M-2TB* and M-2UB*",M-2BU,,10,"March 25, 2039",0,
Declining Balances Tables,147,"Class M-2B, M-2BR, M-2BS, M-2BT, M-2BU, M-2BI, M-2RB*, M-2SB*, M-2TB* and M-2UB*",M-2BU,,15,"March 25, 2039",0,
Declining Balances Tables,147,"Class M-2B, M-2BR, M-2BS, M-2BT, M-2BU, M-2BI, M-2RB*, M-2SB*, M-2TB* and M-2UB*",M-2BU,,25,"March 25, 2039",0,
Declining Balances Tables,147,"Class M-2B, M-2BR, M-2BS, M-2BT, M-2BU, M-2BI, M-2RB*, M-2SB*, M-2TB* and M-2UB*",M-2BU,,35,"March 25, 2039",0,
Declining Balances Tables,147,"Class M-2B, M-2BR, M-2BS, M-2BT, M-2BU, M-2BI, M-2RB*, M-2SB*, M-2TB* and M-2UB*",M-2BI,,0,"March 25, 2039",100,
Declining Balances Tables,147,"Class M-2B, M-2BR, M-2BS, M-2BT, M-2BU, M-2BI, M-2RB*, M-2SB*, M-2TB* and M-2UB*",M-2BI,,5,"March 25, 2039",0,
Declining Balances Tables,147,"Class M-2B, M-2BR, M-2BS, M-2BT, M-2BU, M-2BI, M-2RB*, M-2SB*, M-2TB* and M-2UB*",M-2BI,,10,"March 25, 2039",0,
Declining Balances Tables,147,"Class M-2B, M-2BR, M-2BS, M-2BT, M-2BU, M-2BI, M-2RB*, M-2SB*, M-2TB* and M-2UB*",M-2BI,,15,"March 25, 2039",0,
Declining Balances Tables,147,"Class M-2B, M-2BR, M-2BS, M-2BT, M-2BU, M-2BI, M-2RB*, M-2SB*, M-2TB* and M-2UB*",M-2BI,,25,"March 25, 2039",0,
Declining Balances Tables,147,"Class M-2B, M-2BR, M-2BS, M-2BT, M-2BU, M-2BI, M-2RB*, M-2SB*, M-2TB* and M-2UB*",M-2BI,,35,"March 25, 2039",0,
Declining Balances Tables,147,"Class M-2B, M-2BR, M-2BS, M-2BT, M-2BU, M-2BI, M-2RB*, M-2SB*, M-2TB* and M-2UB*",M-2RB,*,0,"March 25, 2039",100,
Declining Balances Tables,147,"Class M-2B, M-2BR, M-2BS, M-2BT, M-2BU, M-2BI, M-2RB*, M-2SB*, M-2TB* and M-2UB*",M-2RB,*,5,"March 25, 2039",0,
Declining Balances Tables,147,"Class M-2B, M-2BR, M-2BS, M-2BT, M-2BU, M-2BI, M-2RB*, M-2SB*, M-2TB* and M-2UB*",M-2RB,*,10,"March 25, 2039",0,
Declining Balances Tables,147,"Class M-2B, M-2BR, M-2BS, M-2BT, M-2BU, M-2BI, M-2RB*, M-2SB*, M-2TB* and M-2UB*",M-2RB,*,15,"March 25, 2039",0,
Declining Balances Tables,147,"Class M-2B, M-2BR, M-2BS, M-2BT, M-2BU, M-2BI, M-2RB*, M-2SB*, M-2TB* and M-2UB*",M-2RB,*,25,"March 25, 2039",0,
Declining Balances Tables,147,"Class M-2B, M-2BR, M-2BS, M-2BT, M-2BU, M-2BI, M-2RB*, M-2SB*, M-2TB* and M-2UB*",M-2RB,*,35,"March 25, 2039",0,
Declining Balances Tables,147,"Class M-2B, M-2BR, M-2BS, M-2BT, M-2BU, M-2BI, M-2RB*, M-2SB*, M-2TB* and M-2UB*",M-2SB,*,0,"March 25, 2039",100,
Declining Balances Tables,147,"Class M-2B, M-2BR, M-2BS, M-2BT, M-2BU, M-2BI, M-2RB*, M-2SB*, M-2TB* and M-2UB*",M-2SB,*,5,"March 25, 2039",0,
Declining Balances Tables,147,"Class M-2B, M-2BR, M-2BS, M-2BT, M-2BU, M-2BI, M-2RB*, M-2SB*, M-2TB* and M-2UB*",M-2SB,*,10,"March 25, 2039",0,
Declining Balances Tables,147,"Class M-2B, M-2BR, M-2BS, M-2BT, M-2BU, M-2BI, M-2RB*, M-2SB*, M-2TB* and M-2UB*",M-2SB,*,15,"March 25, 2039",0,
Declining Balances Tables,147,"Class M-2B, M-2BR, M-2BS, M-2BT, M-2BU, M-2BI, M-2RB*, M-2SB*, M-2TB* and M-2UB*",M-2SB,*,25,"March 25, 2039",0,
Declining Balances Tables,147,"Class M-2B, M-2BR, M-2BS, M-2BT, M-2BU, M-2BI, M-2RB*, M-2SB*, M-2TB* and M-2UB*",M-2SB,*,35,"March 25, 2039",0,
Declining Balances Tables,147,"Class M-2B, M-2BR, M-2BS, M-2BT, M-2BU, M-2BI, M-2RB*, M-2SB*, M-2TB* and M-2UB*",M-2TB,*,0,"March 25, 2039",100,
Declining Balances Tables,147,"Class M-2B, M-2BR, M-2BS, M-2BT, M-2BU, M-2BI, M-2RB*, M-2SB*, M-2TB* and M-2UB*",M-2TB,*,5,"March 25, 2039",0,
Declining Balances Tables,147,"Class M-2B, M-2BR, M-2BS, M-2BT, M-2BU, M-2BI, M-2RB*, M-2SB*, M-2TB* and M-2UB*",M-2TB,*,10,"March 25, 2039",0,
Declining Balances Tables,147,"Class M-2B, M-2BR, M-2BS, M-2BT, M-2BU, M-2BI, M-2RB*, M-2SB*, M-2TB* and M-2UB*",M-2TB,*,15,"March 25, 2039",0,
Declining Balances Tables,147,"Class M-2B, M-2BR, M-2BS, M-2BT, M-2BU, M-2BI, M-2RB*, M-2SB*, M-2TB* and M-2UB*",M-2TB,*,25,"March 25, 2039",0,
Declining Balances Tables,147,"Class M-2B, M-2BR, M-2BS, M-2BT, M-2BU, M-2BI, M-2RB*, M-2SB*, M-2TB* and M-2UB*",M-2TB,*,35,"March 25, 2039",0,
Declining Balances Tables,147,"Class M-2B, M-2BR, M-2BS, M-2BT, M-2BU, M-2BI, M-2RB*, M-2SB*, M-2TB* and M-2UB*",M-2UB,*,0,"March 25, 2039",100,
Declining Balances Tables,147,"Class M-2B, M-2BR, M-2BS, M-2BT, M-2BU, M-2BI, M-2RB*, M-2SB*, M-2TB* and M-2UB*",M-2UB,*,5,"March 25, 2039",0,
Declining Balances Tables,147,"Class M-2B, M-2BR, M-2BS, M-2BT, M-2BU, M-2BI, M-2RB*, M-2SB*, M-2TB* and M-2UB*",M-2UB,*,10,"March 25, 2039",0,
Declining Balances Tables,147,"Class M-2B, M-2BR, M-2BS, M-2BT, M-2BU, M-2BI, M-2RB*, M-2SB*, M-2TB* and M-2UB*",M-2UB,*,15,"March 25, 2039",0,
Declining Balances Tables,147,"Class M-2B, M-2BR, M-2BS, M-2BT, M-2BU, M-2BI, M-2RB*, M-2SB*, M-2TB* and M-2UB*",M-2UB,*,25,"March 25, 2039",0,
Declining Balances Tables,147,"Class M-2B, M-2BR, M-2BS, M-2BT, M-2BU, M-2BI, M-2RB*, M-2SB*, M-2TB* and M-2UB*",M-2UB,*,35,"March 25, 2039",0,
Declining Balances Tables,147,"Class M-2B, M-2BR, M-2BS, M-2BT, M-2BU, M-2BI, M-2RB*, M-2SB*, M-2TB* and M-2UB*",M-2B,,0,"March 25, 2040",100,
Declining Balances Tables,147,"Class M-2B, M-2BR, M-2BS, M-2BT, M-2BU, M-2BI, M-2RB*, M-2SB*, M-2TB* and M-2UB*",M-2B,,5,"March 25, 2040",0,
Declining Balances Tables,147,"Class M-2B, M-2BR, M-2BS, M-2BT, M-2BU, M-2BI, M-2RB*, M-2SB*, M-2TB* and M-2UB*",M-2B,,10,"March 25, 2040",0,
Declining Balances Tables,147,"Class M-2B, M-2BR, M-2BS, M-2BT, M-2BU, M-2BI, M-2RB*, M-2SB*, M-2TB* and M-2UB*",M-2B,,15,"March 25, 2040",0,
Declining Balances Tables,147,"Class M-2B, M-2BR, M-2BS, M-2BT, M-2BU, M-2BI, M-2RB*, M-2SB*, M-2TB* and M-2UB*",M-2B,,25,"March 25, 2040",0,
Declining Balances Tables,147,"Class M-2B, M-2BR, M-2BS, M-2BT, M-2BU, M-2BI, M-2RB*, M-2SB*, M-2TB* and M-2UB*",M-2B,,35,"March 25, 2040",0,
Declining Balances Tables,147,"Class M-2B, M-2BR, M-2BS, M-2BT, M-2BU, M-2BI, M-2RB*, M-2SB*, M-2TB* and M-2UB*",M-2BR,,0,"March 25, 2040",100,
Declining Balances Tables,147,"Class M-2B, M-2BR, M-2BS, M-2BT, M-2BU, M-2BI, M-2RB*, M-2SB*, M-2TB* and M-2UB*",M-2BR,,5,"March 25, 2040",0,
Declining Balances Tables,147,"Class M-2B, M-2BR, M-2BS, M-2BT, M-2BU, M-2BI, M-2RB*, M-2SB*, M-2TB* and M-2UB*",M-2BR,,10,"March 25, 2040",0,
Declining Balances Tables,147,"Class M-2B, M-2BR, M-2BS, M-2BT, M-2BU, M-2BI, M-2RB*, M-2SB*, M-2TB* and M-2UB*",M-2BR,,15,"March 25, 2040",0,
Declining Balances Tables,147,"Class M-2B, M-2BR, M-2BS, M-2BT, M-2BU, M-2BI, M-2RB*, M-2SB*, M-2TB* and M-2UB*",M-2BR,,25,"March 25, 2040",0,
Declining Balances Tables,147,"Class M-2B, M-2BR, M-2BS, M-2BT, M-2BU, M-2BI, M-2RB*, M-2SB*, M-2TB* and M-2UB*",M-2BR,,35,"March 25, 2040",0,
Declining Balances Tables,147,"Class M-2B, M-2BR, M-2BS, M-2BT, M-2BU, M-2BI, M-2RB*, M-2SB*, M-2TB* and M-2UB*",M-2BS,,0,"March 25, 2040",100,
Declining Balances Tables,147,"Class M-2B, M-2BR, M-2BS, M-2BT, M-2BU, M-2BI, M-2RB*, M-2SB*, M-2TB* and M-2UB*",M-2BS,,5,"March 25, 2040",0,
Declining Balances Tables,147,"Class M-2B, M-2BR, M-2BS, M-2BT, M-2BU, M-2BI, M-2RB*, M-2SB*, M-2TB* and M-2UB*",M-2BS,,10,"March 25, 2040",0,
Declining Balances Tables,147,"Class M-2B, M-2BR, M-2BS, M-2BT, M-2BU, M-2BI, M-2RB*, M-2SB*, M-2TB* and M-2UB*",M-2BS,,15,"March 25, 2040",0,
Declining Balances Tables,147,"Class M-2B, M-2BR, M-2BS, M-2BT, M-2BU, M-2BI, M-2RB*, M-2SB*, M-2TB* and M-2UB*",M-2BS,,25,"March 25, 2040",0,
Declining Balances Tables,147,"Class M-2B, M-2BR, M-2BS, M-2BT, M-2BU, M-2BI, M-2RB*, M-2SB*, M-2TB* and M-2UB*",M-2BS,,35,"March 25, 2040",0,
Declining Balances Tables,147,"Class M-2B, M-2BR, M-2BS, M-2BT, M-2BU, M-2BI, M-2RB*, M-2SB*, M-2TB* and M-2UB*",M-2BT,,0,"March 25, 2040",100,
Declining Balances Tables,147,"Class M-2B, M-2BR, M-2BS, M-2BT, M-2BU, M-2BI, M-2RB*, M-2SB*, M-2TB* and M-2UB*",M-2BT,,5,"March 25, 2040",0,
Declining Balances Tables,147,"Class M-2B, M-2BR, M-2BS, M-2BT, M-2BU, M-2BI, M-2RB*, M-2SB*, M-2TB* and M-2UB*",M-2BT,,10,"March 25, 2040",0,
Declining Balances Tables,147,"Class M-2B, M-2BR, M-2BS, M-2BT, M-2BU, M-2BI, M-2RB*, M-2SB*, M-2TB* and M-2UB*",M-2BT,,15,"March 25, 2040",0,
Declining Balances Tables,147,"Class M-2B, M-2BR, M-2BS, M-2BT, M-2BU, M-2BI, M-2RB*, M-2SB*, M-2TB* and M-2UB*",M-2BT,,25,"March 25, 2040",0,
Declining Balances Tables,147,"Class M-2B, M-2BR, M-2BS, M-2BT, M-2BU, M-2BI, M-2RB*, M-2SB*, M-2TB* and M-2UB*",M-2BT,,35,"March 25, 2040",0,
Declining Balances Tables,147,"Class M-2B, M-2BR, M-2BS, M-2BT, M-2BU, M-2BI, M-2RB*, M-2SB*, M-2TB* and M-2UB*",M-2BU,,0,"March 25, 2040",100,
Declining Balances Tables,147,"Class M-2B, M-2BR, M-2BS, M-2BT, M-2BU, M-2BI, M-2RB*, M-2SB*, M-2TB* and M-2UB*",M-2BU,,5,"March 25, 2040",0,
Declining Balances Tables,147,"Class M-2B, M-2BR, M-2BS, M-2BT, M-2BU, M-2BI, M-2RB*, M-2SB*, M-2TB* and M-2UB*",M-2BU,,10,"March 25, 2040",0,
Declining Balances Tables,147,"Class M-2B, M-2BR, M-2BS, M-2BT, M-2BU, M-2BI, M-2RB*, M-2SB*, M-2TB* and M-2UB*",M-2BU,,15,"March 25, 2040",0,
Declining Balances Tables,147,"Class M-2B, M-2BR, M-2BS, M-2BT, M-2BU, M-2BI, M-2RB*, M-2SB*, M-2TB* and M-2UB*",M-2BU,,25,"March 25, 2040",0,
Declining Balances Tables,147,"Class M-2B, M-2BR, M-2BS, M-2BT, M-2BU, M-2BI, M-2RB*, M-2SB*, M-2TB* and M-2UB*",M-2BU,,35,"March 25, 2040",0,
Declining Balances Tables,147,"Class M-2B, M-2BR, M-2BS, M-2BT, M-2BU, M-2BI, M-2RB*, M-2SB*, M-2TB* and M-2UB*",M-2BI,,0,"March 25, 2040",100,
Declining Balances Tables,147,"Class M-2B, M-2BR, M-2BS, M-2BT, M-2BU, M-2BI, M-2RB*, M-2SB*, M-2TB* and M-2UB*",M-2BI,,5,"March 25, 2040",0,
Declining Balances Tables,147,"Class M-2B, M-2BR, M-2BS, M-2BT, M-2BU, M-2BI, M-2RB*, M-2SB*, M-2TB* and M-2UB*",M-2BI,,10,"March 25, 2040",0,
Declining Balances Tables,147,"Class M-2B, M-2BR, M-2BS, M-2BT, M-2BU, M-2BI, M-2RB*, M-2SB*, M-2TB* and M-2UB*",M-2BI,,15,"March 25, 2040",0,
Declining Balances Tables,147,"Class M-2B, M-2BR, M-2BS, M-2BT, M-2BU, M-2BI, M-2RB*, M-2SB*, M-2TB* and M-2UB*",M-2BI,,25,"March 25, 2040",0,
Declining Balances Tables,147,"Class M-2B, M-2BR, M-2BS, M-2BT, M-2BU, M-2BI, M-2RB*, M-2SB*, M-2TB* and M-2UB*",M-2BI,,35,"March 25, 2040",0,
Declining Balances Tables,147,"Class M-2B, M-2BR, M-2BS, M-2BT, M-2BU, M-2BI, M-2RB*, M-2SB*, M-2TB* and M-2UB*",M-2RB,*,0,"March 25, 2040",100,
Declining Balances Tables,147,"Class M-2B, M-2BR, M-2BS, M-2BT, M-2BU, M-2BI, M-2RB*, M-2SB*, M-2TB* and M-2UB*",M-2RB,*,5,"March 25, 2040",0,
Declining Balances Tables,147,"Class M-2B, M-2BR, M-2BS, M-2BT, M-2BU, M-2BI, M-2RB*, M-2SB*, M-2TB* and M-2UB*",M-2RB,*,10,"March 25, 2040",0,
Declining Balances Tables,147,"Class M-2B, M-2BR, M-2BS, M-2BT, M-2BU, M-2BI, M-2RB*, M-2SB*, M-2TB* and M-2UB*",M-2RB,*,15,"March 25, 2040",0,
Declining Balances Tables,147,"Class M-2B, M-2BR, M-2BS, M-2BT, M-2BU, M-2BI, M-2RB*, M-2SB*, M-2TB* and M-2UB*",M-2RB,*,25,"March 25, 2040",0,
Declining Balances Tables,147,"Class M-2B, M-2BR, M-2BS, M-2BT, M-2BU, M-2BI, M-2RB*, M-2SB*, M-2TB* and M-2UB*",M-2RB,*,35,"March 25, 2040",0,
Declining Balances Tables,147,"Class M-2B, M-2BR, M-2BS, M-2BT, M-2BU, M-2BI, M-2RB*, M-2SB*, M-2TB* and M-2UB*",M-2SB,*,0,"March 25, 2040",100,
Declining Balances Tables,147,"Class M-2B, M-2BR, M-2BS, M-2BT, M-2BU, M-2BI, M-2RB*, M-2SB*, M-2TB* and M-2UB*",M-2SB,*,5,"March 25, 2040",0,
Declining Balances Tables,147,"Class M-2B, M-2BR, M-2BS, M-2BT, M-2BU, M-2BI, M-2RB*, M-2SB*, M-2TB* and M-2UB*",M-2SB,*,10,"March 25, 2040",0,
Declining Balances Tables,147,"Class M-2B, M-2BR, M-2BS, M-2BT, M-2BU, M-2BI, M-2RB*, M-2SB*, M-2TB* and M-2UB*",M-2SB,*,15,"March 25, 2040",0,
Declining Balances Tables,147,"Class M-2B, M-2BR, M-2BS, M-2BT, M-2BU, M-2BI, M-2RB*, M-2SB*, M-2TB* and M-2UB*",M-2SB,*,25,"March 25, 2040",0,
Declining Balances Tables,147,"Class M-2B, M-2BR, M-2BS, M-2BT, M-2BU, M-2BI, M-2RB*, M-2SB*, M-2TB* and M-2UB*",M-2SB,*,35,"March 25, 2040",0,
Declining Balances Tables,147,"Class M-2B, M-2BR, M-2BS, M-2BT, M-2BU, M-2BI, M-2RB*, M-2SB*, M-2TB* and M-2UB*",M-2TB,*,0,"March 25, 2040",100,
Declining Balances Tables,147,"Class M-2B, M-2BR, M-2BS, M-2BT, M-2BU, M-2BI, M-2RB*, M-2SB*, M-2TB* and M-2UB*",M-2TB,*,5,"March 25, 2040",0,
Declining Balances Tables,147,"Class M-2B, M-2BR, M-2BS, M-2BT, M-2BU, M-2BI, M-2RB*, M-2SB*, M-2TB* and M-2UB*",M-2TB,*,10,"March 25, 2040",0,
Declining Balances Tables,147,"Class M-2B, M-2BR, M-2BS, M-2BT, M-2BU, M-2BI, M-2RB*, M-2SB*, M-2TB* and M-2UB*",M-2TB,*,15,"March 25, 2040",0,
Declining Balances Tables,147,"Class M-2B, M-2BR, M-2BS, M-2BT, M-2BU, M-2BI, M-2RB*, M-2SB*, M-2TB* and M-2UB*",M-2TB,*,25,"March 25, 2040",0,
Declining Balances Tables,147,"Class M-2B, M-2BR, M-2BS, M-2BT, M-2BU, M-2BI, M-2RB*, M-2SB*, M-2TB* and M-2UB*",M-2TB,*,35,"March 25, 2040",0,
Declining Balances Tables,147,"Class M-2B, M-2BR, M-2BS, M-2BT, M-2BU, M-2BI, M-2RB*, M-2SB*, M-2TB* and M-2UB*",M-2UB,*,0,"March 25, 2040",100,
Declining Balances Tables,147,"Class M-2B, M-2BR, M-2BS, M-2BT, M-2BU, M-2BI, M-2RB*, M-2SB*, M-2TB* and M-2UB*",M-2UB,*,5,"March 25, 2040",0,
Declining Balances Tables,147,"Class M-2B, M-2BR, M-2BS, M-2BT, M-2BU, M-2BI, M-2RB*, M-2SB*, M-2TB* and M-2UB*",M-2UB,*,10,"March 25, 2040",0,
Declining Balances Tables,147,"Class M-2B, M-2BR, M-2BS, M-2BT, M-2BU, M-2BI, M-2RB*, M-2SB*, M-2TB* and M-2UB*",M-2UB,*,15,"March 25, 2040",0,
Declining Balances Tables,147,"Class M-2B, M-2BR, M-2BS, M-2BT, M-2BU, M-2BI, M-2RB*, M-2SB*, M-2TB* and M-2UB*",M-2UB,*,25,"March 25, 2040",0,
Declining Balances Tables,147,"Class M-2B, M-2BR, M-2BS, M-2BT, M-2BU, M-2BI, M-2RB*, M-2SB*, M-2TB* and M-2UB*",M-2UB,*,35,"March 25, 2040",0,
Declining Balances Tables,147,"Class M-2B, M-2BR, M-2BS, M-2BT, M-2BU, M-2BI, M-2RB*, M-2SB*, M-2TB* and M-2UB*",M-2B,,0,"March 25, 2041",100,
Declining Balances Tables,147,"Class M-2B, M-2BR, M-2BS, M-2BT, M-2BU, M-2BI, M-2RB*, M-2SB*, M-2TB* and M-2UB*",M-2B,,5,"March 25, 2041",0,
Declining Balances Tables,147,"Class M-2B, M-2BR, M-2BS, M-2BT, M-2BU, M-2BI, M-2RB*, M-2SB*, M-2TB* and M-2UB*",M-2B,,10,"March 25, 2041",0,
Declining Balances Tables,147,"Class M-2B, M-2BR, M-2BS, M-2BT, M-2BU, M-2BI, M-2RB*, M-2SB*, M-2TB* and M-2UB*",M-2B,,15,"March 25, 2041",0,
Declining Balances Tables,147,"Class M-2B, M-2BR, M-2BS, M-2BT, M-2BU, M-2BI, M-2RB*, M-2SB*, M-2TB* and M-2UB*",M-2B,,25,"March 25, 2041",0,
Declining Balances Tables,147,"Class M-2B, M-2BR, M-2BS, M-2BT, M-2BU, M-2BI, M-2RB*, M-2SB*, M-2TB* and M-2UB*",M-2B,,35,"March 25, 2041",0,
Declining Balances Tables,147,"Class M-2B, M-2BR, M-2BS, M-2BT, M-2BU, M-2BI, M-2RB*, M-2SB*, M-2TB* and M-2UB*",M-2BR,,0,"March 25, 2041",100,
Declining Balances Tables,147,"Class M-2B, M-2BR, M-2BS, M-2BT, M-2BU, M-2BI, M-2RB*, M-2SB*, M-2TB* and M-2UB*",M-2BR,,5,"March 25, 2041",0,
Declining Balances Tables,147,"Class M-2B, M-2BR, M-2BS, M-2BT, M-2BU, M-2BI, M-2RB*, M-2SB*, M-2TB* and M-2UB*",M-2BR,,10,"March 25, 2041",0,
Declining Balances Tables,147,"Class M-2B, M-2BR, M-2BS, M-2BT, M-2BU, M-2BI, M-2RB*, M-2SB*, M-2TB* and M-2UB*",M-2BR,,15,"March 25, 2041",0,
Declining Balances Tables,147,"Class M-2B, M-2BR, M-2BS, M-2BT, M-2BU, M-2BI, M-2RB*, M-2SB*, M-2TB* and M-2UB*",M-2BR,,25,"March 25, 2041",0,
Declining Balances Tables,147,"Class M-2B, M-2BR, M-2BS, M-2BT, M-2BU, M-2BI, M-2RB*, M-2SB*, M-2TB* and M-2UB*",M-2BR,,35,"March 25, 2041",0,
Declining Balances Tables,147,"Class M-2B, M-2BR, M-2BS, M-2BT, M-2BU, M-2BI, M-2RB*, M-2SB*, M-2TB* and M-2UB*",M-2BS,,0,"March 25, 2041",100,
Declining Balances Tables,147,"Class M-2B, M-2BR, M-2BS, M-2BT, M-2BU, M-2BI, M-2RB*, M-2SB*, M-2TB* and M-2UB*",M-2BS,,5,"March 25, 2041",0,
Declining Balances Tables,147,"Class M-2B, M-2BR, M-2BS, M-2BT, M-2BU, M-2BI, M-2RB*, M-2SB*, M-2TB* and M-2UB*",M-2BS,,10,"March 25, 2041",0,
Declining Balances Tables,147,"Class M-2B, M-2BR, M-2BS, M-2BT, M-2BU, M-2BI, M-2RB*, M-2SB*, M-2TB* and M-2UB*",M-2BS,,15,"March 25, 2041",0,
Declining Balances Tables,147,"Class M-2B, M-2BR, M-2BS, M-2BT, M-2BU, M-2BI, M-2RB*, M-2SB*, M-2TB* and M-2UB*",M-2BS,,25,"March 25, 2041",0,
Declining Balances Tables,147,"Class M-2B, M-2BR, M-2BS, M-2BT, M-2BU, M-2BI, M-2RB*, M-2SB*, M-2TB* and M-2UB*",M-2BS,,35,"March 25, 2041",0,
Declining Balances Tables,147,"Class M-2B, M-2BR, M-2BS, M-2BT, M-2BU, M-2BI, M-2RB*, M-2SB*, M-2TB* and M-2UB*",M-2BT,,0,"March 25, 2041",100,
Declining Balances Tables,147,"Class M-2B, M-2BR, M-2BS, M-2BT, M-2BU, M-2BI, M-2RB*, M-2SB*, M-2TB* and M-2UB*",M-2BT,,5,"March 25, 2041",0,
Declining Balances Tables,147,"Class M-2B, M-2BR, M-2BS, M-2BT, M-2BU, M-2BI, M-2RB*, M-2SB*, M-2TB* and M-2UB*",M-2BT,,10,"March 25, 2041",0,
Declining Balances Tables,147,"Class M-2B, M-2BR, M-2BS, M-2BT, M-2BU, M-2BI, M-2RB*, M-2SB*, M-2TB* and M-2UB*",M-2BT,,15,"March 25, 2041",0,
Declining Balances Tables,147,"Class M-2B, M-2BR, M-2BS, M-2BT, M-2BU, M-2BI, M-2RB*, M-2SB*, M-2TB* and M-2UB*",M-2BT,,25,"March 25, 2041",0,
Declining Balances Tables,147,"Class M-2B, M-2BR, M-2BS, M-2BT, M-2BU, M-2BI, M-2RB*, M-2SB*, M-2TB* and M-2UB*",M-2BT,,35,"March 25, 2041",0,
Declining Balances Tables,147,"Class M-2B, M-2BR, M-2BS, M-2BT, M-2BU, M-2BI, M-2RB*, M-2SB*, M-2TB* and M-2UB*",M-2BU,,0,"March 25, 2041",100,
Declining Balances Tables,147,"Class M-2B, M-2BR, M-2BS, M-2BT, M-2BU, M-2BI, M-2RB*, M-2SB*, M-2TB* and M-2UB*",M-2BU,,5,"March 25, 2041",0,
Declining Balances Tables,147,"Class M-2B, M-2BR, M-2BS, M-2BT, M-2BU, M-2BI, M-2RB*, M-2SB*, M-2TB* and M-2UB*",M-2BU,,10,"March 25, 2041",0,
Declining Balances Tables,147,"Class M-2B, M-2BR, M-2BS, M-2BT, M-2BU, M-2BI, M-2RB*, M-2SB*, M-2TB* and M-2UB*",M-2BU,,15,"March 25, 2041",0,
Declining Balances Tables,147,"Class M-2B, M-2BR, M-2BS, M-2BT, M-2BU, M-2BI, M-2RB*, M-2SB*, M-2TB* and M-2UB*",M-2BU,,25,"March 25, 2041",0,
Declining Balances Tables,147,"Class M-2B, M-2BR, M-2BS, M-2BT, M-2BU, M-2BI, M-2RB*, M-2SB*, M-2TB* and M-2UB*",M-2BU,,35,"March 25, 2041",0,
Declining Balances Tables,147,"Class M-2B, M-2BR, M-2BS, M-2BT, M-2BU, M-2BI, M-2RB*, M-2SB*, M-2TB* and M-2UB*",M-2BI,,0,"March 25, 2041",100,
Declining Balances Tables,147,"Class M-2B, M-2BR, M-2BS, M-2BT, M-2BU, M-2BI, M-2RB*, M-2SB*, M-2TB* and M-2UB*",M-2BI,,5,"March 25, 2041",0,
Declining Balances Tables,147,"Class M-2B, M-2BR, M-2BS, M-2BT, M-2BU, M-2BI, M-2RB*, M-2SB*, M-2TB* and M-2UB*",M-2BI,,10,"March 25, 2041",0,
Declining Balances Tables,147,"Class M-2B, M-2BR, M-2BS, M-2BT, M-2BU, M-2BI, M-2RB*, M-2SB*, M-2TB* and M-2UB*",M-2BI,,15,"March 25, 2041",0,
Declining Balances Tables,147,"Class M-2B, M-2BR, M-2BS, M-2BT, M-2BU, M-2BI, M-2RB*, M-2SB*, M-2TB* and M-2UB*",M-2BI,,25,"March 25, 2041",0,
Declining Balances Tables,147,"Class M-2B, M-2BR, M-2BS, M-2BT, M-2BU, M-2BI, M-2RB*, M-2SB*, M-2TB* and M-2UB*",M-2BI,,35,"March 25, 2041",0,
Declining Balances Tables,147,"Class M-2B, M-2BR, M-2BS, M-2BT, M-2BU, M-2BI, M-2RB*, M-2SB*, M-2TB* and M-2UB*",M-2RB,*,0,"March 25, 2041",100,
Declining Balances Tables,147,"Class M-2B, M-2BR, M-2BS, M-2BT, M-2BU, M-2BI, M-2RB*, M-2SB*, M-2TB* and M-2UB*",M-2RB,*,5,"March 25, 2041",0,
Declining Balances Tables,147,"Class M-2B, M-2BR, M-2BS, M-2BT, M-2BU, M-2BI, M-2RB*, M-2SB*, M-2TB* and M-2UB*",M-2RB,*,10,"March 25, 2041",0,
Declining Balances Tables,147,"Class M-2B, M-2BR, M-2BS, M-2BT, M-2BU, M-2BI, M-2RB*, M-2SB*, M-2TB* and M-2UB*",M-2RB,*,15,"March 25, 2041",0,
Declining Balances Tables,147,"Class M-2B, M-2BR, M-2BS, M-2BT, M-2BU, M-2BI, M-2RB*, M-2SB*, M-2TB* and M-2UB*",M-2RB,*,25,"March 25, 2041",0,
Declining Balances Tables,147,"Class M-2B, M-2BR, M-2BS, M-2BT, M-2BU, M-2BI, M-2RB*, M-2SB*, M-2TB* and M-2UB*",M-2RB,*,35,"March 25, 2041",0,
Declining Balances Tables,147,"Class M-2B, M-2BR, M-2BS, M-2BT, M-2BU, M-2BI, M-2RB*, M-2SB*, M-2TB* and M-2UB*",M-2SB,*,0,"March 25, 2041",100,
Declining Balances Tables,147,"Class M-2B, M-2BR, M-2BS, M-2BT, M-2BU, M-2BI, M-2RB*, M-2SB*, M-2TB* and M-2UB*",M-2SB,*,5,"March 25, 2041",0,
Declining Balances Tables,147,"Class M-2B, M-2BR, M-2BS, M-2BT, M-2BU, M-2BI, M-2RB*, M-2SB*, M-2TB* and M-2UB*",M-2SB,*,10,"March 25, 2041",0,
Declining Balances Tables,147,"Class M-2B, M-2BR, M-2BS, M-2BT, M-2BU, M-2BI, M-2RB*, M-2SB*, M-2TB* and M-2UB*",M-2SB,*,15,"March 25, 2041",0,
Declining Balances Tables,147,"Class M-2B, M-2BR, M-2BS, M-2BT, M-2BU, M-2BI, M-2RB*, M-2SB*, M-2TB* and M-2UB*",M-2SB,*,25,"March 25, 2041",0,
Declining Balances Tables,147,"Class M-2B, M-2BR, M-2BS, M-2BT, M-2BU, M-2BI, M-2RB*, M-2SB*, M-2TB* and M-2UB*",M-2SB,*,35,"March 25, 2041",0,
Declining Balances Tables,147,"Class M-2B, M-2BR, M-2BS, M-2BT, M-2BU, M-2BI, M-2RB*, M-2SB*, M-2TB* and M-2UB*",M-2TB,*,0,"March 25, 2041",100,
Declining Balances Tables,147,"Class M-2B, M-2BR, M-2BS, M-2BT, M-2BU, M-2BI, M-2RB*, M-2SB*, M-2TB* and M-2UB*",M-2TB,*,5,"March 25, 2041",0,
Declining Balances Tables,147,"Class M-2B, M-2BR, M-2BS, M-2BT, M-2BU, M-2BI, M-2RB*, M-2SB*, M-2TB* and M-2UB*",M-2TB,*,10,"March 25, 2041",0,
Declining Balances Tables,147,"Class M-2B, M-2BR, M-2BS, M-2BT, M-2BU, M-2BI, M-2RB*, M-2SB*, M-2TB* and M-2UB*",M-2TB,*,15,"March 25, 2041",0,
Declining Balances Tables,147,"Class M-2B, M-2BR, M-2BS, M-2BT, M-2BU, M-2BI, M-2RB*, M-2SB*, M-2TB* and M-2UB*",M-2TB,*,25,"March 25, 2041",0,
Declining Balances Tables,147,"Class M-2B, M-2BR, M-2BS, M-2BT, M-2BU, M-2BI, M-2RB*, M-2SB*, M-2TB* and M-2UB*",M-2TB,*,35,"March 25, 2041",0,
Declining Balances Tables,147,"Class M-2B, M-2BR, M-2BS, M-2BT, M-2BU, M-2BI, M-2RB*, M-2SB*, M-2TB* and M-2UB*",M-2UB,*,0,"March 25, 2041",100,
Declining Balances Tables,147,"Class M-2B, M-2BR, M-2BS, M-2BT, M-2BU, M-2BI, M-2RB*, M-2SB*, M-2TB* and M-2UB*",M-2UB,*,5,"March 25, 2041",0,
Declining Balances Tables,147,"Class M-2B, M-2BR, M-2BS, M-2BT, M-2BU, M-2BI, M-2RB*, M-2SB*, M-2TB* and M-2UB*",M-2UB,*,10,"March 25, 2041",0,
Declining Balances Tables,147,"Class M-2B, M-2BR, M-2BS, M-2BT, M-2BU, M-2BI, M-2RB*, M-2SB*, M-2TB* and M-2UB*",M-2UB,*,15,"March 25, 2041",0,
Declining Balances Tables,147,"Class M-2B, M-2BR, M-2BS, M-2BT, M-2BU, M-2BI, M-2RB*, M-2SB*, M-2TB* and M-2UB*",M-2UB,*,25,"March 25, 2041",0,
Declining Balances Tables,147,"Class M-2B, M-2BR, M-2BS, M-2BT, M-2BU, M-2BI, M-2RB*, M-2SB*, M-2TB* and M-2UB*",M-2UB,*,35,"March 25, 2041",0,
Declining Balances Tables,147,"Class M-2B, M-2BR, M-2BS, M-2BT, M-2BU, M-2BI, M-2RB*, M-2SB*, M-2TB* and M-2UB*",M-2B,,0,"March 25, 2042",100,
Declining Balances Tables,147,"Class M-2B, M-2BR, M-2BS, M-2BT, M-2BU, M-2BI, M-2RB*, M-2SB*, M-2TB* and M-2UB*",M-2B,,5,"March 25, 2042",0,
Declining Balances Tables,147,"Class M-2B, M-2BR, M-2BS, M-2BT, M-2BU, M-2BI, M-2RB*, M-2SB*, M-2TB* and M-2UB*",M-2B,,10,"March 25, 2042",0,
Declining Balances Tables,147,"Class M-2B, M-2BR, M-2BS, M-2BT, M-2BU, M-2BI, M-2RB*, M-2SB*, M-2TB* and M-2UB*",M-2B,,15,"March 25, 2042",0,
Declining Balances Tables,147,"Class M-2B, M-2BR, M-2BS, M-2BT, M-2BU, M-2BI, M-2RB*, M-2SB*, M-2TB* and M-2UB*",M-2B,,25,"March 25, 2042",0,
Declining Balances Tables,147,"Class M-2B, M-2BR, M-2BS, M-2BT, M-2BU, M-2BI, M-2RB*, M-2SB*, M-2TB* and M-2UB*",M-2B,,35,"March 25, 2042",0,
Declining Balances Tables,147,"Class M-2B, M-2BR, M-2BS, M-2BT, M-2BU, M-2BI, M-2RB*, M-2SB*, M-2TB* and M-2UB*",M-2BR,,0,"March 25, 2042",100,
Declining Balances Tables,147,"Class M-2B, M-2BR, M-2BS, M-2BT, M-2BU, M-2BI, M-2RB*, M-2SB*, M-2TB* and M-2UB*",M-2BR,,5,"March 25, 2042",0,
Declining Balances Tables,147,"Class M-2B, M-2BR, M-2BS, M-2BT, M-2BU, M-2BI, M-2RB*, M-2SB*, M-2TB* and M-2UB*",M-2BR,,10,"March 25, 2042",0,
Declining Balances Tables,147,"Class M-2B, M-2BR, M-2BS, M-2BT, M-2BU, M-2BI, M-2RB*, M-2SB*, M-2TB* and M-2UB*",M-2BR,,15,"March 25, 2042",0,
Declining Balances Tables,147,"Class M-2B, M-2BR, M-2BS, M-2BT, M-2BU, M-2BI, M-2RB*, M-2SB*, M-2TB* and M-2UB*",M-2BR,,25,"March 25, 2042",0,
Declining Balances Tables,147,"Class M-2B, M-2BR, M-2BS, M-2BT, M-2BU, M-2BI, M-2RB*, M-2SB*, M-2TB* and M-2UB*",M-2BR,,35,"March 25, 2042",0,
Declining Balances Tables,147,"Class M-2B, M-2BR, M-2BS, M-2BT, M-2BU, M-2BI, M-2RB*, M-2SB*, M-2TB* and M-2UB*",M-2BS,,0,"March 25, 2042",100,
Declining Balances Tables,147,"Class M-2B, M-2BR, M-2BS, M-2BT, M-2BU, M-2BI, M-2RB*, M-2SB*, M-2TB* and M-2UB*",M-2BS,,5,"March 25, 2042",0,
Declining Balances Tables,147,"Class M-2B, M-2BR, M-2BS, M-2BT, M-2BU, M-2BI, M-2RB*, M-2SB*, M-2TB* and M-2UB*",M-2BS,,10,"March 25, 2042",0,
Declining Balances Tables,147,"Class M-2B, M-2BR, M-2BS, M-2BT, M-2BU, M-2BI, M-2RB*, M-2SB*, M-2TB* and M-2UB*",M-2BS,,15,"March 25, 2042",0,
Declining Balances Tables,147,"Class M-2B, M-2BR, M-2BS, M-2BT, M-2BU, M-2BI, M-2RB*, M-2SB*, M-2TB* and M-2UB*",M-2BS,,25,"March 25, 2042",0,
Declining Balances Tables,147,"Class M-2B, M-2BR, M-2BS, M-2BT, M-2BU, M-2BI, M-2RB*, M-2SB*, M-2TB* and M-2UB*",M-2BS,,35,"March 25, 2042",0,
Declining Balances Tables,147,"Class M-2B, M-2BR, M-2BS, M-2BT, M-2BU, M-2BI, M-2RB*, M-2SB*, M-2TB* and M-2UB*",M-2BT,,0,"March 25, 2042",100,
Declining Balances Tables,147,"Class M-2B, M-2BR, M-2BS, M-2BT, M-2BU, M-2BI, M-2RB*, M-2SB*, M-2TB* and M-2UB*",M-2BT,,5,"March 25, 2042",0,
Declining Balances Tables,147,"Class M-2B, M-2BR, M-2BS, M-2BT, M-2BU, M-2BI, M-2RB*, M-2SB*, M-2TB* and M-2UB*",M-2BT,,10,"March 25, 2042",0,
Declining Balances Tables,147,"Class M-2B, M-2BR, M-2BS, M-2BT, M-2BU, M-2BI, M-2RB*, M-2SB*, M-2TB* and M-2UB*",M-2BT,,15,"March 25, 2042",0,
Declining Balances Tables,147,"Class M-2B, M-2BR, M-2BS, M-2BT, M-2BU, M-2BI, M-2RB*, M-2SB*, M-2TB* and M-2UB*",M-2BT,,25,"March 25, 2042",0,
Declining Balances Tables,147,"Class M-2B, M-2BR, M-2BS, M-2BT, M-2BU, M-2BI, M-2RB*, M-2SB*, M-2TB* and M-2UB*",M-2BT,,35,"March 25, 2042",0,
Declining Balances Tables,147,"Class M-2B, M-2BR, M-2BS, M-2BT, M-2BU, M-2BI, M-2RB*, M-2SB*, M-2TB* and M-2UB*",M-2BU,,0,"March 25, 2042",100,
Declining Balances Tables,147,"Class M-2B, M-2BR, M-2BS, M-2BT, M-2BU, M-2BI, M-2RB*, M-2SB*, M-2TB* and M-2UB*",M-2BU,,5,"March 25, 2042",0,
Declining Balances Tables,147,"Class M-2B, M-2BR, M-2BS, M-2BT, M-2BU, M-2BI, M-2RB*, M-2SB*, M-2TB* and M-2UB*",M-2BU,,10,"March 25, 2042",0,
Declining Balances Tables,147,"Class M-2B, M-2BR, M-2BS, M-2BT, M-2BU, M-2BI, M-2RB*, M-2SB*, M-2TB* and M-2UB*",M-2BU,,15,"March 25, 2042",0,
Declining Balances Tables,147,"Class M-2B, M-2BR, M-2BS, M-2BT, M-2BU, M-2BI, M-2RB*, M-2SB*, M-2TB* and M-2UB*",M-2BU,,25,"March 25, 2042",0,
Declining Balances Tables,147,"Class M-2B, M-2BR, M-2BS, M-2BT, M-2BU, M-2BI, M-2RB*, M-2SB*, M-2TB* and M-2UB*",M-2BU,,35,"March 25, 2042",0,
Declining Balances Tables,147,"Class M-2B, M-2BR, M-2BS, M-2BT, M-2BU, M-2BI, M-2RB*, M-2SB*, M-2TB* and M-2UB*",M-2BI,,0,"March 25, 2042",100,
Declining Balances Tables,147,"Class M-2B, M-2BR, M-2BS, M-2BT, M-2BU, M-2BI, M-2RB*, M-2SB*, M-2TB* and M-2UB*",M-2BI,,5,"March 25, 2042",0,
Declining Balances Tables,147,"Class M-2B, M-2BR, M-2BS, M-2BT, M-2BU, M-2BI, M-2RB*, M-2SB*, M-2TB* and M-2UB*",M-2BI,,10,"March 25, 2042",0,
Declining Balances Tables,147,"Class M-2B, M-2BR, M-2BS, M-2BT, M-2BU, M-2BI, M-2RB*, M-2SB*, M-2TB* and M-2UB*",M-2BI,,15,"March 25, 2042",0,
Declining Balances Tables,147,"Class M-2B, M-2BR, M-2BS, M-2BT, M-2BU, M-2BI, M-2RB*, M-2SB*, M-2TB* and M-2UB*",M-2BI,,25,"March 25, 2042",0,
Declining Balances Tables,147,"Class M-2B, M-2BR, M-2BS, M-2BT, M-2BU, M-2BI, M-2RB*, M-2SB*, M-2TB* and M-2UB*",M-2BI,,35,"March 25, 2042",0,
Declining Balances Tables,147,"Class M-2B, M-2BR, M-2BS, M-2BT, M-2BU, M-2BI, M-2RB*, M-2SB*, M-2TB* and M-2UB*",M-2RB,*,0,"March 25, 2042",100,
Declining Balances Tables,147,"Class M-2B, M-2BR, M-2BS, M-2BT, M-2BU, M-2BI, M-2RB*, M-2SB*, M-2TB* and M-2UB*",M-2RB,*,5,"March 25, 2042",0,
Declining Balances Tables,147,"Class M-2B, M-2BR, M-2BS, M-2BT, M-2BU, M-2BI, M-2RB*, M-2SB*, M-2TB* and M-2UB*",M-2RB,*,10,"March 25, 2042",0,
Declining Balances Tables,147,"Class M-2B, M-2BR, M-2BS, M-2BT, M-2BU, M-2BI, M-2RB*, M-2SB*, M-2TB* and M-2UB*",M-2RB,*,15,"March 25, 2042",0,
Declining Balances Tables,147,"Class M-2B, M-2BR, M-2BS, M-2BT, M-2BU, M-2BI, M-2RB*, M-2SB*, M-2TB* and M-2UB*",M-2RB,*,25,"March 25, 2042",0,
Declining Balances Tables,147,"Class M-2B, M-2BR, M-2BS, M-2BT, M-2BU, M-2BI, M-2RB*, M-2SB*, M-2TB* and M-2UB*",M-2RB,*,35,"March 25, 2042",0,
Declining Balances Tables,147,"Class M-2B, M-2BR, M-2BS, M-2BT, M-2BU, M-2BI, M-2RB*, M-2SB*, M-2TB* and M-2UB*",M-2SB,*,0,"March 25, 2042",100,
Declining Balances Tables,147,"Class M-2B, M-2BR, M-2BS, M-2BT, M-2BU, M-2BI, M-2RB*, M-2SB*, M-2TB* and M-2UB*",M-2SB,*,5,"March 25, 2042",0,
Declining Balances Tables,147,"Class M-2B, M-2BR, M-2BS, M-2BT, M-2BU, M-2BI, M-2RB*, M-2SB*, M-2TB* and M-2UB*",M-2SB,*,10,"March 25, 2042",0,
Declining Balances Tables,147,"Class M-2B, M-2BR, M-2BS, M-2BT, M-2BU, M-2BI, M-2RB*, M-2SB*, M-2TB* and M-2UB*",M-2SB,*,15,"March 25, 2042",0,
Declining Balances Tables,147,"Class M-2B, M-2BR, M-2BS, M-2BT, M-2BU, M-2BI, M-2RB*, M-2SB*, M-2TB* and M-2UB*",M-2SB,*,25,"March 25, 2042",0,
Declining Balances Tables,147,"Class M-2B, M-2BR, M-2BS, M-2BT, M-2BU, M-2BI, M-2RB*, M-2SB*, M-2TB* and M-2UB*",M-2SB,*,35,"March 25, 2042",0,
Declining Balances Tables,147,"Class M-2B, M-2BR, M-2BS, M-2BT, M-2BU, M-2BI, M-2RB*, M-2SB*, M-2TB* and M-2UB*",M-2TB,*,0,"March 25, 2042",100,
Declining Balances Tables,147,"Class M-2B, M-2BR, M-2BS, M-2BT, M-2BU, M-2BI, M-2RB*, M-2SB*, M-2TB* and M-2UB*",M-2TB,*,5,"March 25, 2042",0,
Declining Balances Tables,147,"Class M-2B, M-2BR, M-2BS, M-2BT, M-2BU, M-2BI, M-2RB*, M-2SB*, M-2TB* and M-2UB*",M-2TB,*,10,"March 25, 2042",0,
Declining Balances Tables,147,"Class M-2B, M-2BR, M-2BS, M-2BT, M-2BU, M-2BI, M-2RB*, M-2SB*, M-2TB* and M-2UB*",M-2TB,*,15,"March 25, 2042",0,
Declining Balances Tables,147,"Class M-2B, M-2BR, M-2BS, M-2BT, M-2BU, M-2BI, M-2RB*, M-2SB*, M-2TB* and M-2UB*",M-2TB,*,25,"March 25, 2042",0,
Declining Balances Tables,147,"Class M-2B, M-2BR, M-2BS, M-2BT, M-2BU, M-2BI, M-2RB*, M-2SB*, M-2TB* and M-2UB*",M-2TB,*,35,"March 25, 2042",0,
Declining Balances Tables,147,"Class M-2B, M-2BR, M-2BS, M-2BT, M-2BU, M-2BI, M-2RB*, M-2SB*, M-2TB* and M-2UB*",M-2UB,*,0,"March 25, 2042",100,
Declining Balances Tables,147,"Class M-2B, M-2BR, M-2BS, M-2BT, M-2BU, M-2BI, M-2RB*, M-2SB*, M-2TB* and M-2UB*",M-2UB,*,5,"March 25, 2042",0,
Declining Balances Tables,147,"Class M-2B, M-2BR, M-2BS, M-2BT, M-2BU, M-2BI, M-2RB*, M-2SB*, M-2TB* and M-2UB*",M-2UB,*,10,"March 25, 2042",0,
Declining Balances Tables,147,"Class M-2B, M-2BR, M-2BS, M-2BT, M-2BU, M-2BI, M-2RB*, M-2SB*, M-2TB* and M-2UB*",M-2UB,*,15,"March 25, 2042",0,
Declining Balances Tables,147,"Class M-2B, M-2BR, M-2BS, M-2BT, M-2BU, M-2BI, M-2RB*, M-2SB*, M-2TB* and M-2UB*",M-2UB,*,25,"March 25, 2042",0,
Declining Balances Tables,147,"Class M-2B, M-2BR, M-2BS, M-2BT, M-2BU, M-2BI, M-2RB*, M-2SB*, M-2TB* and M-2UB*",M-2UB,*,35,"March 25, 2042",0,
Declining Balances Tables,147,"Class M-2B, M-2BR, M-2BS, M-2BT, M-2BU, M-2BI, M-2RB*, M-2SB*, M-2TB* and M-2UB*",M-2B,,0,"March 25, 2043",100,
Declining Balances Tables,147,"Class M-2B, M-2BR, M-2BS, M-2BT, M-2BU, M-2BI, M-2RB*, M-2SB*, M-2TB* and M-2UB*",M-2B,,5,"March 25, 2043",0,
Declining Balances Tables,147,"Class M-2B, M-2BR, M-2BS, M-2BT, M-2BU, M-2BI, M-2RB*, M-2SB*, M-2TB* and M-2UB*",M-2B,,10,"March 25, 2043",0,
Declining Balances Tables,147,"Class M-2B, M-2BR, M-2BS, M-2BT, M-2BU, M-2BI, M-2RB*, M-2SB*, M-2TB* and M-2UB*",M-2B,,15,"March 25, 2043",0,
Declining Balances Tables,147,"Class M-2B, M-2BR, M-2BS, M-2BT, M-2BU, M-2BI, M-2RB*, M-2SB*, M-2TB* and M-2UB*",M-2B,,25,"March 25, 2043",0,
Declining Balances Tables,147,"Class M-2B, M-2BR, M-2BS, M-2BT, M-2BU, M-2BI, M-2RB*, M-2SB*, M-2TB* and M-2UB*",M-2B,,35,"March 25, 2043",0,
Declining Balances Tables,147,"Class M-2B, M-2BR, M-2BS, M-2BT, M-2BU, M-2BI, M-2RB*, M-2SB*, M-2TB* and M-2UB*",M-2BR,,0,"March 25, 2043",100,
Declining Balances Tables,147,"Class M-2B, M-2BR, M-2BS, M-2BT, M-2BU, M-2BI, M-2RB*, M-2SB*, M-2TB* and M-2UB*",M-2BR,,5,"March 25, 2043",0,
Declining Balances Tables,147,"Class M-2B, M-2BR, M-2BS, M-2BT, M-2BU, M-2BI, M-2RB*, M-2SB*, M-2TB* and M-2UB*",M-2BR,,10,"March 25, 2043",0,
Declining Balances Tables,147,"Class M-2B, M-2BR, M-2BS, M-2BT, M-2BU, M-2BI, M-2RB*, M-2SB*, M-2TB* and M-2UB*",M-2BR,,15,"March 25, 2043",0,
Declining Balances Tables,147,"Class M-2B, M-2BR, M-2BS, M-2BT, M-2BU, M-2BI, M-2RB*, M-2SB*, M-2TB* and M-2UB*",M-2BR,,25,"March 25, 2043",0,
Declining Balances Tables,147,"Class M-2B, M-2BR, M-2BS, M-2BT, M-2BU, M-2BI, M-2RB*, M-2SB*, M-2TB* and M-2UB*",M-2BR,,35,"March 25, 2043",0,
Declining Balances Tables,147,"Class M-2B, M-2BR, M-2BS, M-2BT, M-2BU, M-2BI, M-2RB*, M-2SB*, M-2TB* and M-2UB*",M-2BS,,0,"March 25, 2043",100,
Declining Balances Tables,147,"Class M-2B, M-2BR, M-2BS, M-2BT, M-2BU, M-2BI, M-2RB*, M-2SB*, M-2TB* and M-2UB*",M-2BS,,5,"March 25, 2043",0,
Declining Balances Tables,147,"Class M-2B, M-2BR, M-2BS, M-2BT, M-2BU, M-2BI, M-2RB*, M-2SB*, M-2TB* and M-2UB*",M-2BS,,10,"March 25, 2043",0,
Declining Balances Tables,147,"Class M-2B, M-2BR, M-2BS, M-2BT, M-2BU, M-2BI, M-2RB*, M-2SB*, M-2TB* and M-2UB*",M-2BS,,15,"March 25, 2043",0,
Declining Balances Tables,147,"Class M-2B, M-2BR, M-2BS, M-2BT, M-2BU, M-2BI, M-2RB*, M-2SB*, M-2TB* and M-2UB*",M-2BS,,25,"March 25, 2043",0,
Declining Balances Tables,147,"Class M-2B, M-2BR, M-2BS, M-2BT, M-2BU, M-2BI, M-2RB*, M-2SB*, M-2TB* and M-2UB*",M-2BS,,35,"March 25, 2043",0,
Declining Balances Tables,147,"Class M-2B, M-2BR, M-2BS, M-2BT, M-2BU, M-2BI, M-2RB*, M-2SB*, M-2TB* and M-2UB*",M-2BT,,0,"March 25, 2043",100,
Declining Balances Tables,147,"Class M-2B, M-2BR, M-2BS, M-2BT, M-2BU, M-2BI, M-2RB*, M-2SB*, M-2TB* and M-2UB*",M-2BT,,5,"March 25, 2043",0,
Declining Balances Tables,147,"Class M-2B, M-2BR, M-2BS, M-2BT, M-2BU, M-2BI, M-2RB*, M-2SB*, M-2TB* and M-2UB*",M-2BT,,10,"March 25, 2043",0,
Declining Balances Tables,147,"Class M-2B, M-2BR, M-2BS, M-2BT, M-2BU, M-2BI, M-2RB*, M-2SB*, M-2TB* and M-2UB*",M-2BT,,15,"March 25, 2043",0,
Declining Balances Tables,147,"Class M-2B, M-2BR, M-2BS, M-2BT, M-2BU, M-2BI, M-2RB*, M-2SB*, M-2TB* and M-2UB*",M-2BT,,25,"March 25, 2043",0,
Declining Balances Tables,147,"Class M-2B, M-2BR, M-2BS, M-2BT, M-2BU, M-2BI, M-2RB*, M-2SB*, M-2TB* and M-2UB*",M-2BT,,35,"March 25, 2043",0,
Declining Balances Tables,147,"Class M-2B, M-2BR, M-2BS, M-2BT, M-2BU, M-2BI, M-2RB*, M-2SB*, M-2TB* and M-2UB*",M-2BU,,0,"March 25, 2043",100,
Declining Balances Tables,147,"Class M-2B, M-2BR, M-2BS, M-2BT, M-2BU, M-2BI, M-2RB*, M-2SB*, M-2TB* and M-2UB*",M-2BU,,5,"March 25, 2043",0,
Declining Balances Tables,147,"Class M-2B, M-2BR, M-2BS, M-2BT, M-2BU, M-2BI, M-2RB*, M-2SB*, M-2TB* and M-2UB*",M-2BU,,10,"March 25, 2043",0,
Declining Balances Tables,147,"Class M-2B, M-2BR, M-2BS, M-2BT, M-2BU, M-2BI, M-2RB*, M-2SB*, M-2TB* and M-2UB*",M-2BU,,15,"March 25, 2043",0,
Declining Balances Tables,147,"Class M-2B, M-2BR, M-2BS, M-2BT, M-2BU, M-2BI, M-2RB*, M-2SB*, M-2TB* and M-2UB*",M-2BU,,25,"March 25, 2043",0,
Declining Balances Tables,147,"Class M-2B, M-2BR, M-2BS, M-2BT, M-2BU, M-2BI, M-2RB*, M-2SB*, M-2TB* and M-2UB*",M-2BU,,35,"March 25, 2043",0,
Declining Balances Tables,147,"Class M-2B, M-2BR, M-2BS, M-2BT, M-2BU, M-2BI, M-2RB*, M-2SB*, M-2TB* and M-2UB*",M-2BI,,0,"March 25, 2043",100,
Declining Balances Tables,147,"Class M-2B, M-2BR, M-2BS, M-2BT, M-2BU, M-2BI, M-2RB*, M-2SB*, M-2TB* and M-2UB*",M-2BI,,5,"March 25, 2043",0,
Declining Balances Tables,147,"Class M-2B, M-2BR, M-2BS, M-2BT, M-2BU, M-2BI, M-2RB*, M-2SB*, M-2TB* and M-2UB*",M-2BI,,10,"March 25, 2043",0,
Declining Balances Tables,147,"Class M-2B, M-2BR, M-2BS, M-2BT, M-2BU, M-2BI, M-2RB*, M-2SB*, M-2TB* and M-2UB*",M-2BI,,15,"March 25, 2043",0,
Declining Balances Tables,147,"Class M-2B, M-2BR, M-2BS, M-2BT, M-2BU, M-2BI, M-2RB*, M-2SB*, M-2TB* and M-2UB*",M-2BI,,25,"March 25, 2043",0,
Declining Balances Tables,147,"Class M-2B, M-2BR, M-2BS, M-2BT, M-2BU, M-2BI, M-2RB*, M-2SB*, M-2TB* and M-2UB*",M-2BI,,35,"March 25, 2043",0,
Declining Balances Tables,147,"Class M-2B, M-2BR, M-2BS, M-2BT, M-2BU, M-2BI, M-2RB*, M-2SB*, M-2TB* and M-2UB*",M-2RB,*,0,"March 25, 2043",100,
Declining Balances Tables,147,"Class M-2B, M-2BR, M-2BS, M-2BT, M-2BU, M-2BI, M-2RB*, M-2SB*, M-2TB* and M-2UB*",M-2RB,*,5,"March 25, 2043",0,
Declining Balances Tables,147,"Class M-2B, M-2BR, M-2BS, M-2BT, M-2BU, M-2BI, M-2RB*, M-2SB*, M-2TB* and M-2UB*",M-2RB,*,10,"March 25, 2043",0,
Declining Balances Tables,147,"Class M-2B, M-2BR, M-2BS, M-2BT, M-2BU, M-2BI, M-2RB*, M-2SB*, M-2TB* and M-2UB*",M-2RB,*,15,"March 25, 2043",0,
Declining Balances Tables,147,"Class M-2B, M-2BR, M-2BS, M-2BT, M-2BU, M-2BI, M-2RB*, M-2SB*, M-2TB* and M-2UB*",M-2RB,*,25,"March 25, 2043",0,
Declining Balances Tables,147,"Class M-2B, M-2BR, M-2BS, M-2BT, M-2BU, M-2BI, M-2RB*, M-2SB*, M-2TB* and M-2UB*",M-2RB,*,35,"March 25, 2043",0,
Declining Balances Tables,147,"Class M-2B, M-2BR, M-2BS, M-2BT, M-2BU, M-2BI, M-2RB*, M-2SB*, M-2TB* and M-2UB*",M-2SB,*,0,"March 25, 2043",100,
Declining Balances Tables,147,"Class M-2B, M-2BR, M-2BS, M-2BT, M-2BU, M-2BI, M-2RB*, M-2SB*, M-2TB* and M-2UB*",M-2SB,*,5,"March 25, 2043",0,
Declining Balances Tables,147,"Class M-2B, M-2BR, M-2BS, M-2BT, M-2BU, M-2BI, M-2RB*, M-2SB*, M-2TB* and M-2UB*",M-2SB,*,10,"March 25, 2043",0,
Declining Balances Tables,147,"Class M-2B, M-2BR, M-2BS, M-2BT, M-2BU, M-2BI, M-2RB*, M-2SB*, M-2TB* and M-2UB*",M-2SB,*,15,"March 25, 2043",0,
Declining Balances Tables,147,"Class M-2B, M-2BR, M-2BS, M-2BT, M-2BU, M-2BI, M-2RB*, M-2SB*, M-2TB* and M-2UB*",M-2SB,*,25,"March 25, 2043",0,
Declining Balances Tables,147,"Class M-2B, M-2BR, M-2BS, M-2BT, M-2BU, M-2BI, M-2RB*, M-2SB*, M-2TB* and M-2UB*",M-2SB,*,35,"March 25, 2043",0,
Declining Balances Tables,147,"Class M-2B, M-2BR, M-2BS, M-2BT, M-2BU, M-2BI, M-2RB*, M-2SB*, M-2TB* and M-2UB*",M-2TB,*,0,"March 25, 2043",100,
Declining Balances Tables,147,"Class M-2B, M-2BR, M-2BS, M-2BT, M-2BU, M-2BI, M-2RB*, M-2SB*, M-2TB* and M-2UB*",M-2TB,*,5,"March 25, 2043",0,
Declining Balances Tables,147,"Class M-2B, M-2BR, M-2BS, M-2BT, M-2BU, M-2BI, M-2RB*, M-2SB*, M-2TB* and M-2UB*",M-2TB,*,10,"March 25, 2043",0,
Declining Balances Tables,147,"Class M-2B, M-2BR, M-2BS, M-2BT, M-2BU, M-2BI, M-2RB*, M-2SB*, M-2TB* and M-2UB*",M-2TB,*,15,"March 25, 2043",0,
Declining Balances Tables,147,"Class M-2B, M-2BR, M-2BS, M-2BT, M-2BU, M-2BI, M-2RB*, M-2SB*, M-2TB* and M-2UB*",M-2TB,*,25,"March 25, 2043",0,
Declining Balances Tables,147,"Class M-2B, M-2BR, M-2BS, M-2BT, M-2BU, M-2BI, M-2RB*, M-2SB*, M-2TB* and M-2UB*",M-2TB,*,35,"March 25, 2043",0,
Declining Balances Tables,147,"Class M-2B, M-2BR, M-2BS, M-2BT, M-2BU, M-2BI, M-2RB*, M-2SB*, M-2TB* and M-2UB*",M-2UB,*,0,"March 25, 2043",100,
Declining Balances Tables,147,"Class M-2B, M-2BR, M-2BS, M-2BT, M-2BU, M-2BI, M-2RB*, M-2SB*, M-2TB* and M-2UB*",M-2UB,*,5,"March 25, 2043",0,
Declining Balances Tables,147,"Class M-2B, M-2BR, M-2BS, M-2BT, M-2BU, M-2BI, M-2RB*, M-2SB*, M-2TB* and M-2UB*",M-2UB,*,10,"March 25, 2043",0,
Declining Balances Tables,147,"Class M-2B, M-2BR, M-2BS, M-2BT, M-2BU, M-2BI, M-2RB*, M-2SB*, M-2TB* and M-2UB*",M-2UB,*,15,"March 25, 2043",0,
Declining Balances Tables,147,"Class M-2B, M-2BR, M-2BS, M-2BT, M-2BU, M-2BI, M-2RB*, M-2SB*, M-2TB* and M-2UB*",M-2UB,*,25,"March 25, 2043",0,
Declining Balances Tables,147,"Class M-2B, M-2BR, M-2BS, M-2BT, M-2BU, M-2BI, M-2RB*, M-2SB*, M-2TB* and M-2UB*",M-2UB,*,35,"March 25, 2043",0,
Declining Balances Tables,147,"Class M-2B, M-2BR, M-2BS, M-2BT, M-2BU, M-2BI, M-2RB*, M-2SB*, M-2TB* and M-2UB*",M-2B,,0,"March 25, 2044",100,
Declining Balances Tables,147,"Class M-2B, M-2BR, M-2BS, M-2BT, M-2BU, M-2BI, M-2RB*, M-2SB*, M-2TB* and M-2UB*",M-2B,,5,"March 25, 2044",0,
Declining Balances Tables,147,"Class M-2B, M-2BR, M-2BS, M-2BT, M-2BU, M-2BI, M-2RB*, M-2SB*, M-2TB* and M-2UB*",M-2B,,10,"March 25, 2044",0,
Declining Balances Tables,147,"Class M-2B, M-2BR, M-2BS, M-2BT, M-2BU, M-2BI, M-2RB*, M-2SB*, M-2TB* and M-2UB*",M-2B,,15,"March 25, 2044",0,
Declining Balances Tables,147,"Class M-2B, M-2BR, M-2BS, M-2BT, M-2BU, M-2BI, M-2RB*, M-2SB*, M-2TB* and M-2UB*",M-2B,,25,"March 25, 2044",0,
Declining Balances Tables,147,"Class M-2B, M-2BR, M-2BS, M-2BT, M-2BU, M-2BI, M-2RB*, M-2SB*, M-2TB* and M-2UB*",M-2B,,35,"March 25, 2044",0,
Declining Balances Tables,147,"Class M-2B, M-2BR, M-2BS, M-2BT, M-2BU, M-2BI, M-2RB*, M-2SB*, M-2TB* and M-2UB*",M-2BR,,0,"March 25, 2044",100,
Declining Balances Tables,147,"Class M-2B, M-2BR, M-2BS, M-2BT, M-2BU, M-2BI, M-2RB*, M-2SB*, M-2TB* and M-2UB*",M-2BR,,5,"March 25, 2044",0,
Declining Balances Tables,147,"Class M-2B, M-2BR, M-2BS, M-2BT, M-2BU, M-2BI, M-2RB*, M-2SB*, M-2TB* and M-2UB*",M-2BR,,10,"March 25, 2044",0,
Declining Balances Tables,147,"Class M-2B, M-2BR, M-2BS, M-2BT, M-2BU, M-2BI, M-2RB*, M-2SB*, M-2TB* and M-2UB*",M-2BR,,15,"March 25, 2044",0,
Declining Balances Tables,147,"Class M-2B, M-2BR, M-2BS, M-2BT, M-2BU, M-2BI, M-2RB*, M-2SB*, M-2TB* and M-2UB*",M-2BR,,25,"March 25, 2044",0,
Declining Balances Tables,147,"Class M-2B, M-2BR, M-2BS, M-2BT, M-2BU, M-2BI, M-2RB*, M-2SB*, M-2TB* and M-2UB*",M-2BR,,35,"March 25, 2044",0,
Declining Balances Tables,147,"Class M-2B, M-2BR, M-2BS, M-2BT, M-2BU, M-2BI, M-2RB*, M-2SB*, M-2TB* and M-2UB*",M-2BS,,0,"March 25, 2044",100,
Declining Balances Tables,147,"Class M-2B, M-2BR, M-2BS, M-2BT, M-2BU, M-2BI, M-2RB*, M-2SB*, M-2TB* and M-2UB*",M-2BS,,5,"March 25, 2044",0,
Declining Balances Tables,147,"Class M-2B, M-2BR, M-2BS, M-2BT, M-2BU, M-2BI, M-2RB*, M-2SB*, M-2TB* and M-2UB*",M-2BS,,10,"March 25, 2044",0,
Declining Balances Tables,147,"Class M-2B, M-2BR, M-2BS, M-2BT, M-2BU, M-2BI, M-2RB*, M-2SB*, M-2TB* and M-2UB*",M-2BS,,15,"March 25, 2044",0,
Declining Balances Tables,147,"Class M-2B, M-2BR, M-2BS, M-2BT, M-2BU, M-2BI, M-2RB*, M-2SB*, M-2TB* and M-2UB*",M-2BS,,25,"March 25, 2044",0,
Declining Balances Tables,147,"Class M-2B, M-2BR, M-2BS, M-2BT, M-2BU, M-2BI, M-2RB*, M-2SB*, M-2TB* and M-2UB*",M-2BS,,35,"March 25, 2044",0,
Declining Balances Tables,147,"Class M-2B, M-2BR, M-2BS, M-2BT, M-2BU, M-2BI, M-2RB*, M-2SB*, M-2TB* and M-2UB*",M-2BT,,0,"March 25, 2044",100,
Declining Balances Tables,147,"Class M-2B, M-2BR, M-2BS, M-2BT, M-2BU, M-2BI, M-2RB*, M-2SB*, M-2TB* and M-2UB*",M-2BT,,5,"March 25, 2044",0,
Declining Balances Tables,147,"Class M-2B, M-2BR, M-2BS, M-2BT, M-2BU, M-2BI, M-2RB*, M-2SB*, M-2TB* and M-2UB*",M-2BT,,10,"March 25, 2044",0,
Declining Balances Tables,147,"Class M-2B, M-2BR, M-2BS, M-2BT, M-2BU, M-2BI, M-2RB*, M-2SB*, M-2TB* and M-2UB*",M-2BT,,15,"March 25, 2044",0,
Declining Balances Tables,147,"Class M-2B, M-2BR, M-2BS, M-2BT, M-2BU, M-2BI, M-2RB*, M-2SB*, M-2TB* and M-2UB*",M-2BT,,25,"March 25, 2044",0,
Declining Balances Tables,147,"Class M-2B, M-2BR, M-2BS, M-2BT, M-2BU, M-2BI, M-2RB*, M-2SB*, M-2TB* and M-2UB*",M-2BT,,35,"March 25, 2044",0,
Declining Balances Tables,147,"Class M-2B, M-2BR, M-2BS, M-2BT, M-2BU, M-2BI, M-2RB*, M-2SB*, M-2TB* and M-2UB*",M-2BU,,0,"March 25, 2044",100,
Declining Balances Tables,147,"Class M-2B, M-2BR, M-2BS, M-2BT, M-2BU, M-2BI, M-2RB*, M-2SB*, M-2TB* and M-2UB*",M-2BU,,5,"March 25, 2044",0,
Declining Balances Tables,147,"Class M-2B, M-2BR, M-2BS, M-2BT, M-2BU, M-2BI, M-2RB*, M-2SB*, M-2TB* and M-2UB*",M-2BU,,10,"March 25, 2044",0,
Declining Balances Tables,147,"Class M-2B, M-2BR, M-2BS, M-2BT, M-2BU, M-2BI, M-2RB*, M-2SB*, M-2TB* and M-2UB*",M-2BU,,15,"March 25, 2044",0,
Declining Balances Tables,147,"Class M-2B, M-2BR, M-2BS, M-2BT, M-2BU, M-2BI, M-2RB*, M-2SB*, M-2TB* and M-2UB*",M-2BU,,25,"March 25, 2044",0,
Declining Balances Tables,147,"Class M-2B, M-2BR, M-2BS, M-2BT, M-2BU, M-2BI, M-2RB*, M-2SB*, M-2TB* and M-2UB*",M-2BU,,35,"March 25, 2044",0,
Declining Balances Tables,147,"Class M-2B, M-2BR, M-2BS, M-2BT, M-2BU, M-2BI, M-2RB*, M-2SB*, M-2TB* and M-2UB*",M-2BI,,0,"March 25, 2044",100,
Declining Balances Tables,147,"Class M-2B, M-2BR, M-2BS, M-2BT, M-2BU, M-2BI, M-2RB*, M-2SB*, M-2TB* and M-2UB*",M-2BI,,5,"March 25, 2044",0,
Declining Balances Tables,147,"Class M-2B, M-2BR, M-2BS, M-2BT, M-2BU, M-2BI, M-2RB*, M-2SB*, M-2TB* and M-2UB*",M-2BI,,10,"March 25, 2044",0,
Declining Balances Tables,147,"Class M-2B, M-2BR, M-2BS, M-2BT, M-2BU, M-2BI, M-2RB*, M-2SB*, M-2TB* and M-2UB*",M-2BI,,15,"March 25, 2044",0,
Declining Balances Tables,147,"Class M-2B, M-2BR, M-2BS, M-2BT, M-2BU, M-2BI, M-2RB*, M-2SB*, M-2TB* and M-2UB*",M-2BI,,25,"March 25, 2044",0,
Declining Balances Tables,147,"Class M-2B, M-2BR, M-2BS, M-2BT, M-2BU, M-2BI, M-2RB*, M-2SB*, M-2TB* and M-2UB*",M-2BI,,35,"March 25, 2044",0,
Declining Balances Tables,147,"Class M-2B, M-2BR, M-2BS, M-2BT, M-2BU, M-2BI, M-2RB*, M-2SB*, M-2TB* and M-2UB*",M-2RB,*,0,"March 25, 2044",100,
Declining Balances Tables,147,"Class M-2B, M-2BR, M-2BS, M-2BT, M-2BU, M-2BI, M-2RB*, M-2SB*, M-2TB* and M-2UB*",M-2RB,*,5,"March 25, 2044",0,
Declining Balances Tables,147,"Class M-2B, M-2BR, M-2BS, M-2BT, M-2BU, M-2BI, M-2RB*, M-2SB*, M-2TB* and M-2UB*",M-2RB,*,10,"March 25, 2044",0,
Declining Balances Tables,147,"Class M-2B, M-2BR, M-2BS, M-2BT, M-2BU, M-2BI, M-2RB*, M-2SB*, M-2TB* and M-2UB*",M-2RB,*,15,"March 25, 2044",0,
Declining Balances Tables,147,"Class M-2B, M-2BR, M-2BS, M-2BT, M-2BU, M-2BI, M-2RB*, M-2SB*, M-2TB* and M-2UB*",M-2RB,*,25,"March 25, 2044",0,
Declining Balances Tables,147,"Class M-2B, M-2BR, M-2BS, M-2BT, M-2BU, M-2BI, M-2RB*, M-2SB*, M-2TB* and M-2UB*",M-2RB,*,35,"March 25, 2044",0,
Declining Balances Tables,147,"Class M-2B, M-2BR, M-2BS, M-2BT, M-2BU, M-2BI, M-2RB*, M-2SB*, M-2TB* and M-2UB*",M-2SB,*,0,"March 25, 2044",100,
Declining Balances Tables,147,"Class M-2B, M-2BR, M-2BS, M-2BT, M-2BU, M-2BI, M-2RB*, M-2SB*, M-2TB* and M-2UB*",M-2SB,*,5,"March 25, 2044",0,
Declining Balances Tables,147,"Class M-2B, M-2BR, M-2BS, M-2BT, M-2BU, M-2BI, M-2RB*, M-2SB*, M-2TB* and M-2UB*",M-2SB,*,10,"March 25, 2044",0,
Declining Balances Tables,147,"Class M-2B, M-2BR, M-2BS, M-2BT, M-2BU, M-2BI, M-2RB*, M-2SB*, M-2TB* and M-2UB*",M-2SB,*,15,"March 25, 2044",0,
Declining Balances Tables,147,"Class M-2B, M-2BR, M-2BS, M-2BT, M-2BU, M-2BI, M-2RB*, M-2SB*, M-2TB* and M-2UB*",M-2SB,*,25,"March 25, 2044",0,
Declining Balances Tables,147,"Class M-2B, M-2BR, M-2BS, M-2BT, M-2BU, M-2BI, M-2RB*, M-2SB*, M-2TB* and M-2UB*",M-2SB,*,35,"March 25, 2044",0,
Declining Balances Tables,147,"Class M-2B, M-2BR, M-2BS, M-2BT, M-2BU, M-2BI, M-2RB*, M-2SB*, M-2TB* and M-2UB*",M-2TB,*,0,"March 25, 2044",100,
Declining Balances Tables,147,"Class M-2B, M-2BR, M-2BS, M-2BT, M-2BU, M-2BI, M-2RB*, M-2SB*, M-2TB* and M-2UB*",M-2TB,*,5,"March 25, 2044",0,
Declining Balances Tables,147,"Class M-2B, M-2BR, M-2BS, M-2BT, M-2BU, M-2BI, M-2RB*, M-2SB*, M-2TB* and M-2UB*",M-2TB,*,10,"March 25, 2044",0,
Declining Balances Tables,147,"Class M-2B, M-2BR, M-2BS, M-2BT, M-2BU, M-2BI, M-2RB*, M-2SB*, M-2TB* and M-2UB*",M-2TB,*,15,"March 25, 2044",0,
Declining Balances Tables,147,"Class M-2B, M-2BR, M-2BS, M-2BT, M-2BU, M-2BI, M-2RB*, M-2SB*, M-2TB* and M-2UB*",M-2TB,*,25,"March 25, 2044",0,
Declining Balances Tables,147,"Class M-2B, M-2BR, M-2BS, M-2BT, M-2BU, M-2BI, M-2RB*, M-2SB*, M-2TB* and M-2UB*",M-2TB,*,35,"March 25, 2044",0,
Declining Balances Tables,147,"Class M-2B, M-2BR, M-2BS, M-2BT, M-2BU, M-2BI, M-2RB*, M-2SB*, M-2TB* and M-2UB*",M-2UB,*,0,"March 25, 2044",100,
Declining Balances Tables,147,"Class M-2B, M-2BR, M-2BS, M-2BT, M-2BU, M-2BI, M-2RB*, M-2SB*, M-2TB* and M-2UB*",M-2UB,*,5,"March 25, 2044",0,
Declining Balances Tables,147,"Class M-2B, M-2BR, M-2BS, M-2BT, M-2BU, M-2BI, M-2RB*, M-2SB*, M-2TB* and M-2UB*",M-2UB,*,10,"March 25, 2044",0,
Declining Balances Tables,147,"Class M-2B, M-2BR, M-2BS, M-2BT, M-2BU, M-2BI, M-2RB*, M-2SB*, M-2TB* and M-2UB*",M-2UB,*,15,"March 25, 2044",0,
Declining Balances Tables,147,"Class M-2B, M-2BR, M-2BS, M-2BT, M-2BU, M-2BI, M-2RB*, M-2SB*, M-2TB* and M-2UB*",M-2UB,*,25,"March 25, 2044",0,
Declining Balances Tables,147,"Class M-2B, M-2BR, M-2BS, M-2BT, M-2BU, M-2BI, M-2RB*, M-2SB*, M-2TB* and M-2UB*",M-2UB,*,35,"March 25, 2044",0,
Declining Balances Tables,147,"Class M-2B, M-2BR, M-2BS, M-2BT, M-2BU, M-2BI, M-2RB*, M-2SB*, M-2TB* and M-2UB*",M-2B,,0,"March 25, 2045",81,
Declining Balances Tables,147,"Class M-2B, M-2BR, M-2BS, M-2BT, M-2BU, M-2BI, M-2RB*, M-2SB*, M-2TB* and M-2UB*",M-2B,,5,"March 25, 2045",0,
Declining Balances Tables,147,"Class M-2B, M-2BR, M-2BS, M-2BT, M-2BU, M-2BI, M-2RB*, M-2SB*, M-2TB* and M-2UB*",M-2B,,10,"March 25, 2045",0,
Declining Balances Tables,147,"Class M-2B, M-2BR, M-2BS, M-2BT, M-2BU, M-2BI, M-2RB*, M-2SB*, M-2TB* and M-2UB*",M-2B,,15,"March 25, 2045",0,
Declining Balances Tables,147,"Class M-2B, M-2BR, M-2BS, M-2BT, M-2BU, M-2BI, M-2RB*, M-2SB*, M-2TB* and M-2UB*",M-2B,,25,"March 25, 2045",0,
Declining Balances Tables,147,"Class M-2B, M-2BR, M-2BS, M-2BT, M-2BU, M-2BI, M-2RB*, M-2SB*, M-2TB* and M-2UB*",M-2B,,35,"March 25, 2045",0,
Declining Balances Tables,147,"Class M-2B, M-2BR, M-2BS, M-2BT, M-2BU, M-2BI, M-2RB*, M-2SB*, M-2TB* and M-2UB*",M-2BR,,0,"March 25, 2045",81,
Declining Balances Tables,147,"Class M-2B, M-2BR, M-2BS, M-2BT, M-2BU, M-2BI, M-2RB*, M-2SB*, M-2TB* and M-2UB*",M-2BR,,5,"March 25, 2045",0,
Declining Balances Tables,147,"Class M-2B, M-2BR, M-2BS, M-2BT, M-2BU, M-2BI, M-2RB*, M-2SB*, M-2TB* and M-2UB*",M-2BR,,10,"March 25, 2045",0,
Declining Balances Tables,147,"Class M-2B, M-2BR, M-2BS, M-2BT, M-2BU, M-2BI, M-2RB*, M-2SB*, M-2TB* and M-2UB*",M-2BR,,15,"March 25, 2045",0,
Declining Balances Tables,147,"Class M-2B, M-2BR, M-2BS, M-2BT, M-2BU, M-2BI, M-2RB*, M-2SB*, M-2TB* and M-2UB*",M-2BR,,25,"March 25, 2045",0,
Declining Balances Tables,147,"Class M-2B, M-2BR, M-2BS, M-2BT, M-2BU, M-2BI, M-2RB*, M-2SB*, M-2TB* and M-2UB*",M-2BR,,35,"March 25, 2045",0,
Declining Balances Tables,147,"Class M-2B, M-2BR, M-2BS, M-2BT, M-2BU, M-2BI, M-2RB*, M-2SB*, M-2TB* and M-2UB*",M-2BS,,0,"March 25, 2045",81,
Declining Balances Tables,147,"Class M-2B, M-2BR, M-2BS, M-2BT, M-2BU, M-2BI, M-2RB*, M-2SB*, M-2TB* and M-2UB*",M-2BS,,5,"March 25, 2045",0,
Declining Balances Tables,147,"Class M-2B, M-2BR, M-2BS, M-2BT, M-2BU, M-2BI, M-2RB*, M-2SB*, M-2TB* and M-2UB*",M-2BS,,10,"March 25, 2045",0,
Declining Balances Tables,147,"Class M-2B, M-2BR, M-2BS, M-2BT, M-2BU, M-2BI, M-2RB*, M-2SB*, M-2TB* and M-2UB*",M-2BS,,15,"March 25, 2045",0,
Declining Balances Tables,147,"Class M-2B, M-2BR, M-2BS, M-2BT, M-2BU, M-2BI, M-2RB*, M-2SB*, M-2TB* and M-2UB*",M-2BS,,25,"March 25, 2045",0,
Declining Balances Tables,147,"Class M-2B, M-2BR, M-2BS, M-2BT, M-2BU, M-2BI, M-2RB*, M-2SB*, M-2TB* and M-2UB*",M-2BS,,35,"March 25, 2045",0,
Declining Balances Tables,147,"Class M-2B, M-2BR, M-2BS, M-2BT, M-2BU, M-2BI, M-2RB*, M-2SB*, M-2TB* and M-2UB*",M-2BT,,0,"March 25, 2045",81,
Declining Balances Tables,147,"Class M-2B, M-2BR, M-2BS, M-2BT, M-2BU, M-2BI, M-2RB*, M-2SB*, M-2TB* and M-2UB*",M-2BT,,5,"March 25, 2045",0,
Declining Balances Tables,147,"Class M-2B, M-2BR, M-2BS, M-2BT, M-2BU, M-2BI, M-2RB*, M-2SB*, M-2TB* and M-2UB*",M-2BT,,10,"March 25, 2045",0,
Declining Balances Tables,147,"Class M-2B, M-2BR, M-2BS, M-2BT, M-2BU, M-2BI, M-2RB*, M-2SB*, M-2TB* and M-2UB*",M-2BT,,15,"March 25, 2045",0,
Declining Balances Tables,147,"Class M-2B, M-2BR, M-2BS, M-2BT, M-2BU, M-2BI, M-2RB*, M-2SB*, M-2TB* and M-2UB*",M-2BT,,25,"March 25, 2045",0,
Declining Balances Tables,147,"Class M-2B, M-2BR, M-2BS, M-2BT, M-2BU, M-2BI, M-2RB*, M-2SB*, M-2TB* and M-2UB*",M-2BT,,35,"March 25, 2045",0,
Declining Balances Tables,147,"Class M-2B, M-2BR, M-2BS, M-2BT, M-2BU, M-2BI, M-2RB*, M-2SB*, M-2TB* and M-2UB*",M-2BU,,0,"March 25, 2045",81,
Declining Balances Tables,147,"Class M-2B, M-2BR, M-2BS, M-2BT, M-2BU, M-2BI, M-2RB*, M-2SB*, M-2TB* and M-2UB*",M-2BU,,5,"March 25, 2045",0,
Declining Balances Tables,147,"Class M-2B, M-2BR, M-2BS, M-2BT, M-2BU, M-2BI, M-2RB*, M-2SB*, M-2TB* and M-2UB*",M-2BU,,10,"March 25, 2045",0,
Declining Balances Tables,147,"Class M-2B, M-2BR, M-2BS, M-2BT, M-2BU, M-2BI, M-2RB*, M-2SB*, M-2TB* and M-2UB*",M-2BU,,15,"March 25, 2045",0,
Declining Balances Tables,147,"Class M-2B, M-2BR, M-2BS, M-2BT, M-2BU, M-2BI, M-2RB*, M-2SB*, M-2TB* and M-2UB*",M-2BU,,25,"March 25, 2045",0,
Declining Balances Tables,147,"Class M-2B, M-2BR, M-2BS, M-2BT, M-2BU, M-2BI, M-2RB*, M-2SB*, M-2TB* and M-2UB*",M-2BU,,35,"March 25, 2045",0,
Declining Balances Tables,147,"Class M-2B, M-2BR, M-2BS, M-2BT, M-2BU, M-2BI, M-2RB*, M-2SB*, M-2TB* and M-2UB*",M-2BI,,0,"March 25, 2045",81,
Declining Balances Tables,147,"Class M-2B, M-2BR, M-2BS, M-2BT, M-2BU, M-2BI, M-2RB*, M-2SB*, M-2TB* and M-2UB*",M-2BI,,5,"March 25, 2045",0,
Declining Balances Tables,147,"Class M-2B, M-2BR, M-2BS, M-2BT, M-2BU, M-2BI, M-2RB*, M-2SB*, M-2TB* and M-2UB*",M-2BI,,10,"March 25, 2045",0,
Declining Balances Tables,147,"Class M-2B, M-2BR, M-2BS, M-2BT, M-2BU, M-2BI, M-2RB*, M-2SB*, M-2TB* and M-2UB*",M-2BI,,15,"March 25, 2045",0,
Declining Balances Tables,147,"Class M-2B, M-2BR, M-2BS, M-2BT, M-2BU, M-2BI, M-2RB*, M-2SB*, M-2TB* and M-2UB*",M-2BI,,25,"March 25, 2045",0,
Declining Balances Tables,147,"Class M-2B, M-2BR, M-2BS, M-2BT, M-2BU, M-2BI, M-2RB*, M-2SB*, M-2TB* and M-2UB*",M-2BI,,35,"March 25, 2045",0,
Declining Balances Tables,147,"Class M-2B, M-2BR, M-2BS, M-2BT, M-2BU, M-2BI, M-2RB*, M-2SB*, M-2TB* and M-2UB*",M-2RB,*,0,"March 25, 2045",81,
Declining Balances Tables,147,"Class M-2B, M-2BR, M-2BS, M-2BT, M-2BU, M-2BI, M-2RB*, M-2SB*, M-2TB* and M-2UB*",M-2RB,*,5,"March 25, 2045",0,
Declining Balances Tables,147,"Class M-2B, M-2BR, M-2BS, M-2BT, M-2BU, M-2BI, M-2RB*, M-2SB*, M-2TB* and M-2UB*",M-2RB,*,10,"March 25, 2045",0,
Declining Balances Tables,147,"Class M-2B, M-2BR, M-2BS, M-2BT, M-2BU, M-2BI, M-2RB*, M-2SB*, M-2TB* and M-2UB*",M-2RB,*,15,"March 25, 2045",0,
Declining Balances Tables,147,"Class M-2B, M-2BR, M-2BS, M-2BT, M-2BU, M-2BI, M-2RB*, M-2SB*, M-2TB* and M-2UB*",M-2RB,*,25,"March 25, 2045",0,
Declining Balances Tables,147,"Class M-2B, M-2BR, M-2BS, M-2BT, M-2BU, M-2BI, M-2RB*, M-2SB*, M-2TB* and M-2UB*",M-2RB,*,35,"March 25, 2045",0,
Declining Balances Tables,147,"Class M-2B, M-2BR, M-2BS, M-2BT, M-2BU, M-2BI, M-2RB*, M-2SB*, M-2TB* and M-2UB*",M-2SB,*,0,"March 25, 2045",81,
Declining Balances Tables,147,"Class M-2B, M-2BR, M-2BS, M-2BT, M-2BU, M-2BI, M-2RB*, M-2SB*, M-2TB* and M-2UB*",M-2SB,*,5,"March 25, 2045",0,
Declining Balances Tables,147,"Class M-2B, M-2BR, M-2BS, M-2BT, M-2BU, M-2BI, M-2RB*, M-2SB*, M-2TB* and M-2UB*",M-2SB,*,10,"March 25, 2045",0,
Declining Balances Tables,147,"Class M-2B, M-2BR, M-2BS, M-2BT, M-2BU, M-2BI, M-2RB*, M-2SB*, M-2TB* and M-2UB*",M-2SB,*,15,"March 25, 2045",0,
Declining Balances Tables,147,"Class M-2B, M-2BR, M-2BS, M-2BT, M-2BU, M-2BI, M-2RB*, M-2SB*, M-2TB* and M-2UB*",M-2SB,*,25,"March 25, 2045",0,
Declining Balances Tables,147,"Class M-2B, M-2BR, M-2BS, M-2BT, M-2BU, M-2BI, M-2RB*, M-2SB*, M-2TB* and M-2UB*",M-2SB,*,35,"March 25, 2045",0,
Declining Balances Tables,147,"Class M-2B, M-2BR, M-2BS, M-2BT, M-2BU, M-2BI, M-2RB*, M-2SB*, M-2TB* and M-2UB*",M-2TB,*,0,"March 25, 2045",81,
Declining Balances Tables,147,"Class M-2B, M-2BR, M-2BS, M-2BT, M-2BU, M-2BI, M-2RB*, M-2SB*, M-2TB* and M-2UB*",M-2TB,*,5,"March 25, 2045",0,
Declining Balances Tables,147,"Class M-2B, M-2BR, M-2BS, M-2BT, M-2BU, M-2BI, M-2RB*, M-2SB*, M-2TB* and M-2UB*",M-2TB,*,10,"March 25, 2045",0,
Declining Balances Tables,147,"Class M-2B, M-2BR, M-2BS, M-2BT, M-2BU, M-2BI, M-2RB*, M-2SB*, M-2TB* and M-2UB*",M-2TB,*,15,"March 25, 2045",0,
Declining Balances Tables,147,"Class M-2B, M-2BR, M-2BS, M-2BT, M-2BU, M-2BI, M-2RB*, M-2SB*, M-2TB* and M-2UB*",M-2TB,*,25,"March 25, 2045",0,
Declining Balances Tables,147,"Class M-2B, M-2BR, M-2BS, M-2BT, M-2BU, M-2BI, M-2RB*, M-2SB*, M-2TB* and M-2UB*",M-2TB,*,35,"March 25, 2045",0,
Declining Balances Tables,147,"Class M-2B, M-2BR, M-2BS, M-2BT, M-2BU, M-2BI, M-2RB*, M-2SB*, M-2TB* and M-2UB*",M-2UB,*,0,"March 25, 2045",81,
Declining Balances Tables,147,"Class M-2B, M-2BR, M-2BS, M-2BT, M-2BU, M-2BI, M-2RB*, M-2SB*, M-2TB* and M-2UB*",M-2UB,*,5,"March 25, 2045",0,
Declining Balances Tables,147,"Class M-2B, M-2BR, M-2BS, M-2BT, M-2BU, M-2BI, M-2RB*, M-2SB*, M-2TB* and M-2UB*",M-2UB,*,10,"March 25, 2045",0,
Declining Balances Tables,147,"Class M-2B, M-2BR, M-2BS, M-2BT, M-2BU, M-2BI, M-2RB*, M-2SB*, M-2TB* and M-2UB*",M-2UB,*,15,"March 25, 2045",0,
Declining Balances Tables,147,"Class M-2B, M-2BR, M-2BS, M-2BT, M-2BU, M-2BI, M-2RB*, M-2SB*, M-2TB* and M-2UB*",M-2UB,*,25,"March 25, 2045",0,
Declining Balances Tables,147,"Class M-2B, M-2BR, M-2BS, M-2BT, M-2BU, M-2BI, M-2RB*, M-2SB*, M-2TB* and M-2UB*",M-2UB,*,35,"March 25, 2045",0,
Declining Balances Tables,147,"Class M-2B, M-2BR, M-2BS, M-2BT, M-2BU, M-2BI, M-2RB*, M-2SB*, M-2TB* and M-2UB*",M-2B,,0,"March 25, 2046",0,
Declining Balances Tables,147,"Class M-2B, M-2BR, M-2BS, M-2BT, M-2BU, M-2BI, M-2RB*, M-2SB*, M-2TB* and M-2UB*",M-2B,,5,"March 25, 2046",0,
Declining Balances Tables,147,"Class M-2B, M-2BR, M-2BS, M-2BT, M-2BU, M-2BI, M-2RB*, M-2SB*, M-2TB* and M-2UB*",M-2B,,10,"March 25, 2046",0,
Declining Balances Tables,147,"Class M-2B, M-2BR, M-2BS, M-2BT, M-2BU, M-2BI, M-2RB*, M-2SB*, M-2TB* and M-2UB*",M-2B,,15,"March 25, 2046",0,
Declining Balances Tables,147,"Class M-2B, M-2BR, M-2BS, M-2BT, M-2BU, M-2BI, M-2RB*, M-2SB*, M-2TB* and M-2UB*",M-2B,,25,"March 25, 2046",0,
Declining Balances Tables,147,"Class M-2B, M-2BR, M-2BS, M-2BT, M-2BU, M-2BI, M-2RB*, M-2SB*, M-2TB* and M-2UB*",M-2B,,35,"March 25, 2046",0,
Declining Balances Tables,147,"Class M-2B, M-2BR, M-2BS, M-2BT, M-2BU, M-2BI, M-2RB*, M-2SB*, M-2TB* and M-2UB*",M-2BR,,0,"March 25, 2046",0,
Declining Balances Tables,147,"Class M-2B, M-2BR, M-2BS, M-2BT, M-2BU, M-2BI, M-2RB*, M-2SB*, M-2TB* and M-2UB*",M-2BR,,5,"March 25, 2046",0,
Declining Balances Tables,147,"Class M-2B, M-2BR, M-2BS, M-2BT, M-2BU, M-2BI, M-2RB*, M-2SB*, M-2TB* and M-2UB*",M-2BR,,10,"March 25, 2046",0,
Declining Balances Tables,147,"Class M-2B, M-2BR, M-2BS, M-2BT, M-2BU, M-2BI, M-2RB*, M-2SB*, M-2TB* and M-2UB*",M-2BR,,15,"March 25, 2046",0,
Declining Balances Tables,147,"Class M-2B, M-2BR, M-2BS, M-2BT, M-2BU, M-2BI, M-2RB*, M-2SB*, M-2TB* and M-2UB*",M-2BR,,25,"March 25, 2046",0,
Declining Balances Tables,147,"Class M-2B, M-2BR, M-2BS, M-2BT, M-2BU, M-2BI, M-2RB*, M-2SB*, M-2TB* and M-2UB*",M-2BR,,35,"March 25, 2046",0,
Declining Balances Tables,147,"Class M-2B, M-2BR, M-2BS, M-2BT, M-2BU, M-2BI, M-2RB*, M-2SB*, M-2TB* and M-2UB*",M-2BS,,0,"March 25, 2046",0,
Declining Balances Tables,147,"Class M-2B, M-2BR, M-2BS, M-2BT, M-2BU, M-2BI, M-2RB*, M-2SB*, M-2TB* and M-2UB*",M-2BS,,5,"March 25, 2046",0,
Declining Balances Tables,147,"Class M-2B, M-2BR, M-2BS, M-2BT, M-2BU, M-2BI, M-2RB*, M-2SB*, M-2TB* and M-2UB*",M-2BS,,10,"March 25, 2046",0,
Declining Balances Tables,147,"Class M-2B, M-2BR, M-2BS, M-2BT, M-2BU, M-2BI, M-2RB*, M-2SB*, M-2TB* and M-2UB*",M-2BS,,15,"March 25, 2046",0,
Declining Balances Tables,147,"Class M-2B, M-2BR, M-2BS, M-2BT, M-2BU, M-2BI, M-2RB*, M-2SB*, M-2TB* and M-2UB*",M-2BS,,25,"March 25, 2046",0,
Declining Balances Tables,147,"Class M-2B, M-2BR, M-2BS, M-2BT, M-2BU, M-2BI, M-2RB*, M-2SB*, M-2TB* and M-2UB*",M-2BS,,35,"March 25, 2046",0,
Declining Balances Tables,147,"Class M-2B, M-2BR, M-2BS, M-2BT, M-2BU, M-2BI, M-2RB*, M-2SB*, M-2TB* and M-2UB*",M-2BT,,0,"March 25, 2046",0,
Declining Balances Tables,147,"Class M-2B, M-2BR, M-2BS, M-2BT, M-2BU, M-2BI, M-2RB*, M-2SB*, M-2TB* and M-2UB*",M-2BT,,5,"March 25, 2046",0,
Declining Balances Tables,147,"Class M-2B, M-2BR, M-2BS, M-2BT, M-2BU, M-2BI, M-2RB*, M-2SB*, M-2TB* and M-2UB*",M-2BT,,10,"March 25, 2046",0,
Declining Balances Tables,147,"Class M-2B, M-2BR, M-2BS, M-2BT, M-2BU, M-2BI, M-2RB*, M-2SB*, M-2TB* and M-2UB*",M-2BT,,15,"March 25, 2046",0,
Declining Balances Tables,147,"Class M-2B, M-2BR, M-2BS, M-2BT, M-2BU, M-2BI, M-2RB*, M-2SB*, M-2TB* and M-2UB*",M-2BT,,25,"March 25, 2046",0,
Declining Balances Tables,147,"Class M-2B, M-2BR, M-2BS, M-2BT, M-2BU, M-2BI, M-2RB*, M-2SB*, M-2TB* and M-2UB*",M-2BT,,35,"March 25, 2046",0,
Declining Balances Tables,147,"Class M-2B, M-2BR, M-2BS, M-2BT, M-2BU, M-2BI, M-2RB*, M-2SB*, M-2TB* and M-2UB*",M-2BU,,0,"March 25, 2046",0,
Declining Balances Tables,147,"Class M-2B, M-2BR, M-2BS, M-2BT, M-2BU, M-2BI, M-2RB*, M-2SB*, M-2TB* and M-2UB*",M-2BU,,5,"March 25, 2046",0,
Declining Balances Tables,147,"Class M-2B, M-2BR, M-2BS, M-2BT, M-2BU, M-2BI, M-2RB*, M-2SB*, M-2TB* and M-2UB*",M-2BU,,10,"March 25, 2046",0,
Declining Balances Tables,147,"Class M-2B, M-2BR, M-2BS, M-2BT, M-2BU, M-2BI, M-2RB*, M-2SB*, M-2TB* and M-2UB*",M-2BU,,15,"March 25, 2046",0,
Declining Balances Tables,147,"Class M-2B, M-2BR, M-2BS, M-2BT, M-2BU, M-2BI, M-2RB*, M-2SB*, M-2TB* and M-2UB*",M-2BU,,25,"March 25, 2046",0,
Declining Balances Tables,147,"Class M-2B, M-2BR, M-2BS, M-2BT, M-2BU, M-2BI, M-2RB*, M-2SB*, M-2TB* and M-2UB*",M-2BU,,35,"March 25, 2046",0,
Declining Balances Tables,147,"Class M-2B, M-2BR, M-2BS, M-2BT, M-2BU, M-2BI, M-2RB*, M-2SB*, M-2TB* and M-2UB*",M-2BI,,0,"March 25, 2046",0,
Declining Balances Tables,147,"Class M-2B, M-2BR, M-2BS, M-2BT, M-2BU, M-2BI, M-2RB*, M-2SB*, M-2TB* and M-2UB*",M-2BI,,5,"March 25, 2046",0,
Declining Balances Tables,147,"Class M-2B, M-2BR, M-2BS, M-2BT, M-2BU, M-2BI, M-2RB*, M-2SB*, M-2TB* and M-2UB*",M-2BI,,10,"March 25, 2046",0,
Declining Balances Tables,147,"Class M-2B, M-2BR, M-2BS, M-2BT, M-2BU, M-2BI, M-2RB*, M-2SB*, M-2TB* and M-2UB*",M-2BI,,15,"March 25, 2046",0,
Declining Balances Tables,147,"Class M-2B, M-2BR, M-2BS, M-2BT, M-2BU, M-2BI, M-2RB*, M-2SB*, M-2TB* and M-2UB*",M-2BI,,25,"March 25, 2046",0,
Declining Balances Tables,147,"Class M-2B, M-2BR, M-2BS, M-2BT, M-2BU, M-2BI, M-2RB*, M-2SB*, M-2TB* and M-2UB*",M-2BI,,35,"March 25, 2046",0,
Declining Balances Tables,147,"Class M-2B, M-2BR, M-2BS, M-2BT, M-2BU, M-2BI, M-2RB*, M-2SB*, M-2TB* and M-2UB*",M-2RB,*,0,"March 25, 2046",0,
Declining Balances Tables,147,"Class M-2B, M-2BR, M-2BS, M-2BT, M-2BU, M-2BI, M-2RB*, M-2SB*, M-2TB* and M-2UB*",M-2RB,*,5,"March 25, 2046",0,
Declining Balances Tables,147,"Class M-2B, M-2BR, M-2BS, M-2BT, M-2BU, M-2BI, M-2RB*, M-2SB*, M-2TB* and M-2UB*",M-2RB,*,10,"March 25, 2046",0,
Declining Balances Tables,147,"Class M-2B, M-2BR, M-2BS, M-2BT, M-2BU, M-2BI, M-2RB*, M-2SB*, M-2TB* and M-2UB*",M-2RB,*,15,"March 25, 2046",0,
Declining Balances Tables,147,"Class M-2B, M-2BR, M-2BS, M-2BT, M-2BU, M-2BI, M-2RB*, M-2SB*, M-2TB* and M-2UB*",M-2RB,*,25,"March 25, 2046",0,
Declining Balances Tables,147,"Class M-2B, M-2BR, M-2BS, M-2BT, M-2BU, M-2BI, M-2RB*, M-2SB*, M-2TB* and M-2UB*",M-2RB,*,35,"March 25, 2046",0,
Declining Balances Tables,147,"Class M-2B, M-2BR, M-2BS, M-2BT, M-2BU, M-2BI, M-2RB*, M-2SB*, M-2TB* and M-2UB*",M-2SB,*,0,"March 25, 2046",0,
Declining Balances Tables,147,"Class M-2B, M-2BR, M-2BS, M-2BT, M-2BU, M-2BI, M-2RB*, M-2SB*, M-2TB* and M-2UB*",M-2SB,*,5,"March 25, 2046",0,
Declining Balances Tables,147,"Class M-2B, M-2BR, M-2BS, M-2BT, M-2BU, M-2BI, M-2RB*, M-2SB*, M-2TB* and M-2UB*",M-2SB,*,10,"March 25, 2046",0,
Declining Balances Tables,147,"Class M-2B, M-2BR, M-2BS, M-2BT, M-2BU, M-2BI, M-2RB*, M-2SB*, M-2TB* and M-2UB*",M-2SB,*,15,"March 25, 2046",0,
Declining Balances Tables,147,"Class M-2B, M-2BR, M-2BS, M-2BT, M-2BU, M-2BI, M-2RB*, M-2SB*, M-2TB* and M-2UB*",M-2SB,*,25,"March 25, 2046",0,
Declining Balances Tables,147,"Class M-2B, M-2BR, M-2BS, M-2BT, M-2BU, M-2BI, M-2RB*, M-2SB*, M-2TB* and M-2UB*",M-2SB,*,35,"March 25, 2046",0,
Declining Balances Tables,147,"Class M-2B, M-2BR, M-2BS, M-2BT, M-2BU, M-2BI, M-2RB*, M-2SB*, M-2TB* and M-2UB*",M-2TB,*,0,"March 25, 2046",0,
Declining Balances Tables,147,"Class M-2B, M-2BR, M-2BS, M-2BT, M-2BU, M-2BI, M-2RB*, M-2SB*, M-2TB* and M-2UB*",M-2TB,*,5,"March 25, 2046",0,
Declining Balances Tables,147,"Class M-2B, M-2BR, M-2BS, M-2BT, M-2BU, M-2BI, M-2RB*, M-2SB*, M-2TB* and M-2UB*",M-2TB,*,10,"March 25, 2046",0,
Declining Balances Tables,147,"Class M-2B, M-2BR, M-2BS, M-2BT, M-2BU, M-2BI, M-2RB*, M-2SB*, M-2TB* and M-2UB*",M-2TB,*,15,"March 25, 2046",0,
Declining Balances Tables,147,"Class M-2B, M-2BR, M-2BS, M-2BT, M-2BU, M-2BI, M-2RB*, M-2SB*, M-2TB* and M-2UB*",M-2TB,*,25,"March 25, 2046",0,
Declining Balances Tables,147,"Class M-2B, M-2BR, M-2BS, M-2BT, M-2BU, M-2BI, M-2RB*, M-2SB*, M-2TB* and M-2UB*",M-2TB,*,35,"March 25, 2046",0,
Declining Balances Tables,147,"Class M-2B, M-2BR, M-2BS, M-2BT, M-2BU, M-2BI, M-2RB*, M-2SB*, M-2TB* and M-2UB*",M-2UB,*,0,"March 25, 2046",0,
Declining Balances Tables,147,"Class M-2B, M-2BR, M-2BS, M-2BT, M-2BU, M-2BI, M-2RB*, M-2SB*, M-2TB* and M-2UB*",M-2UB,*,5,"March 25, 2046",0,
Declining Balances Tables,147,"Class M-2B, M-2BR, M-2BS, M-2BT, M-2BU, M-2BI, M-2RB*, M-2SB*, M-2TB* and M-2UB*",M-2UB,*,10,"March 25, 2046",0,
Declining Balances Tables,147,"Class M-2B, M-2BR, M-2BS, M-2BT, M-2BU, M-2BI, M-2RB*, M-2SB*, M-2TB* and M-2UB*",M-2UB,*,15,"March 25, 2046",0,
Declining Balances Tables,147,"Class M-2B, M-2BR, M-2BS, M-2BT, M-2BU, M-2BI, M-2RB*, M-2SB*, M-2TB* and M-2UB*",M-2UB,*,25,"March 25, 2046",0,
Declining Balances Tables,147,"Class M-2B, M-2BR, M-2BS, M-2BT, M-2BU, M-2BI, M-2RB*, M-2SB*, M-2TB* and M-2UB*",M-2UB,*,35,"March 25, 2046",0,
Declining Balances Tables,147,"Class M-2B, M-2BR, M-2BS, M-2BT, M-2BU, M-2BI, M-2RB*, M-2SB*, M-2TB* and M-2UB*",M-2B,,0,Weighted Average Life (years) to Scheduled Maturity Date,,19.56
Declining Balances Tables,147,"Class M-2B, M-2BR, M-2BS, M-2BT, M-2BU, M-2BI, M-2RB*, M-2SB*, M-2TB* and M-2UB*",M-2B,,5,Weighted Average Life (years) to Scheduled Maturity Date,,8.76
Declining Balances Tables,147,"Class M-2B, M-2BR, M-2BS, M-2BT, M-2BU, M-2BI, M-2RB*, M-2SB*, M-2TB* and M-2UB*",M-2B,,10,Weighted Average Life (years) to Scheduled Maturity Date,,4.96
Declining Balances Tables,147,"Class M-2B, M-2BR, M-2BS, M-2BT, M-2BU, M-2BI, M-2RB*, M-2SB*, M-2TB* and M-2UB*",M-2B,,15,Weighted Average Life (years) to Scheduled Maturity Date,,3.36
Declining Balances Tables,147,"Class M-2B, M-2BR, M-2BS, M-2BT, M-2BU, M-2BI, M-2RB*, M-2SB*, M-2TB* and M-2UB*",M-2B,,25,Weighted Average Life (years) to Scheduled Maturity Date,,1.96
Declining Balances Tables,147,"Class M-2B, M-2BR, M-2BS, M-2BT, M-2BU, M-2BI, M-2RB*, M-2SB*, M-2TB* and M-2UB*",M-2B,,35,Weighted Average Life (years) to Scheduled Maturity Date,,1.32
Declining Balances Tables,147,"Class M-2B, M-2BR, M-2BS, M-2BT, M-2BU, M-2BI, M-2RB*, M-2SB*, M-2TB* and M-2UB*",M-2BR,,0,Weighted Average Life (years) to Scheduled Maturity Date,,19.56
Declining Balances Tables,147,"Class M-2B, M-2BR, M-2BS, M-2BT, M-2BU, M-2BI, M-2RB*, M-2SB*, M-2TB* and M-2UB*",M-2BR,,5,Weighted Average Life (years) to Scheduled Maturity Date,,8.76
Declining Balances Tables,147,"Class M-2B, M-2BR, M-2BS, M-2BT, M-2BU, M-2BI, M-2RB*, M-2SB*, M-2TB* and M-2UB*",M-2BR,,10,Weighted Average Life (years) to Scheduled Maturity Date,,4.96
Declining Balances Tables,147,"Class M-2B, M-2BR, M-2BS, M-2BT, M-2BU, M-2BI, M-2RB*, M-2SB*, M-2TB* and M-2UB*",M-2BR,,15,Weighted Average Life (years) to Scheduled Maturity Date,,3.36
Declining Balances Tables,147,"Class M-2B, M-2BR, M-2BS, M-2BT, M-2BU, M-2BI, M-2RB*, M-2SB*, M-2TB* and M-2UB*",M-2BR,,25,Weighted Average Life (years) to Scheduled Maturity Date,,1.96
Declining Balances Tables,147,"Class M-2B, M-2BR, M-2BS, M-2BT, M-2BU, M-2BI, M-2RB*, M-2SB*, M-2TB* and M-2UB*",M-2BR,,35,Weighted Average Life (years) to Scheduled Maturity Date,,1.32
Declining Balances Tables,147,"Class M-2B, M-2BR, M-2BS, M-2BT, M-2BU, M-2BI, M-2RB*, M-2SB*, M-2TB* and M-2UB*",M-2BS,,0,Weighted Average Life (years) to Scheduled Maturity Date,,19.56
Declining Balances Tables,147,"Class M-2B, M-2BR, M-2BS, M-2BT, M-2BU, M-2BI, M-2RB*, M-2SB*, M-2TB* and M-2UB*",M-2BS,,5,Weighted Average Life (years) to Scheduled Maturity Date,,8.76
Declining Balances Tables,147,"Class M-2B, M-2BR, M-2BS, M-2BT, M-2BU, M-2BI, M-2RB*, M-2SB*, M-2TB* and M-2UB*",M-2BS,,10,Weighted Average Life (years) to Scheduled Maturity Date,,4.96
Declining Balances Tables,147,"Class M-2B, M-2BR, M-2BS, M-2BT, M-2BU, M-2BI, M-2RB*, M-2SB*, M-2TB* and M-2UB*",M-2BS,,15,Weighted Average Life (years) to Scheduled Maturity Date,,3.36
Declining Balances Tables,147,"Class M-2B, M-2BR, M-2BS, M-2BT, M-2BU, M-2BI, M-2RB*, M-2SB*, M-2TB* and M-2UB*",M-2BS,,25,Weighted Average Life (years) to Scheduled Maturity Date,,1.96
Declining Balances Tables,147,"Class M-2B, M-2BR, M-2BS, M-2BT, M-2BU, M-2BI, M-2RB*, M-2SB*, M-2TB* and M-2UB*",M-2BS,,35,Weighted Average Life (years) to Scheduled Maturity Date,,1.32
Declining Balances Tables,147,"Class M-2B, M-2BR, M-2BS, M-2BT, M-2BU, M-2BI, M-2RB*, M-2SB*, M-2TB* and M-2UB*",M-2BT,,0,Weighted Average Life (years) to Scheduled Maturity Date,,19.56
Declining Balances Tables,147,"Class M-2B, M-2BR, M-2BS, M-2BT, M-2BU, M-2BI, M-2RB*, M-2SB*, M-2TB* and M-2UB*",M-2BT,,5,Weighted Average Life (years) to Scheduled Maturity Date,,8.76
Declining Balances Tables,147,"Class M-2B, M-2BR, M-2BS, M-2BT, M-2BU, M-2BI, M-2RB*, M-2SB*, M-2TB* and M-2UB*",M-2BT,,10,Weighted Average Life (years) to Scheduled Maturity Date,,4.96
Declining Balances Tables,147,"Class M-2B, M-2BR, M-2BS, M-2BT, M-2BU, M-2BI, M-2RB*, M-2SB*, M-2TB* and M-2UB*",M-2BT,,15,Weighted Average Life (years) to Scheduled Maturity Date,,3.36
Declining Balances Tables,147,"Class M-2B, M-2BR, M-2BS, M-2BT, M-2BU, M-2BI, M-2RB*, M-2SB*, M-2TB* and M-2UB*",M-2BT,,25,Weighted Average Life (years) to Scheduled Maturity Date,,1.96
Declining Balances Tables,147,"Class M-2B, M-2BR, M-2BS, M-2BT, M-2BU, M-2BI, M-2RB*, M-2SB*, M-2TB* and M-2UB*",M-2BT,,35,Weighted Average Life (years) to Scheduled Maturity Date,,1.32
Declining Balances Tables,147,"Class M-2B, M-2BR, M-2BS, M-2BT, M-2BU, M-2BI, M-2RB*, M-2SB*, M-2TB* and M-2UB*",M-2BU,,0,Weighted Average Life (years) to Scheduled Maturity Date,,19.56
Declining Balances Tables,147,"Class M-2B, M-2BR, M-2BS, M-2BT, M-2BU, M-2BI, M-2RB*, M-2SB*, M-2TB* and M-2UB*",M-2BU,,5,Weighted Average Life (years) to Scheduled Maturity Date,,8.76
Declining Balances Tables,147,"Class M-2B, M-2BR, M-2BS, M-2BT, M-2BU, M-2BI, M-2RB*, M-2SB*, M-2TB* and M-2UB*",M-2BU,,10,Weighted Average Life (years) to Scheduled Maturity Date,,4.96
Declining Balances Tables,147,"Class M-2B, M-2BR, M-2BS, M-2BT, M-2BU, M-2BI, M-2RB*, M-2SB*, M-2TB* and M-2UB*",M-2BU,,15,Weighted Average Life (years) to Scheduled Maturity Date,,3.36
Declining Balances Tables,147,"Class M-2B, M-2BR, M-2BS, M-2BT, M-2BU, M-2BI, M-2RB*, M-2SB*, M-2TB* and M-2UB*",M-2BU,,25,Weighted Average Life (years) to Scheduled Maturity Date,,1.96
Declining Balances Tables,147,"Class M-2B, M-2BR, M-2BS, M-2BT, M-2BU, M-2BI, M-2RB*, M-2SB*, M-2TB* and M-2UB*",M-2BU,,35,Weighted Average Life (years) to Scheduled Maturity Date,,1.32
Declining Balances Tables,147,"Class M-2B, M-2BR, M-2BS, M-2BT, M-2BU, M-2BI, M-2RB*, M-2SB*, M-2TB* and M-2UB*",M-2BI,,0,Weighted Average Life (years) to Scheduled Maturity Date,,19.56
Declining Balances Tables,147,"Class M-2B, M-2BR, M-2BS, M-2BT, M-2BU, M-2BI, M-2RB*, M-2SB*, M-2TB* and M-2UB*",M-2BI,,5,Weighted Average Life (years) to Scheduled Maturity Date,,8.76
Declining Balances Tables,147,"Class M-2B, M-2BR, M-2BS, M-2BT, M-2BU, M-2BI, M-2RB*, M-2SB*, M-2TB* and M-2UB*",M-2BI,,10,Weighted Average Life (years) to Scheduled Maturity Date,,4.96
Declining Balances Tables,147,"Class M-2B, M-2BR, M-2BS, M-2BT, M-2BU, M-2BI, M-2RB*, M-2SB*, M-2TB* and M-2UB*",M-2BI,,15,Weighted Average Life (years) to Scheduled Maturity Date,,3.36
Declining Balances Tables,147,"Class M-2B, M-2BR, M-2BS, M-2BT, M-2BU, M-2BI, M-2RB*, M-2SB*, M-2TB* and M-2UB*",M-2BI,,25,Weighted Average Life (years) to Scheduled Maturity Date,,1.96
Declining Balances Tables,147,"Class M-2B, M-2BR, M-2BS, M-2BT, M-2BU, M-2BI, M-2RB*, M-2SB*, M-2TB* and M-2UB*",M-2BI,,35,Weighted Average Life (years) to Scheduled Maturity Date,,1.32
Declining Balances Tables,147,"Class M-2B, M-2BR, M-2BS, M-2BT, M-2BU, M-2BI, M-2RB*, M-2SB*, M-2TB* and M-2UB*",M-2RB,*,0,Weighted Average Life (years) to Scheduled Maturity Date,,19.56
Declining Balances Tables,147,"Class M-2B, M-2BR, M-2BS, M-2BT, M-2BU, M-2BI, M-2RB*, M-2SB*, M-2TB* and M-2UB*",M-2RB,*,5,Weighted Average Life (years) to Scheduled Maturity Date,,8.76
Declining Balances Tables,147,"Class M-2B, M-2BR, M-2BS, M-2BT, M-2BU, M-2BI, M-2RB*, M-2SB*, M-2TB* and M-2UB*",M-2RB,*,10,Weighted Average Life (years) to Scheduled Maturity Date,,4.96
Declining Balances Tables,147,"Class M-2B, M-2BR, M-2BS, M-2BT, M-2BU, M-2BI, M-2RB*, M-2SB*, M-2TB* and M-2UB*",M-2RB,*,15,Weighted Average Life (years) to Scheduled Maturity Date,,3.36
Declining Balances Tables,147,"Class M-2B, M-2BR, M-2BS, M-2BT, M-2BU, M-2BI, M-2RB*, M-2SB*, M-2TB* and M-2UB*",M-2RB,*,25,Weighted Average Life (years) to Scheduled Maturity Date,,1.96
Declining Balances Tables,147,"Class M-2B, M-2BR, M-2BS, M-2BT, M-2BU, M-2BI, M-2RB*, M-2SB*, M-2TB* and M-2UB*",M-2RB,*,35,Weighted Average Life (years) to Scheduled Maturity Date,,1.32
Declining Balances Tables,147,"Class M-2B, M-2BR, M-2BS, M-2BT, M-2BU, M-2BI, M-2RB*, M-2SB*, M-2TB* and M-2UB*",M-2SB,*,0,Weighted Average Life (years) to Scheduled Maturity Date,,19.56
Declining Balances Tables,147,"Class M-2B, M-2BR, M-2BS, M-2BT, M-2BU, M-2BI, M-2RB*, M-2SB*, M-2TB* and M-2UB*",M-2SB,*,5,Weighted Average Life (years) to Scheduled Maturity Date,,8.76
Declining Balances Tables,147,"Class M-2B, M-2BR, M-2BS, M-2BT, M-2BU, M-2BI, M-2RB*, M-2SB*, M-2TB* and M-2UB*",M-2SB,*,10,Weighted Average Life (years) to Scheduled Maturity Date,,4.96
Declining Balances Tables,147,"Class M-2B, M-2BR, M-2BS, M-2BT, M-2BU, M-2BI, M-2RB*, M-2SB*, M-2TB* and M-2UB*",M-2SB,*,15,Weighted Average Life (years) to Scheduled Maturity Date,,3.36
Declining Balances Tables,147,"Class M-2B, M-2BR, M-2BS, M-2BT, M-2BU, M-2BI, M-2RB*, M-2SB*, M-2TB* and M-2UB*",M-2SB,*,25,Weighted Average Life (years) to Scheduled Maturity Date,,1.96
Declining Balances Tables,147,"Class M-2B, M-2BR, M-2BS, M-2BT, M-2BU, M-2BI, M-2RB*, M-2SB*, M-2TB* and M-2UB*",M-2SB,*,35,Weighted Average Life (years) to Scheduled Maturity Date,,1.32
Declining Balances Tables,147,"Class M-2B, M-2BR, M-2BS, M-2BT, M-2BU, M-2BI, M-2RB*, M-2SB*, M-2TB* and M-2UB*",M-2TB,*,0,Weighted Average Life (years) to Scheduled Maturity Date,,19.56
Declining Balances Tables,147,"Class M-2B, M-2BR, M-2BS, M-2BT, M-2BU, M-2BI, M-2RB*, M-2SB*, M-2TB* and M-2UB*",M-2TB,*,5,Weighted Average Life (years) to Scheduled Maturity Date,,8.76
Declining Balances Tables,147,"Class M-2B, M-2BR, M-2BS, M-2BT, M-2BU, M-2BI, M-2RB*, M-2SB*, M-2TB* and M-2UB*",M-2TB,*,10,Weighted Average Life (years) to Scheduled Maturity Date,,4.96
Declining Balances Tables,147,"Class M-2B, M-2BR, M-2BS, M-2BT, M-2BU, M-2BI, M-2RB*, M-2SB*, M-2TB* and M-2UB*",M-2TB,*,15,Weighted Average Life (years) to Scheduled Maturity Date,,3.36
Declining Balances Tables,147,"Class M-2B, M-2BR, M-2BS, M-2BT, M-2BU, M-2BI, M-2RB*, M-2SB*, M-2TB* and M-2UB*",M-2TB,*,25,Weighted Average Life (years) to Scheduled Maturity Date,,1.96
Declining Balances Tables,147,"Class M-2B, M-2BR, M-2BS, M-2BT, M-2BU, M-2BI, M-2RB*, M-2SB*, M-2TB* and M-2UB*",M-2TB,*,35,Weighted Average Life (years) to Scheduled Maturity Date,,1.32
Declining Balances Tables,147,"Class M-2B, M-2BR, M-2BS, M-2BT, M-2BU, M-2BI, M-2RB*, M-2SB*, M-2TB* and M-2UB*",M-2UB,*,0,Weighted Average Life (years) to Scheduled Maturity Date,,19.56
Declining Balances Tables,147,"Class M-2B, M-2BR, M-2BS, M-2BT, M-2BU, M-2BI, M-2RB*, M-2SB*, M-2TB* and M-2UB*",M-2UB,*,5,Weighted Average Life (years) to Scheduled Maturity Date,,8.76
Declining Balances Tables,147,"Class M-2B, M-2BR, M-2BS, M-2BT, M-2BU, M-2BI, M-2RB*, M-2SB*, M-2TB* and M-2UB*",M-2UB,*,10,Weighted Average Life (years) to Scheduled Maturity Date,,4.96
Declining Balances Tables,147,"Class M-2B, M-2BR, M-2BS, M-2BT, M-2BU, M-2BI, M-2RB*, M-2SB*, M-2TB* and M-2UB*",M-2UB,*,15,Weighted Average Life (years) to Scheduled Maturity Date,,3.36
Declining Balances Tables,147,"Class M-2B, M-2BR, M-2BS, M-2BT, M-2BU, M-2BI, M-2RB*, M-2SB*, M-2TB* and M-2UB*",M-2UB,*,25,Weighted Average Life (years) to Scheduled Maturity Date,,1.96
Declining Balances Tables,147,"Class M-2B, M-2BR, M-2BS, M-2BT, M-2BU, M-2BI, M-2RB*, M-2SB*, M-2TB* and M-2UB*",M-2UB,*,35,Weighted Average Life (years) to Scheduled Maturity Date,,1.32
Declining Balances Tables,147,"Class M-2B, M-2BR, M-2BS, M-2BT, M-2BU, M-2BI, M-2RB*, M-2SB*, M-2TB* and M-2UB*",M-2B,,0,Weighted Average Life (years) to Early Redemption Date**,,5.02
Declining Balances Tables,147,"Class M-2B, M-2BR, M-2BS, M-2BT, M-2BU, M-2BI, M-2RB*, M-2SB*, M-2TB* and M-2UB*",M-2B,,5,Weighted Average Life (years) to Early Redemption Date**,,5.02
Declining Balances Tables,147,"Class M-2B, M-2BR, M-2BS, M-2BT, M-2BU, M-2BI, M-2RB*, M-2SB*, M-2TB* and M-2UB*",M-2B,,10,Weighted Average Life (years) to Early Redemption Date**,,4.85
Declining Balances Tables,147,"Class M-2B, M-2BR, M-2BS, M-2BT, M-2BU, M-2BI, M-2RB*, M-2SB*, M-2TB* and M-2UB*",M-2B,,15,Weighted Average Life (years) to Early Redemption Date**,,3.36
Declining Balances Tables,147,"Class M-2B, M-2BR, M-2BS, M-2BT, M-2BU, M-2BI, M-2RB*, M-2SB*, M-2TB* and M-2UB*",M-2B,,25,Weighted Average Life (years) to Early Redemption Date**,,1.96
Declining Balances Tables,147,"Class M-2B, M-2BR, M-2BS, M-2BT, M-2BU, M-2BI, M-2RB*, M-2SB*, M-2TB* and M-2UB*",M-2B,,35,Weighted Average Life (years) to Early Redemption Date**,,1.32
Declining Balances Tables,147,"Class M-2B, M-2BR, M-2BS, M-2BT, M-2BU, M-2BI, M-2RB*, M-2SB*, M-2TB* and M-2UB*",M-2BR,,0,Weighted Average Life (years) to Early Redemption Date**,,5.02
Declining Balances Tables,147,"Class M-2B, M-2BR, M-2BS, M-2BT, M-2BU, M-2BI, M-2RB*, M-2SB*, M-2TB* and M-2UB*",M-2BR,,5,Weighted Average Life (years) to Early Redemption Date**,,5.02
Declining Balances Tables,147,"Class M-2B, M-2BR, M-2BS, M-2BT, M-2BU, M-2BI, M-2RB*, M-2SB*, M-2TB* and M-2UB*",M-2BR,,10,Weighted Average Life (years) to Early Redemption Date**,,4.85
Declining Balances Tables,147,"Class M-2B, M-2BR, M-2BS, M-2BT, M-2BU, M-2BI, M-2RB*, M-2SB*, M-2TB* and M-2UB*",M-2BR,,15,Weighted Average Life (years) to Early Redemption Date**,,3.36
Declining Balances Tables,147,"Class M-2B, M-2BR, M-2BS, M-2BT, M-2BU, M-2BI, M-2RB*, M-2SB*, M-2TB* and M-2UB*",M-2BR,,25,Weighted Average Life (years) to Early Redemption Date**,,1.96
Declining Balances Tables,147,"Class M-2B, M-2BR, M-2BS, M-2BT, M-2BU, M-2BI, M-2RB*, M-2SB*, M-2TB* and M-2UB*",M-2BR,,35,Weighted Average Life (years) to Early Redemption Date**,,1.32
Declining Balances Tables,147,"Class M-2B, M-2BR, M-2BS, M-2BT, M-2BU, M-2BI, M-2RB*, M-2SB*, M-2TB* and M-2UB*",M-2BS,,0,Weighted Average Life (years) to Early Redemption Date**,,5.02
Declining Balances Tables,147,"Class M-2B, M-2BR, M-2BS, M-2BT, M-2BU, M-2BI, M-2RB*, M-2SB*, M-2TB* and M-2UB*",M-2BS,,5,Weighted Average Life (years) to Early Redemption Date**,,5.02
Declining Balances Tables,147,"Class M-2B, M-2BR, M-2BS, M-2BT, M-2BU, M-2BI, M-2RB*, M-2SB*, M-2TB* and M-2UB*",M-2BS,,10,Weighted Average Life (years) to Early Redemption Date**,,4.85
Declining Balances Tables,147,"Class M-2B, M-2BR, M-2BS, M-2BT, M-2BU, M-2BI, M-2RB*, M-2SB*, M-2TB* and M-2UB*",M-2BS,,15,Weighted Average Life (years) to Early Redemption Date**,,3.36
Declining Balances Tables,147,"Class M-2B, M-2BR, M-2BS, M-2BT, M-2BU, M-2BI, M-2RB*, M-2SB*, M-2TB* and M-2UB*",M-2BS,,25,Weighted Average Life (years) to Early Redemption Date**,,1.96
Declining Balances Tables,147,"Class M-2B, M-2BR, M-2BS, M-2BT, M-2BU, M-2BI, M-2RB*, M-2SB*, M-2TB* and M-2UB*",M-2BS,,35,Weighted Average Life (years) to Early Redemption Date**,,1.32
Declining Balances Tables,147,"Class M-2B, M-2BR, M-2BS, M-2BT, M-2BU, M-2BI, M-2RB*, M-2SB*, M-2TB* and M-2UB*",M-2BT,,0,Weighted Average Life (years) to Early Redemption Date**,,5.02
Declining Balances Tables,147,"Class M-2B, M-2BR, M-2BS, M-2BT, M-2BU, M-2BI, M-2RB*, M-2SB*, M-2TB* and M-2UB*",M-2BT,,5,Weighted Average Life (years) to Early Redemption Date**,,5.02
Declining Balances Tables,147,"Class M-2B, M-2BR, M-2BS, M-2BT, M-2BU, M-2BI, M-2RB*, M-2SB*, M-2TB* and M-2UB*",M-2BT,,10,Weighted Average Life (years) to Early Redemption Date**,,4.85
Declining Balances Tables,147,"Class M-2B, M-2BR, M-2BS, M-2BT, M-2BU, M-2BI, M-2RB*, M-2SB*, M-2TB* and M-2UB*",M-2BT,,15,Weighted Average Life (years) to Early Redemption Date**,,3.36
Declining Balances Tables,147,"Class M-2B, M-2BR, M-2BS, M-2BT, M-2BU, M-2BI, M-2RB*, M-2SB*, M-2TB* and M-2UB*",M-2BT,,25,Weighted Average Life (years) to Early Redemption Date**,,1.96
Declining Balances Tables,147,"Class M-2B, M-2BR, M-2BS, M-2BT, M-2BU, M-2BI, M-2RB*, M-2SB*, M-2TB* and M-2UB*",M-2BT,,35,Weighted Average Life (years) to Early Redemption Date**,,1.32
Declining Balances Tables,147,"Class M-2B, M-2BR, M-2BS, M-2BT, M-2BU, M-2BI, M-2RB*, M-2SB*, M-2TB* and M-2UB*",M-2BU,,0,Weighted Average Life (years) to Early Redemption Date**,,5.02
Declining Balances Tables,147,"Class M-2B, M-2BR, M-2BS, M-2BT, M-2BU, M-2BI, M-2RB*, M-2SB*, M-2TB* and M-2UB*",M-2BU,,5,Weighted Average Life (years) to Early Redemption Date**,,5.02
Declining Balances Tables,147,"Class M-2B, M-2BR, M-2BS, M-2BT, M-2BU, M-2BI, M-2RB*, M-2SB*, M-2TB* and M-2UB*",M-2BU,,10,Weighted Average Life (years) to Early Redemption Date**,,4.85
Declining Balances Tables,147,"Class M-2B, M-2BR, M-2BS, M-2BT, M-2BU, M-2BI, M-2RB*, M-2SB*, M-2TB* and M-2UB*",M-2BU,,15,Weighted Average Life (years) to Early Redemption Date**,,3.36
Declining Balances Tables,147,"Class M-2B, M-2BR, M-2BS, M-2BT, M-2BU, M-2BI, M-2RB*, M-2SB*, M-2TB* and M-2UB*",M-2BU,,25,Weighted Average Life (years) to Early Redemption Date**,,1.96
Declining Balances Tables,147,"Class M-2B, M-2BR, M-2BS, M-2BT, M-2BU, M-2BI, M-2RB*, M-2SB*, M-2TB* and M-2UB*",M-2BU,,35,Weighted Average Life (years) to Early Redemption Date**,,1.32
Declining Balances Tables,147,"Class M-2B, M-2BR, M-2BS, M-2BT, M-2BU, M-2BI, M-2RB*, M-2SB*, M-2TB* and M-2UB*",M-2BI,,0,Weighted Average Life (years) to Early Redemption Date**,,5.02
Declining Balances Tables,147,"Class M-2B, M-2BR, M-2BS, M-2BT, M-2BU, M-2BI, M-2RB*, M-2SB*, M-2TB* and M-2UB*",M-2BI,,5,Weighted Average Life (years) to Early Redemption Date**,,5.02
Declining Balances Tables,147,"Class M-2B, M-2BR, M-2BS, M-2BT, M-2BU, M-2BI, M-2RB*, M-2SB*, M-2TB* and M-2UB*",M-2BI,,10,Weighted Average Life (years) to Early Redemption Date**,,4.85
Declining Balances Tables,147,"Class M-2B, M-2BR, M-2BS, M-2BT, M-2BU, M-2BI, M-2RB*, M-2SB*, M-2TB* and M-2UB*",M-2BI,,15,Weighted Average Life (years) to Early Redemption Date**,,3.36
Declining Balances Tables,147,"Class M-2B, M-2BR, M-2BS, M-2BT, M-2BU, M-2BI, M-2RB*, M-2SB*, M-2TB* and M-2UB*",M-2BI,,25,Weighted Average Life (years) to Early Redemption Date**,,1.96
Declining Balances Tables,147,"Class M-2B, M-2BR, M-2BS, M-2BT, M-2BU, M-2BI, M-2RB*, M-2SB*, M-2TB* and M-2UB*",M-2BI,,35,Weighted Average Life (years) to Early Redemption Date**,,1.32
Declining Balances Tables,147,"Class M-2B, M-2BR, M-2BS, M-2BT, M-2BU, M-2BI, M-2RB*, M-2SB*, M-2TB* and M-2UB*",M-2RB,*,0,Weighted Average Life (years) to Early Redemption Date**,,5.02
Declining Balances Tables,147,"Class M-2B, M-2BR, M-2BS, M-2BT, M-2BU, M-2BI, M-2RB*, M-2SB*, M-2TB* and M-2UB*",M-2RB,*,5,Weighted Average Life (years) to Early Redemption Date**,,5.02
Declining Balances Tables,147,"Class M-2B, M-2BR, M-2BS, M-2BT, M-2BU, M-2BI, M-2RB*, M-2SB*, M-2TB* and M-2UB*",M-2RB,*,10,Weighted Average Life (years) to Early Redemption Date**,,4.85
Declining Balances Tables,147,"Class M-2B, M-2BR, M-2BS, M-2BT, M-2BU, M-2BI, M-2RB*, M-2SB*, M-2TB* and M-2UB*",M-2RB,*,15,Weighted Average Life (years) to Early Redemption Date**,,3.36
Declining Balances Tables,147,"Class M-2B, M-2BR, M-2BS, M-2BT, M-2BU, M-2BI, M-2RB*, M-2SB*, M-2TB* and M-2UB*",M-2RB,*,25,Weighted Average Life (years) to Early Redemption Date**,,1.96
Declining Balances Tables,147,"Class M-2B, M-2BR, M-2BS, M-2BT, M-2BU, M-2BI, M-2RB*, M-2SB*, M-2TB* and M-2UB*",M-2RB,*,35,Weighted Average Life (years) to Early Redemption Date**,,1.32
Declining Balances Tables,147,"Class M-2B, M-2BR, M-2BS, M-2BT, M-2BU, M-2BI, M-2RB*, M-2SB*, M-2TB* and M-2UB*",M-2SB,*,0,Weighted Average Life (years) to Early Redemption Date**,,5.02
Declining Balances Tables,147,"Class M-2B, M-2BR, M-2BS, M-2BT, M-2BU, M-2BI, M-2RB*, M-2SB*, M-2TB* and M-2UB*",M-2SB,*,5,Weighted Average Life (years) to Early Redemption Date**,,5.02
Declining Balances Tables,147,"Class M-2B, M-2BR, M-2BS, M-2BT, M-2BU, M-2BI, M-2RB*, M-2SB*, M-2TB* and M-2UB*",M-2SB,*,10,Weighted Average Life (years) to Early Redemption Date**,,4.85
Declining Balances Tables,147,"Class M-2B, M-2BR, M-2BS, M-2BT, M-2BU, M-2BI, M-2RB*, M-2SB*, M-2TB* and M-2UB*",M-2SB,*,15,Weighted Average Life (years) to Early Redemption Date**,,3.36
Declining Balances Tables,147,"Class M-2B, M-2BR, M-2BS, M-2BT, M-2BU, M-2BI, M-2RB*, M-2SB*, M-2TB* and M-2UB*",M-2SB,*,25,Weighted Average Life (years) to Early Redemption Date**,,1.96
Declining Balances Tables,147,"Class M-2B, M-2BR, M-2BS, M-2BT, M-2BU, M-2BI, M-2RB*, M-2SB*, M-2TB* and M-2UB*",M-2SB,*,35,Weighted Average Life (years) to Early Redemption Date**,,1.32
Declining Balances Tables,147,"Class M-2B, M-2BR, M-2BS, M-2BT, M-2BU, M-2BI, M-2RB*, M-2SB*, M-2TB* and M-2UB*",M-2TB,*,0,Weighted Average Life (years) to Early Redemption Date**,,5.02
Declining Balances Tables,147,"Class M-2B, M-2BR, M-2BS, M-2BT, M-2BU, M-2BI, M-2RB*, M-2SB*, M-2TB* and M-2UB*",M-2TB,*,5,Weighted Average Life (years) to Early Redemption Date**,,5.02
Declining Balances Tables,147,"Class M-2B, M-2BR, M-2BS, M-2BT, M-2BU, M-2BI, M-2RB*, M-2SB*, M-2TB* and M-2UB*",M-2TB,*,10,Weighted Average Life (years) to Early Redemption Date**,,4.85
Declining Balances Tables,147,"Class M-2B, M-2BR, M-2BS, M-2BT, M-2BU, M-2BI, M-2RB*, M-2SB*, M-2TB* and M-2UB*",M-2TB,*,15,Weighted Average Life (years) to Early Redemption Date**,,3.36
Declining Balances Tables,147,"Class M-2B, M-2BR, M-2BS, M-2BT, M-2BU, M-2BI, M-2RB*, M-2SB*, M-2TB* and M-2UB*",M-2TB,*,25,Weighted Average Life (years) to Early Redemption Date**,,1.96
Declining Balances Tables,147,"Class M-2B, M-2BR, M-2BS, M-2BT, M-2BU, M-2BI, M-2RB*, M-2SB*, M-2TB* and M-2UB*",M-2TB,*,35,Weighted Average Life (years) to Early Redemption Date**,,1.32
Declining Balances Tables,147,"Class M-2B, M-2BR, M-2BS, M-2BT, M-2BU, M-2BI, M-2RB*, M-2SB*, M-2TB* and M-2UB*",M-2UB,*,0,Weighted Average Life (years) to Early Redemption Date**,,5.02
Declining Balances Tables,147,"Class M-2B, M-2BR, M-2BS, M-2BT, M-2BU, M-2BI, M-2RB*, M-2SB*, M-2TB* and M-2UB*",M-2UB,*,5,Weighted Average Life (years) to Early Redemption Date**,,5.02
Declining Balances Tables,147,"Class M-2B, M-2BR, M-2BS, M-2BT, M-2BU, M-2BI, M-2RB*, M-2SB*, M-2TB* and M-2UB*",M-2UB,*,10,Weighted Average Life (years) to Early Redemption Date**,,4.85
Declining Balances Tables,147,"Class M-2B, M-2BR, M-2BS, M-2BT, M-2BU, M-2BI, M-2RB*, M-2SB*, M-2TB* and M-2UB*",M-2UB,*,15,Weighted Average Life (years) to Early Redemption Date**,,3.36
Declining Balances Tables,147,"Class M-2B, M-2BR, M-2BS, M-2BT, M-2BU, M-2BI, M-2RB*, M-2SB*, M-2TB* and M-2UB*",M-2UB,*,25,Weighted Average Life (years) to Early Redemption Date**,,1.96
Declining Balances Tables,147,"Class M-2B, M-2BR, M-2BS, M-2BT, M-2BU, M-2BI, M-2RB*, M-2SB*, M-2TB* and M-2UB*",M-2UB,*,35,Weighted Average Life (years) to Early Redemption Date**,,1.32
Declining Balances Tables,148,"Class B-1, B-1R, B-1S, B-1T, B-1U and B-1I",B-1,,0,Closing Date,100,
Declining Balances Tables,148,"Class B-1, B-1R, B-1S, B-1T, B-1U and B-1I",B-1,,5,Closing Date,100,
Declining Balances Tables,148,"Class B-1, B-1R, B-1S, B-1T, B-1U and B-1I",B-1,,10,Closing Date,100,
Declining Balances Tables,148,"Class B-1, B-1R, B-1S, B-1T, B-1U and B-1I",B-1,,15,Closing Date,100,
Declining Balances Tables,148,"Class B-1, B-1R, B-1S, B-1T, B-1U and B-1I",B-1,,25,Closing Date,100,
Declining Balances Tables,148,"Class B-1, B-1R, B-1S, B-1T, B-1U and B-1I",B-1,,35,Closing Date,100,
Declining Balances Tables,148,"Class B-1, B-1R, B-1S, B-1T, B-1U and B-1I",B-1R,,0,Closing Date,100,
Declining Balances Tables,148,"Class B-1, B-1R, B-1S, B-1T, B-1U and B-1I",B-1R,,5,Closing Date,100,
Declining Balances Tables,148,"Class B-1, B-1R, B-1S, B-1T, B-1U and B-1I",B-1R,,10,Closing Date,100,
Declining Balances Tables,148,"Class B-1, B-1R, B-1S, B-1T, B-1U and B-1I",B-1R,,15,Closing Date,100,
Declining Balances Tables,148,"Class B-1, B-1R, B-1S, B-1T, B-1U and B-1I",B-1R,,25,Closing Date,100,
Declining Balances Tables,148,"Class B-1, B-1R, B-1S, B-1T, B-1U and B-1I",B-1R,,35,Closing Date,100,
Declining Balances Tables,148,"Class B-1, B-1R, B-1S, B-1T, B-1U and B-1I",B-1S,,0,Closing Date,100,
Declining Balances Tables,148,"Class B-1, B-1R, B-1S, B-1T, B-1U and B-1I",B-1S,,5,Closing Date,100,
Declining Balances Tables,148,"Class B-1, B-1R, B-1S, B-1T, B-1U and B-1I",B-1S,,10,Closing Date,100,
Declining Balances Tables,148,"Class B-1, B-1R, B-1S, B-1T, B-1U and B-1I",B-1S,,15,Closing Date,100,
Declining Balances Tables,148,"Class B-1, B-1R, B-1S, B-1T, B-1U and B-1I",B-1S,,25,Closing Date,100,
Declining Balances Tables,148,"Class B-1, B-1R, B-1S, B-1T, B-1U and B-1I",B-1S,,35,Closing Date,100,
Declining Balances Tables,148,"Class B-1, B-1R, B-1S, B-1T, B-1U and B-1I",B-1T,,0,Closing Date,100,
Declining Balances Tables,148,"Class B-1, B-1R, B-1S, B-1T, B-1U and B-1I",B-1T,,5,Closing Date,100,
Declining Balances Tables,148,"Class B-1, B-1R, B-1S, B-1T, B-1U and B-1I",B-1T,,10,Closing Date,100,
Declining Balances Tables,148,"Class B-1, B-1R, B-1S, B-1T, B-1U and B-1I",B-1T,,15,Closing Date,100,
Declining Balances Tables,148,"Class B-1, B-1R, B-1S, B-1T, B-1U and B-1I",B-1T,,25,Closing Date,100,
Declining Balances Tables,148,"Class B-1, B-1R, B-1S, B-1T, B-1U and B-1I",B-1T,,35,Closing Date,100,
Declining Balances Tables,148,"Class B-1, B-1R, B-1S, B-1T, B-1U and B-1I",B-1U,,0,Closing Date,100,
Declining Balances Tables,148,"Class B-1, B-1R, B-1S, B-1T, B-1U and B-1I",B-1U,,5,Closing Date,100,
Declining Balances Tables,148,"Class B-1, B-1R, B-1S, B-1T, B-1U and B-1I",B-1U,,10,Closing Date,100,
Declining Balances Tables,148,"Class B-1, B-1R, B-1S, B-1T, B-1U and B-1I",B-1U,,15,Closing Date,100,
Declining Balances Tables,148,"Class B-1, B-1R, B-1S, B-1T, B-1U and B-1I",B-1U,,25,Closing Date,100,
Declining Balances Tables,148,"Class B-1, B-1R, B-1S, B-1T, B-1U and B-1I",B-1U,,35,Closing Date,100,
Declining Balances Tables,148,"Class B-1, B-1R, B-1S, B-1T, B-1U and B-1I",B-1I,,0,Closing Date,100,
Declining Balances Tables,148,"Class B-1, B-1R, B-1S, B-1T, B-1U and B-1I",B-1I,,5,Closing Date,100,
Declining Balances Tables,148,"Class B-1, B-1R, B-1S, B-1T, B-1U and B-1I",B-1I,,10,Closing Date,100,
Declining Balances Tables,148,"Class B-1, B-1R, B-1S, B-1T, B-1U and B-1I",B-1I,,15,Closing Date,100,
Declining Balances Tables,148,"Class B-1, B-1R, B-1S, B-1T, B-1U and B-1I",B-1I,,25,Closing Date,100,
Declining Balances Tables,148,"Class B-1, B-1R, B-1S, B-1T, B-1U and B-1I",B-1I,,35,Closing Date,100,
Declining Balances Tables,148,"Class B-1, B-1R, B-1S, B-1T, B-1U and B-1I",B-1,,0,"March 25, 2027",100,
Declining Balances Tables,148,"Class B-1, B-1R, B-1S, B-1T, B-1U and B-1I",B-1,,5,"March 25, 2027",100,
Declining Balances Tables,148,"Class B-1, B-1R, B-1S, B-1T, B-1U and B-1I",B-1,,10,"March 25, 2027",100,
Declining Balances Tables,148,"Class B-1, B-1R, B-1S, B-1T, B-1U and B-1I",B-1,,15,"March 25, 2027",100,
Declining Balances Tables,148,"Class B-1, B-1R, B-1S, B-1T, B-1U and B-1I",B-1,,25,"March 25, 2027",100,
Declining Balances Tables,148,"Class B-1, B-1R, B-1S, B-1T, B-1U and B-1I",B-1,,35,"March 25, 2027",100,
Declining Balances Tables,148,"Class B-1, B-1R, B-1S, B-1T, B-1U and B-1I",B-1R,,0,"March 25, 2027",100,
Declining Balances Tables,148,"Class B-1, B-1R, B-1S, B-1T, B-1U and B-1I",B-1R,,5,"March 25, 2027",100,
Declining Balances Tables,148,"Class B-1, B-1R, B-1S, B-1T, B-1U and B-1I",B-1R,,10,"March 25, 2027",100,
Declining Balances Tables,148,"Class B-1, B-1R, B-1S, B-1T, B-1U and B-1I",B-1R,,15,"March 25, 2027",100,
Declining Balances Tables,148,"Class B-1, B-1R, B-1S, B-1T, B-1U and B-1I",B-1R,,25,"March 25, 2027",100,
Declining Balances Tables,148,"Class B-1, B-1R, B-1S, B-1T, B-1U and B-1I",B-1R,,35,"March 25, 2027",100,
Declining Balances Tables,148,"Class B-1, B-1R, B-1S, B-1T, B-1U and B-1I",B-1S,,0,"March 25, 2027",100,
Declining Balances Tables,148,"Class B-1, B-1R, B-1S, B-1T, B-1U and B-1I",B-1S,,5,"March 25, 2027",100,
Declining Balances Tables,148,"Class B-1, B-1R, B-1S, B-1T, B-1U and B-1I",B-1S,,10,"March 25, 2027",100,
Declining Balances Tables,148,"Class B-1, B-1R, B-1S, B-1T, B-1U and B-1I",B-1S,,15,"March 25, 2027",100,
Declining Balances Tables,148,"Class B-1, B-1R, B-1S, B-1T, B-1U and B-1I",B-1S,,25,"March 25, 2027",100,
Declining Balances Tables,148,"Class B-1, B-1R, B-1S, B-1T, B-1U and B-1I",B-1S,,35,"March 25, 2027",100,
Declining Balances Tables,148,"Class B-1, B-1R, B-1S, B-1T, B-1U and B-1I",B-1T,,0,"March 25, 2027",100,
Declining Balances Tables,148,"Class B-1, B-1R, B-1S, B-1T, B-1U and B-1I",B-1T,,5,"March 25, 2027",100,
Declining Balances Tables,148,"Class B-1, B-1R, B-1S, B-1T, B-1U and B-1I",B-1T,,10,"March 25, 2027",100,
Declining Balances Tables,148,"Class B-1, B-1R, B-1S, B-1T, B-1U and B-1I",B-1T,,15,"March 25, 2027",100,
Declining Balances Tables,148,"Class B-1, B-1R, B-1S, B-1T, B-1U and B-1I",B-1T,,25,"March 25, 2027",100,
Declining Balances Tables,148,"Class B-1, B-1R, B-1S, B-1T, B-1U and B-1I",B-1T,,35,"March 25, 2027",100,
Declining Balances Tables,148,"Class B-1, B-1R, B-1S, B-1T, B-1U and B-1I",B-1U,,0,"March 25, 2027",100,
Declining Balances Tables,148,"Class B-1, B-1R, B-1S, B-1T, B-1U and B-1I",B-1U,,5,"March 25, 2027",100,
Declining Balances Tables,148,"Class B-1, B-1R, B-1S, B-1T, B-1U and B-1I",B-1U,,10,"March 25, 2027",100,
Declining Balances Tables,148,"Class B-1, B-1R, B-1S, B-1T, B-1U and B-1I",B-1U,,15,"March 25, 2027",100,
Declining Balances Tables,148,"Class B-1, B-1R, B-1S, B-1T, B-1U and B-1I",B-1U,,25,"March 25, 2027",100,
Declining Balances Tables,148,"Class B-1, B-1R, B-1S, B-1T, B-1U and B-1I",B-1U,,35,"March 25, 2027",100,
Declining Balances Tables,148,"Class B-1, B-1R, B-1S, B-1T, B-1U and B-1I",B-1I,,0,"March 25, 2027",100,
Declining Balances Tables,148,"Class B-1, B-1R, B-1S, B-1T, B-1U and B-1I",B-1I,,5,"March 25, 2027",100,
Declining Balances Tables,148,"Class B-1, B-1R, B-1S, B-1T, B-1U and B-1I",B-1I,,10,"March 25, 2027",100,
Declining Balances Tables,148,"Class B-1, B-1R, B-1S, B-1T, B-1U and B-1I",B-1I,,15,"March 25, 2027",100,
Declining Balances Tables,148,"Class B-1, B-1R, B-1S, B-1T, B-1U and B-1I",B-1I,,25,"March 25, 2027",100,
Declining Balances Tables,148,"Class B-1, B-1R, B-1S, B-1T, B-1U and B-1I",B-1I,,35,"March 25, 2027",100,
Declining Balances Tables,148,"Class B-1, B-1R, B-1S, B-1T, B-1U and B-1I",B-1,,0,"March 25, 2028",100,
Declining Balances Tables,148,"Class B-1, B-1R, B-1S, B-1T, B-1U and B-1I",B-1,,5,"March 25, 2028",100,
Declining Balances Tables,148,"Class B-1, B-1R, B-1S, B-1T, B-1U and B-1I",B-1,,10,"March 25, 2028",100,
Declining Balances Tables,148,"Class B-1, B-1R, B-1S, B-1T, B-1U and B-1I",B-1,,15,"March 25, 2028",100,
Declining Balances Tables,148,"Class B-1, B-1R, B-1S, B-1T, B-1U and B-1I",B-1,,25,"March 25, 2028",100,
Declining Balances Tables,148,"Class B-1, B-1R, B-1S, B-1T, B-1U and B-1I",B-1,,35,"March 25, 2028",35,
Declining Balances Tables,148,"Class B-1, B-1R, B-1S, B-1T, B-1U and B-1I",B-1R,,0,"March 25, 2028",100,
Declining Balances Tables,148,"Class B-1, B-1R, B-1S, B-1T, B-1U and B-1I",B-1R,,5,"March 25, 2028",100,
Declining Balances Tables,148,"Class B-1, B-1R, B-1S, B-1T, B-1U and B-1I",B-1R,,10,"March 25, 2028",100,
Declining Balances Tables,148,"Class B-1, B-1R, B-1S, B-1T, B-1U and B-1I",B-1R,,15,"March 25, 2028",100,
Declining Balances Tables,148,"Class B-1, B-1R, B-1S, B-1T, B-1U and B-1I",B-1R,,25,"March 25, 2028",100,
Declining Balances Tables,148,"Class B-1, B-1R, B-1S, B-1T, B-1U and B-1I",B-1R,,35,"March 25, 2028",35,
Declining Balances Tables,148,"Class B-1, B-1R, B-1S, B-1T, B-1U and B-1I",B-1S,,0,"March 25, 2028",100,
Declining Balances Tables,148,"Class B-1, B-1R, B-1S, B-1T, B-1U and B-1I",B-1S,,5,"March 25, 2028",100,
Declining Balances Tables,148,"Class B-1, B-1R, B-1S, B-1T, B-1U and B-1I",B-1S,,10,"March 25, 2028",100,
Declining Balances Tables,148,"Class B-1, B-1R, B-1S, B-1T, B-1U and B-1I",B-1S,,15,"March 25, 2028",100,
Declining Balances Tables,148,"Class B-1, B-1R, B-1S, B-1T, B-1U and B-1I",B-1S,,25,"March 25, 2028",100,
Declining Balances Tables,148,"Class B-1, B-1R, B-1S, B-1T, B-1U and B-1I",B-1S,,35,"March 25, 2028",35,
Declining Balances Tables,148,"Class B-1, B-1R, B-1S, B-1T, B-1U and B-1I",B-1T,,0,"March 25, 2028",100,
Declining Balances Tables,148,"Class B-1, B-1R, B-1S, B-1T, B-1U and B-1I",B-1T,,5,"March 25, 2028",100,
Declining Balances Tables,148,"Class B-1, B-1R, B-1S, B-1T, B-1U and B-1I",B-1T,,10,"March 25, 2028",100,
Declining Balances Tables,148,"Class B-1, B-1R, B-1S, B-1T, B-1U and B-1I",B-1T,,15,"March 25, 2028",100,
Declining Balances Tables,148,"Class B-1, B-1R, B-1S, B-1T, B-1U and B-1I",B-1T,,25,"March 25, 2028",100,
Declining Balances Tables,148,"Class B-1, B-1R, B-1S, B-1T, B-1U and B-1I",B-1T,,35,"March 25, 2028",35,
Declining Balances Tables,148,"Class B-1, B-1R, B-1S, B-1T, B-1U and B-1I",B-1U,,0,"March 25, 2028",100,
Declining Balances Tables,148,"Class B-1, B-1R, B-1S, B-1T, B-1U and B-1I",B-1U,,5,"March 25, 2028",100,
Declining Balances Tables,148,"Class B-1, B-1R, B-1S, B-1T, B-1U and B-1I",B-1U,,10,"March 25, 2028",100,
Declining Balances Tables,148,"Class B-1, B-1R, B-1S, B-1T, B-1U and B-1I",B-1U,,15,"March 25, 2028",100,
Declining Balances Tables,148,"Class B-1, B-1R, B-1S, B-1T, B-1U and B-1I",B-1U,,25,"March 25, 2028",100,
Declining Balances Tables,148,"Class B-1, B-1R, B-1S, B-1T, B-1U and B-1I",B-1U,,35,"March 25, 2028",35,
Declining Balances Tables,148,"Class B-1, B-1R, B-1S, B-1T, B-1U and B-1I",B-1I,,0,"March 25, 2028",100,
Declining Balances Tables,148,"Class B-1, B-1R, B-1S, B-1T, B-1U and B-1I",B-1I,,5,"March 25, 2028",100,
Declining Balances Tables,148,"Class B-1, B-1R, B-1S, B-1T, B-1U and B-1I",B-1I,,10,"March 25, 2028",100,
Declining Balances Tables,148,"Class B-1, B-1R, B-1S, B-1T, B-1U and B-1I",B-1I,,15,"March 25, 2028",100,
Declining Balances Tables,148,"Class B-1, B-1R, B-1S, B-1T, B-1U and B-1I",B-1I,,25,"March 25, 2028",100,
Declining Balances Tables,148,"Class B-1, B-1R, B-1S, B-1T, B-1U and B-1I",B-1I,,35,"March 25, 2028",35,
Declining Balances Tables,148,"Class B-1, B-1R, B-1S, B-1T, B-1U and B-1I",B-1,,0,"March 25, 2029",100,
Declining Balances Tables,148,"Class B-1, B-1R, B-1S, B-1T, B-1U and B-1I",B-1,,5,"March 25, 2029",100,
Declining Balances Tables,148,"Class B-1, B-1R, B-1S, B-1T, B-1U and B-1I",B-1,,10,"March 25, 2029",100,
Declining Balances Tables,148,"Class B-1, B-1R, B-1S, B-1T, B-1U and B-1I",B-1,,15,"March 25, 2029",100,
Declining Balances Tables,148,"Class B-1, B-1R, B-1S, B-1T, B-1U and B-1I",B-1,,25,"March 25, 2029",34,
Declining Balances Tables,148,"Class B-1, B-1R, B-1S, B-1T, B-1U and B-1I",B-1,,35,"March 25, 2029",0,
Declining Balances Tables,148,"Class B-1, B-1R, B-1S, B-1T, B-1U and B-1I",B-1R,,0,"March 25, 2029",100,
Declining Balances Tables,148,"Class B-1, B-1R, B-1S, B-1T, B-1U and B-1I",B-1R,,5,"March 25, 2029",100,
Declining Balances Tables,148,"Class B-1, B-1R, B-1S, B-1T, B-1U and B-1I",B-1R,,10,"March 25, 2029",100,
Declining Balances Tables,148,"Class B-1, B-1R, B-1S, B-1T, B-1U and B-1I",B-1R,,15,"March 25, 2029",100,
Declining Balances Tables,148,"Class B-1, B-1R, B-1S, B-1T, B-1U and B-1I",B-1R,,25,"March 25, 2029",34,
Declining Balances Tables,148,"Class B-1, B-1R, B-1S, B-1T, B-1U and B-1I",B-1R,,35,"March 25, 2029",0,
Declining Balances Tables,148,"Class B-1, B-1R, B-1S, B-1T, B-1U and B-1I",B-1S,,0,"March 25, 2029",100,
Declining Balances Tables,148,"Class B-1, B-1R, B-1S, B-1T, B-1U and B-1I",B-1S,,5,"March 25, 2029",100,
Declining Balances Tables,148,"Class B-1, B-1R, B-1S, B-1T, B-1U and B-1I",B-1S,,10,"March 25, 2029",100,
Declining Balances Tables,148,"Class B-1, B-1R, B-1S, B-1T, B-1U and B-1I",B-1S,,15,"March 25, 2029",100,
Declining Balances Tables,148,"Class B-1, B-1R, B-1S, B-1T, B-1U and B-1I",B-1S,,25,"March 25, 2029",34,
Declining Balances Tables,148,"Class B-1, B-1R, B-1S, B-1T, B-1U and B-1I",B-1S,,35,"March 25, 2029",0,
Declining Balances Tables,148,"Class B-1, B-1R, B-1S, B-1T, B-1U and B-1I",B-1T,,0,"March 25, 2029",100,
Declining Balances Tables,148,"Class B-1, B-1R, B-1S, B-1T, B-1U and B-1I",B-1T,,5,"March 25, 2029",100,
Declining Balances Tables,148,"Class B-1, B-1R, B-1S, B-1T, B-1U and B-1I",B-1T,,10,"March 25, 2029",100,
Declining Balances Tables,148,"Class B-1, B-1R, B-1S, B-1T, B-1U and B-1I",B-1T,,15,"March 25, 2029",100,
Declining Balances Tables,148,"Class B-1, B-1R, B-1S, B-1T, B-1U and B-1I",B-1T,,25,"March 25, 2029",34,
Declining Balances Tables,148,"Class B-1, B-1R, B-1S, B-1T, B-1U and B-1I",B-1T,,35,"March 25, 2029",0,
Declining Balances Tables,148,"Class B-1, B-1R, B-1S, B-1T, B-1U and B-1I",B-1U,,0,"March 25, 2029",100,
Declining Balances Tables,148,"Class B-1, B-1R, B-1S, B-1T, B-1U and B-1I",B-1U,,5,"March 25, 2029",100,
Declining Balances Tables,148,"Class B-1, B-1R, B-1S, B-1T, B-1U and B-1I",B-1U,,10,"March 25, 2029",100,
Declining Balances Tables,148,"Class B-1, B-1R, B-1S, B-1T, B-1U and B-1I",B-1U,,15,"March 25, 2029",100,
Declining Balances Tables,148,"Class B-1, B-1R, B-1S, B-1T, B-1U and B-1I",B-1U,,25,"March 25, 2029",34,
Declining Balances Tables,148,"Class B-1, B-1R, B-1S, B-1T, B-1U and B-1I",B-1U,,35,"March 25, 2029",0,
Declining Balances Tables,148,"Class B-1, B-1R, B-1S, B-1T, B-1U and B-1I",B-1I,,0,"March 25, 2029",100,
Declining Balances Tables,148,"Class B-1, B-1R, B-1S, B-1T, B-1U and B-1I",B-1I,,5,"March 25, 2029",100,
Declining Balances Tables,148,"Class B-1, B-1R, B-1S, B-1T, B-1U and B-1I",B-1I,,10,"March 25, 2029",100,
Declining Balances Tables,148,"Class B-1, B-1R, B-1S, B-1T, B-1U and B-1I",B-1I,,15,"March 25, 2029",100,
Declining Balances Tables,148,"Class B-1, B-1R, B-1S, B-1T, B-1U and B-1I",B-1I,,25,"March 25, 2029",34,
Declining Balances Tables,148,"Class B-1, B-1R, B-1S, B-1T, B-1U and B-1I",B-1I,,35,"March 25, 2029",0,
Declining Balances Tables,148,"Class B-1, B-1R, B-1S, B-1T, B-1U and B-1I",B-1,,0,"March 25, 2030",100,
Declining Balances Tables,148,"Class B-1, B-1R, B-1S, B-1T, B-1U and B-1I",B-1,,5,"March 25, 2030",100,
Declining Balances Tables,148,"Class B-1, B-1R, B-1S, B-1T, B-1U and B-1I",B-1,,10,"March 25, 2030",100,
Declining Balances Tables,148,"Class B-1, B-1R, B-1S, B-1T, B-1U and B-1I",B-1,,15,"March 25, 2030",85,
Declining Balances Tables,148,"Class B-1, B-1R, B-1S, B-1T, B-1U and B-1I",B-1,,25,"March 25, 2030",0,
Declining Balances Tables,148,"Class B-1, B-1R, B-1S, B-1T, B-1U and B-1I",B-1,,35,"March 25, 2030",0,
Declining Balances Tables,148,"Class B-1, B-1R, B-1S, B-1T, B-1U and B-1I",B-1R,,0,"March 25, 2030",100,
Declining Balances Tables,148,"Class B-1, B-1R, B-1S, B-1T, B-1U and B-1I",B-1R,,5,"March 25, 2030",100,
Declining Balances Tables,148,"Class B-1, B-1R, B-1S, B-1T, B-1U and B-1I",B-1R,,10,"March 25, 2030",100,
Declining Balances Tables,148,"Class B-1, B-1R, B-1S, B-1T, B-1U and B-1I",B-1R,,15,"March 25, 2030",85,
Declining Balances Tables,148,"Class B-1, B-1R, B-1S, B-1T, B-1U and B-1I",B-1R,,25,"March 25, 2030",0,
Declining Balances Tables,148,"Class B-1, B-1R, B-1S, B-1T, B-1U and B-1I",B-1R,,35,"March 25, 2030",0,
Declining Balances Tables,148,"Class B-1, B-1R, B-1S, B-1T, B-1U and B-1I",B-1S,,0,"March 25, 2030",100,
Declining Balances Tables,148,"Class B-1, B-1R, B-1S, B-1T, B-1U and B-1I",B-1S,,5,"March 25, 2030",100,
Declining Balances Tables,148,"Class B-1, B-1R, B-1S, B-1T, B-1U and B-1I",B-1S,,10,"March 25, 2030",100,
Declining Balances Tables,148,"Class B-1, B-1R, B-1S, B-1T, B-1U and B-1I",B-1S,,15,"March 25, 2030",85,
Declining Balances Tables,148,"Class B-1, B-1R, B-1S, B-1T, B-1U and B-1I",B-1S,,25,"March 25, 2030",0,
Declining Balances Tables,148,"Class B-1, B-1R, B-1S, B-1T, B-1U and B-1I",B-1S,,35,"March 25, 2030",0,
Declining Balances Tables,148,"Class B-1, B-1R, B-1S, B-1T, B-1U and B-1I",B-1T,,0,"March 25, 2030",100,
Declining Balances Tables,148,"Class B-1, B-1R, B-1S, B-1T, B-1U and B-1I",B-1T,,5,"March 25, 2030",100,
Declining Balances Tables,148,"Class B-1, B-1R, B-1S, B-1T, B-1U and B-1I",B-1T,,10,"March 25, 2030",100,
Declining Balances Tables,148,"Class B-1, B-1R, B-1S, B-1T, B-1U and B-1I",B-1T,,15,"March 25, 2030",85,
Declining Balances Tables,148,"Class B-1, B-1R, B-1S, B-1T, B-1U and B-1I",B-1T,,25,"March 25, 2030",0,
Declining Balances Tables,148,"Class B-1, B-1R, B-1S, B-1T, B-1U and B-1I",B-1T,,35,"March 25, 2030",0,
Declining Balances Tables,148,"Class B-1, B-1R, B-1S, B-1T, B-1U and B-1I",B-1U,,0,"March 25, 2030",100,
Declining Balances Tables,148,"Class B-1, B-1R, B-1S, B-1T, B-1U and B-1I",B-1U,,5,"March 25, 2030",100,
Declining Balances Tables,148,"Class B-1, B-1R, B-1S, B-1T, B-1U and B-1I",B-1U,,10,"March 25, 2030",100,
Declining Balances Tables,148,"Class B-1, B-1R, B-1S, B-1T, B-1U and B-1I",B-1U,,15,"March 25, 2030",85,
Declining Balances Tables,148,"Class B-1, B-1R, B-1S, B-1T, B-1U and B-1I",B-1U,,25,"March 25, 2030",0,
Declining Balances Tables,148,"Class B-1, B-1R, B-1S, B-1T, B-1U and B-1I",B-1U,,35,"March 25, 2030",0,
Declining Balances Tables,148,"Class B-1, B-1R, B-1S, B-1T, B-1U and B-1I",B-1I,,0,"March 25, 2030",100,
Declining Balances Tables,148,"Class B-1, B-1R, B-1S, B-1T, B-1U and B-1I",B-1I,,5,"March 25, 2030",100,
Declining Balances Tables,148,"Class B-1, B-1R, B-1S, B-1T, B-1U and B-1I",B-1I,,10,"March 25, 2030",100,
Declining Balances Tables,148,"Class B-1, B-1R, B-1S, B-1T, B-1U and B-1I",B-1I,,15,"March 25, 2030",85,
Declining Balances Tables,148,"Class B-1, B-1R, B-1S, B-1T, B-1U and B-1I",B-1I,,25,"March 25, 2030",0,
Declining Balances Tables,148,"Class B-1, B-1R, B-1S, B-1T, B-1U and B-1I",B-1I,,35,"March 25, 2030",0,
Declining Balances Tables,148,"Class B-1, B-1R, B-1S, B-1T, B-1U and B-1I",B-1,,0,"March 25, 2031",100,
Declining Balances Tables,148,"Class B-1, B-1R, B-1S, B-1T, B-1U and B-1I",B-1,,5,"March 25, 2031",100,
Declining Balances Tables,148,"Class B-1, B-1R, B-1S, B-1T, B-1U and B-1I",B-1,,10,"March 25, 2031",100,
Declining Balances Tables,148,"Class B-1, B-1R, B-1S, B-1T, B-1U and B-1I",B-1,,15,"March 25, 2031",41,
Declining Balances Tables,148,"Class B-1, B-1R, B-1S, B-1T, B-1U and B-1I",B-1,,25,"March 25, 2031",0,
Declining Balances Tables,148,"Class B-1, B-1R, B-1S, B-1T, B-1U and B-1I",B-1,,35,"March 25, 2031",0,
Declining Balances Tables,148,"Class B-1, B-1R, B-1S, B-1T, B-1U and B-1I",B-1R,,0,"March 25, 2031",100,
Declining Balances Tables,148,"Class B-1, B-1R, B-1S, B-1T, B-1U and B-1I",B-1R,,5,"March 25, 2031",100,
Declining Balances Tables,148,"Class B-1, B-1R, B-1S, B-1T, B-1U and B-1I",B-1R,,10,"March 25, 2031",100,
Declining Balances Tables,148,"Class B-1, B-1R, B-1S, B-1T, B-1U and B-1I",B-1R,,15,"March 25, 2031",41,
Declining Balances Tables,148,"Class B-1, B-1R, B-1S, B-1T, B-1U and B-1I",B-1R,,25,"March 25, 2031",0,
Declining Balances Tables,148,"Class B-1, B-1R, B-1S, B-1T, B-1U and B-1I",B-1R,,35,"March 25, 2031",0,
Declining Balances Tables,148,"Class B-1, B-1R, B-1S, B-1T, B-1U and B-1I",B-1S,,0,"March 25, 2031",100,
Declining Balances Tables,148,"Class B-1, B-1R, B-1S, B-1T, B-1U and B-1I",B-1S,,5,"March 25, 2031",100,
Declining Balances Tables,148,"Class B-1, B-1R, B-1S, B-1T, B-1U and B-1I",B-1S,,10,"March 25, 2031",100,
Declining Balances Tables,148,"Class B-1, B-1R, B-1S, B-1T, B-1U and B-1I",B-1S,,15,"March 25, 2031",41,
Declining Balances Tables,148,"Class B-1, B-1R, B-1S, B-1T, B-1U and B-1I",B-1S,,25,"March 25, 2031",0,
Declining Balances Tables,148,"Class B-1, B-1R, B-1S, B-1T, B-1U and B-1I",B-1S,,35,"March 25, 2031",0,
Declining Balances Tables,148,"Class B-1, B-1R, B-1S, B-1T, B-1U and B-1I",B-1T,,0,"March 25, 2031",100,
Declining Balances Tables,148,"Class B-1, B-1R, B-1S, B-1T, B-1U and B-1I",B-1T,,5,"March 25, 2031",100,
Declining Balances Tables,148,"Class B-1, B-1R, B-1S, B-1T, B-1U and B-1I",B-1T,,10,"March 25, 2031",100,
Declining Balances Tables,148,"Class B-1, B-1R, B-1S, B-1T, B-1U and B-1I",B-1T,,15,"March 25, 2031",41,
Declining Balances Tables,148,"Class B-1, B-1R, B-1S, B-1T, B-1U and B-1I",B-1T,,25,"March 25, 2031",0,
Declining Balances Tables,148,"Class B-1, B-1R, B-1S, B-1T, B-1U and B-1I",B-1T,,35,"March 25, 2031",0,
Declining Balances Tables,148,"Class B-1, B-1R, B-1S, B-1T, B-1U and B-1I",B-1U,,0,"March 25, 2031",100,
Declining Balances Tables,148,"Class B-1, B-1R, B-1S, B-1T, B-1U and B-1I",B-1U,,5,"March 25, 2031",100,
Declining Balances Tables,148,"Class B-1, B-1R, B-1S, B-1T, B-1U and B-1I",B-1U,,10,"March 25, 2031",100,
Declining Balances Tables,148,"Class B-1, B-1R, B-1S, B-1T, B-1U and B-1I",B-1U,,15,"March 25, 2031",41,
Declining Balances Tables,148,"Class B-1, B-1R, B-1S, B-1T, B-1U and B-1I",B-1U,,25,"March 25, 2031",0,
Declining Balances Tables,148,"Class B-1, B-1R, B-1S, B-1T, B-1U and B-1I",B-1U,,35,"March 25, 2031",0,
Declining Balances Tables,148,"Class B-1, B-1R, B-1S, B-1T, B-1U and B-1I",B-1I,,0,"March 25, 2031",100,
Declining Balances Tables,148,"Class B-1, B-1R, B-1S, B-1T, B-1U and B-1I",B-1I,,5,"March 25, 2031",100,
Declining Balances Tables,148,"Class B-1, B-1R, B-1S, B-1T, B-1U and B-1I",B-1I,,10,"March 25, 2031",100,
Declining Balances Tables,148,"Class B-1, B-1R, B-1S, B-1T, B-1U and B-1I",B-1I,,15,"March 25, 2031",41,
Declining Balances Tables,148,"Class B-1, B-1R, B-1S, B-1T, B-1U and B-1I",B-1I,,25,"March 25, 2031",0,
Declining Balances Tables,148,"Class B-1, B-1R, B-1S, B-1T, B-1U and B-1I",B-1I,,35,"March 25, 2031",0,
Declining Balances Tables,148,"Class B-1, B-1R, B-1S, B-1T, B-1U and B-1I",B-1,,0,"March 25, 2032",100,
Declining Balances Tables,148,"Class B-1, B-1R, B-1S, B-1T, B-1U and B-1I",B-1,,5,"March 25, 2032",100,
Declining Balances Tables,148,"Class B-1, B-1R, B-1S, B-1T, B-1U and B-1I",B-1,,10,"March 25, 2032",82,
Declining Balances Tables,148,"Class B-1, B-1R, B-1S, B-1T, B-1U and B-1I",B-1,,15,"March 25, 2032",4,
Declining Balances Tables,148,"Class B-1, B-1R, B-1S, B-1T, B-1U and B-1I",B-1,,25,"March 25, 2032",0,
Declining Balances Tables,148,"Class B-1, B-1R, B-1S, B-1T, B-1U and B-1I",B-1,,35,"March 25, 2032",0,
Declining Balances Tables,148,"Class B-1, B-1R, B-1S, B-1T, B-1U and B-1I",B-1R,,0,"March 25, 2032",100,
Declining Balances Tables,148,"Class B-1, B-1R, B-1S, B-1T, B-1U and B-1I",B-1R,,5,"March 25, 2032",100,
Declining Balances Tables,148,"Class B-1, B-1R, B-1S, B-1T, B-1U and B-1I",B-1R,,10,"March 25, 2032",82,
Declining Balances Tables,148,"Class B-1, B-1R, B-1S, B-1T, B-1U and B-1I",B-1R,,15,"March 25, 2032",4,
Declining Balances Tables,148,"Class B-1, B-1R, B-1S, B-1T, B-1U and B-1I",B-1R,,25,"March 25, 2032",0,
Declining Balances Tables,148,"Class B-1, B-1R, B-1S, B-1T, B-1U and B-1I",B-1R,,35,"March 25, 2032",0,
Declining Balances Tables,148,"Class B-1, B-1R, B-1S, B-1T, B-1U and B-1I",B-1S,,0,"March 25, 2032",100,
Declining Balances Tables,148,"Class B-1, B-1R, B-1S, B-1T, B-1U and B-1I",B-1S,,5,"March 25, 2032",100,
Declining Balances Tables,148,"Class B-1, B-1R, B-1S, B-1T, B-1U and B-1I",B-1S,,10,"March 25, 2032",82,
Declining Balances Tables,148,"Class B-1, B-1R, B-1S, B-1T, B-1U and B-1I",B-1S,,15,"March 25, 2032",4,
Declining Balances Tables,148,"Class B-1, B-1R, B-1S, B-1T, B-1U and B-1I",B-1S,,25,"March 25, 2032",0,
Declining Balances Tables,148,"Class B-1, B-1R, B-1S, B-1T, B-1U and B-1I",B-1S,,35,"March 25, 2032",0,
Declining Balances Tables,148,"Class B-1, B-1R, B-1S, B-1T, B-1U and B-1I",B-1T,,0,"March 25, 2032",100,
Declining Balances Tables,148,"Class B-1, B-1R, B-1S, B-1T, B-1U and B-1I",B-1T,,5,"March 25, 2032",100,
Declining Balances Tables,148,"Class B-1, B-1R, B-1S, B-1T, B-1U and B-1I",B-1T,,10,"March 25, 2032",82,
Declining Balances Tables,148,"Class B-1, B-1R, B-1S, B-1T, B-1U and B-1I",B-1T,,15,"March 25, 2032",4,
Declining Balances Tables,148,"Class B-1, B-1R, B-1S, B-1T, B-1U and B-1I",B-1T,,25,"March 25, 2032",0,
Declining Balances Tables,148,"Class B-1, B-1R, B-1S, B-1T, B-1U and B-1I",B-1T,,35,"March 25, 2032",0,
Declining Balances Tables,148,"Class B-1, B-1R, B-1S, B-1T, B-1U and B-1I",B-1U,,0,"March 25, 2032",100,
Declining Balances Tables,148,"Class B-1, B-1R, B-1S, B-1T, B-1U and B-1I",B-1U,,5,"March 25, 2032",100,
Declining Balances Tables,148,"Class B-1, B-1R, B-1S, B-1T, B-1U and B-1I",B-1U,,10,"March 25, 2032",82,
Declining Balances Tables,148,"Class B-1, B-1R, B-1S, B-1T, B-1U and B-1I",B-1U,,15,"March 25, 2032",4,
Declining Balances Tables,148,"Class B-1, B-1R, B-1S, B-1T, B-1U and B-1I",B-1U,,25,"March 25, 2032",0,
Declining Balances Tables,148,"Class B-1, B-1R, B-1S, B-1T, B-1U and B-1I",B-1U,,35,"March 25, 2032",0,
Declining Balances Tables,148,"Class B-1, B-1R, B-1S, B-1T, B-1U and B-1I",B-1I,,0,"March 25, 2032",100,
Declining Balances Tables,148,"Class B-1, B-1R, B-1S, B-1T, B-1U and B-1I",B-1I,,5,"March 25, 2032",100,
Declining Balances Tables,148,"Class B-1, B-1R, B-1S, B-1T, B-1U and B-1I",B-1I,,10,"March 25, 2032",82,
Declining Balances Tables,148,"Class B-1, B-1R, B-1S, B-1T, B-1U and B-1I",B-1I,,15,"March 25, 2032",4,
Declining Balances Tables,148,"Class B-1, B-1R, B-1S, B-1T, B-1U and B-1I",B-1I,,25,"March 25, 2032",0,
Declining Balances Tables,148,"Class B-1, B-1R, B-1S, B-1T, B-1U and B-1I",B-1I,,35,"March 25, 2032",0,
Declining Balances Tables,148,"Class B-1, B-1R, B-1S, B-1T, B-1U and B-1I",B-1,,0,"March 25, 2033",100,
Declining Balances Tables,148,"Class B-1, B-1R, B-1S, B-1T, B-1U and B-1I",B-1,,5,"March 25, 2033",100,
Declining Balances Tables,148,"Class B-1, B-1R, B-1S, B-1T, B-1U and B-1I",B-1,,10,"March 25, 2033",51,
Declining Balances Tables,148,"Class B-1, B-1R, B-1S, B-1T, B-1U and B-1I",B-1,,15,"March 25, 2033",0,
Declining Balances Tables,148,"Class B-1, B-1R, B-1S, B-1T, B-1U and B-1I",B-1,,25,"March 25, 2033",0,
Declining Balances Tables,148,"Class B-1, B-1R, B-1S, B-1T, B-1U and B-1I",B-1,,35,"March 25, 2033",0,
Declining Balances Tables,148,"Class B-1, B-1R, B-1S, B-1T, B-1U and B-1I",B-1R,,0,"March 25, 2033",100,
Declining Balances Tables,148,"Class B-1, B-1R, B-1S, B-1T, B-1U and B-1I",B-1R,,5,"March 25, 2033",100,
Declining Balances Tables,148,"Class B-1, B-1R, B-1S, B-1T, B-1U and B-1I",B-1R,,10,"March 25, 2033",51,
Declining Balances Tables,148,"Class B-1, B-1R, B-1S, B-1T, B-1U and B-1I",B-1R,,15,"March 25, 2033",0,
Declining Balances Tables,148,"Class B-1, B-1R, B-1S, B-1T, B-1U and B-1I",B-1R,,25,"March 25, 2033",0,
Declining Balances Tables,148,"Class B-1, B-1R, B-1S, B-1T, B-1U and B-1I",B-1R,,35,"March 25, 2033",0,
Declining Balances Tables,148,"Class B-1, B-1R, B-1S, B-1T, B-1U and B-1I",B-1S,,0,"March 25, 2033",100,
Declining Balances Tables,148,"Class B-1, B-1R, B-1S, B-1T, B-1U and B-1I",B-1S,,5,"March 25, 2033",100,
Declining Balances Tables,148,"Class B-1, B-1R, B-1S, B-1T, B-1U and B-1I",B-1S,,10,"March 25, 2033",51,
Declining Balances Tables,148,"Class B-1, B-1R, B-1S, B-1T, B-1U and B-1I",B-1S,,15,"March 25, 2033",0,
Declining Balances Tables,148,"Class B-1, B-1R, B-1S, B-1T, B-1U and B-1I",B-1S,,25,"March 25, 2033",0,
Declining Balances Tables,148,"Class B-1, B-1R, B-1S, B-1T, B-1U and B-1I",B-1S,,35,"March 25, 2033",0,
Declining Balances Tables,148,"Class B-1, B-1R, B-1S, B-1T, B-1U and B-1I",B-1T,,0,"March 25, 2033",100,
Declining Balances Tables,148,"Class B-1, B-1R, B-1S, B-1T, B-1U and B-1I",B-1T,,5,"March 25, 2033",100,
Declining Balances Tables,148,"Class B-1, B-1R, B-1S, B-1T, B-1U and B-1I",B-1T,,10,"March 25, 2033",51,
Declining Balances Tables,148,"Class B-1, B-1R, B-1S, B-1T, B-1U and B-1I",B-1T,,15,"March 25, 2033",0,
Declining Balances Tables,148,"Class B-1, B-1R, B-1S, B-1T, B-1U and B-1I",B-1T,,25,"March 25, 2033",0,
Declining Balances Tables,148,"Class B-1, B-1R, B-1S, B-1T, B-1U and B-1I",B-1T,,35,"March 25, 2033",0,
Declining Balances Tables,148,"Class B-1, B-1R, B-1S, B-1T, B-1U and B-1I",B-1U,,0,"March 25, 2033",100,
Declining Balances Tables,148,"Class B-1, B-1R, B-1S, B-1T, B-1U and B-1I",B-1U,,5,"March 25, 2033",100,
Declining Balances Tables,148,"Class B-1, B-1R, B-1S, B-1T, B-1U and B-1I",B-1U,,10,"March 25, 2033",51,
Declining Balances Tables,148,"Class B-1, B-1R, B-1S, B-1T, B-1U and B-1I",B-1U,,15,"March 25, 2033",0,
Declining Balances Tables,148,"Class B-1, B-1R, B-1S, B-1T, B-1U and B-1I",B-1U,,25,"March 25, 2033",0,
Declining Balances Tables,148,"Class B-1, B-1R, B-1S, B-1T, B-1U and B-1I",B-1U,,35,"March 25, 2033",0,
Declining Balances Tables,148,"Class B-1, B-1R, B-1S, B-1T, B-1U and B-1I",B-1I,,0,"March 25, 2033",100,
Declining Balances Tables,148,"Class B-1, B-1R, B-1S, B-1T, B-1U and B-1I",B-1I,,5,"March 25, 2033",100,
Declining Balances Tables,148,"Class B-1, B-1R, B-1S, B-1T, B-1U and B-1I",B-1I,,10,"March 25, 2033",51,
Declining Balances Tables,148,"Class B-1, B-1R, B-1S, B-1T, B-1U and B-1I",B-1I,,15,"March 25, 2033",0,
Declining Balances Tables,148,"Class B-1, B-1R, B-1S, B-1T, B-1U and B-1I",B-1I,,25,"March 25, 2033",0,
Declining Balances Tables,148,"Class B-1, B-1R, B-1S, B-1T, B-1U and B-1I",B-1I,,35,"March 25, 2033",0,
Declining Balances Tables,148,"Class B-1, B-1R, B-1S, B-1T, B-1U and B-1I",B-1,,0,"March 25, 2034",100,
Declining Balances Tables,148,"Class B-1, B-1R, B-1S, B-1T, B-1U and B-1I",B-1,,5,"March 25, 2034",100,
Declining Balances Tables,148,"Class B-1, B-1R, B-1S, B-1T, B-1U and B-1I",B-1,,10,"March 25, 2034",24,
Declining Balances Tables,148,"Class B-1, B-1R, B-1S, B-1T, B-1U and B-1I",B-1,,15,"March 25, 2034",0,
Declining Balances Tables,148,"Class B-1, B-1R, B-1S, B-1T, B-1U and B-1I",B-1,,25,"March 25, 2034",0,
Declining Balances Tables,148,"Class B-1, B-1R, B-1S, B-1T, B-1U and B-1I",B-1,,35,"March 25, 2034",0,
Declining Balances Tables,148,"Class B-1, B-1R, B-1S, B-1T, B-1U and B-1I",B-1R,,0,"March 25, 2034",100,
Declining Balances Tables,148,"Class B-1, B-1R, B-1S, B-1T, B-1U and B-1I",B-1R,,5,"March 25, 2034",100,
Declining Balances Tables,148,"Class B-1, B-1R, B-1S, B-1T, B-1U and B-1I",B-1R,,10,"March 25, 2034",24,
Declining Balances Tables,148,"Class B-1, B-1R, B-1S, B-1T, B-1U and B-1I",B-1R,,15,"March 25, 2034",0,
Declining Balances Tables,148,"Class B-1, B-1R, B-1S, B-1T, B-1U and B-1I",B-1R,,25,"March 25, 2034",0,
Declining Balances Tables,148,"Class B-1, B-1R, B-1S, B-1T, B-1U and B-1I",B-1R,,35,"March 25, 2034",0,
Declining Balances Tables,148,"Class B-1, B-1R, B-1S, B-1T, B-1U and B-1I",B-1S,,0,"March 25, 2034",100,
Declining Balances Tables,148,"Class B-1, B-1R, B-1S, B-1T, B-1U and B-1I",B-1S,,5,"March 25, 2034",100,
Declining Balances Tables,148,"Class B-1, B-1R, B-1S, B-1T, B-1U and B-1I",B-1S,,10,"March 25, 2034",24,
Declining Balances Tables,148,"Class B-1, B-1R, B-1S, B-1T, B-1U and B-1I",B-1S,,15,"March 25, 2034",0,
Declining Balances Tables,148,"Class B-1, B-1R, B-1S, B-1T, B-1U and B-1I",B-1S,,25,"March 25, 2034",0,
Declining Balances Tables,148,"Class B-1, B-1R, B-1S, B-1T, B-1U and B-1I",B-1S,,35,"March 25, 2034",0,
Declining Balances Tables,148,"Class B-1, B-1R, B-1S, B-1T, B-1U and B-1I",B-1T,,0,"March 25, 2034",100,
Declining Balances Tables,148,"Class B-1, B-1R, B-1S, B-1T, B-1U and B-1I",B-1T,,5,"March 25, 2034",100,
Declining Balances Tables,148,"Class B-1, B-1R, B-1S, B-1T, B-1U and B-1I",B-1T,,10,"March 25, 2034",24,
Declining Balances Tables,148,"Class B-1, B-1R, B-1S, B-1T, B-1U and B-1I",B-1T,,15,"March 25, 2034",0,
Declining Balances Tables,148,"Class B-1, B-1R, B-1S, B-1T, B-1U and B-1I",B-1T,,25,"March 25, 2034",0,
Declining Balances Tables,148,"Class B-1, B-1R, B-1S, B-1T, B-1U and B-1I",B-1T,,35,"March 25, 2034",0,
Declining Balances Tables,148,"Class B-1, B-1R, B-1S, B-1T, B-1U and B-1I",B-1U,,0,"March 25, 2034",100,
Declining Balances Tables,148,"Class B-1, B-1R, B-1S, B-1T, B-1U and B-1I",B-1U,,5,"March 25, 2034",100,
Declining Balances Tables,148,"Class B-1, B-1R, B-1S, B-1T, B-1U and B-1I",B-1U,,10,"March 25, 2034",24,
Declining Balances Tables,148,"Class B-1, B-1R, B-1S, B-1T, B-1U and B-1I",B-1U,,15,"March 25, 2034",0,
Declining Balances Tables,148,"Class B-1, B-1R, B-1S, B-1T, B-1U and B-1I",B-1U,,25,"March 25, 2034",0,
Declining Balances Tables,148,"Class B-1, B-1R, B-1S, B-1T, B-1U and B-1I",B-1U,,35,"March 25, 2034",0,
Declining Balances Tables,148,"Class B-1, B-1R, B-1S, B-1T, B-1U and B-1I",B-1I,,0,"March 25, 2034",100,
Declining Balances Tables,148,"Class B-1, B-1R, B-1S, B-1T, B-1U and B-1I",B-1I,,5,"March 25, 2034",100,
Declining Balances Tables,148,"Class B-1, B-1R, B-1S, B-1T, B-1U and B-1I",B-1I,,10,"March 25, 2034",24,
Declining Balances Tables,148,"Class B-1, B-1R, B-1S, B-1T, B-1U and B-1I",B-1I,,15,"March 25, 2034",0,
Declining Balances Tables,148,"Class B-1, B-1R, B-1S, B-1T, B-1U and B-1I",B-1I,,25,"March 25, 2034",0,
Declining Balances Tables,148,"Class B-1, B-1R, B-1S, B-1T, B-1U and B-1I",B-1I,,35,"March 25, 2034",0,
Declining Balances Tables,148,"Class B-1, B-1R, B-1S, B-1T, B-1U and B-1I",B-1,,0,"March 25, 2035",100,
Declining Balances Tables,148,"Class B-1, B-1R, B-1S, B-1T, B-1U and B-1I",B-1,,5,"March 25, 2035",100,
Declining Balances Tables,148,"Class B-1, B-1R, B-1S, B-1T, B-1U and B-1I",B-1,,10,"March 25, 2035",0,
Declining Balances Tables,148,"Class B-1, B-1R, B-1S, B-1T, B-1U and B-1I",B-1,,15,"March 25, 2035",0,
Declining Balances Tables,148,"Class B-1, B-1R, B-1S, B-1T, B-1U and B-1I",B-1,,25,"March 25, 2035",0,
Declining Balances Tables,148,"Class B-1, B-1R, B-1S, B-1T, B-1U and B-1I",B-1,,35,"March 25, 2035",0,
Declining Balances Tables,148,"Class B-1, B-1R, B-1S, B-1T, B-1U and B-1I",B-1R,,0,"March 25, 2035",100,
Declining Balances Tables,148,"Class B-1, B-1R, B-1S, B-1T, B-1U and B-1I",B-1R,,5,"March 25, 2035",100,
Declining Balances Tables,148,"Class B-1, B-1R, B-1S, B-1T, B-1U and B-1I",B-1R,,10,"March 25, 2035",0,
Declining Balances Tables,148,"Class B-1, B-1R, B-1S, B-1T, B-1U and B-1I",B-1R,,15,"March 25, 2035",0,
Declining Balances Tables,148,"Class B-1, B-1R, B-1S, B-1T, B-1U and B-1I",B-1R,,25,"March 25, 2035",0,
Declining Balances Tables,148,"Class B-1, B-1R, B-1S, B-1T, B-1U and B-1I",B-1R,,35,"March 25, 2035",0,
Declining Balances Tables,148,"Class B-1, B-1R, B-1S, B-1T, B-1U and B-1I",B-1S,,0,"March 25, 2035",100,
Declining Balances Tables,148,"Class B-1, B-1R, B-1S, B-1T, B-1U and B-1I",B-1S,,5,"March 25, 2035",100,
Declining Balances Tables,148,"Class B-1, B-1R, B-1S, B-1T, B-1U and B-1I",B-1S,,10,"March 25, 2035",0,
Declining Balances Tables,148,"Class B-1, B-1R, B-1S, B-1T, B-1U and B-1I",B-1S,,15,"March 25, 2035",0,
Declining Balances Tables,148,"Class B-1, B-1R, B-1S, B-1T, B-1U and B-1I",B-1S,,25,"March 25, 2035",0,
Declining Balances Tables,148,"Class B-1, B-1R, B-1S, B-1T, B-1U and B-1I",B-1S,,35,"March 25, 2035",0,
Declining Balances Tables,148,"Class B-1, B-1R, B-1S, B-1T, B-1U and B-1I",B-1T,,0,"March 25, 2035",100,
Declining Balances Tables,148,"Class B-1, B-1R, B-1S, B-1T, B-1U and B-1I",B-1T,,5,"March 25, 2035",100,
Declining Balances Tables,148,"Class B-1, B-1R, B-1S, B-1T, B-1U and B-1I",B-1T,,10,"March 25, 2035",0,
Declining Balances Tables,148,"Class B-1, B-1R, B-1S, B-1T, B-1U and B-1I",B-1T,,15,"March 25, 2035",0,
Declining Balances Tables,148,"Class B-1, B-1R, B-1S, B-1T, B-1U and B-1I",B-1T,,25,"March 25, 2035",0,
Declining Balances Tables,148,"Class B-1, B-1R, B-1S, B-1T, B-1U and B-1I",B-1T,,35,"March 25, 2035",0,
Declining Balances Tables,148,"Class B-1, B-1R, B-1S, B-1T, B-1U and B-1I",B-1U,,0,"March 25, 2035",100,
Declining Balances Tables,148,"Class B-1, B-1R, B-1S, B-1T, B-1U and B-1I",B-1U,,5,"March 25, 2035",100,
Declining Balances Tables,148,"Class B-1, B-1R, B-1S, B-1T, B-1U and B-1I",B-1U,,10,"March 25, 2035",0,
Declining Balances Tables,148,"Class B-1, B-1R, B-1S, B-1T, B-1U and B-1I",B-1U,,15,"March 25, 2035",0,
Declining Balances Tables,148,"Class B-1, B-1R, B-1S, B-1T, B-1U and B-1I",B-1U,,25,"March 25, 2035",0,
Declining Balances Tables,148,"Class B-1, B-1R, B-1S, B-1T, B-1U and B-1I",B-1U,,35,"March 25, 2035",0,
Declining Balances Tables,148,"Class B-1, B-1R, B-1S, B-1T, B-1U and B-1I",B-1I,,0,"March 25, 2035",100,
Declining Balances Tables,148,"Class B-1, B-1R, B-1S, B-1T, B-1U and B-1I",B-1I,,5,"March 25, 2035",100,
Declining Balances Tables,148,"Class B-1, B-1R, B-1S, B-1T, B-1U and B-1I",B-1I,,10,"March 25, 2035",0,
Declining Balances Tables,148,"Class B-1, B-1R, B-1S, B-1T, B-1U and B-1I",B-1I,,15,"March 25, 2035",0,
Declining Balances Tables,148,"Class B-1, B-1R, B-1S, B-1T, B-1U and B-1I",B-1I,,25,"March 25, 2035",0,
Declining Balances Tables,148,"Class B-1, B-1R, B-1S, B-1T, B-1U and B-1I",B-1I,,35,"March 25, 2035",0,
Declining Balances Tables,148,"Class B-1, B-1R, B-1S, B-1T, B-1U and B-1I",B-1,,0,"March 25, 2036",100,
Declining Balances Tables,148,"Class B-1, B-1R, B-1S, B-1T, B-1U and B-1I",B-1,,5,"March 25, 2036",92,
Declining Balances Tables,148,"Class B-1, B-1R, B-1S, B-1T, B-1U and B-1I",B-1,,10,"March 25, 2036",0,
Declining Balances Tables,148,"Class B-1, B-1R, B-1S, B-1T, B-1U and B-1I",B-1,,15,"March 25, 2036",0,
Declining Balances Tables,148,"Class B-1, B-1R, B-1S, B-1T, B-1U and B-1I",B-1,,25,"March 25, 2036",0,
Declining Balances Tables,148,"Class B-1, B-1R, B-1S, B-1T, B-1U and B-1I",B-1,,35,"March 25, 2036",0,
Declining Balances Tables,148,"Class B-1, B-1R, B-1S, B-1T, B-1U and B-1I",B-1R,,0,"March 25, 2036",100,
Declining Balances Tables,148,"Class B-1, B-1R, B-1S, B-1T, B-1U and B-1I",B-1R,,5,"March 25, 2036",92,
Declining Balances Tables,148,"Class B-1, B-1R, B-1S, B-1T, B-1U and B-1I",B-1R,,10,"March 25, 2036",0,
Declining Balances Tables,148,"Class B-1, B-1R, B-1S, B-1T, B-1U and B-1I",B-1R,,15,"March 25, 2036",0,
Declining Balances Tables,148,"Class B-1, B-1R, B-1S, B-1T, B-1U and B-1I",B-1R,,25,"March 25, 2036",0,
Declining Balances Tables,148,"Class B-1, B-1R, B-1S, B-1T, B-1U and B-1I",B-1R,,35,"March 25, 2036",0,
Declining Balances Tables,148,"Class B-1, B-1R, B-1S, B-1T, B-1U and B-1I",B-1S,,0,"March 25, 2036",100,
Declining Balances Tables,148,"Class B-1, B-1R, B-1S, B-1T, B-1U and B-1I",B-1S,,5,"March 25, 2036",92,
Declining Balances Tables,148,"Class B-1, B-1R, B-1S, B-1T, B-1U and B-1I",B-1S,,10,"March 25, 2036",0,
Declining Balances Tables,148,"Class B-1, B-1R, B-1S, B-1T, B-1U and B-1I",B-1S,,15,"March 25, 2036",0,
Declining Balances Tables,148,"Class B-1, B-1R, B-1S, B-1T, B-1U and B-1I",B-1S,,25,"March 25, 2036",0,
Declining Balances Tables,148,"Class B-1, B-1R, B-1S, B-1T, B-1U and B-1I",B-1S,,35,"March 25, 2036",0,
Declining Balances Tables,148,"Class B-1, B-1R, B-1S, B-1T, B-1U and B-1I",B-1T,,0,"March 25, 2036",100,
Declining Balances Tables,148,"Class B-1, B-1R, B-1S, B-1T, B-1U and B-1I",B-1T,,5,"March 25, 2036",92,
Declining Balances Tables,148,"Class B-1, B-1R, B-1S, B-1T, B-1U and B-1I",B-1T,,10,"March 25, 2036",0,
Declining Balances Tables,148,"Class B-1, B-1R, B-1S, B-1T, B-1U and B-1I",B-1T,,15,"March 25, 2036",0,
Declining Balances Tables,148,"Class B-1, B-1R, B-1S, B-1T, B-1U and B-1I",B-1T,,25,"March 25, 2036",0,
Declining Balances Tables,148,"Class B-1, B-1R, B-1S, B-1T, B-1U and B-1I",B-1T,,35,"March 25, 2036",0,
Declining Balances Tables,148,"Class B-1, B-1R, B-1S, B-1T, B-1U and B-1I",B-1U,,0,"March 25, 2036",100,
Declining Balances Tables,148,"Class B-1, B-1R, B-1S, B-1T, B-1U and B-1I",B-1U,,5,"March 25, 2036",92,
Declining Balances Tables,148,"Class B-1, B-1R, B-1S, B-1T, B-1U and B-1I",B-1U,,10,"March 25, 2036",0,
Declining Balances Tables,148,"Class B-1, B-1R, B-1S, B-1T, B-1U and B-1I",B-1U,,15,"March 25, 2036",0,
Declining Balances Tables,148,"Class B-1, B-1R, B-1S, B-1T, B-1U and B-1I",B-1U,,25,"March 25, 2036",0,
Declining Balances Tables,148,"Class B-1, B-1R, B-1S, B-1T, B-1U and B-1I",B-1U,,35,"March 25, 2036",0,
Declining Balances Tables,148,"Class B-1, B-1R, B-1S, B-1T, B-1U and B-1I",B-1I,,0,"March 25, 2036",100,
Declining Balances Tables,148,"Class B-1, B-1R, B-1S, B-1T, B-1U and B-1I",B-1I,,5,"March 25, 2036",92,
Declining Balances Tables,148,"Class B-1, B-1R, B-1S, B-1T, B-1U and B-1I",B-1I,,10,"March 25, 2036",0,
Declining Balances Tables,148,"Class B-1, B-1R, B-1S, B-1T, B-1U and B-1I",B-1I,,15,"March 25, 2036",0,
Declining Balances Tables,148,"Class B-1, B-1R, B-1S, B-1T, B-1U and B-1I",B-1I,,25,"March 25, 2036",0,
Declining Balances Tables,148,"Class B-1, B-1R, B-1S, B-1T, B-1U and B-1I",B-1I,,35,"March 25, 2036",0,
Declining Balances Tables,148,"Class B-1, B-1R, B-1S, B-1T, B-1U and B-1I",B-1,,0,"March 25, 2037",100,
Declining Balances Tables,148,"Class B-1, B-1R, B-1S, B-1T, B-1U and B-1I",B-1,,5,"March 25, 2037",72,
Declining Balances Tables,148,"Class B-1, B-1R, B-1S, B-1T, B-1U and B-1I",B-1,,10,"March 25, 2037",0,
Declining Balances Tables,148,"Class B-1, B-1R, B-1S, B-1T, B-1U and B-1I",B-1,,15,"March 25, 2037",0,
Declining Balances Tables,148,"Class B-1, B-1R, B-1S, B-1T, B-1U and B-1I",B-1,,25,"March 25, 2037",0,
Declining Balances Tables,148,"Class B-1, B-1R, B-1S, B-1T, B-1U and B-1I",B-1,,35,"March 25, 2037",0,
Declining Balances Tables,148,"Class B-1, B-1R, B-1S, B-1T, B-1U and B-1I",B-1R,,0,"March 25, 2037",100,
Declining Balances Tables,148,"Class B-1, B-1R, B-1S, B-1T, B-1U and B-1I",B-1R,,5,"March 25, 2037",72,
Declining Balances Tables,148,"Class B-1, B-1R, B-1S, B-1T, B-1U and B-1I",B-1R,,10,"March 25, 2037",0,
Declining Balances Tables,148,"Class B-1, B-1R, B-1S, B-1T, B-1U and B-1I",B-1R,,15,"March 25, 2037",0,
Declining Balances Tables,148,"Class B-1, B-1R, B-1S, B-1T, B-1U and B-1I",B-1R,,25,"March 25, 2037",0,
Declining Balances Tables,148,"Class B-1, B-1R, B-1S, B-1T, B-1U and B-1I",B-1R,,35,"March 25, 2037",0,
Declining Balances Tables,148,"Class B-1, B-1R, B-1S, B-1T, B-1U and B-1I",B-1S,,0,"March 25, 2037",100,
Declining Balances Tables,148,"Class B-1, B-1R, B-1S, B-1T, B-1U and B-1I",B-1S,,5,"March 25, 2037",72,
Declining Balances Tables,148,"Class B-1, B-1R, B-1S, B-1T, B-1U and B-1I",B-1S,,10,"March 25, 2037",0,
Declining Balances Tables,148,"Class B-1, B-1R, B-1S, B-1T, B-1U and B-1I",B-1S,,15,"March 25, 2037",0,
Declining Balances Tables,148,"Class B-1, B-1R, B-1S, B-1T, B-1U and B-1I",B-1S,,25,"March 25, 2037",0,
Declining Balances Tables,148,"Class B-1, B-1R, B-1S, B-1T, B-1U and B-1I",B-1S,,35,"March 25, 2037",0,
Declining Balances Tables,148,"Class B-1, B-1R, B-1S, B-1T, B-1U and B-1I",B-1T,,0,"March 25, 2037",100,
Declining Balances Tables,148,"Class B-1, B-1R, B-1S, B-1T, B-1U and B-1I",B-1T,,5,"March 25, 2037",72,
Declining Balances Tables,148,"Class B-1, B-1R, B-1S, B-1T, B-1U and B-1I",B-1T,,10,"March 25, 2037",0,
Declining Balances Tables,148,"Class B-1, B-1R, B-1S, B-1T, B-1U and B-1I",B-1T,,15,"March 25, 2037",0,
Declining Balances Tables,148,"Class B-1, B-1R, B-1S, B-1T, B-1U and B-1I",B-1T,,25,"March 25, 2037",0,
Declining Balances Tables,148,"Class B-1, B-1R, B-1S, B-1T, B-1U and B-1I",B-1T,,35,"March 25, 2037",0,
Declining Balances Tables,148,"Class B-1, B-1R, B-1S, B-1T, B-1U and B-1I",B-1U,,0,"March 25, 2037",100,
Declining Balances Tables,148,"Class B-1, B-1R, B-1S, B-1T, B-1U and B-1I",B-1U,,5,"March 25, 2037",72,
Declining Balances Tables,148,"Class B-1, B-1R, B-1S, B-1T, B-1U and B-1I",B-1U,,10,"March 25, 2037",0,
Declining Balances Tables,148,"Class B-1, B-1R, B-1S, B-1T, B-1U and B-1I",B-1U,,15,"March 25, 2037",0,
Declining Balances Tables,148,"Class B-1, B-1R, B-1S, B-1T, B-1U and B-1I",B-1U,,25,"March 25, 2037",0,
Declining Balances Tables,148,"Class B-1, B-1R, B-1S, B-1T, B-1U and B-1I",B-1U,,35,"March 25, 2037",0,
Declining Balances Tables,148,"Class B-1, B-1R, B-1S, B-1T, B-1U and B-1I",B-1I,,0,"March 25, 2037",100,
Declining Balances Tables,148,"Class B-1, B-1R, B-1S, B-1T, B-1U and B-1I",B-1I,,5,"March 25, 2037",72,
Declining Balances Tables,148,"Class B-1, B-1R, B-1S, B-1T, B-1U and B-1I",B-1I,,10,"March 25, 2037",0,
Declining Balances Tables,148,"Class B-1, B-1R, B-1S, B-1T, B-1U and B-1I",B-1I,,15,"March 25, 2037",0,
Declining Balances Tables,148,"Class B-1, B-1R, B-1S, B-1T, B-1U and B-1I",B-1I,,25,"March 25, 2037",0,
Declining Balances Tables,148,"Class B-1, B-1R, B-1S, B-1T, B-1U and B-1I",B-1I,,35,"March 25, 2037",0,
Declining Balances Tables,148,"Class B-1, B-1R, B-1S, B-1T, B-1U and B-1I",B-1,,0,"March 25, 2038",100,
Declining Balances Tables,148,"Class B-1, B-1R, B-1S, B-1T, B-1U and B-1I",B-1,,5,"March 25, 2038",52,
Declining Balances Tables,148,"Class B-1, B-1R, B-1S, B-1T, B-1U and B-1I",B-1,,10,"March 25, 2038",0,
Declining Balances Tables,148,"Class B-1, B-1R, B-1S, B-1T, B-1U and B-1I",B-1,,15,"March 25, 2038",0,
Declining Balances Tables,148,"Class B-1, B-1R, B-1S, B-1T, B-1U and B-1I",B-1,,25,"March 25, 2038",0,
Declining Balances Tables,148,"Class B-1, B-1R, B-1S, B-1T, B-1U and B-1I",B-1,,35,"March 25, 2038",0,
Declining Balances Tables,148,"Class B-1, B-1R, B-1S, B-1T, B-1U and B-1I",B-1R,,0,"March 25, 2038",100,
Declining Balances Tables,148,"Class B-1, B-1R, B-1S, B-1T, B-1U and B-1I",B-1R,,5,"March 25, 2038",52,
Declining Balances Tables,148,"Class B-1, B-1R, B-1S, B-1T, B-1U and B-1I",B-1R,,10,"March 25, 2038",0,
Declining Balances Tables,148,"Class B-1, B-1R, B-1S, B-1T, B-1U and B-1I",B-1R,,15,"March 25, 2038",0,
Declining Balances Tables,148,"Class B-1, B-1R, B-1S, B-1T, B-1U and B-1I",B-1R,,25,"March 25, 2038",0,
Declining Balances Tables,148,"Class B-1, B-1R, B-1S, B-1T, B-1U and B-1I",B-1R,,35,"March 25, 2038",0,
Declining Balances Tables,148,"Class B-1, B-1R, B-1S, B-1T, B-1U and B-1I",B-1S,,0,"March 25, 2038",100,
Declining Balances Tables,148,"Class B-1, B-1R, B-1S, B-1T, B-1U and B-1I",B-1S,,5,"March 25, 2038",52,
Declining Balances Tables,148,"Class B-1, B-1R, B-1S, B-1T, B-1U and B-1I",B-1S,,10,"March 25, 2038",0,
Declining Balances Tables,148,"Class B-1, B-1R, B-1S, B-1T, B-1U and B-1I",B-1S,,15,"March 25, 2038",0,
Declining Balances Tables,148,"Class B-1, B-1R, B-1S, B-1T, B-1U and B-1I",B-1S,,25,"March 25, 2038",0,
Declining Balances Tables,148,"Class B-1, B-1R, B-1S, B-1T, B-1U and B-1I",B-1S,,35,"March 25, 2038",0,
Declining Balances Tables,148,"Class B-1, B-1R, B-1S, B-1T, B-1U and B-1I",B-1T,,0,"March 25, 2038",100,
Declining Balances Tables,148,"Class B-1, B-1R, B-1S, B-1T, B-1U and B-1I",B-1T,,5,"March 25, 2038",52,
Declining Balances Tables,148,"Class B-1, B-1R, B-1S, B-1T, B-1U and B-1I",B-1T,,10,"March 25, 2038",0,
Declining Balances Tables,148,"Class B-1, B-1R, B-1S, B-1T, B-1U and B-1I",B-1T,,15,"March 25, 2038",0,
Declining Balances Tables,148,"Class B-1, B-1R, B-1S, B-1T, B-1U and B-1I",B-1T,,25,"March 25, 2038",0,
Declining Balances Tables,148,"Class B-1, B-1R, B-1S, B-1T, B-1U and B-1I",B-1T,,35,"March 25, 2038",0,
Declining Balances Tables,148,"Class B-1, B-1R, B-1S, B-1T, B-1U and B-1I",B-1U,,0,"March 25, 2038",100,
Declining Balances Tables,148,"Class B-1, B-1R, B-1S, B-1T, B-1U and B-1I",B-1U,,5,"March 25, 2038",52,
Declining Balances Tables,148,"Class B-1, B-1R, B-1S, B-1T, B-1U and B-1I",B-1U,,10,"March 25, 2038",0,
Declining Balances Tables,148,"Class B-1, B-1R, B-1S, B-1T, B-1U and B-1I",B-1U,,15,"March 25, 2038",0,
Declining Balances Tables,148,"Class B-1, B-1R, B-1S, B-1T, B-1U and B-1I",B-1U,,25,"March 25, 2038",0,
Declining Balances Tables,148,"Class B-1, B-1R, B-1S, B-1T, B-1U and B-1I",B-1U,,35,"March 25, 2038",0,
Declining Balances Tables,148,"Class B-1, B-1R, B-1S, B-1T, B-1U and B-1I",B-1I,,0,"March 25, 2038",100,
Declining Balances Tables,148,"Class B-1, B-1R, B-1S, B-1T, B-1U and B-1I",B-1I,,5,"March 25, 2038",52,
Declining Balances Tables,148,"Class B-1, B-1R, B-1S, B-1T, B-1U and B-1I",B-1I,,10,"March 25, 2038",0,
Declining Balances Tables,148,"Class B-1, B-1R, B-1S, B-1T, B-1U and B-1I",B-1I,,15,"March 25, 2038",0,
Declining Balances Tables,148,"Class B-1, B-1R, B-1S, B-1T, B-1U and B-1I",B-1I,,25,"March 25, 2038",0,
Declining Balances Tables,148,"Class B-1, B-1R, B-1S, B-1T, B-1U and B-1I",B-1I,,35,"March 25, 2038",0,
Declining Balances Tables,148,"Class B-1, B-1R, B-1S, B-1T, B-1U and B-1I",B-1,,0,"March 25, 2039",100,
Declining Balances Tables,148,"Class B-1, B-1R, B-1S, B-1T, B-1U and B-1I",B-1,,5,"March 25, 2039",33,
Declining Balances Tables,148,"Class B-1, B-1R, B-1S, B-1T, B-1U and B-1I",B-1,,10,"March 25, 2039",0,
Declining Balances Tables,148,"Class B-1, B-1R, B-1S, B-1T, B-1U and B-1I",B-1,,15,"March 25, 2039",0,
Declining Balances Tables,148,"Class B-1, B-1R, B-1S, B-1T, B-1U and B-1I",B-1,,25,"March 25, 2039",0,
Declining Balances Tables,148,"Class B-1, B-1R, B-1S, B-1T, B-1U and B-1I",B-1,,35,"March 25, 2039",0,
Declining Balances Tables,148,"Class B-1, B-1R, B-1S, B-1T, B-1U and B-1I",B-1R,,0,"March 25, 2039",100,
Declining Balances Tables,148,"Class B-1, B-1R, B-1S, B-1T, B-1U and B-1I",B-1R,,5,"March 25, 2039",33,
Declining Balances Tables,148,"Class B-1, B-1R, B-1S, B-1T, B-1U and B-1I",B-1R,,10,"March 25, 2039",0,
Declining Balances Tables,148,"Class B-1, B-1R, B-1S, B-1T, B-1U and B-1I",B-1R,,15,"March 25, 2039",0,
Declining Balances Tables,148,"Class B-1, B-1R, B-1S, B-1T, B-1U and B-1I",B-1R,,25,"March 25, 2039",0,
Declining Balances Tables,148,"Class B-1, B-1R, B-1S, B-1T, B-1U and B-1I",B-1R,,35,"March 25, 2039",0,
Declining Balances Tables,148,"Class B-1, B-1R, B-1S, B-1T, B-1U and B-1I",B-1S,,0,"March 25, 2039",100,
Declining Balances Tables,148,"Class B-1, B-1R, B-1S, B-1T, B-1U and B-1I",B-1S,,5,"March 25, 2039",33,
Declining Balances Tables,148,"Class B-1, B-1R, B-1S, B-1T, B-1U and B-1I",B-1S,,10,"March 25, 2039",0,
Declining Balances Tables,148,"Class B-1, B-1R, B-1S, B-1T, B-1U and B-1I",B-1S,,15,"March 25, 2039",0,
Declining Balances Tables,148,"Class B-1, B-1R, B-1S, B-1T, B-1U and B-1I",B-1S,,25,"March 25, 2039",0,
Declining Balances Tables,148,"Class B-1, B-1R, B-1S, B-1T, B-1U and B-1I",B-1S,,35,"March 25, 2039",0,
Declining Balances Tables,148,"Class B-1, B-1R, B-1S, B-1T, B-1U and B-1I",B-1T,,0,"March 25, 2039",100,
Declining Balances Tables,148,"Class B-1, B-1R, B-1S, B-1T, B-1U and B-1I",B-1T,,5,"March 25, 2039",33,
Declining Balances Tables,148,"Class B-1, B-1R, B-1S, B-1T, B-1U and B-1I",B-1T,,10,"March 25, 2039",0,
Declining Balances Tables,148,"Class B-1, B-1R, B-1S, B-1T, B-1U and B-1I",B-1T,,15,"March 25, 2039",0,
Declining Balances Tables,148,"Class B-1, B-1R, B-1S, B-1T, B-1U and B-1I",B-1T,,25,"March 25, 2039",0,
Declining Balances Tables,148,"Class B-1, B-1R, B-1S, B-1T, B-1U and B-1I",B-1T,,35,"March 25, 2039",0,
Declining Balances Tables,148,"Class B-1, B-1R, B-1S, B-1T, B-1U and B-1I",B-1U,,0,"March 25, 2039",100,
Declining Balances Tables,148,"Class B-1, B-1R, B-1S, B-1T, B-1U and B-1I",B-1U,,5,"March 25, 2039",33,
Declining Balances Tables,148,"Class B-1, B-1R, B-1S, B-1T, B-1U and B-1I",B-1U,,10,"March 25, 2039",0,
Declining Balances Tables,148,"Class B-1, B-1R, B-1S, B-1T, B-1U and B-1I",B-1U,,15,"March 25, 2039",0,
Declining Balances Tables,148,"Class B-1, B-1R, B-1S, B-1T, B-1U and B-1I",B-1U,,25,"March 25, 2039",0,
Declining Balances Tables,148,"Class B-1, B-1R, B-1S, B-1T, B-1U and B-1I",B-1U,,35,"March 25, 2039",0,
Declining Balances Tables,148,"Class B-1, B-1R, B-1S, B-1T, B-1U and B-1I",B-1I,,0,"March 25, 2039",100,
Declining Balances Tables,148,"Class B-1, B-1R, B-1S, B-1T, B-1U and B-1I",B-1I,,5,"March 25, 2039",33,
Declining Balances Tables,148,"Class B-1, B-1R, B-1S, B-1T, B-1U and B-1I",B-1I,,10,"March 25, 2039",0,
Declining Balances Tables,148,"Class B-1, B-1R, B-1S, B-1T, B-1U and B-1I",B-1I,,15,"March 25, 2039",0,
Declining Balances Tables,148,"Class B-1, B-1R, B-1S, B-1T, B-1U and B-1I",B-1I,,25,"March 25, 2039",0,
Declining Balances Tables,148,"Class B-1, B-1R, B-1S, B-1T, B-1U and B-1I",B-1I,,35,"March 25, 2039",0,
Declining Balances Tables,148,"Class B-1, B-1R, B-1S, B-1T, B-1U and B-1I",B-1,,0,"March 25, 2040",100,
Declining Balances Tables,148,"Class B-1, B-1R, B-1S, B-1T, B-1U and B-1I",B-1,,5,"March 25, 2040",15,
Declining Balances Tables,148,"Class B-1, B-1R, B-1S, B-1T, B-1U and B-1I",B-1,,10,"March 25, 2040",0,
Declining Balances Tables,148,"Class B-1, B-1R, B-1S, B-1T, B-1U and B-1I",B-1,,15,"March 25, 2040",0,
Declining Balances Tables,148,"Class B-1, B-1R, B-1S, B-1T, B-1U and B-1I",B-1,,25,"March 25, 2040",0,
Declining Balances Tables,148,"Class B-1, B-1R, B-1S, B-1T, B-1U and B-1I",B-1,,35,"March 25, 2040",0,
Declining Balances Tables,148,"Class B-1, B-1R, B-1S, B-1T, B-1U and B-1I",B-1R,,0,"March 25, 2040",100,
Declining Balances Tables,148,"Class B-1, B-1R, B-1S, B-1T, B-1U and B-1I",B-1R,,5,"March 25, 2040",15,
Declining Balances Tables,148,"Class B-1, B-1R, B-1S, B-1T, B-1U and B-1I",B-1R,,10,"March 25, 2040",0,
Declining Balances Tables,148,"Class B-1, B-1R, B-1S, B-1T, B-1U and B-1I",B-1R,,15,"March 25, 2040",0,
Declining Balances Tables,148,"Class B-1, B-1R, B-1S, B-1T, B-1U and B-1I",B-1R,,25,"March 25, 2040",0,
Declining Balances Tables,148,"Class B-1, B-1R, B-1S, B-1T, B-1U and B-1I",B-1R,,35,"March 25, 2040",0,
Declining Balances Tables,148,"Class B-1, B-1R, B-1S, B-1T, B-1U and B-1I",B-1S,,0,"March 25, 2040",100,
Declining Balances Tables,148,"Class B-1, B-1R, B-1S, B-1T, B-1U and B-1I",B-1S,,5,"March 25, 2040",15,
Declining Balances Tables,148,"Class B-1, B-1R, B-1S, B-1T, B-1U and B-1I",B-1S,,10,"March 25, 2040",0,
Declining Balances Tables,148,"Class B-1, B-1R, B-1S, B-1T, B-1U and B-1I",B-1S,,15,"March 25, 2040",0,
Declining Balances Tables,148,"Class B-1, B-1R, B-1S, B-1T, B-1U and B-1I",B-1S,,25,"March 25, 2040",0,
Declining Balances Tables,148,"Class B-1, B-1R, B-1S, B-1T, B-1U and B-1I",B-1S,,35,"March 25, 2040",0,
Declining Balances Tables,148,"Class B-1, B-1R, B-1S, B-1T, B-1U and B-1I",B-1T,,0,"March 25, 2040",100,
Declining Balances Tables,148,"Class B-1, B-1R, B-1S, B-1T, B-1U and B-1I",B-1T,,5,"March 25, 2040",15,
Declining Balances Tables,148,"Class B-1, B-1R, B-1S, B-1T, B-1U and B-1I",B-1T,,10,"March 25, 2040",0,
Declining Balances Tables,148,"Class B-1, B-1R, B-1S, B-1T, B-1U and B-1I",B-1T,,15,"March 25, 2040",0,
Declining Balances Tables,148,"Class B-1, B-1R, B-1S, B-1T, B-1U and B-1I",B-1T,,25,"March 25, 2040",0,
Declining Balances Tables,148,"Class B-1, B-1R, B-1S, B-1T, B-1U and B-1I",B-1T,,35,"March 25, 2040",0,
Declining Balances Tables,148,"Class B-1, B-1R, B-1S, B-1T, B-1U and B-1I",B-1U,,0,"March 25, 2040",100,
Declining Balances Tables,148,"Class B-1, B-1R, B-1S, B-1T, B-1U and B-1I",B-1U,,5,"March 25, 2040",15,
Declining Balances Tables,148,"Class B-1, B-1R, B-1S, B-1T, B-1U and B-1I",B-1U,,10,"March 25, 2040",0,
Declining Balances Tables,148,"Class B-1, B-1R, B-1S, B-1T, B-1U and B-1I",B-1U,,15,"March 25, 2040",0,
Declining Balances Tables,148,"Class B-1, B-1R, B-1S, B-1T, B-1U and B-1I",B-1U,,25,"March 25, 2040",0,
Declining Balances Tables,148,"Class B-1, B-1R, B-1S, B-1T, B-1U and B-1I",B-1U,,35,"March 25, 2040",0,
Declining Balances Tables,148,"Class B-1, B-1R, B-1S, B-1T, B-1U and B-1I",B-1I,,0,"March 25, 2040",100,
Declining Balances Tables,148,"Class B-1, B-1R, B-1S, B-1T, B-1U and B-1I",B-1I,,5,"March 25, 2040",15,
Declining Balances Tables,148,"Class B-1, B-1R, B-1S, B-1T, B-1U and B-1I",B-1I,,10,"March 25, 2040",0,
Declining Balances Tables,148,"Class B-1, B-1R, B-1S, B-1T, B-1U and B-1I",B-1I,,15,"March 25, 2040",0,
Declining Balances Tables,148,"Class B-1, B-1R, B-1S, B-1T, B-1U and B-1I",B-1I,,25,"March 25, 2040",0,
Declining Balances Tables,148,"Class B-1, B-1R, B-1S, B-1T, B-1U and B-1I",B-1I,,35,"March 25, 2040",0,
Declining Balances Tables,148,"Class B-1, B-1R, B-1S, B-1T, B-1U and B-1I",B-1,,0,"March 25, 2041",100,
Declining Balances Tables,148,"Class B-1, B-1R, B-1S, B-1T, B-1U and B-1I",B-1,,5,"March 25, 2041",0,
Declining Balances Tables,148,"Class B-1, B-1R, B-1S, B-1T, B-1U and B-1I",B-1,,10,"March 25, 2041",0,
Declining Balances Tables,148,"Class B-1, B-1R, B-1S, B-1T, B-1U and B-1I",B-1,,15,"March 25, 2041",0,
Declining Balances Tables,148,"Class B-1, B-1R, B-1S, B-1T, B-1U and B-1I",B-1,,25,"March 25, 2041",0,
Declining Balances Tables,148,"Class B-1, B-1R, B-1S, B-1T, B-1U and B-1I",B-1,,35,"March 25, 2041",0,
Declining Balances Tables,148,"Class B-1, B-1R, B-1S, B-1T, B-1U and B-1I",B-1R,,0,"March 25, 2041",100,
Declining Balances Tables,148,"Class B-1, B-1R, B-1S, B-1T, B-1U and B-1I",B-1R,,5,"March 25, 2041",0,
Declining Balances Tables,148,"Class B-1, B-1R, B-1S, B-1T, B-1U and B-1I",B-1R,,10,"March 25, 2041",0,
Declining Balances Tables,148,"Class B-1, B-1R, B-1S, B-1T, B-1U and B-1I",B-1R,,15,"March 25, 2041",0,
Declining Balances Tables,148,"Class B-1, B-1R, B-1S, B-1T, B-1U and B-1I",B-1R,,25,"March 25, 2041",0,
Declining Balances Tables,148,"Class B-1, B-1R, B-1S, B-1T, B-1U and B-1I",B-1R,,35,"March 25, 2041",0,
Declining Balances Tables,148,"Class B-1, B-1R, B-1S, B-1T, B-1U and B-1I",B-1S,,0,"March 25, 2041",100,
Declining Balances Tables,148,"Class B-1, B-1R, B-1S, B-1T, B-1U and B-1I",B-1S,,5,"March 25, 2041",0,
Declining Balances Tables,148,"Class B-1, B-1R, B-1S, B-1T, B-1U and B-1I",B-1S,,10,"March 25, 2041",0,
Declining Balances Tables,148,"Class B-1, B-1R, B-1S, B-1T, B-1U and B-1I",B-1S,,15,"March 25, 2041",0,
Declining Balances Tables,148,"Class B-1, B-1R, B-1S, B-1T, B-1U and B-1I",B-1S,,25,"March 25, 2041",0,
Declining Balances Tables,148,"Class B-1, B-1R, B-1S, B-1T, B-1U and B-1I",B-1S,,35,"March 25, 2041",0,
Declining Balances Tables,148,"Class B-1, B-1R, B-1S, B-1T, B-1U and B-1I",B-1T,,0,"March 25, 2041",100,
Declining Balances Tables,148,"Class B-1, B-1R, B-1S, B-1T, B-1U and B-1I",B-1T,,5,"March 25, 2041",0,
Declining Balances Tables,148,"Class B-1, B-1R, B-1S, B-1T, B-1U and B-1I",B-1T,,10,"March 25, 2041",0,
Declining Balances Tables,148,"Class B-1, B-1R, B-1S, B-1T, B-1U and B-1I",B-1T,,15,"March 25, 2041",0,
Declining Balances Tables,148,"Class B-1, B-1R, B-1S, B-1T, B-1U and B-1I",B-1T,,25,"March 25, 2041",0,
Declining Balances Tables,148,"Class B-1, B-1R, B-1S, B-1T, B-1U and B-1I",B-1T,,35,"March 25, 2041",0,
Declining Balances Tables,148,"Class B-1, B-1R, B-1S, B-1T, B-1U and B-1I",B-1U,,0,"March 25, 2041",100,
Declining Balances Tables,148,"Class B-1, B-1R, B-1S, B-1T, B-1U and B-1I",B-1U,,5,"March 25, 2041",0,
Declining Balances Tables,148,"Class B-1, B-1R, B-1S, B-1T, B-1U and B-1I",B-1U,,10,"March 25, 2041",0,
Declining Balances Tables,148,"Class B-1, B-1R, B-1S, B-1T, B-1U and B-1I",B-1U,,15,"March 25, 2041",0,
Declining Balances Tables,148,"Class B-1, B-1R, B-1S, B-1T, B-1U and B-1I",B-1U,,25,"March 25, 2041",0,
Declining Balances Tables,148,"Class B-1, B-1R, B-1S, B-1T, B-1U and B-1I",B-1U,,35,"March 25, 2041",0,
Declining Balances Tables,148,"Class B-1, B-1R, B-1S, B-1T, B-1U and B-1I",B-1I,,0,"March 25, 2041",100,
Declining Balances Tables,148,"Class B-1, B-1R, B-1S, B-1T, B-1U and B-1I",B-1I,,5,"March 25, 2041",0,
Declining Balances Tables,148,"Class B-1, B-1R, B-1S, B-1T, B-1U and B-1I",B-1I,,10,"March 25, 2041",0,
Declining Balances Tables,148,"Class B-1, B-1R, B-1S, B-1T, B-1U and B-1I",B-1I,,15,"March 25, 2041",0,
Declining Balances Tables,148,"Class B-1, B-1R, B-1S, B-1T, B-1U and B-1I",B-1I,,25,"March 25, 2041",0,
Declining Balances Tables,148,"Class B-1, B-1R, B-1S, B-1T, B-1U and B-1I",B-1I,,35,"March 25, 2041",0,
Declining Balances Tables,148,"Class B-1, B-1R, B-1S, B-1T, B-1U and B-1I",B-1,,0,"March 25, 2042",100,
Declining Balances Tables,148,"Class B-1, B-1R, B-1S, B-1T, B-1U and B-1I",B-1,,5,"March 25, 2042",0,
Declining Balances Tables,148,"Class B-1, B-1R, B-1S, B-1T, B-1U and B-1I",B-1,,10,"March 25, 2042",0,
Declining Balances Tables,148,"Class B-1, B-1R, B-1S, B-1T, B-1U and B-1I",B-1,,15,"March 25, 2042",0,
Declining Balances Tables,148,"Class B-1, B-1R, B-1S, B-1T, B-1U and B-1I",B-1,,25,"March 25, 2042",0,
Declining Balances Tables,148,"Class B-1, B-1R, B-1S, B-1T, B-1U and B-1I",B-1,,35,"March 25, 2042",0,
Declining Balances Tables,148,"Class B-1, B-1R, B-1S, B-1T, B-1U and B-1I",B-1R,,0,"March 25, 2042",100,
Declining Balances Tables,148,"Class B-1, B-1R, B-1S, B-1T, B-1U and B-1I",B-1R,,5,"March 25, 2042",0,
Declining Balances Tables,148,"Class B-1, B-1R, B-1S, B-1T, B-1U and B-1I",B-1R,,10,"March 25, 2042",0,
Declining Balances Tables,148,"Class B-1, B-1R, B-1S, B-1T, B-1U and B-1I",B-1R,,15,"March 25, 2042",0,
Declining Balances Tables,148,"Class B-1, B-1R, B-1S, B-1T, B-1U and B-1I",B-1R,,25,"March 25, 2042",0,
Declining Balances Tables,148,"Class B-1, B-1R, B-1S, B-1T, B-1U and B-1I",B-1R,,35,"March 25, 2042",0,
Declining Balances Tables,148,"Class B-1, B-1R, B-1S, B-1T, B-1U and B-1I",B-1S,,0,"March 25, 2042",100,
Declining Balances Tables,148,"Class B-1, B-1R, B-1S, B-1T, B-1U and B-1I",B-1S,,5,"March 25, 2042",0,
Declining Balances Tables,148,"Class B-1, B-1R, B-1S, B-1T, B-1U and B-1I",B-1S,,10,"March 25, 2042",0,
Declining Balances Tables,148,"Class B-1, B-1R, B-1S, B-1T, B-1U and B-1I",B-1S,,15,"March 25, 2042",0,
Declining Balances Tables,148,"Class B-1, B-1R, B-1S, B-1T, B-1U and B-1I",B-1S,,25,"March 25, 2042",0,
Declining Balances Tables,148,"Class B-1, B-1R, B-1S, B-1T, B-1U and B-1I",B-1S,,35,"March 25, 2042",0,
Declining Balances Tables,148,"Class B-1, B-1R, B-1S, B-1T, B-1U and B-1I",B-1T,,0,"March 25, 2042",100,
Declining Balances Tables,148,"Class B-1, B-1R, B-1S, B-1T, B-1U and B-1I",B-1T,,5,"March 25, 2042",0,
Declining Balances Tables,148,"Class B-1, B-1R, B-1S, B-1T, B-1U and B-1I",B-1T,,10,"March 25, 2042",0,
Declining Balances Tables,148,"Class B-1, B-1R, B-1S, B-1T, B-1U and B-1I",B-1T,,15,"March 25, 2042",0,
Declining Balances Tables,148,"Class B-1, B-1R, B-1S, B-1T, B-1U and B-1I",B-1T,,25,"March 25, 2042",0,
Declining Balances Tables,148,"Class B-1, B-1R, B-1S, B-1T, B-1U and B-1I",B-1T,,35,"March 25, 2042",0,
Declining Balances Tables,148,"Class B-1, B-1R, B-1S, B-1T, B-1U and B-1I",B-1U,,0,"March 25, 2042",100,
Declining Balances Tables,148,"Class B-1, B-1R, B-1S, B-1T, B-1U and B-1I",B-1U,,5,"March 25, 2042",0,
Declining Balances Tables,148,"Class B-1, B-1R, B-1S, B-1T, B-1U and B-1I",B-1U,,10,"March 25, 2042",0,
Declining Balances Tables,148,"Class B-1, B-1R, B-1S, B-1T, B-1U and B-1I",B-1U,,15,"March 25, 2042",0,
Declining Balances Tables,148,"Class B-1, B-1R, B-1S, B-1T, B-1U and B-1I",B-1U,,25,"March 25, 2042",0,
Declining Balances Tables,148,"Class B-1, B-1R, B-1S, B-1T, B-1U and B-1I",B-1U,,35,"March 25, 2042",0,
Declining Balances Tables,148,"Class B-1, B-1R, B-1S, B-1T, B-1U and B-1I",B-1I,,0,"March 25, 2042",100,
Declining Balances Tables,148,"Class B-1, B-1R, B-1S, B-1T, B-1U and B-1I",B-1I,,5,"March 25, 2042",0,
Declining Balances Tables,148,"Class B-1, B-1R, B-1S, B-1T, B-1U and B-1I",B-1I,,10,"March 25, 2042",0,
Declining Balances Tables,148,"Class B-1, B-1R, B-1S, B-1T, B-1U and B-1I",B-1I,,15,"March 25, 2042",0,
Declining Balances Tables,148,"Class B-1, B-1R, B-1S, B-1T, B-1U and B-1I",B-1I,,25,"March 25, 2042",0,
Declining Balances Tables,148,"Class B-1, B-1R, B-1S, B-1T, B-1U and B-1I",B-1I,,35,"March 25, 2042",0,
Declining Balances Tables,148,"Class B-1, B-1R, B-1S, B-1T, B-1U and B-1I",B-1,,0,"March 25, 2043",100,
Declining Balances Tables,148,"Class B-1, B-1R, B-1S, B-1T, B-1U and B-1I",B-1,,5,"March 25, 2043",0,
Declining Balances Tables,148,"Class B-1, B-1R, B-1S, B-1T, B-1U and B-1I",B-1,,10,"March 25, 2043",0,
Declining Balances Tables,148,"Class B-1, B-1R, B-1S, B-1T, B-1U and B-1I",B-1,,15,"March 25, 2043",0,
Declining Balances Tables,148,"Class B-1, B-1R, B-1S, B-1T, B-1U and B-1I",B-1,,25,"March 25, 2043",0,
Declining Balances Tables,148,"Class B-1, B-1R, B-1S, B-1T, B-1U and B-1I",B-1,,35,"March 25, 2043",0,
Declining Balances Tables,148,"Class B-1, B-1R, B-1S, B-1T, B-1U and B-1I",B-1R,,0,"March 25, 2043",100,
Declining Balances Tables,148,"Class B-1, B-1R, B-1S, B-1T, B-1U and B-1I",B-1R,,5,"March 25, 2043",0,
Declining Balances Tables,148,"Class B-1, B-1R, B-1S, B-1T, B-1U and B-1I",B-1R,,10,"March 25, 2043",0,
Declining Balances Tables,148,"Class B-1, B-1R, B-1S, B-1T, B-1U and B-1I",B-1R,,15,"March 25, 2043",0,
Declining Balances Tables,148,"Class B-1, B-1R, B-1S, B-1T, B-1U and B-1I",B-1R,,25,"March 25, 2043",0,
Declining Balances Tables,148,"Class B-1, B-1R, B-1S, B-1T, B-1U and B-1I",B-1R,,35,"March 25, 2043",0,
Declining Balances Tables,148,"Class B-1, B-1R, B-1S, B-1T, B-1U and B-1I",B-1S,,0,"March 25, 2043",100,
Declining Balances Tables,148,"Class B-1, B-1R, B-1S, B-1T, B-1U and B-1I",B-1S,,5,"March 25, 2043",0,
Declining Balances Tables,148,"Class B-1, B-1R, B-1S, B-1T, B-1U and B-1I",B-1S,,10,"March 25, 2043",0,
Declining Balances Tables,148,"Class B-1, B-1R, B-1S, B-1T, B-1U and B-1I",B-1S,,15,"March 25, 2043",0,
Declining Balances Tables,148,"Class B-1, B-1R, B-1S, B-1T, B-1U and B-1I",B-1S,,25,"March 25, 2043",0,
Declining Balances Tables,148,"Class B-1, B-1R, B-1S, B-1T, B-1U and B-1I",B-1S,,35,"March 25, 2043",0,
Declining Balances Tables,148,"Class B-1, B-1R, B-1S, B-1T, B-1U and B-1I",B-1T,,0,"March 25, 2043",100,
Declining Balances Tables,148,"Class B-1, B-1R, B-1S, B-1T, B-1U and B-1I",B-1T,,5,"March 25, 2043",0,
Declining Balances Tables,148,"Class B-1, B-1R, B-1S, B-1T, B-1U and B-1I",B-1T,,10,"March 25, 2043",0,
Declining Balances Tables,148,"Class B-1, B-1R, B-1S, B-1T, B-1U and B-1I",B-1T,,15,"March 25, 2043",0,
Declining Balances Tables,148,"Class B-1, B-1R, B-1S, B-1T, B-1U and B-1I",B-1T,,25,"March 25, 2043",0,
Declining Balances Tables,148,"Class B-1, B-1R, B-1S, B-1T, B-1U and B-1I",B-1T,,35,"March 25, 2043",0,
Declining Balances Tables,148,"Class B-1, B-1R, B-1S, B-1T, B-1U and B-1I",B-1U,,0,"March 25, 2043",100,
Declining Balances Tables,148,"Class B-1, B-1R, B-1S, B-1T, B-1U and B-1I",B-1U,,5,"March 25, 2043",0,
Declining Balances Tables,148,"Class B-1, B-1R, B-1S, B-1T, B-1U and B-1I",B-1U,,10,"March 25, 2043",0,
Declining Balances Tables,148,"Class B-1, B-1R, B-1S, B-1T, B-1U and B-1I",B-1U,,15,"March 25, 2043",0,
Declining Balances Tables,148,"Class B-1, B-1R, B-1S, B-1T, B-1U and B-1I",B-1U,,25,"March 25, 2043",0,
Declining Balances Tables,148,"Class B-1, B-1R, B-1S, B-1T, B-1U and B-1I",B-1U,,35,"March 25, 2043",0,
Declining Balances Tables,148,"Class B-1, B-1R, B-1S, B-1T, B-1U and B-1I",B-1I,,0,"March 25, 2043",100,
Declining Balances Tables,148,"Class B-1, B-1R, B-1S, B-1T, B-1U and B-1I",B-1I,,5,"March 25, 2043",0,
Declining Balances Tables,148,"Class B-1, B-1R, B-1S, B-1T, B-1U and B-1I",B-1I,,10,"March 25, 2043",0,
Declining Balances Tables,148,"Class B-1, B-1R, B-1S, B-1T, B-1U and B-1I",B-1I,,15,"March 25, 2043",0,
Declining Balances Tables,148,"Class B-1, B-1R, B-1S, B-1T, B-1U and B-1I",B-1I,,25,"March 25, 2043",0,
Declining Balances Tables,148,"Class B-1, B-1R, B-1S, B-1T, B-1U and B-1I",B-1I,,35,"March 25, 2043",0,
Declining Balances Tables,148,"Class B-1, B-1R, B-1S, B-1T, B-1U and B-1I",B-1,,0,"March 25, 2044",100,
Declining Balances Tables,148,"Class B-1, B-1R, B-1S, B-1T, B-1U and B-1I",B-1,,5,"March 25, 2044",0,
Declining Balances Tables,148,"Class B-1, B-1R, B-1S, B-1T, B-1U and B-1I",B-1,,10,"March 25, 2044",0,
Declining Balances Tables,148,"Class B-1, B-1R, B-1S, B-1T, B-1U and B-1I",B-1,,15,"March 25, 2044",0,
Declining Balances Tables,148,"Class B-1, B-1R, B-1S, B-1T, B-1U and B-1I",B-1,,25,"March 25, 2044",0,
Declining Balances Tables,148,"Class B-1, B-1R, B-1S, B-1T, B-1U and B-1I",B-1,,35,"March 25, 2044",0,
Declining Balances Tables,148,"Class B-1, B-1R, B-1S, B-1T, B-1U and B-1I",B-1R,,0,"March 25, 2044",100,
Declining Balances Tables,148,"Class B-1, B-1R, B-1S, B-1T, B-1U and B-1I",B-1R,,5,"March 25, 2044",0,
Declining Balances Tables,148,"Class B-1, B-1R, B-1S, B-1T, B-1U and B-1I",B-1R,,10,"March 25, 2044",0,
Declining Balances Tables,148,"Class B-1, B-1R, B-1S, B-1T, B-1U and B-1I",B-1R,,15,"March 25, 2044",0,
Declining Balances Tables,148,"Class B-1, B-1R, B-1S, B-1T, B-1U and B-1I",B-1R,,25,"March 25, 2044",0,
Declining Balances Tables,148,"Class B-1, B-1R, B-1S, B-1T, B-1U and B-1I",B-1R,,35,"March 25, 2044",0,
Declining Balances Tables,148,"Class B-1, B-1R, B-1S, B-1T, B-1U and B-1I",B-1S,,0,"March 25, 2044",100,
Declining Balances Tables,148,"Class B-1, B-1R, B-1S, B-1T, B-1U and B-1I",B-1S,,5,"March 25, 2044",0,
Declining Balances Tables,148,"Class B-1, B-1R, B-1S, B-1T, B-1U and B-1I",B-1S,,10,"March 25, 2044",0,
Declining Balances Tables,148,"Class B-1, B-1R, B-1S, B-1T, B-1U and B-1I",B-1S,,15,"March 25, 2044",0,
Declining Balances Tables,148,"Class B-1, B-1R, B-1S, B-1T, B-1U and B-1I",B-1S,,25,"March 25, 2044",0,
Declining Balances Tables,148,"Class B-1, B-1R, B-1S, B-1T, B-1U and B-1I",B-1S,,35,"March 25, 2044",0,
Declining Balances Tables,148,"Class B-1, B-1R, B-1S, B-1T, B-1U and B-1I",B-1T,,0,"March 25, 2044",100,
Declining Balances Tables,148,"Class B-1, B-1R, B-1S, B-1T, B-1U and B-1I",B-1T,,5,"March 25, 2044",0,
Declining Balances Tables,148,"Class B-1, B-1R, B-1S, B-1T, B-1U and B-1I",B-1T,,10,"March 25, 2044",0,
Declining Balances Tables,148,"Class B-1, B-1R, B-1S, B-1T, B-1U and B-1I",B-1T,,15,"March 25, 2044",0,
Declining Balances Tables,148,"Class B-1, B-1R, B-1S, B-1T, B-1U and B-1I",B-1T,,25,"March 25, 2044",0,
Declining Balances Tables,148,"Class B-1, B-1R, B-1S, B-1T, B-1U and B-1I",B-1T,,35,"March 25, 2044",0,
Declining Balances Tables,148,"Class B-1, B-1R, B-1S, B-1T, B-1U and B-1I",B-1U,,0,"March 25, 2044",100,
Declining Balances Tables,148,"Class B-1, B-1R, B-1S, B-1T, B-1U and B-1I",B-1U,,5,"March 25, 2044",0,
Declining Balances Tables,148,"Class B-1, B-1R, B-1S, B-1T, B-1U and B-1I",B-1U,,10,"March 25, 2044",0,
Declining Balances Tables,148,"Class B-1, B-1R, B-1S, B-1T, B-1U and B-1I",B-1U,,15,"March 25, 2044",0,
Declining Balances Tables,148,"Class B-1, B-1R, B-1S, B-1T, B-1U and B-1I",B-1U,,25,"March 25, 2044",0,
Declining Balances Tables,148,"Class B-1, B-1R, B-1S, B-1T, B-1U and B-1I",B-1U,,35,"March 25, 2044",0,
Declining Balances Tables,148,"Class B-1, B-1R, B-1S, B-1T, B-1U and B-1I",B-1I,,0,"March 25, 2044",100,
Declining Balances Tables,148,"Class B-1, B-1R, B-1S, B-1T, B-1U and B-1I",B-1I,,5,"March 25, 2044",0,
Declining Balances Tables,148,"Class B-1, B-1R, B-1S, B-1T, B-1U and B-1I",B-1I,,10,"March 25, 2044",0,
Declining Balances Tables,148,"Class B-1, B-1R, B-1S, B-1T, B-1U and B-1I",B-1I,,15,"March 25, 2044",0,
Declining Balances Tables,148,"Class B-1, B-1R, B-1S, B-1T, B-1U and B-1I",B-1I,,25,"March 25, 2044",0,
Declining Balances Tables,148,"Class B-1, B-1R, B-1S, B-1T, B-1U and B-1I",B-1I,,35,"March 25, 2044",0,
Declining Balances Tables,148,"Class B-1, B-1R, B-1S, B-1T, B-1U and B-1I",B-1,,0,"March 25, 2045",100,
Declining Balances Tables,148,"Class B-1, B-1R, B-1S, B-1T, B-1U and B-1I",B-1,,5,"March 25, 2045",0,
Declining Balances Tables,148,"Class B-1, B-1R, B-1S, B-1T, B-1U and B-1I",B-1,,10,"March 25, 2045",0,
Declining Balances Tables,148,"Class B-1, B-1R, B-1S, B-1T, B-1U and B-1I",B-1,,15,"March 25, 2045",0,
Declining Balances Tables,148,"Class B-1, B-1R, B-1S, B-1T, B-1U and B-1I",B-1,,25,"March 25, 2045",0,
Declining Balances Tables,148,"Class B-1, B-1R, B-1S, B-1T, B-1U and B-1I",B-1,,35,"March 25, 2045",0,
Declining Balances Tables,148,"Class B-1, B-1R, B-1S, B-1T, B-1U and B-1I",B-1R,,0,"March 25, 2045",100,
Declining Balances Tables,148,"Class B-1, B-1R, B-1S, B-1T, B-1U and B-1I",B-1R,,5,"March 25, 2045",0,
Declining Balances Tables,148,"Class B-1, B-1R, B-1S, B-1T, B-1U and B-1I",B-1R,,10,"March 25, 2045",0,
Declining Balances Tables,148,"Class B-1, B-1R, B-1S, B-1T, B-1U and B-1I",B-1R,,15,"March 25, 2045",0,
Declining Balances Tables,148,"Class B-1, B-1R, B-1S, B-1T, B-1U and B-1I",B-1R,,25,"March 25, 2045",0,
Declining Balances Tables,148,"Class B-1, B-1R, B-1S, B-1T, B-1U and B-1I",B-1R,,35,"March 25, 2045",0,
Declining Balances Tables,148,"Class B-1, B-1R, B-1S, B-1T, B-1U and B-1I",B-1S,,0,"March 25, 2045",100,
Declining Balances Tables,148,"Class B-1, B-1R, B-1S, B-1T, B-1U and B-1I",B-1S,,5,"March 25, 2045",0,
Declining Balances Tables,148,"Class B-1, B-1R, B-1S, B-1T, B-1U and B-1I",B-1S,,10,"March 25, 2045",0,
Declining Balances Tables,148,"Class B-1, B-1R, B-1S, B-1T, B-1U and B-1I",B-1S,,15,"March 25, 2045",0,
Declining Balances Tables,148,"Class B-1, B-1R, B-1S, B-1T, B-1U and B-1I",B-1S,,25,"March 25, 2045",0,
Declining Balances Tables,148,"Class B-1, B-1R, B-1S, B-1T, B-1U and B-1I",B-1S,,35,"March 25, 2045",0,
Declining Balances Tables,148,"Class B-1, B-1R, B-1S, B-1T, B-1U and B-1I",B-1T,,0,"March 25, 2045",100,
Declining Balances Tables,148,"Class B-1, B-1R, B-1S, B-1T, B-1U and B-1I",B-1T,,5,"March 25, 2045",0,
Declining Balances Tables,148,"Class B-1, B-1R, B-1S, B-1T, B-1U and B-1I",B-1T,,10,"March 25, 2045",0,
Declining Balances Tables,148,"Class B-1, B-1R, B-1S, B-1T, B-1U and B-1I",B-1T,,15,"March 25, 2045",0,
Declining Balances Tables,148,"Class B-1, B-1R, B-1S, B-1T, B-1U and B-1I",B-1T,,25,"March 25, 2045",0,
Declining Balances Tables,148,"Class B-1, B-1R, B-1S, B-1T, B-1U and B-1I",B-1T,,35,"March 25, 2045",0,
Declining Balances Tables,148,"Class B-1, B-1R, B-1S, B-1T, B-1U and B-1I",B-1U,,0,"March 25, 2045",100,
Declining Balances Tables,148,"Class B-1, B-1R, B-1S, B-1T, B-1U and B-1I",B-1U,,5,"March 25, 2045",0,
Declining Balances Tables,148,"Class B-1, B-1R, B-1S, B-1T, B-1U and B-1I",B-1U,,10,"March 25, 2045",0,
Declining Balances Tables,148,"Class B-1, B-1R, B-1S, B-1T, B-1U and B-1I",B-1U,,15,"March 25, 2045",0,
Declining Balances Tables,148,"Class B-1, B-1R, B-1S, B-1T, B-1U and B-1I",B-1U,,25,"March 25, 2045",0,
Declining Balances Tables,148,"Class B-1, B-1R, B-1S, B-1T, B-1U and B-1I",B-1U,,35,"March 25, 2045",0,
Declining Balances Tables,148,"Class B-1, B-1R, B-1S, B-1T, B-1U and B-1I",B-1I,,0,"March 25, 2045",100,
Declining Balances Tables,148,"Class B-1, B-1R, B-1S, B-1T, B-1U and B-1I",B-1I,,5,"March 25, 2045",0,
Declining Balances Tables,148,"Class B-1, B-1R, B-1S, B-1T, B-1U and B-1I",B-1I,,10,"March 25, 2045",0,
Declining Balances Tables,148,"Class B-1, B-1R, B-1S, B-1T, B-1U and B-1I",B-1I,,15,"March 25, 2045",0,
Declining Balances Tables,148,"Class B-1, B-1R, B-1S, B-1T, B-1U and B-1I",B-1I,,25,"March 25, 2045",0,
Declining Balances Tables,148,"Class B-1, B-1R, B-1S, B-1T, B-1U and B-1I",B-1I,,35,"March 25, 2045",0,
Declining Balances Tables,148,"Class B-1, B-1R, B-1S, B-1T, B-1U and B-1I",B-1,,0,"March 25, 2046",0,
Declining Balances Tables,148,"Class B-1, B-1R, B-1S, B-1T, B-1U and B-1I",B-1,,5,"March 25, 2046",0,
Declining Balances Tables,148,"Class B-1, B-1R, B-1S, B-1T, B-1U and B-1I",B-1,,10,"March 25, 2046",0,
Declining Balances Tables,148,"Class B-1, B-1R, B-1S, B-1T, B-1U and B-1I",B-1,,15,"March 25, 2046",0,
Declining Balances Tables,148,"Class B-1, B-1R, B-1S, B-1T, B-1U and B-1I",B-1,,25,"March 25, 2046",0,
Declining Balances Tables,148,"Class B-1, B-1R, B-1S, B-1T, B-1U and B-1I",B-1,,35,"March 25, 2046",0,
Declining Balances Tables,148,"Class B-1, B-1R, B-1S, B-1T, B-1U and B-1I",B-1R,,0,"March 25, 2046",0,
Declining Balances Tables,148,"Class B-1, B-1R, B-1S, B-1T, B-1U and B-1I",B-1R,,5,"March 25, 2046",0,
Declining Balances Tables,148,"Class B-1, B-1R, B-1S, B-1T, B-1U and B-1I",B-1R,,10,"March 25, 2046",0,
Declining Balances Tables,148,"Class B-1, B-1R, B-1S, B-1T, B-1U and B-1I",B-1R,,15,"March 25, 2046",0,
Declining Balances Tables,148,"Class B-1, B-1R, B-1S, B-1T, B-1U and B-1I",B-1R,,25,"March 25, 2046",0,
Declining Balances Tables,148,"Class B-1, B-1R, B-1S, B-1T, B-1U and B-1I",B-1R,,35,"March 25, 2046",0,
Declining Balances Tables,148,"Class B-1, B-1R, B-1S, B-1T, B-1U and B-1I",B-1S,,0,"March 25, 2046",0,
Declining Balances Tables,148,"Class B-1, B-1R, B-1S, B-1T, B-1U and B-1I",B-1S,,5,"March 25, 2046",0,
Declining Balances Tables,148,"Class B-1, B-1R, B-1S, B-1T, B-1U and B-1I",B-1S,,10,"March 25, 2046",0,
Declining Balances Tables,148,"Class B-1, B-1R, B-1S, B-1T, B-1U and B-1I",B-1S,,15,"March 25, 2046",0,
Declining Balances Tables,148,"Class B-1, B-1R, B-1S, B-1T, B-1U and B-1I",B-1S,,25,"March 25, 2046",0,
Declining Balances Tables,148,"Class B-1, B-1R, B-1S, B-1T, B-1U and B-1I",B-1S,,35,"March 25, 2046",0,
Declining Balances Tables,148,"Class B-1, B-1R, B-1S, B-1T, B-1U and B-1I",B-1T,,0,"March 25, 2046",0,
Declining Balances Tables,148,"Class B-1, B-1R, B-1S, B-1T, B-1U and B-1I",B-1T,,5,"March 25, 2046",0,
Declining Balances Tables,148,"Class B-1, B-1R, B-1S, B-1T, B-1U and B-1I",B-1T,,10,"March 25, 2046",0,
Declining Balances Tables,148,"Class B-1, B-1R, B-1S, B-1T, B-1U and B-1I",B-1T,,15,"March 25, 2046",0,
Declining Balances Tables,148,"Class B-1, B-1R, B-1S, B-1T, B-1U and B-1I",B-1T,,25,"March 25, 2046",0,
Declining Balances Tables,148,"Class B-1, B-1R, B-1S, B-1T, B-1U and B-1I",B-1T,,35,"March 25, 2046",0,
Declining Balances Tables,148,"Class B-1, B-1R, B-1S, B-1T, B-1U and B-1I",B-1U,,0,"March 25, 2046",0,
Declining Balances Tables,148,"Class B-1, B-1R, B-1S, B-1T, B-1U and B-1I",B-1U,,5,"March 25, 2046",0,
Declining Balances Tables,148,"Class B-1, B-1R, B-1S, B-1T, B-1U and B-1I",B-1U,,10,"March 25, 2046",0,
Declining Balances Tables,148,"Class B-1, B-1R, B-1S, B-1T, B-1U and B-1I",B-1U,,15,"March 25, 2046",0,
Declining Balances Tables,148,"Class B-1, B-1R, B-1S, B-1T, B-1U and B-1I",B-1U,,25,"March 25, 2046",0,
Declining Balances Tables,148,"Class B-1, B-1R, B-1S, B-1T, B-1U and B-1I",B-1U,,35,"March 25, 2046",0,
Declining Balances Tables,148,"Class B-1, B-1R, B-1S, B-1T, B-1U and B-1I",B-1I,,0,"March 25, 2046",0,
Declining Balances Tables,148,"Class B-1, B-1R, B-1S, B-1T, B-1U and B-1I",B-1I,,5,"March 25, 2046",0,
Declining Balances Tables,148,"Class B-1, B-1R, B-1S, B-1T, B-1U and B-1I",B-1I,,10,"March 25, 2046",0,
Declining Balances Tables,148,"Class B-1, B-1R, B-1S, B-1T, B-1U and B-1I",B-1I,,15,"March 25, 2046",0,
Declining Balances Tables,148,"Class B-1, B-1R, B-1S, B-1T, B-1U and B-1I",B-1I,,25,"March 25, 2046",0,
Declining Balances Tables,148,"Class B-1, B-1R, B-1S, B-1T, B-1U and B-1I",B-1I,,35,"March 25, 2046",0,
Declining Balances Tables,148,"Class B-1, B-1R, B-1S, B-1T, B-1U and B-1I",B-1,,0,Weighted Average Life (years) to Scheduled Maturity Date,,20.02
Declining Balances Tables,148,"Class B-1, B-1R, B-1S, B-1T, B-1U and B-1I",B-1,,5,Weighted Average Life (years) to Scheduled Maturity Date,,12.22
Declining Balances Tables,148,"Class B-1, B-1R, B-1S, B-1T, B-1U and B-1I",B-1,,10,Weighted Average Life (years) to Scheduled Maturity Date,,7.16
Declining Balances Tables,148,"Class B-1, B-1R, B-1S, B-1T, B-1U and B-1I",B-1,,15,Weighted Average Life (years) to Scheduled Maturity Date,,4.89
Declining Balances Tables,148,"Class B-1, B-1R, B-1S, B-1T, B-1U and B-1I",B-1,,25,Weighted Average Life (years) to Scheduled Maturity Date,,2.86
Declining Balances Tables,148,"Class B-1, B-1R, B-1S, B-1T, B-1U and B-1I",B-1,,35,Weighted Average Life (years) to Scheduled Maturity Date,,1.93
Declining Balances Tables,148,"Class B-1, B-1R, B-1S, B-1T, B-1U and B-1I",B-1R,,0,Weighted Average Life (years) to Scheduled Maturity Date,,20.02
Declining Balances Tables,148,"Class B-1, B-1R, B-1S, B-1T, B-1U and B-1I",B-1R,,5,Weighted Average Life (years) to Scheduled Maturity Date,,12.22
Declining Balances Tables,148,"Class B-1, B-1R, B-1S, B-1T, B-1U and B-1I",B-1R,,10,Weighted Average Life (years) to Scheduled Maturity Date,,7.16
Declining Balances Tables,148,"Class B-1, B-1R, B-1S, B-1T, B-1U and B-1I",B-1R,,15,Weighted Average Life (years) to Scheduled Maturity Date,,4.89
Declining Balances Tables,148,"Class B-1, B-1R, B-1S, B-1T, B-1U and B-1I",B-1R,,25,Weighted Average Life (years) to Scheduled Maturity Date,,2.86
Declining Balances Tables,148,"Class B-1, B-1R, B-1S, B-1T, B-1U and B-1I",B-1R,,35,Weighted Average Life (years) to Scheduled Maturity Date,,1.93
Declining Balances Tables,148,"Class B-1, B-1R, B-1S, B-1T, B-1U and B-1I",B-1S,,0,Weighted Average Life (years) to Scheduled Maturity Date,,20.02
Declining Balances Tables,148,"Class B-1, B-1R, B-1S, B-1T, B-1U and B-1I",B-1S,,5,Weighted Average Life (years) to Scheduled Maturity Date,,12.22
Declining Balances Tables,148,"Class B-1, B-1R, B-1S, B-1T, B-1U and B-1I",B-1S,,10,Weighted Average Life (years) to Scheduled Maturity Date,,7.16
Declining Balances Tables,148,"Class B-1, B-1R, B-1S, B-1T, B-1U and B-1I",B-1S,,15,Weighted Average Life (years) to Scheduled Maturity Date,,4.89
Declining Balances Tables,148,"Class B-1, B-1R, B-1S, B-1T, B-1U and B-1I",B-1S,,25,Weighted Average Life (years) to Scheduled Maturity Date,,2.86
Declining Balances Tables,148,"Class B-1, B-1R, B-1S, B-1T, B-1U and B-1I",B-1S,,35,Weighted Average Life (years) to Scheduled Maturity Date,,1.93
Declining Balances Tables,148,"Class B-1, B-1R, B-1S, B-1T, B-1U and B-1I",B-1T,,0,Weighted Average Life (years) to Scheduled Maturity Date,,20.02
Declining Balances Tables,148,"Class B-1, B-1R, B-1S, B-1T, B-1U and B-1I",B-1T,,5,Weighted Average Life (years) to Scheduled Maturity Date,,12.22
Declining Balances Tables,148,"Class B-1, B-1R, B-1S, B-1T, B-1U and B-1I",B-1T,,10,Weighted Average Life (years) to Scheduled Maturity Date,,7.16
Declining Balances Tables,148,"Class B-1, B-1R, B-1S, B-1T, B-1U and B-1I",B-1T,,15,Weighted Average Life (years) to Scheduled Maturity Date,,4.89
Declining Balances Tables,148,"Class B-1, B-1R, B-1S, B-1T, B-1U and B-1I",B-1T,,25,Weighted Average Life (years) to Scheduled Maturity Date,,2.86
Declining Balances Tables,148,"Class B-1, B-1R, B-1S, B-1T, B-1U and B-1I",B-1T,,35,Weighted Average Life (years) to Scheduled Maturity Date,,1.93
Declining Balances Tables,148,"Class B-1, B-1R, B-1S, B-1T, B-1U and B-1I",B-1U,,0,Weighted Average Life (years) to Scheduled Maturity Date,,20.02
Declining Balances Tables,148,"Class B-1, B-1R, B-1S, B-1T, B-1U and B-1I",B-1U,,5,Weighted Average Life (years) to Scheduled Maturity Date,,12.22
Declining Balances Tables,148,"Class B-1, B-1R, B-1S, B-1T, B-1U and B-1I",B-1U,,10,Weighted Average Life (years) to Scheduled Maturity Date,,7.16
Declining Balances Tables,148,"Class B-1, B-1R, B-1S, B-1T, B-1U and B-1I",B-1U,,15,Weighted Average Life (years) to Scheduled Maturity Date,,4.89
Declining Balances Tables,148,"Class B-1, B-1R, B-1S, B-1T, B-1U and B-1I",B-1U,,25,Weighted Average Life (years) to Scheduled Maturity Date,,2.86
Declining Balances Tables,148,"Class B-1, B-1R, B-1S, B-1T, B-1U and B-1I",B-1U,,35,Weighted Average Life (years) to Scheduled Maturity Date,,1.93
Declining Balances Tables,148,"Class B-1, B-1R, B-1S, B-1T, B-1U and B-1I",B-1I,,0,Weighted Average Life (years) to Scheduled Maturity Date,,20.02
Declining Balances Tables,148,"Class B-1, B-1R, B-1S, B-1T, B-1U and B-1I",B-1I,,5,Weighted Average Life (years) to Scheduled Maturity Date,,12.22
Declining Balances Tables,148,"Class B-1, B-1R, B-1S, B-1T, B-1U and B-1I",B-1I,,10,Weighted Average Life (years) to Scheduled Maturity Date,,7.16
Declining Balances Tables,148,"Class B-1, B-1R, B-1S, B-1T, B-1U and B-1I",B-1I,,15,Weighted Average Life (years) to Scheduled Maturity Date,,4.89
Declining Balances Tables,148,"Class B-1, B-1R, B-1S, B-1T, B-1U and B-1I",B-1I,,25,Weighted Average Life (years) to Scheduled Maturity Date,,2.86
Declining Balances Tables,148,"Class B-1, B-1R, B-1S, B-1T, B-1U and B-1I",B-1I,,35,Weighted Average Life (years) to Scheduled Maturity Date,,1.93
Declining Balances Tables,148,"Class B-1, B-1R, B-1S, B-1T, B-1U and B-1I",B-1,,0,Weighted Average Life (years) to Early Redemption Date**,,5.02
Declining Balances Tables,148,"Class B-1, B-1R, B-1S, B-1T, B-1U and B-1I",B-1,,5,Weighted Average Life (years) to Early Redemption Date**,,5.02
Declining Balances Tables,148,"Class B-1, B-1R, B-1S, B-1T, B-1U and B-1I",B-1,,10,Weighted Average Life (years) to Early Redemption Date**,,5.02
Declining Balances Tables,148,"Class B-1, B-1R, B-1S, B-1T, B-1U and B-1I",B-1,,15,Weighted Average Life (years) to Early Redemption Date**,,4.64
Declining Balances Tables,148,"Class B-1, B-1R, B-1S, B-1T, B-1U and B-1I",B-1,,25,Weighted Average Life (years) to Early Redemption Date**,,2.86
Declining Balances Tables,148,"Class B-1, B-1R, B-1S, B-1T, B-1U and B-1I",B-1,,35,Weighted Average Life (years) to Early Redemption Date**,,1.93
Declining Balances Tables,148,"Class B-1, B-1R, B-1S, B-1T, B-1U and B-1I",B-1R,,0,Weighted Average Life (years) to Early Redemption Date**,,5.02
Declining Balances Tables,148,"Class B-1, B-1R, B-1S, B-1T, B-1U and B-1I",B-1R,,5,Weighted Average Life (years) to Early Redemption Date**,,5.02
Declining Balances Tables,148,"Class B-1, B-1R, B-1S, B-1T, B-1U and B-1I",B-1R,,10,Weighted Average Life (years) to Early Redemption Date**,,5.02
Declining Balances Tables,148,"Class B-1, B-1R, B-1S, B-1T, B-1U and B-1I",B-1R,,15,Weighted Average Life (years) to Early Redemption Date**,,4.64
Declining Balances Tables,148,"Class B-1, B-1R, B-1S, B-1T, B-1U and B-1I",B-1R,,25,Weighted Average Life (years) to Early Redemption Date**,,2.86
Declining Balances Tables,148,"Class B-1, B-1R, B-1S, B-1T, B-1U and B-1I",B-1R,,35,Weighted Average Life (years) to Early Redemption Date**,,1.93
Declining Balances Tables,148,"Class B-1, B-1R, B-1S, B-1T, B-1U and B-1I",B-1S,,0,Weighted Average Life (years) to Early Redemption Date**,,5.02
Declining Balances Tables,148,"Class B-1, B-1R, B-1S, B-1T, B-1U and B-1I",B-1S,,5,Weighted Average Life (years) to Early Redemption Date**,,5.02
Declining Balances Tables,148,"Class B-1, B-1R, B-1S, B-1T, B-1U and B-1I",B-1S,,10,Weighted Average Life (years) to Early Redemption Date**,,5.02
Declining Balances Tables,148,"Class B-1, B-1R, B-1S, B-1T, B-1U and B-1I",B-1S,,15,Weighted Average Life (years) to Early Redemption Date**,,4.64
Declining Balances Tables,148,"Class B-1, B-1R, B-1S, B-1T, B-1U and B-1I",B-1S,,25,Weighted Average Life (years) to Early Redemption Date**,,2.86
Declining Balances Tables,148,"Class B-1, B-1R, B-1S, B-1T, B-1U and B-1I",B-1S,,35,Weighted Average Life (years) to Early Redemption Date**,,1.93
Declining Balances Tables,148,"Class B-1, B-1R, B-1S, B-1T, B-1U and B-1I",B-1T,,0,Weighted Average Life (years) to Early Redemption Date**,,5.02
Declining Balances Tables,148,"Class B-1, B-1R, B-1S, B-1T, B-1U and B-1I",B-1T,,5,Weighted Average Life (years) to Early Redemption Date**,,5.02
Declining Balances Tables,148,"Class B-1, B-1R, B-1S, B-1T, B-1U and B-1I",B-1T,,10,Weighted Average Life (years) to Early Redemption Date**,,5.02
Declining Balances Tables,148,"Class B-1, B-1R, B-1S, B-1T, B-1U and B-1I",B-1T,,15,Weighted Average Life (years) to Early Redemption Date**,,4.64
Declining Balances Tables,148,"Class B-1, B-1R, B-1S, B-1T, B-1U and B-1I",B-1T,,25,Weighted Average Life (years) to Early Redemption Date**,,2.86
Declining Balances Tables,148,"Class B-1, B-1R, B-1S, B-1T, B-1U and B-1I",B-1T,,35,Weighted Average Life (years) to Early Redemption Date**,,1.93
Declining Balances Tables,148,"Class B-1, B-1R, B-1S, B-1T, B-1U and B-1I",B-1U,,0,Weighted Average Life (years) to Early Redemption Date**,,5.02
Declining Balances Tables,148,"Class B-1, B-1R, B-1S, B-1T, B-1U and B-1I",B-1U,,5,Weighted Average Life (years) to Early Redemption Date**,,5.02
Declining Balances Tables,148,"Class B-1, B-1R, B-1S, B-1T, B-1U and B-1I",B-1U,,10,Weighted Average Life (years) to Early Redemption Date**,,5.02
Declining Balances Tables,148,"Class B-1, B-1R, B-1S, B-1T, B-1U and B-1I",B-1U,,15,Weighted Average Life (years) to Early Redemption Date**,,4.64
Declining Balances Tables,148,"Class B-1, B-1R, B-1S, B-1T, B-1U and B-1I",B-1U,,25,Weighted Average Life (years) to Early Redemption Date**,,2.86
Declining Balances Tables,148,"Class B-1, B-1R, B-1S, B-1T, B-1U and B-1I",B-1U,,35,Weighted Average Life (years) to Early Redemption Date**,,1.93
Declining Balances Tables,148,"Class B-1, B-1R, B-1S, B-1T, B-1U and B-1I",B-1I,,0,Weighted Average Life (years) to Early Redemption Date**,,5.02
Declining Balances Tables,148,"Class B-1, B-1R, B-1S, B-1T, B-1U and B-1I",B-1I,,5,Weighted Average Life (years) to Early Redemption Date**,,5.02
Declining Balances Tables,148,"Class B-1, B-1R, B-1S, B-1T, B-1U and B-1I",B-1I,,10,Weighted Average Life (years) to Early Redemption Date**,,5.02
Declining Balances Tables,148,"Class B-1, B-1R, B-1S, B-1T, B-1U and B-1I",B-1I,,15,Weighted Average Life (years) to Early Redemption Date**,,4.64
Declining Balances Tables,148,"Class B-1, B-1R, B-1S, B-1T, B-1U and B-1I",B-1I,,25,Weighted Average Life (years) to Early Redemption Date**,,2.86
Declining Balances Tables,148,"Class B-1, B-1R, B-1S, B-1T, B-1U and B-1I",B-1I,,35,Weighted Average Life (years) to Early Redemption Date**,,1.93
Declining Balances Tables,149,"Class B-1A, B-1AR and B-1AI",B-1A,,0,Closing Date,100,
Declining Balances Tables,149,"Class B-1A, B-1AR and B-1AI",B-1A,,5,Closing Date,100,
Declining Balances Tables,149,"Class B-1A, B-1AR and B-1AI",B-1A,,10,Closing Date,100,
Declining Balances Tables,149,"Class B-1A, B-1AR and B-1AI",B-1A,,15,Closing Date,100,
Declining Balances Tables,149,"Class B-1A, B-1AR and B-1AI",B-1A,,25,Closing Date,100,
Declining Balances Tables,149,"Class B-1A, B-1AR and B-1AI",B-1A,,35,Closing Date,100,
Declining Balances Tables,149,"Class B-1A, B-1AR and B-1AI",B-1AR,,0,Closing Date,100,
Declining Balances Tables,149,"Class B-1A, B-1AR and B-1AI",B-1AR,,5,Closing Date,100,
Declining Balances Tables,149,"Class B-1A, B-1AR and B-1AI",B-1AR,,10,Closing Date,100,
Declining Balances Tables,149,"Class B-1A, B-1AR and B-1AI",B-1AR,,15,Closing Date,100,
Declining Balances Tables,149,"Class B-1A, B-1AR and B-1AI",B-1AR,,25,Closing Date,100,
Declining Balances Tables,149,"Class B-1A, B-1AR and B-1AI",B-1AR,,35,Closing Date,100,
Declining Balances Tables,149,"Class B-1A, B-1AR and B-1AI",B-1AI,,0,Closing Date,100,
Declining Balances Tables,149,"Class B-1A, B-1AR and B-1AI",B-1AI,,5,Closing Date,100,
Declining Balances Tables,149,"Class B-1A, B-1AR and B-1AI",B-1AI,,10,Closing Date,100,
Declining Balances Tables,149,"Class B-1A, B-1AR and B-1AI",B-1AI,,15,Closing Date,100,
Declining Balances Tables,149,"Class B-1A, B-1AR and B-1AI",B-1AI,,25,Closing Date,100,
Declining Balances Tables,149,"Class B-1A, B-1AR and B-1AI",B-1AI,,35,Closing Date,100,
Declining Balances Tables,149,"Class B-1A, B-1AR and B-1AI",B-1A,,0,"March 25, 2027",100,
Declining Balances Tables,149,"Class B-1A, B-1AR and B-1AI",B-1A,,5,"March 25, 2027",100,
Declining Balances Tables,149,"Class B-1A, B-1AR and B-1AI",B-1A,,10,"March 25, 2027",100,
Declining Balances Tables,149,"Class B-1A, B-1AR and B-1AI",B-1A,,15,"March 25, 2027",100,
Declining Balances Tables,149,"Class B-1A, B-1AR and B-1AI",B-1A,,25,"March 25, 2027",100,
Declining Balances Tables,149,"Class B-1A, B-1AR and B-1AI",B-1A,,35,"March 25, 2027",100,
Declining Balances Tables,149,"Class B-1A, B-1AR and B-1AI",B-1AR,,0,"March 25, 2027",100,
Declining Balances Tables,149,"Class B-1A, B-1AR and B-1AI",B-1AR,,5,"March 25, 2027",100,
Declining Balances Tables,149,"Class B-1A, B-1AR and B-1AI",B-1AR,,10,"March 25, 2027",100,
Declining Balances Tables,149,"Class B-1A, B-1AR and B-1AI",B-1AR,,15,"March 25, 2027",100,
Declining Balances Tables,149,"Class B-1A, B-1AR and B-1AI",B-1AR,,25,"March 25, 2027",100,
Declining Balances Tables,149,"Class B-1A, B-1AR and B-1AI",B-1AR,,35,"March 25, 2027",100,
Declining Balances Tables,149,"Class B-1A, B-1AR and B-1AI",B-1AI,,0,"March 25, 2027",100,
Declining Balances Tables,149,"Class B-1A, B-1AR and B-1AI",B-1AI,,5,"March 25, 2027",100,
Declining Balances Tables,149,"Class B-1A, B-1AR and B-1AI",B-1AI,,10,"March 25, 2027",100,
Declining Balances Tables,149,"Class B-1A, B-1AR and B-1AI",B-1AI,,15,"March 25, 2027",100,
Declining Balances Tables,149,"Class B-1A, B-1AR and B-1AI",B-1AI,,25,"March 25, 2027",100,
Declining Balances Tables,149,"Class B-1A, B-1AR and B-1AI",B-1AI,,35,"March 25, 2027",100,
Declining Balances Tables,149,"Class B-1A, B-1AR and B-1AI",B-1A,,0,"March 25, 2028",100,
Declining Balances Tables,149,"Class B-1A, B-1AR and B-1AI",B-1A,,5,"March 25, 2028",100,
Declining Balances Tables,149,"Class B-1A, B-1AR and B-1AI",B-1A,,10,"March 25, 2028",100,
Declining Balances Tables,149,"Class B-1A, B-1AR and B-1AI",B-1A,,15,"March 25, 2028",100,
Declining Balances Tables,149,"Class B-1A, B-1AR and B-1AI",B-1A,,25,"March 25, 2028",100,
Declining Balances Tables,149,"Class B-1A, B-1AR and B-1AI",B-1A,,35,"March 25, 2028",0,
Declining Balances Tables,149,"Class B-1A, B-1AR and B-1AI",B-1AR,,0,"March 25, 2028",100,
Declining Balances Tables,149,"Class B-1A, B-1AR and B-1AI",B-1AR,,5,"March 25, 2028",100,
Declining Balances Tables,149,"Class B-1A, B-1AR and B-1AI",B-1AR,,10,"March 25, 2028",100,
Declining Balances Tables,149,"Class B-1A, B-1AR and B-1AI",B-1AR,,15,"March 25, 2028",100,
Declining Balances Tables,149,"Class B-1A, B-1AR and B-1AI",B-1AR,,25,"March 25, 2028",100,
Declining Balances Tables,149,"Class B-1A, B-1AR and B-1AI",B-1AR,,35,"March 25, 2028",0,
Declining Balances Tables,149,"Class B-1A, B-1AR and B-1AI",B-1AI,,0,"March 25, 2028",100,
Declining Balances Tables,149,"Class B-1A, B-1AR and B-1AI",B-1AI,,5,"March 25, 2028",100,
Declining Balances Tables,149,"Class B-1A, B-1AR and B-1AI",B-1AI,,10,"March 25, 2028",100,
Declining Balances Tables,149,"Class B-1A, B-1AR and B-1AI",B-1AI,,15,"March 25, 2028",100,
Declining Balances Tables,149,"Class B-1A, B-1AR and B-1AI",B-1AI,,25,"March 25, 2028",100,
Declining Balances Tables,149,"Class B-1A, B-1AR and B-1AI",B-1AI,,35,"March 25, 2028",0,
Declining Balances Tables,149,"Class B-1A, B-1AR and B-1AI",B-1A,,0,"March 25, 2029",100,
Declining Balances Tables,149,"Class B-1A, B-1AR and B-1AI",B-1A,,5,"March 25, 2029",100,
Declining Balances Tables,149,"Class B-1A, B-1AR and B-1AI",B-1A,,10,"March 25, 2029",100,
Declining Balances Tables,149,"Class B-1A, B-1AR and B-1AI",B-1A,,15,"March 25, 2029",100,
Declining Balances Tables,149,"Class B-1A, B-1AR and B-1AI",B-1A,,25,"March 25, 2029",0,
Declining Balances Tables,149,"Class B-1A, B-1AR and B-1AI",B-1A,,35,"March 25, 2029",0,
Declining Balances Tables,149,"Class B-1A, B-1AR and B-1AI",B-1AR,,0,"March 25, 2029",100,
Declining Balances Tables,149,"Class B-1A, B-1AR and B-1AI",B-1AR,,5,"March 25, 2029",100,
Declining Balances Tables,149,"Class B-1A, B-1AR and B-1AI",B-1AR,,10,"March 25, 2029",100,
Declining Balances Tables,149,"Class B-1A, B-1AR and B-1AI",B-1AR,,15,"March 25, 2029",100,
Declining Balances Tables,149,"Class B-1A, B-1AR and B-1AI",B-1AR,,25,"March 25, 2029",0,
Declining Balances Tables,149,"Class B-1A, B-1AR and B-1AI",B-1AR,,35,"March 25, 2029",0,
Declining Balances Tables,149,"Class B-1A, B-1AR and B-1AI",B-1AI,,0,"March 25, 2029",100,
Declining Balances Tables,149,"Class B-1A, B-1AR and B-1AI",B-1AI,,5,"March 25, 2029",100,
Declining Balances Tables,149,"Class B-1A, B-1AR and B-1AI",B-1AI,,10,"March 25, 2029",100,
Declining Balances Tables,149,"Class B-1A, B-1AR and B-1AI",B-1AI,,15,"March 25, 2029",100,
Declining Balances Tables,149,"Class B-1A, B-1AR and B-1AI",B-1AI,,25,"March 25, 2029",0,
Declining Balances Tables,149,"Class B-1A, B-1AR and B-1AI",B-1AI,,35,"March 25, 2029",0,
Declining Balances Tables,149,"Class B-1A, B-1AR and B-1AI",B-1A,,0,"March 25, 2030",100,
Declining Balances Tables,149,"Class B-1A, B-1AR and B-1AI",B-1A,,5,"March 25, 2030",100,
Declining Balances Tables,149,"Class B-1A, B-1AR and B-1AI",B-1A,,10,"March 25, 2030",100,
Declining Balances Tables,149,"Class B-1A, B-1AR and B-1AI",B-1A,,15,"March 25, 2030",69,
Declining Balances Tables,149,"Class B-1A, B-1AR and B-1AI",B-1A,,25,"March 25, 2030",0,
Declining Balances Tables,149,"Class B-1A, B-1AR and B-1AI",B-1A,,35,"March 25, 2030",0,
Declining Balances Tables,149,"Class B-1A, B-1AR and B-1AI",B-1AR,,0,"March 25, 2030",100,
Declining Balances Tables,149,"Class B-1A, B-1AR and B-1AI",B-1AR,,5,"March 25, 2030",100,
Declining Balances Tables,149,"Class B-1A, B-1AR and B-1AI",B-1AR,,10,"March 25, 2030",100,
Declining Balances Tables,149,"Class B-1A, B-1AR and B-1AI",B-1AR,,15,"March 25, 2030",69,
Declining Balances Tables,149,"Class B-1A, B-1AR and B-1AI",B-1AR,,25,"March 25, 2030",0,
Declining Balances Tables,149,"Class B-1A, B-1AR and B-1AI",B-1AR,,35,"March 25, 2030",0,
Declining Balances Tables,149,"Class B-1A, B-1AR and B-1AI",B-1AI,,0,"March 25, 2030",100,
Declining Balances Tables,149,"Class B-1A, B-1AR and B-1AI",B-1AI,,5,"March 25, 2030",100,
Declining Balances Tables,149,"Class B-1A, B-1AR and B-1AI",B-1AI,,10,"March 25, 2030",100,
Declining Balances Tables,149,"Class B-1A, B-1AR and B-1AI",B-1AI,,15,"March 25, 2030",69,
Declining Balances Tables,149,"Class B-1A, B-1AR and B-1AI",B-1AI,,25,"March 25, 2030",0,
Declining Balances Tables,149,"Class B-1A, B-1AR and B-1AI",B-1AI,,35,"March 25, 2030",0,
Declining Balances Tables,149,"Class B-1A, B-1AR and B-1AI",B-1A,,0,"March 25, 2031",100,
Declining Balances Tables,149,"Class B-1A, B-1AR and B-1AI",B-1A,,5,"March 25, 2031",100,
Declining Balances Tables,149,"Class B-1A, B-1AR and B-1AI",B-1A,,10,"March 25, 2031",100,
Declining Balances Tables,149,"Class B-1A, B-1AR and B-1AI",B-1A,,15,"March 25, 2031",0,
Declining Balances Tables,149,"Class B-1A, B-1AR and B-1AI",B-1A,,25,"March 25, 2031",0,
Declining Balances Tables,149,"Class B-1A, B-1AR and B-1AI",B-1A,,35,"March 25, 2031",0,
Declining Balances Tables,149,"Class B-1A, B-1AR and B-1AI",B-1AR,,0,"March 25, 2031",100,
Declining Balances Tables,149,"Class B-1A, B-1AR and B-1AI",B-1AR,,5,"March 25, 2031",100,
Declining Balances Tables,149,"Class B-1A, B-1AR and B-1AI",B-1AR,,10,"March 25, 2031",100,
Declining Balances Tables,149,"Class B-1A, B-1AR and B-1AI",B-1AR,,15,"March 25, 2031",0,
Declining Balances Tables,149,"Class B-1A, B-1AR and B-1AI",B-1AR,,25,"March 25, 2031",0,
Declining Balances Tables,149,"Class B-1A, B-1AR and B-1AI",B-1AR,,35,"March 25, 2031",0,
Declining Balances Tables,149,"Class B-1A, B-1AR and B-1AI",B-1AI,,0,"March 25, 2031",100,
Declining Balances Tables,149,"Class B-1A, B-1AR and B-1AI",B-1AI,,5,"March 25, 2031",100,
Declining Balances Tables,149,"Class B-1A, B-1AR and B-1AI",B-1AI,,10,"March 25, 2031",100,
Declining Balances Tables,149,"Class B-1A, B-1AR and B-1AI",B-1AI,,15,"March 25, 2031",0,
Declining Balances Tables,149,"Class B-1A, B-1AR and B-1AI",B-1AI,,25,"March 25, 2031",0,
Declining Balances Tables,149,"Class B-1A, B-1AR and B-1AI",B-1AI,,35,"March 25, 2031",0,
Declining Balances Tables,149,"Class B-1A, B-1AR and B-1AI",B-1A,,0,"March 25, 2032",100,
Declining Balances Tables,149,"Class B-1A, B-1AR and B-1AI",B-1A,,5,"March 25, 2032",100,
Declining Balances Tables,149,"Class B-1A, B-1AR and B-1AI",B-1A,,10,"March 25, 2032",64,
Declining Balances Tables,149,"Class B-1A, B-1AR and B-1AI",B-1A,,15,"March 25, 2032",0,
Declining Balances Tables,149,"Class B-1A, B-1AR and B-1AI",B-1A,,25,"March 25, 2032",0,
Declining Balances Tables,149,"Class B-1A, B-1AR and B-1AI",B-1A,,35,"March 25, 2032",0,
Declining Balances Tables,149,"Class B-1A, B-1AR and B-1AI",B-1AR,,0,"March 25, 2032",100,
Declining Balances Tables,149,"Class B-1A, B-1AR and B-1AI",B-1AR,,5,"March 25, 2032",100,
Declining Balances Tables,149,"Class B-1A, B-1AR and B-1AI",B-1AR,,10,"March 25, 2032",64,
Declining Balances Tables,149,"Class B-1A, B-1AR and B-1AI",B-1AR,,15,"March 25, 2032",0,
Declining Balances Tables,149,"Class B-1A, B-1AR and B-1AI",B-1AR,,25,"March 25, 2032",0,
Declining Balances Tables,149,"Class B-1A, B-1AR and B-1AI",B-1AR,,35,"March 25, 2032",0,
Declining Balances Tables,149,"Class B-1A, B-1AR and B-1AI",B-1AI,,0,"March 25, 2032",100,
Declining Balances Tables,149,"Class B-1A, B-1AR and B-1AI",B-1AI,,5,"March 25, 2032",100,
Declining Balances Tables,149,"Class B-1A, B-1AR and B-1AI",B-1AI,,10,"March 25, 2032",64,
Declining Balances Tables,149,"Class B-1A, B-1AR and B-1AI",B-1AI,,15,"March 25, 2032",0,
Declining Balances Tables,149,"Class B-1A, B-1AR and B-1AI",B-1AI,,25,"March 25, 2032",0,
Declining Balances Tables,149,"Class B-1A, B-1AR and B-1AI",B-1AI,,35,"March 25, 2032",0,
Declining Balances Tables,149,"Class B-1A, B-1AR and B-1AI",B-1A,,0,"March 25, 2033",100,
Declining Balances Tables,149,"Class B-1A, B-1AR and B-1AI",B-1A,,5,"March 25, 2033",100,
Declining Balances Tables,149,"Class B-1A, B-1AR and B-1AI",B-1A,,10,"March 25, 2033",2,
Declining Balances Tables,149,"Class B-1A, B-1AR and B-1AI",B-1A,,15,"March 25, 2033",0,
Declining Balances Tables,149,"Class B-1A, B-1AR and B-1AI",B-1A,,25,"March 25, 2033",0,
Declining Balances Tables,149,"Class B-1A, B-1AR and B-1AI",B-1A,,35,"March 25, 2033",0,
Declining Balances Tables,149,"Class B-1A, B-1AR and B-1AI",B-1AR,,0,"March 25, 2033",100,
Declining Balances Tables,149,"Class B-1A, B-1AR and B-1AI",B-1AR,,5,"March 25, 2033",100,
Declining Balances Tables,149,"Class B-1A, B-1AR and B-1AI",B-1AR,,10,"March 25, 2033",2,
Declining Balances Tables,149,"Class B-1A, B-1AR and B-1AI",B-1AR,,15,"March 25, 2033",0,
Declining Balances Tables,149,"Class B-1A, B-1AR and B-1AI",B-1AR,,25,"March 25, 2033",0,
Declining Balances Tables,149,"Class B-1A, B-1AR and B-1AI",B-1AR,,35,"March 25, 2033",0,
Declining Balances Tables,149,"Class B-1A, B-1AR and B-1AI",B-1AI,,0,"March 25, 2033",100,
Declining Balances Tables,149,"Class B-1A, B-1AR and B-1AI",B-1AI,,5,"March 25, 2033",100,
Declining Balances Tables,149,"Class B-1A, B-1AR and B-1AI",B-1AI,,10,"March 25, 2033",2,
Declining Balances Tables,149,"Class B-1A, B-1AR and B-1AI",B-1AI,,15,"March 25, 2033",0,
Declining Balances Tables,149,"Class B-1A, B-1AR and B-1AI",B-1AI,,25,"March 25, 2033",0,
Declining Balances Tables,149,"Class B-1A, B-1AR and B-1AI",B-1AI,,35,"March 25, 2033",0,
Declining Balances Tables,149,"Class B-1A, B-1AR and B-1AI",B-1A,,0,"March 25, 2034",100,
Declining Balances Tables,149,"Class B-1A, B-1AR and B-1AI",B-1A,,5,"March 25, 2034",100,
Declining Balances Tables,149,"Class B-1A, B-1AR and B-1AI",B-1A,,10,"March 25, 2034",0,
Declining Balances Tables,149,"Class B-1A, B-1AR and B-1AI",B-1A,,15,"March 25, 2034",0,
Declining Balances Tables,149,"Class B-1A, B-1AR and B-1AI",B-1A,,25,"March 25, 2034",0,
Declining Balances Tables,149,"Class B-1A, B-1AR and B-1AI",B-1A,,35,"March 25, 2034",0,
Declining Balances Tables,149,"Class B-1A, B-1AR and B-1AI",B-1AR,,0,"March 25, 2034",100,
Declining Balances Tables,149,"Class B-1A, B-1AR and B-1AI",B-1AR,,5,"March 25, 2034",100,
Declining Balances Tables,149,"Class B-1A, B-1AR and B-1AI",B-1AR,,10,"March 25, 2034",0,
Declining Balances Tables,149,"Class B-1A, B-1AR and B-1AI",B-1AR,,15,"March 25, 2034",0,
Declining Balances Tables,149,"Class B-1A, B-1AR and B-1AI",B-1AR,,25,"March 25, 2034",0,
Declining Balances Tables,149,"Class B-1A, B-1AR and B-1AI",B-1AR,,35,"March 25, 2034",0,
Declining Balances Tables,149,"Class B-1A, B-1AR and B-1AI",B-1AI,,0,"March 25, 2034",100,
Declining Balances Tables,149,"Class B-1A, B-1AR and B-1AI",B-1AI,,5,"March 25, 2034",100,
Declining Balances Tables,149,"Class B-1A, B-1AR and B-1AI",B-1AI,,10,"March 25, 2034",0,
Declining Balances Tables,149,"Class B-1A, B-1AR and B-1AI",B-1AI,,15,"March 25, 2034",0,
Declining Balances Tables,149,"Class B-1A, B-1AR and B-1AI",B-1AI,,25,"March 25, 2034",0,
Declining Balances Tables,149,"Class B-1A, B-1AR and B-1AI",B-1AI,,35,"March 25, 2034",0,
Declining Balances Tables,149,"Class B-1A, B-1AR and B-1AI",B-1A,,0,"March 25, 2035",100,
Declining Balances Tables,149,"Class B-1A, B-1AR and B-1AI",B-1A,,5,"March 25, 2035",100,
Declining Balances Tables,149,"Class B-1A, B-1AR and B-1AI",B-1A,,10,"March 25, 2035",0,
Declining Balances Tables,149,"Class B-1A, B-1AR and B-1AI",B-1A,,15,"March 25, 2035",0,
Declining Balances Tables,149,"Class B-1A, B-1AR and B-1AI",B-1A,,25,"March 25, 2035",0,
Declining Balances Tables,149,"Class B-1A, B-1AR and B-1AI",B-1A,,35,"March 25, 2035",0,
Declining Balances Tables,149,"Class B-1A, B-1AR and B-1AI",B-1AR,,0,"March 25, 2035",100,
Declining Balances Tables,149,"Class B-1A, B-1AR and B-1AI",B-1AR,,5,"March 25, 2035",100,
Declining Balances Tables,149,"Class B-1A, B-1AR and B-1AI",B-1AR,,10,"March 25, 2035",0,
Declining Balances Tables,149,"Class B-1A, B-1AR and B-1AI",B-1AR,,15,"March 25, 2035",0,
Declining Balances Tables,149,"Class B-1A, B-1AR and B-1AI",B-1AR,,25,"March 25, 2035",0,
Declining Balances Tables,149,"Class B-1A, B-1AR and B-1AI",B-1AR,,35,"March 25, 2035",0,
Declining Balances Tables,149,"Class B-1A, B-1AR and B-1AI",B-1AI,,0,"March 25, 2035",100,
Declining Balances Tables,149,"Class B-1A, B-1AR and B-1AI",B-1AI,,5,"March 25, 2035",100,
Declining Balances Tables,149,"Class B-1A, B-1AR and B-1AI",B-1AI,,10,"March 25, 2035",0,
Declining Balances Tables,149,"Class B-1A, B-1AR and B-1AI",B-1AI,,15,"March 25, 2035",0,
Declining Balances Tables,149,"Class B-1A, B-1AR and B-1AI",B-1AI,,25,"March 25, 2035",0,
Declining Balances Tables,149,"Class B-1A, B-1AR and B-1AI",B-1AI,,35,"March 25, 2035",0,
Declining Balances Tables,149,"Class B-1A, B-1AR and B-1AI",B-1A,,0,"March 25, 2036",100,
Declining Balances Tables,149,"Class B-1A, B-1AR and B-1AI",B-1A,,5,"March 25, 2036",84,
Declining Balances Tables,149,"Class B-1A, B-1AR and B-1AI",B-1A,,10,"March 25, 2036",0,
Declining Balances Tables,149,"Class B-1A, B-1AR and B-1AI",B-1A,,15,"March 25, 2036",0,
Declining Balances Tables,149,"Class B-1A, B-1AR and B-1AI",B-1A,,25,"March 25, 2036",0,
Declining Balances Tables,149,"Class B-1A, B-1AR and B-1AI",B-1A,,35,"March 25, 2036",0,
Declining Balances Tables,149,"Class B-1A, B-1AR and B-1AI",B-1AR,,0,"March 25, 2036",100,
Declining Balances Tables,149,"Class B-1A, B-1AR and B-1AI",B-1AR,,5,"March 25, 2036",84,
Declining Balances Tables,149,"Class B-1A, B-1AR and B-1AI",B-1AR,,10,"March 25, 2036",0,
Declining Balances Tables,149,"Class B-1A, B-1AR and B-1AI",B-1AR,,15,"March 25, 2036",0,
Declining Balances Tables,149,"Class B-1A, B-1AR and B-1AI",B-1AR,,25,"March 25, 2036",0,
Declining Balances Tables,149,"Class B-1A, B-1AR and B-1AI",B-1AR,,35,"March 25, 2036",0,
Declining Balances Tables,149,"Class B-1A, B-1AR and B-1AI",B-1AI,,0,"March 25, 2036",100,
Declining Balances Tables,149,"Class B-1A, B-1AR and B-1AI",B-1AI,,5,"March 25, 2036",84,
Declining Balances Tables,149,"Class B-1A, B-1AR and B-1AI",B-1AI,,10,"March 25, 2036",0,
Declining Balances Tables,149,"Class B-1A, B-1AR and B-1AI",B-1AI,,15,"March 25, 2036",0,
Declining Balances Tables,149,"Class B-1A, B-1AR and B-1AI",B-1AI,,25,"March 25, 2036",0,
Declining Balances Tables,149,"Class B-1A, B-1AR and B-1AI",B-1AI,,35,"March 25, 2036",0,
Declining Balances Tables,149,"Class B-1A, B-1AR and B-1AI",B-1A,,0,"March 25, 2037",100,
Declining Balances Tables,149,"Class B-1A, B-1AR and B-1AI",B-1A,,5,"March 25, 2037",43,
Declining Balances Tables,149,"Class B-1A, B-1AR and B-1AI",B-1A,,10,"March 25, 2037",0,
Declining Balances Tables,149,"Class B-1A, B-1AR and B-1AI",B-1A,,15,"March 25, 2037",0,
Declining Balances Tables,149,"Class B-1A, B-1AR and B-1AI",B-1A,,25,"March 25, 2037",0,
Declining Balances Tables,149,"Class B-1A, B-1AR and B-1AI",B-1A,,35,"March 25, 2037",0,
Declining Balances Tables,149,"Class B-1A, B-1AR and B-1AI",B-1AR,,0,"March 25, 2037",100,
Declining Balances Tables,149,"Class B-1A, B-1AR and B-1AI",B-1AR,,5,"March 25, 2037",43,
Declining Balances Tables,149,"Class B-1A, B-1AR and B-1AI",B-1AR,,10,"March 25, 2037",0,
Declining Balances Tables,149,"Class B-1A, B-1AR and B-1AI",B-1AR,,15,"March 25, 2037",0,
Declining Balances Tables,149,"Class B-1A, B-1AR and B-1AI",B-1AR,,25,"March 25, 2037",0,
Declining Balances Tables,149,"Class B-1A, B-1AR and B-1AI",B-1AR,,35,"March 25, 2037",0,
Declining Balances Tables,149,"Class B-1A, B-1AR and B-1AI",B-1AI,,0,"March 25, 2037",100,
Declining Balances Tables,149,"Class B-1A, B-1AR and B-1AI",B-1AI,,5,"March 25, 2037",43,
Declining Balances Tables,149,"Class B-1A, B-1AR and B-1AI",B-1AI,,10,"March 25, 2037",0,
Declining Balances Tables,149,"Class B-1A, B-1AR and B-1AI",B-1AI,,15,"March 25, 2037",0,
Declining Balances Tables,149,"Class B-1A, B-1AR and B-1AI",B-1AI,,25,"March 25, 2037",0,
Declining Balances Tables,149,"Class B-1A, B-1AR and B-1AI",B-1AI,,35,"March 25, 2037",0,
Declining Balances Tables,149,"Class B-1A, B-1AR and B-1AI",B-1A,,0,"March 25, 2038",100,
Declining Balances Tables,149,"Class B-1A, B-1AR and B-1AI",B-1A,,5,"March 25, 2038",4,
Declining Balances Tables,149,"Class B-1A, B-1AR and B-1AI",B-1A,,10,"March 25, 2038",0,
Declining Balances Tables,149,"Class B-1A, B-1AR and B-1AI",B-1A,,15,"March 25, 2038",0,
Declining Balances Tables,149,"Class B-1A, B-1AR and B-1AI",B-1A,,25,"March 25, 2038",0,
Declining Balances Tables,149,"Class B-1A, B-1AR and B-1AI",B-1A,,35,"March 25, 2038",0,
Declining Balances Tables,149,"Class B-1A, B-1AR and B-1AI",B-1AR,,0,"March 25, 2038",100,
Declining Balances Tables,149,"Class B-1A, B-1AR and B-1AI",B-1AR,,5,"March 25, 2038",4,
Declining Balances Tables,149,"Class B-1A, B-1AR and B-1AI",B-1AR,,10,"March 25, 2038",0,
Declining Balances Tables,149,"Class B-1A, B-1AR and B-1AI",B-1AR,,15,"March 25, 2038",0,
Declining Balances Tables,149,"Class B-1A, B-1AR and B-1AI",B-1AR,,25,"March 25, 2038",0,
Declining Balances Tables,149,"Class B-1A, B-1AR and B-1AI",B-1AR,,35,"March 25, 2038",0,
Declining Balances Tables,149,"Class B-1A, B-1AR and B-1AI",B-1AI,,0,"March 25, 2038",100,
Declining Balances Tables,149,"Class B-1A, B-1AR and B-1AI",B-1AI,,5,"March 25, 2038",4,
Declining Balances Tables,149,"Class B-1A, B-1AR and B-1AI",B-1AI,,10,"March 25, 2038",0,
Declining Balances Tables,149,"Class B-1A, B-1AR and B-1AI",B-1AI,,15,"March 25, 2038",0,
Declining Balances Tables,149,"Class B-1A, B-1AR and B-1AI",B-1AI,,25,"March 25, 2038",0,
Declining Balances Tables,149,"Class B-1A, B-1AR and B-1AI",B-1AI,,35,"March 25, 2038",0,
Declining Balances Tables,149,"Class B-1A, B-1AR and B-1AI",B-1A,,0,"March 25, 2039",100,
Declining Balances Tables,149,"Class B-1A, B-1AR and B-1AI",B-1A,,5,"March 25, 2039",0,
Declining Balances Tables,149,"Class B-1A, B-1AR and B-1AI",B-1A,,10,"March 25, 2039",0,
Declining Balances Tables,149,"Class B-1A, B-1AR and B-1AI",B-1A,,15,"March 25, 2039",0,
Declining Balances Tables,149,"Class B-1A, B-1AR and B-1AI",B-1A,,25,"March 25, 2039",0,
Declining Balances Tables,149,"Class B-1A, B-1AR and B-1AI",B-1A,,35,"March 25, 2039",0,
Declining Balances Tables,149,"Class B-1A, B-1AR and B-1AI",B-1AR,,0,"March 25, 2039",100,
Declining Balances Tables,149,"Class B-1A, B-1AR and B-1AI",B-1AR,,5,"March 25, 2039",0,
Declining Balances Tables,149,"Class B-1A, B-1AR and B-1AI",B-1AR,,10,"March 25, 2039",0,
Declining Balances Tables,149,"Class B-1A, B-1AR and B-1AI",B-1AR,,15,"March 25, 2039",0,
Declining Balances Tables,149,"Class B-1A, B-1AR and B-1AI",B-1AR,,25,"March 25, 2039",0,
Declining Balances Tables,149,"Class B-1A, B-1AR and B-1AI",B-1AR,,35,"March 25, 2039",0,
Declining Balances Tables,149,"Class B-1A, B-1AR and B-1AI",B-1AI,,0,"March 25, 2039",100,
Declining Balances Tables,149,"Class B-1A, B-1AR and B-1AI",B-1AI,,5,"March 25, 2039",0,
Declining Balances Tables,149,"Class B-1A, B-1AR and B-1AI",B-1AI,,10,"March 25, 2039",0,
Declining Balances Tables,149,"Class B-1A, B-1AR and B-1AI",B-1AI,,15,"March 25, 2039",0,
Declining Balances Tables,149,"Class B-1A, B-1AR and B-1AI",B-1AI,,25,"March 25, 2039",0,
Declining Balances Tables,149,"Class B-1A, B-1AR and B-1AI",B-1AI,,35,"March 25, 2039",0,
Declining Balances Tables,149,"Class B-1A, B-1AR and B-1AI",B-1A,,0,"March 25, 2040",100,
Declining Balances Tables,149,"Class B-1A, B-1AR and B-1AI",B-1A,,5,"March 25, 2040",0,
Declining Balances Tables,149,"Class B-1A, B-1AR and B-1AI",B-1A,,10,"March 25, 2040",0,
Declining Balances Tables,149,"Class B-1A, B-1AR and B-1AI",B-1A,,15,"March 25, 2040",0,
Declining Balances Tables,149,"Class B-1A, B-1AR and B-1AI",B-1A,,25,"March 25, 2040",0,
Declining Balances Tables,149,"Class B-1A, B-1AR and B-1AI",B-1A,,35,"March 25, 2040",0,
Declining Balances Tables,149,"Class B-1A, B-1AR and B-1AI",B-1AR,,0,"March 25, 2040",100,
Declining Balances Tables,149,"Class B-1A, B-1AR and B-1AI",B-1AR,,5,"March 25, 2040",0,
Declining Balances Tables,149,"Class B-1A, B-1AR and B-1AI",B-1AR,,10,"March 25, 2040",0,
Declining Balances Tables,149,"Class B-1A, B-1AR and B-1AI",B-1AR,,15,"March 25, 2040",0,
Declining Balances Tables,149,"Class B-1A, B-1AR and B-1AI",B-1AR,,25,"March 25, 2040",0,
Declining Balances Tables,149,"Class B-1A, B-1AR and B-1AI",B-1AR,,35,"March 25, 2040",0,
Declining Balances Tables,149,"Class B-1A, B-1AR and B-1AI",B-1AI,,0,"March 25, 2040",100,
Declining Balances Tables,149,"Class B-1A, B-1AR and B-1AI",B-1AI,,5,"March 25, 2040",0,
Declining Balances Tables,149,"Class B-1A, B-1AR and B-1AI",B-1AI,,10,"March 25, 2040",0,
Declining Balances Tables,149,"Class B-1A, B-1AR and B-1AI",B-1AI,,15,"March 25, 2040",0,
Declining Balances Tables,149,"Class B-1A, B-1AR and B-1AI",B-1AI,,25,"March 25, 2040",0,
Declining Balances Tables,149,"Class B-1A, B-1AR and B-1AI",B-1AI,,35,"March 25, 2040",0,
Declining Balances Tables,149,"Class B-1A, B-1AR and B-1AI",B-1A,,0,"March 25, 2041",100,
Declining Balances Tables,149,"Class B-1A, B-1AR and B-1AI",B-1A,,5,"March 25, 2041",0,
Declining Balances Tables,149,"Class B-1A, B-1AR and B-1AI",B-1A,,10,"March 25, 2041",0,
Declining Balances Tables,149,"Class B-1A, B-1AR and B-1AI",B-1A,,15,"March 25, 2041",0,
Declining Balances Tables,149,"Class B-1A, B-1AR and B-1AI",B-1A,,25,"March 25, 2041",0,
Declining Balances Tables,149,"Class B-1A, B-1AR and B-1AI",B-1A,,35,"March 25, 2041",0,
Declining Balances Tables,149,"Class B-1A, B-1AR and B-1AI",B-1AR,,0,"March 25, 2041",100,
Declining Balances Tables,149,"Class B-1A, B-1AR and B-1AI",B-1AR,,5,"March 25, 2041",0,
Declining Balances Tables,149,"Class B-1A, B-1AR and B-1AI",B-1AR,,10,"March 25, 2041",0,
Declining Balances Tables,149,"Class B-1A, B-1AR and B-1AI",B-1AR,,15,"March 25, 2041",0,
Declining Balances Tables,149,"Class B-1A, B-1AR and B-1AI",B-1AR,,25,"March 25, 2041",0,
Declining Balances Tables,149,"Class B-1A, B-1AR and B-1AI",B-1AR,,35,"March 25, 2041",0,
Declining Balances Tables,149,"Class B-1A, B-1AR and B-1AI",B-1AI,,0,"March 25, 2041",100,
Declining Balances Tables,149,"Class B-1A, B-1AR and B-1AI",B-1AI,,5,"March 25, 2041",0,
Declining Balances Tables,149,"Class B-1A, B-1AR and B-1AI",B-1AI,,10,"March 25, 2041",0,
Declining Balances Tables,149,"Class B-1A, B-1AR and B-1AI",B-1AI,,15,"March 25, 2041",0,
Declining Balances Tables,149,"Class B-1A, B-1AR and B-1AI",B-1AI,,25,"March 25, 2041",0,
Declining Balances Tables,149,"Class B-1A, B-1AR and B-1AI",B-1AI,,35,"March 25, 2041",0,
Declining Balances Tables,149,"Class B-1A, B-1AR and B-1AI",B-1A,,0,"March 25, 2042",100,
Declining Balances Tables,149,"Class B-1A, B-1AR and B-1AI",B-1A,,5,"March 25, 2042",0,
Declining Balances Tables,149,"Class B-1A, B-1AR and B-1AI",B-1A,,10,"March 25, 2042",0,
Declining Balances Tables,149,"Class B-1A, B-1AR and B-1AI",B-1A,,15,"March 25, 2042",0,
Declining Balances Tables,149,"Class B-1A, B-1AR and B-1AI",B-1A,,25,"March 25, 2042",0,
Declining Balances Tables,149,"Class B-1A, B-1AR and B-1AI",B-1A,,35,"March 25, 2042",0,
Declining Balances Tables,149,"Class B-1A, B-1AR and B-1AI",B-1AR,,0,"March 25, 2042",100,
Declining Balances Tables,149,"Class B-1A, B-1AR and B-1AI",B-1AR,,5,"March 25, 2042",0,
Declining Balances Tables,149,"Class B-1A, B-1AR and B-1AI",B-1AR,,10,"March 25, 2042",0,
Declining Balances Tables,149,"Class B-1A, B-1AR and B-1AI",B-1AR,,15,"March 25, 2042",0,
Declining Balances Tables,149,"Class B-1A, B-1AR and B-1AI",B-1AR,,25,"March 25, 2042",0,
Declining Balances Tables,149,"Class B-1A, B-1AR and B-1AI",B-1AR,,35,"March 25, 2042",0,
Declining Balances Tables,149,"Class B-1A, B-1AR and B-1AI",B-1AI,,0,"March 25, 2042",100,
Declining Balances Tables,149,"Class B-1A, B-1AR and B-1AI",B-1AI,,5,"March 25, 2042",0,
Declining Balances Tables,149,"Class B-1A, B-1AR and B-1AI",B-1AI,,10,"March 25, 2042",0,
Declining Balances Tables,149,"Class B-1A, B-1AR and B-1AI",B-1AI,,15,"March 25, 2042",0,
Declining Balances Tables,149,"Class B-1A, B-1AR and B-1AI",B-1AI,,25,"March 25, 2042",0,
Declining Balances Tables,149,"Class B-1A, B-1AR and B-1AI",B-1AI,,35,"March 25, 2042",0,
Declining Balances Tables,149,"Class B-1A, B-1AR and B-1AI",B-1A,,0,"March 25, 2043",100,
Declining Balances Tables,149,"Class B-1A, B-1AR and B-1AI",B-1A,,5,"March 25, 2043",0,
Declining Balances Tables,149,"Class B-1A, B-1AR and B-1AI",B-1A,,10,"March 25, 2043",0,
Declining Balances Tables,149,"Class B-1A, B-1AR and B-1AI",B-1A,,15,"March 25, 2043",0,
Declining Balances Tables,149,"Class B-1A, B-1AR and B-1AI",B-1A,,25,"March 25, 2043",0,
Declining Balances Tables,149,"Class B-1A, B-1AR and B-1AI",B-1A,,35,"March 25, 2043",0,
Declining Balances Tables,149,"Class B-1A, B-1AR and B-1AI",B-1AR,,0,"March 25, 2043",100,
Declining Balances Tables,149,"Class B-1A, B-1AR and B-1AI",B-1AR,,5,"March 25, 2043",0,
Declining Balances Tables,149,"Class B-1A, B-1AR and B-1AI",B-1AR,,10,"March 25, 2043",0,
Declining Balances Tables,149,"Class B-1A, B-1AR and B-1AI",B-1AR,,15,"March 25, 2043",0,
Declining Balances Tables,149,"Class B-1A, B-1AR and B-1AI",B-1AR,,25,"March 25, 2043",0,
Declining Balances Tables,149,"Class B-1A, B-1AR and B-1AI",B-1AR,,35,"March 25, 2043",0,
Declining Balances Tables,149,"Class B-1A, B-1AR and B-1AI",B-1AI,,0,"March 25, 2043",100,
Declining Balances Tables,149,"Class B-1A, B-1AR and B-1AI",B-1AI,,5,"March 25, 2043",0,
Declining Balances Tables,149,"Class B-1A, B-1AR and B-1AI",B-1AI,,10,"March 25, 2043",0,
Declining Balances Tables,149,"Class B-1A, B-1AR and B-1AI",B-1AI,,15,"March 25, 2043",0,
Declining Balances Tables,149,"Class B-1A, B-1AR and B-1AI",B-1AI,,25,"March 25, 2043",0,
Declining Balances Tables,149,"Class B-1A, B-1AR and B-1AI",B-1AI,,35,"March 25, 2043",0,
Declining Balances Tables,149,"Class B-1A, B-1AR and B-1AI",B-1A,,0,"March 25, 2044",100,
Declining Balances Tables,149,"Class B-1A, B-1AR and B-1AI",B-1A,,5,"March 25, 2044",0,
Declining Balances Tables,149,"Class B-1A, B-1AR and B-1AI",B-1A,,10,"March 25, 2044",0,
Declining Balances Tables,149,"Class B-1A, B-1AR and B-1AI",B-1A,,15,"March 25, 2044",0,
Declining Balances Tables,149,"Class B-1A, B-1AR and B-1AI",B-1A,,25,"March 25, 2044",0,
Declining Balances Tables,149,"Class B-1A, B-1AR and B-1AI",B-1A,,35,"March 25, 2044",0,
Declining Balances Tables,149,"Class B-1A, B-1AR and B-1AI",B-1AR,,0,"March 25, 2044",100,
Declining Balances Tables,149,"Class B-1A, B-1AR and B-1AI",B-1AR,,5,"March 25, 2044",0,
Declining Balances Tables,149,"Class B-1A, B-1AR and B-1AI",B-1AR,,10,"March 25, 2044",0,
Declining Balances Tables,149,"Class B-1A, B-1AR and B-1AI",B-1AR,,15,"March 25, 2044",0,
Declining Balances Tables,149,"Class B-1A, B-1AR and B-1AI",B-1AR,,25,"March 25, 2044",0,
Declining Balances Tables,149,"Class B-1A, B-1AR and B-1AI",B-1AR,,35,"March 25, 2044",0,
Declining Balances Tables,149,"Class B-1A, B-1AR and B-1AI",B-1AI,,0,"March 25, 2044",100,
Declining Balances Tables,149,"Class B-1A, B-1AR and B-1AI",B-1AI,,5,"March 25, 2044",0,
Declining Balances Tables,149,"Class B-1A, B-1AR and B-1AI",B-1AI,,10,"March 25, 2044",0,
Declining Balances Tables,149,"Class B-1A, B-1AR and B-1AI",B-1AI,,15,"March 25, 2044",0,
Declining Balances Tables,149,"Class B-1A, B-1AR and B-1AI",B-1AI,,25,"March 25, 2044",0,
Declining Balances Tables,149,"Class B-1A, B-1AR and B-1AI",B-1AI,,35,"March 25, 2044",0,
Declining Balances Tables,149,"Class B-1A, B-1AR and B-1AI",B-1A,,0,"March 25, 2045",100,
Declining Balances Tables,149,"Class B-1A, B-1AR and B-1AI",B-1A,,5,"March 25, 2045",0,
Declining Balances Tables,149,"Class B-1A, B-1AR and B-1AI",B-1A,,10,"March 25, 2045",0,
Declining Balances Tables,149,"Class B-1A, B-1AR and B-1AI",B-1A,,15,"March 25, 2045",0,
Declining Balances Tables,149,"Class B-1A, B-1AR and B-1AI",B-1A,,25,"March 25, 2045",0,
Declining Balances Tables,149,"Class B-1A, B-1AR and B-1AI",B-1A,,35,"March 25, 2045",0,
Declining Balances Tables,149,"Class B-1A, B-1AR and B-1AI",B-1AR,,0,"March 25, 2045",100,
Declining Balances Tables,149,"Class B-1A, B-1AR and B-1AI",B-1AR,,5,"March 25, 2045",0,
Declining Balances Tables,149,"Class B-1A, B-1AR and B-1AI",B-1AR,,10,"March 25, 2045",0,
Declining Balances Tables,149,"Class B-1A, B-1AR and B-1AI",B-1AR,,15,"March 25, 2045",0,
Declining Balances Tables,149,"Class B-1A, B-1AR and B-1AI",B-1AR,,25,"March 25, 2045",0,
Declining Balances Tables,149,"Class B-1A, B-1AR and B-1AI",B-1AR,,35,"March 25, 2045",0,
Declining Balances Tables,149,"Class B-1A, B-1AR and B-1AI",B-1AI,,0,"March 25, 2045",100,
Declining Balances Tables,149,"Class B-1A, B-1AR and B-1AI",B-1AI,,5,"March 25, 2045",0,
Declining Balances Tables,149,"Class B-1A, B-1AR and B-1AI",B-1AI,,10,"March 25, 2045",0,
Declining Balances Tables,149,"Class B-1A, B-1AR and B-1AI",B-1AI,,15,"March 25, 2045",0,
Declining Balances Tables,149,"Class B-1A, B-1AR and B-1AI",B-1AI,,25,"March 25, 2045",0,
Declining Balances Tables,149,"Class B-1A, B-1AR and B-1AI",B-1AI,,35,"March 25, 2045",0,
Declining Balances Tables,149,"Class B-1A, B-1AR and B-1AI",B-1A,,0,"March 25, 2046",0,
Declining Balances Tables,149,"Class B-1A, B-1AR and B-1AI",B-1A,,5,"March 25, 2046",0,
Declining Balances Tables,149,"Class B-1A, B-1AR and B-1AI",B-1A,,10,"March 25, 2046",0,
Declining Balances Tables,149,"Class B-1A, B-1AR and B-1AI",B-1A,,15,"March 25, 2046",0,
Declining Balances Tables,149,"Class B-1A, B-1AR and B-1AI",B-1A,,25,"March 25, 2046",0,
Declining Balances Tables,149,"Class B-1A, B-1AR and B-1AI",B-1A,,35,"March 25, 2046",0,
Declining Balances Tables,149,"Class B-1A, B-1AR and B-1AI",B-1AR,,0,"March 25, 2046",0,
Declining Balances Tables,149,"Class B-1A, B-1AR and B-1AI",B-1AR,,5,"March 25, 2046",0,
Declining Balances Tables,149,"Class B-1A, B-1AR and B-1AI",B-1AR,,10,"March 25, 2046",0,
Declining Balances Tables,149,"Class B-1A, B-1AR and B-1AI",B-1AR,,15,"March 25, 2046",0,
Declining Balances Tables,149,"Class B-1A, B-1AR and B-1AI",B-1AR,,25,"March 25, 2046",0,
Declining Balances Tables,149,"Class B-1A, B-1AR and B-1AI",B-1AR,,35,"March 25, 2046",0,
Declining Balances Tables,149,"Class B-1A, B-1AR and B-1AI",B-1AI,,0,"March 25, 2046",0,
Declining Balances Tables,149,"Class B-1A, B-1AR and B-1AI",B-1AI,,5,"March 25, 2046",0,
Declining Balances Tables,149,"Class B-1A, B-1AR and B-1AI",B-1AI,,10,"March 25, 2046",0,
Declining Balances Tables,149,"Class B-1A, B-1AR and B-1AI",B-1AI,,15,"March 25, 2046",0,
Declining Balances Tables,149,"Class B-1A, B-1AR and B-1AI",B-1AI,,25,"March 25, 2046",0,
Declining Balances Tables,149,"Class B-1A, B-1AR and B-1AI",B-1AI,,35,"March 25, 2046",0,
Declining Balances Tables,149,"Class B-1A, B-1AR and B-1AI",B-1A,,0,Weighted Average Life (years) to Scheduled Maturity Date,,20.02
Declining Balances Tables,149,"Class B-1A, B-1AR and B-1AI",B-1A,,5,Weighted Average Life (years) to Scheduled Maturity Date,,10.90
Declining Balances Tables,149,"Class B-1A, B-1AR and B-1AI",B-1A,,10,Weighted Average Life (years) to Scheduled Maturity Date,,6.29
Declining Balances Tables,149,"Class B-1A, B-1AR and B-1AI",B-1A,,15,Weighted Average Life (years) to Scheduled Maturity Date,,4.28
Declining Balances Tables,149,"Class B-1A, B-1AR and B-1AI",B-1A,,25,Weighted Average Life (years) to Scheduled Maturity Date,,2.50
Declining Balances Tables,149,"Class B-1A, B-1AR and B-1AI",B-1A,,35,Weighted Average Life (years) to Scheduled Maturity Date,,1.69
Declining Balances Tables,149,"Class B-1A, B-1AR and B-1AI",B-1AR,,0,Weighted Average Life (years) to Scheduled Maturity Date,,20.02
Declining Balances Tables,149,"Class B-1A, B-1AR and B-1AI",B-1AR,,5,Weighted Average Life (years) to Scheduled Maturity Date,,10.90
Declining Balances Tables,149,"Class B-1A, B-1AR and B-1AI",B-1AR,,10,Weighted Average Life (years) to Scheduled Maturity Date,,6.29
Declining Balances Tables,149,"Class B-1A, B-1AR and B-1AI",B-1AR,,15,Weighted Average Life (years) to Scheduled Maturity Date,,4.28
Declining Balances Tables,149,"Class B-1A, B-1AR and B-1AI",B-1AR,,25,Weighted Average Life (years) to Scheduled Maturity Date,,2.50
Declining Balances Tables,149,"Class B-1A, B-1AR and B-1AI",B-1AR,,35,Weighted Average Life (years) to Scheduled Maturity Date,,1.69
Declining Balances Tables,149,"Class B-1A, B-1AR and B-1AI",B-1AI,,0,Weighted Average Life (years) to Scheduled Maturity Date,,20.02
Declining Balances Tables,149,"Class B-1A, B-1AR and B-1AI",B-1AI,,5,Weighted Average Life (years) to Scheduled Maturity Date,,10.90
Declining Balances Tables,149,"Class B-1A, B-1AR and B-1AI",B-1AI,,10,Weighted Average Life (years) to Scheduled Maturity Date,,6.29
Declining Balances Tables,149,"Class B-1A, B-1AR and B-1AI",B-1AI,,15,Weighted Average Life (years) to Scheduled Maturity Date,,4.28
Declining Balances Tables,149,"Class B-1A, B-1AR and B-1AI",B-1AI,,25,Weighted Average Life (years) to Scheduled Maturity Date,,2.50
Declining Balances Tables,149,"Class B-1A, B-1AR and B-1AI",B-1AI,,35,Weighted Average Life (years) to Scheduled Maturity Date,,1.69
Declining Balances Tables,149,"Class B-1A, B-1AR and B-1AI",B-1A,,0,Weighted Average Life (years) to Early Redemption Date**,,5.02
Declining Balances Tables,149,"Class B-1A, B-1AR and B-1AI",B-1A,,5,Weighted Average Life (years) to Early Redemption Date**,,5.02
Declining Balances Tables,149,"Class B-1A, B-1AR and B-1AI",B-1A,,10,Weighted Average Life (years) to Early Redemption Date**,,5.02
Declining Balances Tables,149,"Class B-1A, B-1AR and B-1AI",B-1A,,15,Weighted Average Life (years) to Early Redemption Date**,,4.28
Declining Balances Tables,149,"Class B-1A, B-1AR and B-1AI",B-1A,,25,Weighted Average Life (years) to Early Redemption Date**,,2.50
Declining Balances Tables,149,"Class B-1A, B-1AR and B-1AI",B-1A,,35,Weighted Average Life (years) to Early Redemption Date**,,1.69
Declining Balances Tables,149,"Class B-1A, B-1AR and B-1AI",B-1AR,,0,Weighted Average Life (years) to Early Redemption Date**,,5.02
Declining Balances Tables,149,"Class B-1A, B-1AR and B-1AI",B-1AR,,5,Weighted Average Life (years) to Early Redemption Date**,,5.02
Declining Balances Tables,149,"Class B-1A, B-1AR and B-1AI",B-1AR,,10,Weighted Average Life (years) to Early Redemption Date**,,5.02
Declining Balances Tables,149,"Class B-1A, B-1AR and B-1AI",B-1AR,,15,Weighted Average Life (years) to Early Redemption Date**,,4.28
Declining Balances Tables,149,"Class B-1A, B-1AR and B-1AI",B-1AR,,25,Weighted Average Life (years) to Early Redemption Date**,,2.50
Declining Balances Tables,149,"Class B-1A, B-1AR and B-1AI",B-1AR,,35,Weighted Average Life (years) to Early Redemption Date**,,1.69
Declining Balances Tables,149,"Class B-1A, B-1AR and B-1AI",B-1AI,,0,Weighted Average Life (years) to Early Redemption Date**,,5.02
Declining Balances Tables,149,"Class B-1A, B-1AR and B-1AI",B-1AI,,5,Weighted Average Life (years) to Early Redemption Date**,,5.02
Declining Balances Tables,149,"Class B-1A, B-1AR and B-1AI",B-1AI,,10,Weighted Average Life (years) to Early Redemption Date**,,5.02
Declining Balances Tables,149,"Class B-1A, B-1AR and B-1AI",B-1AI,,15,Weighted Average Life (years) to Early Redemption Date**,,4.28
Declining Balances Tables,149,"Class B-1A, B-1AR and B-1AI",B-1AI,,25,Weighted Average Life (years) to Early Redemption Date**,,2.50
Declining Balances Tables,149,"Class B-1A, B-1AR and B-1AI",B-1AI,,35,Weighted Average Life (years) to Early Redemption Date**,,1.69
Declining Balances Tables,150,Class B-1B,B-1B,,0,Closing Date,100,
Declining Balances Tables,150,Class B-1B,B-1B,,5,Closing Date,100,
Declining Balances Tables,150,Class B-1B,B-1B,,10,Closing Date,100,
Declining Balances Tables,150,Class B-1B,B-1B,,15,Closing Date,100,
Declining Balances Tables,150,Class B-1B,B-1B,,25,Closing Date,100,
Declining Balances Tables,150,Class B-1B,B-1B,,35,Closing Date,100,
Declining Balances Tables,150,Class B-1B,B-1B,,0,"March 25, 2027",100,
Declining Balances Tables,150,Class B-1B,B-1B,,5,"March 25, 2027",100,
Declining Balances Tables,150,Class B-1B,B-1B,,10,"March 25, 2027",100,
Declining Balances Tables,150,Class B-1B,B-1B,,15,"March 25, 2027",100,
Declining Balances Tables,150,Class B-1B,B-1B,,25,"March 25, 2027",100,
Declining Balances Tables,150,Class B-1B,B-1B,,35,"March 25, 2027",100,
Declining Balances Tables,150,Class B-1B,B-1B,,0,"March 25, 2028",100,
Declining Balances Tables,150,Class B-1B,B-1B,,5,"March 25, 2028",100,
Declining Balances Tables,150,Class B-1B,B-1B,,10,"March 25, 2028",100,
Declining Balances Tables,150,Class B-1B,B-1B,,15,"March 25, 2028",100,
Declining Balances Tables,150,Class B-1B,B-1B,,25,"March 25, 2028",100,
Declining Balances Tables,150,Class B-1B,B-1B,,35,"March 25, 2028",70,
Declining Balances Tables,150,Class B-1B,B-1B,,0,"March 25, 2029",100,
Declining Balances Tables,150,Class B-1B,B-1B,,5,"March 25, 2029",100,
Declining Balances Tables,150,Class B-1B,B-1B,,10,"March 25, 2029",100,
Declining Balances Tables,150,Class B-1B,B-1B,,15,"March 25, 2029",100,
Declining Balances Tables,150,Class B-1B,B-1B,,25,"March 25, 2029",69,
Declining Balances Tables,150,Class B-1B,B-1B,,35,"March 25, 2029",0,
Declining Balances Tables,150,Class B-1B,B-1B,,0,"March 25, 2030",100,
Declining Balances Tables,150,Class B-1B,B-1B,,5,"March 25, 2030",100,
Declining Balances Tables,150,Class B-1B,B-1B,,10,"March 25, 2030",100,
Declining Balances Tables,150,Class B-1B,B-1B,,15,"March 25, 2030",100,
Declining Balances Tables,150,Class B-1B,B-1B,,25,"March 25, 2030",0,
Declining Balances Tables,150,Class B-1B,B-1B,,35,"March 25, 2030",0,
Declining Balances Tables,150,Class B-1B,B-1B,,0,"March 25, 2031",100,
Declining Balances Tables,150,Class B-1B,B-1B,,5,"March 25, 2031",100,
Declining Balances Tables,150,Class B-1B,B-1B,,10,"March 25, 2031",100,
Declining Balances Tables,150,Class B-1B,B-1B,,15,"March 25, 2031",82,
Declining Balances Tables,150,Class B-1B,B-1B,,25,"March 25, 2031",0,
Declining Balances Tables,150,Class B-1B,B-1B,,35,"March 25, 2031",0,
Declining Balances Tables,150,Class B-1B,B-1B,,0,"March 25, 2032",100,
Declining Balances Tables,150,Class B-1B,B-1B,,5,"March 25, 2032",100,
Declining Balances Tables,150,Class B-1B,B-1B,,10,"March 25, 2032",100,
Declining Balances Tables,150,Class B-1B,B-1B,,15,"March 25, 2032",9,
Declining Balances Tables,150,Class B-1B,B-1B,,25,"March 25, 2032",0,
Declining Balances Tables,150,Class B-1B,B-1B,,35,"March 25, 2032",0,
Declining Balances Tables,150,Class B-1B,B-1B,,0,"March 25, 2033",100,
Declining Balances Tables,150,Class B-1B,B-1B,,5,"March 25, 2033",100,
Declining Balances Tables,150,Class B-1B,B-1B,,10,"March 25, 2033",100,
Declining Balances Tables,150,Class B-1B,B-1B,,15,"March 25, 2033",0,
Declining Balances Tables,150,Class B-1B,B-1B,,25,"March 25, 2033",0,
Declining Balances Tables,150,Class B-1B,B-1B,,35,"March 25, 2033",0,
Declining Balances Tables,150,Class B-1B,B-1B,,0,"March 25, 2034",100,
Declining Balances Tables,150,Class B-1B,B-1B,,5,"March 25, 2034",100,
Declining Balances Tables,150,Class B-1B,B-1B,,10,"March 25, 2034",47,
Declining Balances Tables,150,Class B-1B,B-1B,,15,"March 25, 2034",0,
Declining Balances Tables,150,Class B-1B,B-1B,,25,"March 25, 2034",0,
Declining Balances Tables,150,Class B-1B,B-1B,,35,"March 25, 2034",0,
Declining Balances Tables,150,Class B-1B,B-1B,,0,"March 25, 2035",100,
Declining Balances Tables,150,Class B-1B,B-1B,,5,"March 25, 2035",100,
Declining Balances Tables,150,Class B-1B,B-1B,,10,"March 25, 2035",0,
Declining Balances Tables,150,Class B-1B,B-1B,,15,"March 25, 2035",0,
Declining Balances Tables,150,Class B-1B,B-1B,,25,"March 25, 2035",0,
Declining Balances Tables,150,Class B-1B,B-1B,,35,"March 25, 2035",0,
Declining Balances Tables,150,Class B-1B,B-1B,,0,"March 25, 2036",100,
Declining Balances Tables,150,Class B-1B,B-1B,,5,"March 25, 2036",100,
Declining Balances Tables,150,Class B-1B,B-1B,,10,"March 25, 2036",0,
Declining Balances Tables,150,Class B-1B,B-1B,,15,"March 25, 2036",0,
Declining Balances Tables,150,Class B-1B,B-1B,,25,"March 25, 2036",0,
Declining Balances Tables,150,Class B-1B,B-1B,,35,"March 25, 2036",0,
Declining Balances Tables,150,Class B-1B,B-1B,,0,"March 25, 2037",100,
Declining Balances Tables,150,Class B-1B,B-1B,,5,"March 25, 2037",100,
Declining Balances Tables,150,Class B-1B,B-1B,,10,"March 25, 2037",0,
Declining Balances Tables,150,Class B-1B,B-1B,,15,"March 25, 2037",0,
Declining Balances Tables,150,Class B-1B,B-1B,,25,"March 25, 2037",0,
Declining Balances Tables,150,Class B-1B,B-1B,,35,"March 25, 2037",0,
Declining Balances Tables,150,Class B-1B,B-1B,,0,"March 25, 2038",100,
Declining Balances Tables,150,Class B-1B,B-1B,,5,"March 25, 2038",100,
Declining Balances Tables,150,Class B-1B,B-1B,,10,"March 25, 2038",0,
Declining Balances Tables,150,Class B-1B,B-1B,,15,"March 25, 2038",0,
Declining Balances Tables,150,Class B-1B,B-1B,,25,"March 25, 2038",0,
Declining Balances Tables,150,Class B-1B,B-1B,,35,"March 25, 2038",0,
Declining Balances Tables,150,Class B-1B,B-1B,,0,"March 25, 2039",100,
Declining Balances Tables,150,Class B-1B,B-1B,,5,"March 25, 2039",66,
Declining Balances Tables,150,Class B-1B,B-1B,,10,"March 25, 2039",0,
Declining Balances Tables,150,Class B-1B,B-1B,,15,"March 25, 2039",0,
Declining Balances Tables,150,Class B-1B,B-1B,,25,"March 25, 2039",0,
Declining Balances Tables,150,Class B-1B,B-1B,,35,"March 25, 2039",0,
Declining Balances Tables,150,Class B-1B,B-1B,,0,"March 25, 2040",100,
Declining Balances Tables,150,Class B-1B,B-1B,,5,"March 25, 2040",30,
Declining Balances Tables,150,Class B-1B,B-1B,,10,"March 25, 2040",0,
Declining Balances Tables,150,Class B-1B,B-1B,,15,"March 25, 2040",0,
Declining Balances Tables,150,Class B-1B,B-1B,,25,"March 25, 2040",0,
Declining Balances Tables,150,Class B-1B,B-1B,,35,"March 25, 2040",0,
Declining Balances Tables,150,Class B-1B,B-1B,,0,"March 25, 2041",100,
Declining Balances Tables,150,Class B-1B,B-1B,,5,"March 25, 2041",0,
Declining Balances Tables,150,Class B-1B,B-1B,,10,"March 25, 2041",0,
Declining Balances Tables,150,Class B-1B,B-1B,,15,"March 25, 2041",0,
Declining Balances Tables,150,Class B-1B,B-1B,,25,"March 25, 2041",0,
Declining Balances Tables,150,Class B-1B,B-1B,,35,"March 25, 2041",0,
Declining Balances Tables,150,Class B-1B,B-1B,,0,"March 25, 2042",100,
Declining Balances Tables,150,Class B-1B,B-1B,,5,"March 25, 2042",0,
Declining Balances Tables,150,Class B-1B,B-1B,,10,"March 25, 2042",0,
Declining Balances Tables,150,Class B-1B,B-1B,,15,"March 25, 2042",0,
Declining Balances Tables,150,Class B-1B,B-1B,,25,"March 25, 2042",0,
Declining Balances Tables,150,Class B-1B,B-1B,,35,"March 25, 2042",0,
Declining Balances Tables,150,Class B-1B,B-1B,,0,"March 25, 2043",100,
Declining Balances Tables,150,Class B-1B,B-1B,,5,"March 25, 2043",0,
Declining Balances Tables,150,Class B-1B,B-1B,,10,"March 25, 2043",0,
Declining Balances Tables,150,Class B-1B,B-1B,,15,"March 25, 2043",0,
Declining Balances Tables,150,Class B-1B,B-1B,,25,"March 25, 2043",0,
Declining Balances Tables,150,Class B-1B,B-1B,,35,"March 25, 2043",0,
Declining Balances Tables,150,Class B-1B,B-1B,,0,"March 25, 2044",100,
Declining Balances Tables,150,Class B-1B,B-1B,,5,"March 25, 2044",0,
Declining Balances Tables,150,Class B-1B,B-1B,,10,"March 25, 2044",0,
Declining Balances Tables,150,Class B-1B,B-1B,,15,"March 25, 2044",0,
Declining Balances Tables,150,Class B-1B,B-1B,,25,"March 25, 2044",0,
Declining Balances Tables,150,Class B-1B,B-1B,,35,"March 25, 2044",0,
Declining Balances Tables,150,Class B-1B,B-1B,,0,"March 25, 2045",100,
Declining Balances Tables,150,Class B-1B,B-1B,,5,"March 25, 2045",0,
Declining Balances Tables,150,Class B-1B,B-1B,,10,"March 25, 2045",0,
Declining Balances Tables,150,Class B-1B,B-1B,,15,"March 25, 2045",0,
Declining Balances Tables,150,Class B-1B,B-1B,,25,"March 25, 2045",0,
Declining Balances Tables,150,Class B-1B,B-1B,,35,"March 25, 2045",0,
Declining Balances Tables,150,Class B-1B,B-1B,,0,"March 25, 2046",0,
Declining Balances Tables,150,Class B-1B,B-1B,,5,"March 25, 2046",0,
Declining Balances Tables,150,Class B-1B,B-1B,,10,"March 25, 2046",0,
Declining Balances Tables,150,Class B-1B,B-1B,,15,"March 25, 2046",0,
Declining Balances Tables,150,Class B-1B,B-1B,,25,"March 25, 2046",0,
Declining Balances Tables,150,Class B-1B,B-1B,,35,"March 25, 2046",0,
Declining Balances Tables,150,Class B-1B,B-1B,,0,Weighted Average Life (years) to Scheduled Maturity Date,,20.02
Declining Balances Tables,150,Class B-1B,B-1B,,5,Weighted Average Life (years) to Scheduled Maturity Date,,13.53
Declining Balances Tables,150,Class B-1B,B-1B,,10,Weighted Average Life (years) to Scheduled Maturity Date,,8.03
Declining Balances Tables,150,Class B-1B,B-1B,,15,Weighted Average Life (years) to Scheduled Maturity Date,,5.50
Declining Balances Tables,150,Class B-1B,B-1B,,25,Weighted Average Life (years) to Scheduled Maturity Date,,3.22
Declining Balances Tables,150,Class B-1B,B-1B,,35,Weighted Average Life (years) to Scheduled Maturity Date,,2.18
Declining Balances Tables,150,Class B-1B,B-1B,,0,Weighted Average Life (years) to Early Redemption Date**,,5.02
Declining Balances Tables,150,Class B-1B,B-1B,,5,Weighted Average Life (years) to Early Redemption Date**,,5.02
Declining Balances Tables,150,Class B-1B,B-1B,,10,Weighted Average Life (years) to Early Redemption Date**,,5.02
Declining Balances Tables,150,Class B-1B,B-1B,,15,Weighted Average Life (years) to Early Redemption Date**,,5.01
Declining Balances Tables,150,Class B-1B,B-1B,,25,Weighted Average Life (years) to Early Redemption Date**,,3.22
Declining Balances Tables,150,Class B-1B,B-1B,,35,Weighted Average Life (years) to Early Redemption Date**,,2.18
