table_name,page,class_group_as_printed,class,class_footnote,basis,early_redemption,cpr_pct,cer_pct,rm_pct,wal_years
Weighted Average Life Tables,141,Class M-1,M-1,,To Scheduled Maturity Date,no,0,0.00%,0.00%,9.79
Weighted Average Life Tables,141,Class M-1,M-1,,To Scheduled Maturity Date,no,5,0.00%,0.00%,2.93
Weighted Average Life Tables,141,Class M-1,M-1,,To Scheduled Maturity Date,no,10,0.00%,0.00%,1.59
Weighted Average Life Tables,141,Class M-1,M-1,,To Scheduled Maturity Date,no,15,0.00%,0.00%,1.07
Weighted Average Life Tables,141,Class M-1,M-1,,To Scheduled Maturity Date,no,25,0.00%,0.00%,0.62
Weighted Average Life Tables,141,Class M-1,M-1,,To Scheduled Maturity Date,no,35,0.00%,0.00%,0.42
Weighted Average Life Tables,141,Class M-1,M-1,,To Early Redemption Date,yes,0,0.00%,0.00%,4.55
Weighted Average Life Tables,141,Class M-1,M-1,,To Early Redemption Date,yes,5,0.00%,0.00%,2.83
Weighted Average Life Tables,141,Class M-1,M-1,,To Early Redemption Date,yes,10,0.00%,0.00%,1.59
Weighted Average Life Tables,141,Class M-1,M-1,,To Early Redemption Date,yes,15,0.00%,0.00%,1.07
Weighted Average Life Tables,141,Class M-1,M-1,,To Early Redemption Date,yes,25,0.00%,0.00%,0.62
Weighted Average Life Tables,141,Class M-1,M-1,,To Early Redemption Date,yes,35,0.00%,0.00%,0.42
Weighted Average Life Tables,141,Class M-1,M-1,,To Scheduled Maturity Date,no,0,0.25%,0.00%,18.46
Weighted Average Life Tables,141,Class M-1,M-1,,To Scheduled Maturity Date,no,5,0.25%,0.00%,4.32
Weighted Average Life Tables,141,Class M-1,M-1,,To Scheduled Maturity Date,no,10,0.25%,0.00%,1.98
Weighted Average Life Tables,141,Class M-1,M-1,,To Scheduled Maturity Date,no,15,0.25%,0.00%,1.26
Weighted Average Life Tables,141,Class M-1,M-1,,To Scheduled Maturity Date,no,25,0.25%,0.00%,0.70
Weighted Average Life Tables,141,Class M-1,M-1,,To Scheduled Maturity Date,no,35,0.25%,0.00%,0.49
Weighted Average Life Tables,141,Class M-1,M-1,,To Early Redemption Date,yes,0,0.25%,0.00%,5.00
Weighted Average Life Tables,141,Class M-1,M-1,,To Early Redemption Date,yes,5,0.25%,0.00%,3.48
Weighted Average Life Tables,141,Class M-1,M-1,,To Early Redemption Date,yes,10,0.25%,0.00%,1.98
Weighted Average Life Tables,141,Class M-1,M-1,,To Early Redemption Date,yes,15,0.25%,0.00%,1.26
Weighted Average Life Tables,141,Class M-1,M-1,,To Early Redemption Date,yes,25,0.25%,0.00%,0.70
Weighted Average Life Tables,141,Class M-1,M-1,,To Early Redemption Date,yes,35,0.25%,0.00%,0.49
Weighted Average Life Tables,141,Class M-1,M-1,,To Scheduled Maturity Date,no,0,0.50%,0.00%,19.91
Weighted Average Life Tables,141,Class M-1,M-1,,To Scheduled Maturity Date,no,5,0.50%,0.00%,7.68
Weighted Average Life Tables,141,Class M-1,M-1,,To Scheduled Maturity Date,no,10,0.50%,0.00%,2.63
Weighted Average Life Tables,141,Class M-1,M-1,,To Scheduled Maturity Date,no,15,0.50%,0.00%,1.53
Weighted Average Life Tables,141,Class M-1,M-1,,To Scheduled Maturity Date,no,25,0.50%,0.00%,0.87
Weighted Average Life Tables,141,Class M-1,M-1,,To Scheduled Maturity Date,no,35,0.50%,0.00%,0.51
Weighted Average Life Tables,141,Class M-1,M-1,,To Early Redemption Date,yes,0,0.50%,0.00%,5.00
Weighted Average Life Tables,141,Class M-1,M-1,,To Early Redemption Date,yes,5,0.50%,0.00%,4.16
Weighted Average Life Tables,141,Class M-1,M-1,,To Early Redemption Date,yes,10,0.50%,0.00%,2.60
Weighted Average Life Tables,141,Class M-1,M-1,,To Early Redemption Date,yes,15,0.50%,0.00%,1.53
Weighted Average Life Tables,141,Class M-1,M-1,,To Early Redemption Date,yes,25,0.50%,0.00%,0.87
Weighted Average Life Tables,141,Class M-1,M-1,,To Early Redemption Date,yes,35,0.50%,0.00%,0.51
Weighted Average Life Tables,141,Class M-1,M-1,,To Scheduled Maturity Date,no,0,1.00%,0.00%,11.40
Weighted Average Life Tables,141,Class M-1,M-1,,To Scheduled Maturity Date,no,5,1.00%,0.00%,17.15
Weighted Average Life Tables,141,Class M-1,M-1,,To Scheduled Maturity Date,no,10,1.00%,0.00%,13.30
Weighted Average Life Tables,141,Class M-1,M-1,,To Scheduled Maturity Date,no,15,1.00%,0.00%,6.69
Weighted Average Life Tables,141,Class M-1,M-1,,To Scheduled Maturity Date,no,25,1.00%,0.00%,3.52
Weighted Average Life Tables,141,Class M-1,M-1,,To Scheduled Maturity Date,no,35,1.00%,0.00%,1.97
Weighted Average Life Tables,141,Class M-1,M-1,,To Early Redemption Date,yes,0,1.00%,0.00%,5.00
Weighted Average Life Tables,141,Class M-1,M-1,,To Early Redemption Date,yes,5,1.00%,0.00%,4.87
Weighted Average Life Tables,141,Class M-1,M-1,,To Early Redemption Date,yes,10,1.00%,0.00%,4.74
Weighted Average Life Tables,141,Class M-1,M-1,,To Early Redemption Date,yes,15,1.00%,0.00%,4.60
Weighted Average Life Tables,141,Class M-1,M-1,,To Early Redemption Date,yes,25,1.00%,0.00%,3.49
Weighted Average Life Tables,141,Class M-1,M-1,,To Early Redemption Date,yes,35,1.00%,0.00%,1.97
Weighted Average Life Tables,141,Class M-1,M-1,,To Scheduled Maturity Date,no,0,1.50%,0.00%,7.27
Weighted Average Life Tables,141,Class M-1,M-1,,To Scheduled Maturity Date,no,5,1.50%,0.00%,9.13
Weighted Average Life Tables,141,Class M-1,M-1,,To Scheduled Maturity Date,no,10,1.50%,0.00%,14.74
Weighted Average Life Tables,141,Class M-1,M-1,,To Scheduled Maturity Date,no,15,1.50%,0.00%,10.10
Weighted Average Life Tables,141,Class M-1,M-1,,To Scheduled Maturity Date,no,25,1.50%,0.00%,3.68
Weighted Average Life Tables,141,Class M-1,M-1,,To Scheduled Maturity Date,no,35,1.50%,0.00%,2.39
Weighted Average Life Tables,141,Class M-1,M-1,,To Early Redemption Date,yes,0,1.50%,0.00%,5.00
Weighted Average Life Tables,141,Class M-1,M-1,,To Early Redemption Date,yes,5,1.50%,0.00%,4.87
Weighted Average Life Tables,141,Class M-1,M-1,,To Early Redemption Date,yes,10,1.50%,0.00%,4.74
Weighted Average Life Tables,141,Class M-1,M-1,,To Early Redemption Date,yes,15,1.50%,0.00%,4.60
Weighted Average Life Tables,141,Class M-1,M-1,,To Early Redemption Date,yes,25,1.50%,0.00%,3.67
Weighted Average Life Tables,141,Class M-1,M-1,,To Early Redemption Date,yes,35,1.50%,0.00%,2.39
Weighted Average Life Tables,141,Class M-1,M-1,,To Scheduled Maturity Date,no,0,2.50%,0.00%,4.26
Weighted Average Life Tables,141,Class M-1,M-1,,To Scheduled Maturity Date,no,5,2.50%,0.00%,4.86
Weighted Average Life Tables,141,Class M-1,M-1,,To Scheduled Maturity Date,no,10,2.50%,0.00%,5.85
Weighted Average Life Tables,141,Class M-1,M-1,,To Scheduled Maturity Date,no,15,2.50%,0.00%,8.37
Weighted Average Life Tables,141,Class M-1,M-1,,To Scheduled Maturity Date,no,25,2.50%,0.00%,6.35
Weighted Average Life Tables,141,Class M-1,M-1,,To Scheduled Maturity Date,no,35,2.50%,0.00%,2.87
Weighted Average Life Tables,141,Class M-1,M-1,,To Early Redemption Date,yes,0,2.50%,0.00%,4.25
Weighted Average Life Tables,141,Class M-1,M-1,,To Early Redemption Date,yes,5,2.50%,0.00%,4.63
Weighted Average Life Tables,141,Class M-1,M-1,,To Early Redemption Date,yes,10,2.50%,0.00%,4.90
Weighted Average Life Tables,141,Class M-1,M-1,,To Early Redemption Date,yes,15,2.50%,0.00%,5.02
Weighted Average Life Tables,141,Class M-1,M-1,,To Early Redemption Date,yes,25,2.50%,0.00%,4.78
Weighted Average Life Tables,141,Class M-1,M-1,,To Early Redemption Date,yes,35,2.50%,0.00%,2.87
Weighted Average Life Tables,141,Class M-1,M-1,,To Scheduled Maturity Date,no,0,3.00%,0.00%,3.52
Weighted Average Life Tables,141,Class M-1,M-1,,To Scheduled Maturity Date,no,5,3.00%,0.00%,3.91
Weighted Average Life Tables,141,Class M-1,M-1,,To Scheduled Maturity Date,no,10,3.00%,0.00%,4.49
Weighted Average Life Tables,141,Class M-1,M-1,,To Scheduled Maturity Date,no,15,3.00%,0.00%,5.53
Weighted Average Life Tables,141,Class M-1,M-1,,To Scheduled Maturity Date,no,25,3.00%,0.00%,7.97
Weighted Average Life Tables,141,Class M-1,M-1,,To Scheduled Maturity Date,no,35,3.00%,0.00%,3.26
Weighted Average Life Tables,141,Class M-1,M-1,,To Early Redemption Date,yes,0,3.00%,0.00%,3.52
Weighted Average Life Tables,141,Class M-1,M-1,,To Early Redemption Date,yes,5,3.00%,0.00%,3.91
Weighted Average Life Tables,141,Class M-1,M-1,,To Early Redemption Date,yes,10,3.00%,0.00%,4.37
Weighted Average Life Tables,141,Class M-1,M-1,,To Early Redemption Date,yes,15,3.00%,0.00%,4.74
Weighted Average Life Tables,141,Class M-1,M-1,,To Early Redemption Date,yes,25,3.00%,0.00%,5.01
Weighted Average Life Tables,141,Class M-1,M-1,,To Early Redemption Date,yes,35,3.00%,0.00%,3.26
Weighted Average Life Tables,141,Class M-1,M-1,,To Scheduled Maturity Date,no,0,5.00%,0.00%,2.06
Weighted Average Life Tables,141,Class M-1,M-1,,To Scheduled Maturity Date,no,5,5.00%,0.00%,2.18
Weighted Average Life Tables,141,Class M-1,M-1,,To Scheduled Maturity Date,no,10,5.00%,0.00%,2.34
Weighted Average Life Tables,141,Class M-1,M-1,,To Scheduled Maturity Date,no,15,5.00%,0.00%,2.54
Weighted Average Life Tables,141,Class M-1,M-1,,To Scheduled Maturity Date,no,25,5.00%,0.00%,3.29
Weighted Average Life Tables,141,Class M-1,M-1,,To Scheduled Maturity Date,no,35,5.00%,0.00%,5.31
Weighted Average Life Tables,141,Class M-1,M-1,,To Early Redemption Date,yes,0,5.00%,0.00%,2.06
Weighted Average Life Tables,141,Class M-1,M-1,,To Early Redemption Date,yes,5,5.00%,0.00%,2.18
Weighted Average Life Tables,141,Class M-1,M-1,,To Early Redemption Date,yes,10,5.00%,0.00%,2.34
Weighted Average Life Tables,141,Class M-1,M-1,,To Early Redemption Date,yes,15,5.00%,0.00%,2.54
Weighted Average Life Tables,141,Class M-1,M-1,,To Early Redemption Date,yes,25,5.00%,0.00%,3.29
Weighted Average Life Tables,141,Class M-1,M-1,,To Early Redemption Date,yes,35,5.00%,0.00%,4.22
Weighted Average Life Tables,141,Class M-1,M-1,,To Scheduled Maturity Date,no,0,0.00%,0.01%,11.19
Weighted Average Life Tables,141,Class M-1,M-1,,To Scheduled Maturity Date,no,5,0.00%,0.01%,3.14
Weighted Average Life Tables,141,Class M-1,M-1,,To Scheduled Maturity Date,no,10,0.00%,0.01%,1.69
Weighted Average Life Tables,141,Class M-1,M-1,,To Scheduled Maturity Date,no,15,0.00%,0.01%,1.15
Weighted Average Life Tables,141,Class M-1,M-1,,To Scheduled Maturity Date,no,25,0.00%,0.01%,0.69
Weighted Average Life Tables,141,Class M-1,M-1,,To Scheduled Maturity Date,no,35,0.00%,0.01%,0.48
Weighted Average Life Tables,141,Class M-1,M-1,,To Early Redemption Date,yes,0,0.00%,0.01%,4.68
Weighted Average Life Tables,141,Class M-1,M-1,,To Early Redemption Date,yes,5,0.00%,0.01%,2.98
Weighted Average Life Tables,141,Class M-1,M-1,,To Early Redemption Date,yes,10,0.00%,0.01%,1.69
Weighted Average Life Tables,141,Class M-1,M-1,,To Early Redemption Date,yes,15,0.00%,0.01%,1.15
Weighted Average Life Tables,141,Class M-1,M-1,,To Early Redemption Date,yes,25,0.00%,0.01%,0.69
Weighted Average Life Tables,141,Class M-1,M-1,,To Early Redemption Date,yes,35,0.00%,0.01%,0.48
Weighted Average Life Tables,141,Class M-1,M-1,,To Scheduled Maturity Date,no,0,0.50%,0.03%,19.80
Weighted Average Life Tables,141,Class M-1,M-1,,To Scheduled Maturity Date,no,5,0.50%,0.03%,10.32
Weighted Average Life Tables,141,Class M-1,M-1,,To Scheduled Maturity Date,no,10,0.50%,0.03%,4.25
Weighted Average Life Tables,141,Class M-1,M-1,,To Scheduled Maturity Date,no,15,0.50%,0.03%,2.40
Weighted Average Life Tables,141,Class M-1,M-1,,To Scheduled Maturity Date,no,25,0.50%,0.03%,1.14
Weighted Average Life Tables,141,Class M-1,M-1,,To Scheduled Maturity Date,no,35,0.50%,0.03%,0.63
Weighted Average Life Tables,141,Class M-1,M-1,,To Early Redemption Date,yes,0,0.50%,0.03%,4.99
Weighted Average Life Tables,141,Class M-1,M-1,,To Early Redemption Date,yes,5,0.50%,0.03%,4.76
Weighted Average Life Tables,141,Class M-1,M-1,,To Early Redemption Date,yes,10,0.50%,0.03%,3.66
Weighted Average Life Tables,141,Class M-1,M-1,,To Early Redemption Date,yes,15,0.50%,0.03%,2.40
Weighted Average Life Tables,141,Class M-1,M-1,,To Early Redemption Date,yes,25,0.50%,0.03%,1.14
Weighted Average Life Tables,141,Class M-1,M-1,,To Early Redemption Date,yes,35,0.50%,0.03%,0.63
Weighted Average Life Tables,141,Class M-1,M-1,,To Scheduled Maturity Date,no,0,1.00%,0.10%,8.48
Weighted Average Life Tables,141,Class M-1,M-1,,To Scheduled Maturity Date,no,5,1.00%,0.10%,12.11
Weighted Average Life Tables,141,Class M-1,M-1,,To Scheduled Maturity Date,no,10,1.00%,0.10%,16.23
Weighted Average Life Tables,141,Class M-1,M-1,,To Scheduled Maturity Date,no,15,1.00%,0.10%,7.69
Weighted Average Life Tables,141,Class M-1,M-1,,To Scheduled Maturity Date,no,25,1.00%,0.10%,3.74
Weighted Average Life Tables,141,Class M-1,M-1,,To Scheduled Maturity Date,no,35,1.00%,0.10%,2.41
Weighted Average Life Tables,141,Class M-1,M-1,,To Early Redemption Date,yes,0,1.00%,0.10%,4.99
Weighted Average Life Tables,141,Class M-1,M-1,,To Early Redemption Date,yes,5,1.00%,0.10%,4.87
Weighted Average Life Tables,141,Class M-1,M-1,,To Early Redemption Date,yes,10,1.00%,0.10%,4.74
Weighted Average Life Tables,141,Class M-1,M-1,,To Early Redemption Date,yes,15,1.00%,0.10%,4.60
Weighted Average Life Tables,141,Class M-1,M-1,,To Early Redemption Date,yes,25,1.00%,0.10%,3.71
Weighted Average Life Tables,141,Class M-1,M-1,,To Early Redemption Date,yes,35,1.00%,0.10%,2.41
Weighted Average Life Tables,141,"Class M-2, M-2R, M-2S, M-2T, M-2U and M-2I",M-2,,To Scheduled Maturity Date,no,0,0.00%,0.00%,18.61
Weighted Average Life Tables,141,"Class M-2, M-2R, M-2S, M-2T, M-2U and M-2I",M-2,,To Scheduled Maturity Date,no,5,0.00%,0.00%,7.88
Weighted Average Life Tables,141,"Class M-2, M-2R, M-2S, M-2T, M-2U and M-2I",M-2,,To Scheduled Maturity Date,no,10,0.00%,0.00%,4.43
Weighted Average Life Tables,141,"Class M-2, M-2R, M-2S, M-2T, M-2U and M-2I",M-2,,To Scheduled Maturity Date,no,15,0.00%,0.00%,3.00
Weighted Average Life Tables,141,"Class M-2, M-2R, M-2S, M-2T, M-2U and M-2I",M-2,,To Scheduled Maturity Date,no,25,0.00%,0.00%,1.74
Weighted Average Life Tables,141,"Class M-2, M-2R, M-2S, M-2T, M-2U and M-2I",M-2,,To Scheduled Maturity Date,no,35,0.00%,0.00%,1.17
Weighted Average Life Tables,141,"Class M-2, M-2R, M-2S, M-2T, M-2U and M-2I",M-2,,To Early Redemption Date,yes,0,0.00%,0.00%,5.02
Weighted Average Life Tables,141,"Class M-2, M-2R, M-2S, M-2T, M-2U and M-2I",M-2,,To Early Redemption Date,yes,5,0.00%,0.00%,5.02
Weighted Average Life Tables,141,"Class M-2, M-2R, M-2S, M-2T, M-2U and M-2I",M-2,,To Early Redemption Date,yes,10,0.00%,0.00%,4.38
Weighted Average Life Tables,141,"Class M-2, M-2R, M-2S, M-2T, M-2U and M-2I",M-2,,To Early Redemption Date,yes,15,0.00%,0.00%,3.00
Weighted Average Life Tables,141,"Class M-2, M-2R, M-2S, M-2T, M-2U and M-2I",M-2,,To Early Redemption Date,yes,25,0.00%,0.00%,1.74
Weighted Average Life Tables,141,"Class M-2, M-2R, M-2S, M-2T, M-2U and M-2I",M-2,,To Early Redemption Date,yes,35,0.00%,0.00%,1.17
Weighted Average Life Tables,141,"Class M-2, M-2R, M-2S, M-2T, M-2U and M-2I",M-2R,,To Scheduled Maturity Date,no,0,0.00%,0.00%,18.61
Weighted Average Life Tables,141,"Class M-2, M-2R, M-2S, M-2T, M-2U and M-2I",M-2R,,To Scheduled Maturity Date,no,5,0.00%,0.00%,7.88
Weighted Average Life Tables,141,"Class M-2, M-2R, M-2S, M-2T, M-2U and M-2I",M-2R,,To Scheduled Maturity Date,no,10,0.00%,0.00%,4.43
Weighted Average Life Tables,141,"Class M-2, M-2R, M-2S, M-2T, M-2U and M-2I",M-2R,,To Scheduled Maturity Date,no,15,0.00%,0.00%,3.00
Weighted Average Life Tables,141,"Class M-2, M-2R, M-2S, M-2T, M-2U and M-2I",M-2R,,To Scheduled Maturity Date,no,25,0.00%,0.00%,1.74
Weighted Average Life Tables,141,"Class M-2, M-2R, M-2S, M-2T, M-2U and M-2I",M-2R,,To Scheduled Maturity Date,no,35,0.00%,0.00%,1.17
Weighted Average Life Tables,141,"Class M-2, M-2R, M-2S, M-2T, M-2U and M-2I",M-2R,,To Early Redemption Date,yes,0,0.00%,0.00%,5.02
Weighted Average Life Tables,141,"Class M-2, M-2R, M-2S, M-2T, M-2U and M-2I",M-2R,,To Early Redemption Date,yes,5,0.00%,0.00%,5.02
Weighted Average Life Tables,141,"Class M-2, M-2R, M-2S, M-2T, M-2U and M-2I",M-2R,,To Early Redemption Date,yes,10,0.00%,0.00%,4.38
Weighted Average Life Tables,141,"Class M-2, M-2R, M-2S, M-2T, M-2U and M-2I",M-2R,,To Early Redemption Date,yes,15,0.00%,0.00%,3.00
Weighted Average Life Tables,141,"Class M-2, M-2R, M-2S, M-2T, M-2U and M-2I",M-2R,,To Early Redemption Date,yes,25,0.00%,0.00%,1.74
Weighted Average Life Tables,141,"Class M-2, M-2R, M-2S, M-2T, M-2U and M-2I",M-2R,,To Early Redemption Date,yes,35,0.00%,0.00%,1.17
Weighted Average Life Tables,141,"Class M-2, M-2R, M-2S, M-2T, M-2U and M-2I",M-2S,,To Scheduled Maturity Date,no,0,0.00%,0.00%,18.61
Weighted Average Life Tables,141,"Class M-2, M-2R, M-2S, M-2T, M-2U and M-2I",M-2S,,To Scheduled Maturity Date,no,5,0.00%,0.00%,7.88
Weighted Average Life Tables,141,"Class M-2, M-2R, M-2S, M-2T, M-2U and M-2I",M-2S,,To Scheduled Maturity Date,no,10,0.00%,0.00%,4.43
Weighted Average Life Tables,141,"Class M-2, M-2R, M-2S, M-2T, M-2U and M-2I",M-2S,,To Scheduled Maturity Date,no,15,0.00%,0.00%,3.00
Weighted Average Life Tables,141,"Class M-2, M-2R, M-2S, M-2T, M-2U and M-2I",M-2S,,To Scheduled Maturity Date,no,25,0.00%,0.00%,1.74
Weighted Average Life Tables,141,"Class M-2, M-2R, M-2S, M-2T, M-2U and M-2I",M-2S,,To Scheduled Maturity Date,no,35,0.00%,0.00%,1.17
Weighted Average Life Tables,141,"Class M-2, M-2R, M-2S, M-2T, M-2U and M-2I",M-2S,,To Early Redemption Date,yes,0,0.00%,0.00%,5.02
Weighted Average Life Tables,141,"Class M-2, M-2R, M-2S, M-2T, M-2U and M-2I",M-2S,,To Early Redemption Date,yes,5,0.00%,0.00%,5.02
Weighted Average Life Tables,141,"Class M-2, M-2R, M-2S, M-2T, M-2U and M-2I",M-2S,,To Early Redemption Date,yes,10,0.00%,0.00%,4.38
Weighted Average Life Tables,141,"Class M-2, M-2R, M-2S, M-2T, M-2U and M-2I",M-2S,,To Early Redemption Date,yes,15,0.00%,0.00%,3.00
Weighted Average Life Tables,141,"Class M-2, M-2R, M-2S, M-2T, M-2U and M-2I",M-2S,,To Early Redemption Date,yes,25,0.00%,0.00%,1.74
Weighted Average Life Tables,141,"Class M-2, M-2R, M-2S, M-2T, M-2U and M-2I",M-2S,,To Early Redemption Date,yes,35,0.00%,0.00%,1.17
Weighted Average Life Tables,141,"Class M-2, M-2R, M-2S, M-2T, M-2U and M-2I",M-2T,,To Scheduled Maturity Date,no,0,0.00%,0.00%,18.61
Weighted Average Life Tables,141,"Class M-2, M-2R, M-2S, M-2T, M-2U and M-2I",M-2T,,To Scheduled Maturity Date,no,5,0.00%,0.00%,7.88
Weighted Average Life Tables,141,"Class M-2, M-2R, M-2S, M-2T, M-2U and M-2I",M-2T,,To Scheduled Maturity Date,no,10,0.00%,0.00%,4.43
Weighted Average Life Tables,141,"Class M-2, M-2R, M-2S, M-2T, M-2U and M-2I",M-2T,,To Scheduled Maturity Date,no,15,0.00%,0.00%,3.00
Weighted Average Life Tables,141,"Class M-2, M-2R, M-2S, M-2T, M-2U and M-2I",M-2T,,To Scheduled Maturity Date,no,25,0.00%,0.00%,1.74
Weighted Average Life Tables,141,"Class M-2, M-2R, M-2S, M-2T, M-2U and M-2I",M-2T,,To Scheduled Maturity Date,no,35,0.00%,0.00%,1.17
Weighted Average Life Tables,141,"Class M-2, M-2R, M-2S, M-2T, M-2U and M-2I",M-2T,,To Early Redemption Date,yes,0,0.00%,0.00%,5.02
Weighted Average Life Tables,141,"Class M-2, M-2R, M-2S, M-2T, M-2U and M-2I",M-2T,,To Early Redemption Date,yes,5,0.00%,0.00%,5.02
Weighted Average Life Tables,141,"Class M-2, M-2R, M-2S, M-2T, M-2U and M-2I",M-2T,,To Early Redemption Date,yes,10,0.00%,0.00%,4.38
Weighted Average Life Tables,141,"Class M-2, M-2R, M-2S, M-2T, M-2U and M-2I",M-2T,,To Early Redemption Date,yes,15,0.00%,0.00%,3.00
Weighted Average Life Tables,141,"Class M-2, M-2R, M-2S, M-2T, M-2U and M-2I",M-2T,,To Early Redemption Date,yes,25,0.00%,0.00%,1.74
Weighted Average Life Tables,141,"Class M-2, M-2R, M-2S, M-2T, M-2U and M-2I",M-2T,,To Early Redemption Date,yes,35,0.00%,0.00%,1.17
Weighted Average Life Tables,141,"Class M-2, M-2R, M-2S, M-2T, M-2U and M-2I",M-2U,,To Scheduled Maturity Date,no,0,0.00%,0.00%,18.61
Weighted Average Life Tables,141,"Class M-2, M-2R, M-2S, M-2T, M-2U and M-2I",M-2U,,To Scheduled Maturity Date,no,5,0.00%,0.00%,7.88
Weighted Average Life Tables,141,"Class M-2, M-2R, M-2S, M-2T, M-2U and M-2I",M-2U,,To Scheduled Maturity Date,no,10,0.00%,0.00%,4.43
Weighted Average Life Tables,141,"Class M-2, M-2R, M-2S, M-2T, M-2U and M-2I",M-2U,,To Scheduled Maturity Date,no,15,0.00%,0.00%,3.00
Weighted Average Life Tables,141,"Class M-2, M-2R, M-2S, M-2T, M-2U and M-2I",M-2U,,To Scheduled Maturity Date,no,25,0.00%,0.00%,1.74
Weighted Average Life Tables,141,"Class M-2, M-2R, M-2S, M-2T, M-2U and M-2I",M-2U,,To Scheduled Maturity Date,no,35,0.00%,0.00%,1.17
Weighted Average Life Tables,141,"Class M-2, M-2R, M-2S, M-2T, M-2U and M-2I",M-2U,,To Early Redemption Date,yes,0,0.00%,0.00%,5.02
Weighted Average Life Tables,141,"Class M-2, M-2R, M-2S, M-2T, M-2U and M-2I",M-2U,,To Early Redemption Date,yes,5,0.00%,0.00%,5.02
Weighted Average Life Tables,141,"Class M-2, M-2R, M-2S, M-2T, M-2U and M-2I",M-2U,,To Early Redemption Date,yes,10,0.00%,0.00%,4.38
Weighted Average Life Tables,141,"Class M-2, M-2R, M-2S, M-2T, M-2U and M-2I",M-2U,,To Early Redemption Date,yes,15,0.00%,0.00%,3.00
Weighted Average Life Tables,141,"Class M-2, M-2R, M-2S, M-2T, M-2U and M-2I",M-2U,,To Early Redemption Date,yes,25,0.00%,0.00%,1.74
Weighted Average Life Tables,141,"Class M-2, M-2R, M-2S, M-2T, M-2U and M-2I",M-2U,,To Early Redemption Date,yes,35,0.00%,0.00%,1.17
Weighted Average Life Tables,141,"Class M-2, M-2R, M-2S, M-2T, M-2U and M-2I",M-2I,,To Scheduled Maturity Date,no,0,0.00%,0.00%,18.61
Weighted Average Life Tables,141,"Class M-2, M-2R, M-2S, M-2T, M-2U and M-2I",M-2I,,To Scheduled Maturity Date,no,5,0.00%,0.00%,7.88
Weighted Average Life Tables,141,"Class M-2, M-2R, M-2S, M-2T, M-2U and M-2I",M-2I,,To Scheduled Maturity Date,no,10,0.00%,0.00%,4.43
Weighted Average Life Tables,141,"Class M-2, M-2R, M-2S, M-2T, M-2U and M-2I",M-2I,,To Scheduled Maturity Date,no,15,0.00%,0.00%,3.00
Weighted Average Life Tables,141,"Class M-2, M-2R, M-2S, M-2T, M-2U and M-2I",M-2I,,To Scheduled Maturity Date,no,25,0.00%,0.00%,1.74
Weighted Average Life Tables,141,"Class M-2, M-2R, M-2S, M-2T, M-2U and M-2I",M-2I,,To Scheduled Maturity Date,no,35,0.00%,0.00%,1.17
Weighted Average Life Tables,141,"Class M-2, M-2R, M-2S, M-2T, M-2U and M-2I",M-2I,,To Early Redemption Date,yes,0,0.00%,0.00%,5.02
Weighted Average Life Tables,141,"Class M-2, M-2R, M-2S, M-2T, M-2U and M-2I",M-2I,,To Early Redemption Date,yes,5,0.00%,0.00%,5.02
Weighted Average Life Tables,141,"Class M-2, M-2R, M-2S, M-2T, M-2U and M-2I",M-2I,,To Early Redemption Date,yes,10,0.00%,0.00%,4.38
Weighted Average Life Tables,141,"Class M-2, M-2R, M-2S, M-2T, M-2U and M-2I",M-2I,,To Early Redemption Date,yes,15,0.00%,0.00%,3.00
Weighted Average Life Tables,141,"Class M-2, M-2R, M-2S, M-2T, M-2U and M-2I",M-2I,,To Early Redemption Date,yes,25,0.00%,0.00%,1.74
Weighted Average Life Tables,141,"Class M-2, M-2R, M-2S, M-2T, M-2U and M-2I",M-2I,,To Early Redemption Date,yes,35,0.00%,0.00%,1.17
Weighted Average Life Tables,141,"Class M-2, M-2R, M-2S, M-2T, M-2U and M-2I",M-2,,To Scheduled Maturity Date,no,0,0.25%,0.00%,20.02
Weighted Average Life Tables,141,"Class M-2, M-2R, M-2S, M-2T, M-2U and M-2I",M-2,,To Scheduled Maturity Date,no,5,0.25%,0.00%,11.97
Weighted Average Life Tables,141,"Class M-2, M-2R, M-2S, M-2T, M-2U and M-2I",M-2,,To Scheduled Maturity Date,no,10,0.25%,0.00%,5.65
Weighted Average Life Tables,141,"Class M-2, M-2R, M-2S, M-2T, M-2U and M-2I",M-2,,To Scheduled Maturity Date,no,15,0.25%,0.00%,3.54
Weighted Average Life Tables,141,"Class M-2, M-2R, M-2S, M-2T, M-2U and M-2I",M-2,,To Scheduled Maturity Date,no,25,0.25%,0.00%,1.95
Weighted Average Life Tables,141,"Class M-2, M-2R, M-2S, M-2T, M-2U and M-2I",M-2,,To Scheduled Maturity Date,no,35,0.25%,0.00%,1.28
Weighted Average Life Tables,141,"Class M-2, M-2R, M-2S, M-2T, M-2U and M-2I",M-2,,To Early Redemption Date,yes,0,0.25%,0.00%,5.02
Weighted Average Life Tables,141,"Class M-2, M-2R, M-2S, M-2T, M-2U and M-2I",M-2,,To Early Redemption Date,yes,5,0.25%,0.00%,5.02
Weighted Average Life Tables,141,"Class M-2, M-2R, M-2S, M-2T, M-2U and M-2I",M-2,,To Early Redemption Date,yes,10,0.25%,0.00%,4.92
Weighted Average Life Tables,141,"Class M-2, M-2R, M-2S, M-2T, M-2U and M-2I",M-2,,To Early Redemption Date,yes,15,0.25%,0.00%,3.54
Weighted Average Life Tables,141,"Class M-2, M-2R, M-2S, M-2T, M-2U and M-2I",M-2,,To Early Redemption Date,yes,25,0.25%,0.00%,1.95
Weighted Average Life Tables,141,"Class M-2, M-2R, M-2S, M-2T, M-2U and M-2I",M-2,,To Early Redemption Date,yes,35,0.25%,0.00%,1.28
Weighted Average Life Tables,141,"Class M-2, M-2R, M-2S, M-2T, M-2U and M-2I",M-2R,,To Scheduled Maturity Date,no,0,0.25%,0.00%,20.02
Weighted Average Life Tables,141,"Class M-2, M-2R, M-2S, M-2T, M-2U and M-2I",M-2R,,To Scheduled Maturity Date,no,5,0.25%,0.00%,11.97
Weighted Average Life Tables,141,"Class M-2, M-2R, M-2S, M-2T, M-2U and M-2I",M-2R,,To Scheduled Maturity Date,no,10,0.25%,0.00%,5.65
Weighted Average Life Tables,141,"Class M-2, M-2R, M-2S, M-2T, M-2U and M-2I",M-2R,,To Scheduled Maturity Date,no,15,0.25%,0.00%,3.54
Weighted Average Life Tables,141,"Class M-2, M-2R, M-2S, M-2T, M-2U and M-2I",M-2R,,To Scheduled Maturity Date,no,25,0.25%,0.00%,1.95
Weighted Average Life Tables,141,"Class M-2, M-2R, M-2S, M-2T, M-2U and M-2I",M-2R,,To Scheduled Maturity Date,no,35,0.25%,0.00%,1.28
Weighted Average Life Tables,141,"Class M-2, M-2R, M-2S, M-2T, M-2U and M-2I",M-2R,,To Early Redemption Date,yes,0,0.25%,0.00%,5.02
Weighted Average Life Tables,141,"Class M-2, M-2R, M-2S, M-2T, M-2U and M-2I",M-2R,,To Early Redemption Date,yes,5,0.25%,0.00%,5.02
Weighted Average Life Tables,141,"Class M-2, M-2R, M-2S, M-2T, M-2U and M-2I",M-2R,,To Early Redemption Date,yes,10,0.25%,0.00%,4.92
Weighted Average Life Tables,141,"Class M-2, M-2R, M-2S, M-2T, M-2U and M-2I",M-2R,,To Early Redemption Date,yes,15,0.25%,0.00%,3.54
Weighted Average Life Tables,141,"Class M-2, M-2R, M-2S, M-2T, M-2U and M-2I",M-2R,,To Early Redemption Date,yes,25,0.25%,0.00%,1.95
Weighted Average Life Tables,141,"Class M-2, M-2R, M-2S, M-2T, M-2U and M-2I",M-2R,,To Early Redemption Date,yes,35,0.25%,0.00%,1.28
Weighted Average Life Tables,141,"Class M-2, M-2R, M-2S, M-2T, M-2U and M-2I",M-2S,,To Scheduled Maturity Date,no,0,0.25%,0.00%,20.02
Weighted Average Life Tables,141,"Class M-2, M-2R, M-2S, M-2T, M-2U and M-2I",M-2S,,To Scheduled Maturity Date,no,5,0.25%,0.00%,11.97
Weighted Average Life Tables,141,"Class M-2, M-2R, M-2S, M-2T, M-2U and M-2I",M-2S,,To Scheduled Maturity Date,no,10,0.25%,0.00%,5.65
Weighted Average Life Tables,141,"Class M-2, M-2R, M-2S, M-2T, M-2U and M-2I",M-2S,,To Scheduled Maturity Date,no,15,0.25%,0.00%,3.54
Weighted Average Life Tables,141,"Class M-2, M-2R, M-2S, M-2T, M-2U and M-2I",M-2S,,To Scheduled Maturity Date,no,25,0.25%,0.00%,1.95
Weighted Average Life Tables,141,"Class M-2, M-2R, M-2S, M-2T, M-2U and M-2I",M-2S,,To Scheduled Maturity Date,no,35,0.25%,0.00%,1.28
Weighted Average Life Tables,141,"Class M-2, M-2R, M-2S, M-2T, M-2U and M-2I",M-2S,,To Early Redemption Date,yes,0,0.25%,0.00%,5.02
Weighted Average Life Tables,141,"Class M-2, M-2R, M-2S, M-2T, M-2U and M-2I",M-2S,,To Early Redemption Date,yes,5,0.25%,0.00%,5.02
Weighted Average Life Tables,141,"Class M-2, M-2R, M-2S, M-2T, M-2U and M-2I",M-2S,,To Early Redemption Date,yes,10,0.25%,0.00%,4.92
Weighted Average Life Tables,141,"Class M-2, M-2R, M-2S, M-2T, M-2U and M-2I",M-2S,,To Early Redemption Date,yes,15,0.25%,0.00%,3.54
Weighted Average Life Tables,141,"Class M-2, M-2R, M-2S, M-2T, M-2U and M-2I",M-2S,,To Early Redemption Date,yes,25,0.25%,0.00%,1.95
Weighted Average Life Tables,141,"Class M-2, M-2R, M-2S, M-2T, M-2U and M-2I",M-2S,,To Early Redemption Date,yes,35,0.25%,0.00%,1.28
Weighted Average Life Tables,141,"Class M-2, M-2R, M-2S, M-2T, M-2U and M-2I",M-2T,,To Scheduled Maturity Date,no,0,0.25%,0.00%,20.02
Weighted Average Life Tables,141,"Class M-2, M-2R, M-2S, M-2T, M-2U and M-2I",M-2T,,To Scheduled Maturity Date,no,5,0.25%,0.00%,11.97
Weighted Average Life Tables,141,"Class M-2, M-2R, M-2S, M-2T, M-2U and M-2I",M-2T,,To Scheduled Maturity Date,no,10,0.25%,0.00%,5.65
Weighted Average Life Tables,141,"Class M-2, M-2R, M-2S, M-2T, M-2U and M-2I",M-2T,,To Scheduled Maturity Date,no,15,0.25%,0.00%,3.54
Weighted Average Life Tables,141,"Class M-2, M-2R, M-2S, M-2T, M-2U and M-2I",M-2T,,To Scheduled Maturity Date,no,25,0.25%,0.00%,1.95
Weighted Average Life Tables,141,"Class M-2, M-2R, M-2S, M-2T, M-2U and M-2I",M-2T,,To Scheduled Maturity Date,no,35,0.25%,0.00%,1.28
Weighted Average Life Tables,141,"Class M-2, M-2R, M-2S, M-2T, M-2U and M-2I",M-2T,,To Early Redemption Date,yes,0,0.25%,0.00%,5.02
Weighted Average Life Tables,141,"Class M-2, M-2R, M-2S, M-2T, M-2U and M-2I",M-2T,,To Early Redemption Date,yes,5,0.25%,0.00%,5.02
Weighted Average Life Tables,141,"Class M-2, M-2R, M-2S, M-2T, M-2U and M-2I",M-2T,,To Early Redemption Date,yes,10,0.25%,0.00%,4.92
Weighted Average Life Tables,141,"Class M-2, M-2R, M-2S, M-2T, M-2U and M-2I",M-2T,,To Early Redemption Date,yes,15,0.25%,0.00%,3.54
Weighted Average Life Tables,141,"Class M-2, M-2R, M-2S, M-2T, M-2U and M-2I",M-2T,,To Early Redemption Date,yes,25,0.25%,0.00%,1.95
Weighted Average Life Tables,141,"Class M-2, M-2R, M-2S, M-2T, M-2U and M-2I",M-2T,,To Early Redemption Date,yes,35,0.25%,0.00%,1.28
Weighted Average Life Tables,141,"Class M-2, M-2R, M-2S, M-2T, M-2U and M-2I",M-2U,,To Scheduled Maturity Date,no,0,0.25%,0.00%,20.02
Weighted Average Life Tables,141,"Class M-2, M-2R, M-2S, M-2T, M-2U and M-2I",M-2U,,To Scheduled Maturity Date,no,5,0.25%,0.00%,11.97
Weighted Average Life Tables,141,"Class M-2, M-2R, M-2S, M-2T, M-2U and M-2I",M-2U,,To Scheduled Maturity Date,no,10,0.25%,0.00%,5.65
Weighted Average Life Tables,141,"Class M-2, M-2R, M-2S, M-2T, M-2U and M-2I",M-2U,,To Scheduled Maturity Date,no,15,0.25%,0.00%,3.54
Weighted Average Life Tables,141,"Class M-2, M-2R, M-2S, M-2T, M-2U and M-2I",M-2U,,To Scheduled Maturity Date,no,25,0.25%,0.00%,1.95
Weighted Average Life Tables,141,"Class M-2, M-2R, M-2S, M-2T, M-2U and M-2I",M-2U,,To Scheduled Maturity Date,no,35,0.25%,0.00%,1.28
Weighted Average Life Tables,141,"Class M-2, M-2R, M-2S, M-2T, M-2U and M-2I",M-2U,,To Early Redemption Date,yes,0,0.25%,0.00%,5.02
Weighted Average Life Tables,141,"Class M-2, M-2R, M-2S, M-2T, M-2U and M-2I",M-2U,,To Early Redemption Date,yes,5,0.25%,0.00%,5.02
Weighted Average Life Tables,141,"Class M-2, M-2R, M-2S, M-2T, M-2U and M-2I",M-2U,,To Early Redemption Date,yes,10,0.25%,0.00%,4.92
Weighted Average Life Tables,141,"Class M-2, M-2R, M-2S, M-2T, M-2U and M-2I",M-2U,,To Early Redemption Date,yes,15,0.25%,0.00%,3.54
Weighted Average Life Tables,141,"Class M-2, M-2R, M-2S, M-2T, M-2U and M-2I",M-2U,,To Early Redemption Date,yes,25,0.25%,0.00%,1.95
Weighted Average Life Tables,141,"Class M-2, M-2R, M-2S, M-2T, M-2U and M-2I",M-2U,,To Early Redemption Date,yes,35,0.25%,0.00%,1.28
Weighted Average Life Tables,141,"Class M-2, M-2R, M-2S, M-2T, M-2U and M-2I",M-2I,,To Scheduled Maturity Date,no,0,0.25%,0.00%,20.02
Weighted Average Life Tables,141,"Class M-2, M-2R, M-2S, M-2T, M-2U and M-2I",M-2I,,To Scheduled Maturity Date,no,5,0.25%,0.00%,11.97
Weighted Average Life Tables,141,"Class M-2, M-2R, M-2S, M-2T, M-2U and M-2I",M-2I,,To Scheduled Maturity Date,no,10,0.25%,0.00%,5.65
Weighted Average Life Tables,141,"Class M-2, M-2R, M-2S, M-2T, M-2U and M-2I",M-2I,,To Scheduled Maturity Date,no,15,0.25%,0.00%,3.54
Weighted Average Life Tables,141,"Class M-2, M-2R, M-2S, M-2T, M-2U and M-2I",M-2I,,To Scheduled Maturity Date,no,25,0.25%,0.00%,1.95
Weighted Average Life Tables,141,"Class M-2, M-2R, M-2S, M-2T, M-2U and M-2I",M-2I,,To Scheduled Maturity Date,no,35,0.25%,0.00%,1.28
Weighted Average Life Tables,141,"Class M-2, M-2R, M-2S, M-2T, M-2U and M-2I",M-2I,,To Early Redemption Date,yes,0,0.25%,0.00%,5.02
Weighted Average Life Tables,141,"Class M-2, M-2R, M-2S, M-2T, M-2U and M-2I",M-2I,,To Early Redemption Date,yes,5,0.25%,0.00%,5.02
Weighted Average Life Tables,141,"Class M-2, M-2R, M-2S, M-2T, M-2U and M-2I",M-2I,,To Early Redemption Date,yes,10,0.25%,0.00%,4.92
Weighted Average Life Tables,141,"Class M-2, M-2R, M-2S, M-2T, M-2U and M-2I",M-2I,,To Early Redemption Date,yes,15,0.25%,0.00%,3.54
Weighted Average Life Tables,141,"Class M-2, M-2R, M-2S, M-2T, M-2U and M-2I",M-2I,,To Early Redemption Date,yes,25,0.25%,0.00%,1.95
Weighted Average Life Tables,141,"Class M-2, M-2R, M-2S, M-2T, M-2U and M-2I",M-2I,,To Early Redemption Date,yes,35,0.25%,0.00%,1.28
Weighted Average Life Tables,141,"Class M-2, M-2R, M-2S, M-2T, M-2U and M-2I",M-2,,To Scheduled Maturity Date,no,0,0.50%,0.00%,17.25
Weighted Average Life Tables,141,"Class M-2, M-2R, M-2S, M-2T, M-2U and M-2I",M-2,,To Scheduled Maturity Date,no,5,0.50%,0.00%,19.30
Weighted Average Life Tables,141,"Class M-2, M-2R, M-2S, M-2T, M-2U and M-2I",M-2,,To Scheduled Maturity Date,no,10,0.50%,0.00%,7.70
Weighted Average Life Tables,141,"Class M-2, M-2R, M-2S, M-2T, M-2U and M-2I",M-2,,To Scheduled Maturity Date,no,15,0.50%,0.00%,4.26
Weighted Average Life Tables,141,"Class M-2, M-2R, M-2S, M-2T, M-2U and M-2I",M-2,,To Scheduled Maturity Date,no,25,0.50%,0.00%,2.27
Weighted Average Life Tables,141,"Class M-2, M-2R, M-2S, M-2T, M-2U and M-2I",M-2,,To Scheduled Maturity Date,no,35,0.50%,0.00%,1.47
Weighted Average Life Tables,141,"Class M-2, M-2R, M-2S, M-2T, M-2U and M-2I",M-2,,To Early Redemption Date,yes,0,0.50%,0.00%,5.02
Weighted Average Life Tables,141,"Class M-2, M-2R, M-2S, M-2T, M-2U and M-2I",M-2,,To Early Redemption Date,yes,5,0.50%,0.00%,5.02
Weighted Average Life Tables,141,"Class M-2, M-2R, M-2S, M-2T, M-2U and M-2I",M-2,,To Early Redemption Date,yes,10,0.50%,0.00%,5.02
Weighted Average Life Tables,141,"Class M-2, M-2R, M-2S, M-2T, M-2U and M-2I",M-2,,To Early Redemption Date,yes,15,0.50%,0.00%,4.22
Weighted Average Life Tables,141,"Class M-2, M-2R, M-2S, M-2T, M-2U and M-2I",M-2,,To Early Redemption Date,yes,25,0.50%,0.00%,2.27
Weighted Average Life Tables,141,"Class M-2, M-2R, M-2S, M-2T, M-2U and M-2I",M-2,,To Early Redemption Date,yes,35,0.50%,0.00%,1.47
Weighted Average Life Tables,141,"Class M-2, M-2R, M-2S, M-2T, M-2U and M-2I",M-2R,,To Scheduled Maturity Date,no,0,0.50%,0.00%,17.25
Weighted Average Life Tables,141,"Class M-2, M-2R, M-2S, M-2T, M-2U and M-2I",M-2R,,To Scheduled Maturity Date,no,5,0.50%,0.00%,19.30
Weighted Average Life Tables,141,"Class M-2, M-2R, M-2S, M-2T, M-2U and M-2I",M-2R,,To Scheduled Maturity Date,no,10,0.50%,0.00%,7.70
Weighted Average Life Tables,141,"Class M-2, M-2R, M-2S, M-2T, M-2U and M-2I",M-2R,,To Scheduled Maturity Date,no,15,0.50%,0.00%,4.26
Weighted Average Life Tables,141,"Class M-2, M-2R, M-2S, M-2T, M-2U and M-2I",M-2R,,To Scheduled Maturity Date,no,25,0.50%,0.00%,2.27
Weighted Average Life Tables,141,"Class M-2, M-2R, M-2S, M-2T, M-2U and M-2I",M-2R,,To Scheduled Maturity Date,no,35,0.50%,0.00%,1.47
Weighted Average Life Tables,141,"Class M-2, M-2R, M-2S, M-2T, M-2U and M-2I",M-2R,,To Early Redemption Date,yes,0,0.50%,0.00%,5.02
Weighted Average Life Tables,141,"Class M-2, M-2R, M-2S, M-2T, M-2U and M-2I",M-2R,,To Early Redemption Date,yes,5,0.50%,0.00%,5.02
Weighted Average Life Tables,141,"Class M-2, M-2R, M-2S, M-2T, M-2U and M-2I",M-2R,,To Early Redemption Date,yes,10,0.50%,0.00%,5.02
Weighted Average Life Tables,141,"Class M-2, M-2R, M-2S, M-2T, M-2U and M-2I",M-2R,,To Early Redemption Date,yes,15,0.50%,0.00%,4.22
Weighted Average Life Tables,141,"Class M-2, M-2R, M-2S, M-2T, M-2U and M-2I",M-2R,,To Early Redemption Date,yes,25,0.50%,0.00%,2.27
Weighted Average Life Tables,141,"Class M-2, M-2R, M-2S, M-2T, M-2U and M-2I",M-2R,,To Early Redemption Date,yes,35,0.50%,0.00%,1.47
Weighted Average Life Tables,141,"Class M-2, M-2R, M-2S, M-2T, M-2U and M-2I",M-2S,,To Scheduled Maturity Date,no,0,0.50%,0.00%,17.25
Weighted Average Life Tables,141,"Class M-2, M-2R, M-2S, M-2T, M-2U and M-2I",M-2S,,To Scheduled Maturity Date,no,5,0.50%,0.00%,19.30
Weighted Average Life Tables,141,"Class M-2, M-2R, M-2S, M-2T, M-2U and M-2I",M-2S,,To Scheduled Maturity Date,no,10,0.50%,0.00%,7.70
Weighted Average Life Tables,141,"Class M-2, M-2R, M-2S, M-2T, M-2U and M-2I",M-2S,,To Scheduled Maturity Date,no,15,0.50%,0.00%,4.26
Weighted Average Life Tables,141,"Class M-2, M-2R, M-2S, M-2T, M-2U and M-2I",M-2S,,To Scheduled Maturity Date,no,25,0.50%,0.00%,2.27
Weighted Average Life Tables,141,"Class M-2, M-2R, M-2S, M-2T, M-2U and M-2I",M-2S,,To Scheduled Maturity Date,no,35,0.50%,0.00%,1.47
Weighted Average Life Tables,141,"Class M-2, M-2R, M-2S, M-2T, M-2U and M-2I",M-2S,,To Early Redemption Date,yes,0,0.50%,0.00%,5.02
Weighted Average Life Tables,141,"Class M-2, M-2R, M-2S, M-2T, M-2U and M-2I",M-2S,,To Early Redemption Date,yes,5,0.50%,0.00%,5.02
Weighted Average Life Tables,141,"Class M-2, M-2R, M-2S, M-2T, M-2U and M-2I",M-2S,,To Early Redemption Date,yes,10,0.50%,0.00%,5.02
Weighted Average Life Tables,141,"Class M-2, M-2R, M-2S, M-2T, M-2U and M-2I",M-2S,,To Early Redemption Date,yes,15,0.50%,0.00%,4.22
Weighted Average Life Tables,141,"Class M-2, M-2R, M-2S, M-2T, M-2U and M-2I",M-2S,,To Early Redemption Date,yes,25,0.50%,0.00%,2.27
Weighted Average Life Tables,141,"Class M-2, M-2R, M-2S, M-2T, M-2U and M-2I",M-2S,,To Early Redemption Date,yes,35,0.50%,0.00%,1.47
Weighted Average Life Tables,141,"Class M-2, M-2R, M-2S, M-2T, M-2U and M-2I",M-2T,,To Scheduled Maturity Date,no,0,0.50%,0.00%,17.25
Weighted Average Life Tables,141,"Class M-2, M-2R, M-2S, M-2T, M-2U and M-2I",M-2T,,To Scheduled Maturity Date,no,5,0.50%,0.00%,19.30
Weighted Average Life Tables,141,"Class M-2, M-2R, M-2S, M-2T, M-2U and M-2I",M-2T,,To Scheduled Maturity Date,no,10,0.50%,0.00%,7.70
Weighted Average Life Tables,141,"Class M-2, M-2R, M-2S, M-2T, M-2U and M-2I",M-2T,,To Scheduled Maturity Date,no,15,0.50%,0.00%,4.26
Weighted Average Life Tables,141,"Class M-2, M-2R, M-2S, M-2T, M-2U and M-2I",M-2T,,To Scheduled Maturity Date,no,25,0.50%,0.00%,2.27
Weighted Average Life Tables,141,"Class M-2, M-2R, M-2S, M-2T, M-2U and M-2I",M-2T,,To Scheduled Maturity Date,no,35,0.50%,0.00%,1.47
Weighted Average Life Tables,141,"Class M-2, M-2R, M-2S, M-2T, M-2U and M-2I",M-2T,,To Early Redemption Date,yes,0,0.50%,0.00%,5.02
Weighted Average Life Tables,141,"Class M-2, M-2R, M-2S, M-2T, M-2U and M-2I",M-2T,,To Early Redemption Date,yes,5,0.50%,0.00%,5.02
Weighted Average Life Tables,141,"Class M-2, M-2R, M-2S, M-2T, M-2U and M-2I",M-2T,,To Early Redemption Date,yes,10,0.50%,0.00%,5.02
Weighted Average Life Tables,141,"Class M-2, M-2R, M-2S, M-2T, M-2U and M-2I",M-2T,,To Early Redemption Date,yes,15,0.50%,0.00%,4.22
Weighted Average Life Tables,141,"Class M-2, M-2R, M-2S, M-2T, M-2U and M-2I",M-2T,,To Early Redemption Date,yes,25,0.50%,0.00%,2.27
Weighted Average Life Tables,141,"Class M-2, M-2R, M-2S, M-2T, M-2U and M-2I",M-2T,,To Early Redemption Date,yes,35,0.50%,0.00%,1.47
Weighted Average Life Tables,141,"Class M-2, M-2R, M-2S, M-2T, M-2U and M-2I",M-2U,,To Scheduled Maturity Date,no,0,0.50%,0.00%,17.25
Weighted Average Life Tables,141,"Class M-2, M-2R, M-2S, M-2T, M-2U and M-2I",M-2U,,To Scheduled Maturity Date,no,5,0.50%,0.00%,19.30
Weighted Average Life Tables,141,"Class M-2, M-2R, M-2S, M-2T, M-2U and M-2I",M-2U,,To Scheduled Maturity Date,no,10,0.50%,0.00%,7.70
Weighted Average Life Tables,141,"Class M-2, M-2R, M-2S, M-2T, M-2U and M-2I",M-2U,,To Scheduled Maturity Date,no,15,0.50%,0.00%,4.26
Weighted Average Life Tables,141,"Class M-2, M-2R, M-2S, M-2T, M-2U and M-2I",M-2U,,To Scheduled Maturity Date,no,25,0.50%,0.00%,2.27
Weighted Average Life Tables,141,"Class M-2, M-2R, M-2S, M-2T, M-2U and M-2I",M-2U,,To Scheduled Maturity Date,no,35,0.50%,0.00%,1.47
Weighted Average Life Tables,141,"Class M-2, M-2R, M-2S, M-2T, M-2U and M-2I",M-2U,,To Early Redemption Date,yes,0,0.50%,0.00%,5.02
Weighted Average Life Tables,141,"Class M-2, M-2R, M-2S, M-2T, M-2U and M-2I",M-2U,,To Early Redemption Date,yes,5,0.50%,0.00%,5.02
Weighted Average Life Tables,141,"Class M-2, M-2R, M-2S, M-2T, M-2U and M-2I",M-2U,,To Early Redemption Date,yes,10,0.50%,0.00%,5.02
Weighted Average Life Tables,141,"Class M-2, M-2R, M-2S, M-2T, M-2U and M-2I",M-2U,,To Early Redemption Date,yes,15,0.50%,0.00%,4.22
Weighted Average Life Tables,141,"Class M-2, M-2R, M-2S, M-2T, M-2U and M-2I",M-2U,,To Early Redemption Date,yes,25,0.50%,0.00%,2.27
Weighted Average Life Tables,141,"Class M-2, M-2R, M-2S, M-2T, M-2U and M-2I",M-2U,,To Early Redemption Date,yes,35,0.50%,0.00%,1.47
Weighted Average Life Tables,141,"Class M-2, M-2R, M-2S, M-2T, M-2U and M-2I",M-2I,,To Scheduled Maturity Date,no,0,0.50%,0.00%,17.25
Weighted Average Life Tables,141,"Class M-2, M-2R, M-2S, M-2T, M-2U and M-2I",M-2I,,To Scheduled Maturity Date,no,5,0.50%,0.00%,19.30
Weighted Average Life Tables,141,"Class M-2, M-2R, M-2S, M-2T, M-2U and M-2I",M-2I,,To Scheduled Maturity Date,no,10,0.50%,0.00%,7.70
Weighted Average Life Tables,141,"Class M-2, M-2R, M-2S, M-2T, M-2U and M-2I",M-2I,,To Scheduled Maturity Date,no,15,0.50%,0.00%,4.26
Weighted Average Life Tables,141,"Class M-2, M-2R, M-2S, M-2T, M-2U and M-2I",M-2I,,To Scheduled Maturity Date,no,25,0.50%,0.00%,2.27
Weighted Average Life Tables,141,"Class M-2, M-2R, M-2S, M-2T, M-2U and M-2I",M-2I,,To Scheduled Maturity Date,no,35,0.50%,0.00%,1.47
Weighted Average Life Tables,141,"Class M-2, M-2R, M-2S, M-2T, M-2U and M-2I",M-2I,,To Early Redemption Date,yes,0,0.50%,0.00%,5.02
Weighted Average Life Tables,141,"Class M-2, M-2R, M-2S, M-2T, M-2U and M-2I",M-2I,,To Early Redemption Date,yes,5,0.50%,0.00%,5.02
Weighted Average Life Tables,141,"Class M-2, M-2R, M-2S, M-2T, M-2U and M-2I",M-2I,,To Early Redemption Date,yes,10,0.50%,0.00%,5.02
Weighted Average Life Tables,141,"Class M-2, M-2R, M-2S, M-2T, M-2U and M-2I",M-2I,,To Early Redemption Date,yes,15,0.50%,0.00%,4.22
Weighted Average Life Tables,141,"Class M-2, M-2R, M-2S, M-2T, M-2U and M-2I",M-2I,,To Early Redemption Date,yes,25,0.50%,0.00%,2.27
Weighted Average Life Tables,141,"Class M-2, M-2R, M-2S, M-2T, M-2U and M-2I",M-2I,,To Early Redemption Date,yes,35,0.50%,0.00%,1.47
Weighted Average Life Tables,141,"Class M-2, M-2R, M-2S, M-2T, M-2U and M-2I",M-2,,To Scheduled Maturity Date,no,0,1.00%,0.00%,7.71
Weighted Average Life Tables,141,"Class M-2, M-2R, M-2S, M-2T, M-2U and M-2I",M-2,,To Scheduled Maturity Date,no,5,1.00%,0.00%,10.11
Weighted Average Life Tables,141,"Class M-2, M-2R, M-2S, M-2T, M-2U and M-2I",M-2,,To Scheduled Maturity Date,no,10,1.00%,0.00%,17.83
Weighted Average Life Tables,141,"Class M-2, M-2R, M-2S, M-2T, M-2U and M-2I",M-2,,To Scheduled Maturity Date,no,15,1.00%,0.00%,11.91
Weighted Average Life Tables,141,"Class M-2, M-2R, M-2S, M-2T, M-2U and M-2I",M-2,,To Scheduled Maturity Date,no,25,1.00%,0.00%,6.30
Weighted Average Life Tables,141,"Class M-2, M-2R, M-2S, M-2T, M-2U and M-2I",M-2,,To Scheduled Maturity Date,no,35,1.00%,0.00%,4.20
Weighted Average Life Tables,141,"Class M-2, M-2R, M-2S, M-2T, M-2U and M-2I",M-2,,To Early Redemption Date,yes,0,1.00%,0.00%,5.02
Weighted Average Life Tables,141,"Class M-2, M-2R, M-2S, M-2T, M-2U and M-2I",M-2,,To Early Redemption Date,yes,5,1.00%,0.00%,5.02
Weighted Average Life Tables,141,"Class M-2, M-2R, M-2S, M-2T, M-2U and M-2I",M-2,,To Early Redemption Date,yes,10,1.00%,0.00%,5.02
Weighted Average Life Tables,141,"Class M-2, M-2R, M-2S, M-2T, M-2U and M-2I",M-2,,To Early Redemption Date,yes,15,1.00%,0.00%,5.02
Weighted Average Life Tables,141,"Class M-2, M-2R, M-2S, M-2T, M-2U and M-2I",M-2,,To Early Redemption Date,yes,25,1.00%,0.00%,5.02
Weighted Average Life Tables,141,"Class M-2, M-2R, M-2S, M-2T, M-2U and M-2I",M-2,,To Early Redemption Date,yes,35,1.00%,0.00%,4.20
Weighted Average Life Tables,141,"Class M-2, M-2R, M-2S, M-2T, M-2U and M-2I",M-2R,,To Scheduled Maturity Date,no,0,1.00%,0.00%,7.71
Weighted Average Life Tables,141,"Class M-2, M-2R, M-2S, M-2T, M-2U and M-2I",M-2R,,To Scheduled Maturity Date,no,5,1.00%,0.00%,10.11
Weighted Average Life Tables,141,"Class M-2, M-2R, M-2S, M-2T, M-2U and M-2I",M-2R,,To Scheduled Maturity Date,no,10,1.00%,0.00%,17.83
Weighted Average Life Tables,141,"Class M-2, M-2R, M-2S, M-2T, M-2U and M-2I",M-2R,,To Scheduled Maturity Date,no,15,1.00%,0.00%,11.91
Weighted Average Life Tables,141,"Class M-2, M-2R, M-2S, M-2T, M-2U and M-2I",M-2R,,To Scheduled Maturity Date,no,25,1.00%,0.00%,6.30
Weighted Average Life Tables,141,"Class M-2, M-2R, M-2S, M-2T, M-2U and M-2I",M-2R,,To Scheduled Maturity Date,no,35,1.00%,0.00%,4.20
Weighted Average Life Tables,141,"Class M-2, M-2R, M-2S, M-2T, M-2U and M-2I",M-2R,,To Early Redemption Date,yes,0,1.00%,0.00%,5.02
Weighted Average Life Tables,141,"Class M-2, M-2R, M-2S, M-2T, M-2U and M-2I",M-2R,,To Early Redemption Date,yes,5,1.00%,0.00%,5.02
Weighted Average Life Tables,141,"Class M-2, M-2R, M-2S, M-2T, M-2U and M-2I",M-2R,,To Early Redemption Date,yes,10,1.00%,0.00%,5.02
Weighted Average Life Tables,141,"Class M-2, M-2R, M-2S, M-2T, M-2U and M-2I",M-2R,,To Early Redemption Date,yes,15,1.00%,0.00%,5.02
Weighted Average Life Tables,141,"Class M-2, M-2R, M-2S, M-2T, M-2U and M-2I",M-2R,,To Early Redemption Date,yes,25,1.00%,0.00%,5.02
Weighted Average Life Tables,141,"Class M-2, M-2R, M-2S, M-2T, M-2U and M-2I",M-2R,,To Early Redemption Date,yes,35,1.00%,0.00%,4.20
Weighted Average Life Tables,141,"Class M-2, M-2R, M-2S, M-2T, M-2U and M-2I",M-2S,,To Scheduled Maturity Date,no,0,1.00%,0.00%,7.71
Weighted Average Life Tables,141,"Class M-2, M-2R, M-2S, M-2T, M-2U and M-2I",M-2S,,To Scheduled Maturity Date,no,5,1.00%,0.00%,10.11
Weighted Average Life Tables,141,"Class M-2, M-2R, M-2S, M-2T, M-2U and M-2I",M-2S,,To Scheduled Maturity Date,no,10,1.00%,0.00%,17.83
Weighted Average Life Tables,141,"Class M-2, M-2R, M-2S, M-2T, M-2U and M-2I",M-2S,,To Scheduled Maturity Date,no,15,1.00%,0.00%,11.91
Weighted Average Life Tables,141,"Class M-2, M-2R, M-2S, M-2T, M-2U and M-2I",M-2S,,To Scheduled Maturity Date,no,25,1.00%,0.00%,6.30
Weighted Average Life Tables,141,"Class M-2, M-2R, M-2S, M-2T, M-2U and M-2I",M-2S,,To Scheduled Maturity Date,no,35,1.00%,0.00%,4.20
Weighted Average Life Tables,141,"Class M-2, M-2R, M-2S, M-2T, M-2U and M-2I",M-2S,,To Early Redemption Date,yes,0,1.00%,0.00%,5.02
Weighted Average Life Tables,141,"Class M-2, M-2R, M-2S, M-2T, M-2U and M-2I",M-2S,,To Early Redemption Date,yes,5,1.00%,0.00%,5.02
Weighted Average Life Tables,141,"Class M-2, M-2R, M-2S, M-2T, M-2U and M-2I",M-2S,,To Early Redemption Date,yes,10,1.00%,0.00%,5.02
Weighted Average Life Tables,141,"Class M-2, M-2R, M-2S, M-2T, M-2U and M-2I",M-2S,,To Early Redemption Date,yes,15,1.00%,0.00%,5.02
Weighted Average Life Tables,141,"Class M-2, M-2R, M-2S, M-2T, M-2U and M-2I",M-2S,,To Early Redemption Date,yes,25,1.00%,0.00%,5.02
Weighted Average Life Tables,141,"Class M-2, M-2R, M-2S, M-2T, M-2U and M-2I",M-2S,,To Early Redemption Date,yes,35,1.00%,0.00%,4.20
Weighted Average Life Tables,141,"Class M-2, M-2R, M-2S, M-2T, M-2U and M-2I",M-2T,,To Scheduled Maturity Date,no,0,1.00%,0.00%,7.71
Weighted Average Life Tables,141,"Class M-2, M-2R, M-2S, M-2T, M-2U and M-2I",M-2T,,To Scheduled Maturity Date,no,5,1.00%,0.00%,10.11
Weighted Average Life Tables,141,"Class M-2, M-2R, M-2S, M-2T, M-2U and M-2I",M-2T,,To Scheduled Maturity Date,no,10,1.00%,0.00%,17.83
Weighted Average Life Tables,141,"Class M-2, M-2R, M-2S, M-2T, M-2U and M-2I",M-2T,,To Scheduled Maturity Date,no,15,1.00%,0.00%,11.91
Weighted Average Life Tables,141,"Class M-2, M-2R, M-2S, M-2T, M-2U and M-2I",M-2T,,To Scheduled Maturity Date,no,25,1.00%,0.00%,6.30
Weighted Average Life Tables,141,"Class M-2, M-2R, M-2S, M-2T, M-2U and M-2I",M-2T,,To Scheduled Maturity Date,no,35,1.00%,0.00%,4.20
Weighted Average Life Tables,141,"Class M-2, M-2R, M-2S, M-2T, M-2U and M-2I",M-2T,,To Early Redemption Date,yes,0,1.00%,0.00%,5.02
Weighted Average Life Tables,141,"Class M-2, M-2R, M-2S, M-2T, M-2U and M-2I",M-2T,,To Early Redemption Date,yes,5,1.00%,0.00%,5.02
Weighted Average Life Tables,141,"Class M-2, M-2R, M-2S, M-2T, M-2U and M-2I",M-2T,,To Early Redemption Date,yes,10,1.00%,0.00%,5.02
Weighted Average Life Tables,141,"Class M-2, M-2R, M-2S, M-2T, M-2U and M-2I",M-2T,,To Early Redemption Date,yes,15,1.00%,0.00%,5.02
Weighted Average Life Tables,141,"Class M-2, M-2R, M-2S, M-2T, M-2U and M-2I",M-2T,,To Early Redemption Date,yes,25,1.00%,0.00%,5.02
Weighted Average Life Tables,141,"Class M-2, M-2R, M-2S, M-2T, M-2U and M-2I",M-2T,,To Early Redemption Date,yes,35,1.00%,0.00%,4.20
Weighted Average Life Tables,141,"Class M-2, M-2R, M-2S, M-2T, M-2U and M-2I",M-2U,,To Scheduled Maturity Date,no,0,1.00%,0.00%,7.71
Weighted Average Life Tables,141,"Class M-2, M-2R, M-2S, M-2T, M-2U and M-2I",M-2U,,To Scheduled Maturity Date,no,5,1.00%,0.00%,10.11
Weighted Average Life Tables,141,"Class M-2, M-2R, M-2S, M-2T, M-2U and M-2I",M-2U,,To Scheduled Maturity Date,no,10,1.00%,0.00%,17.83
Weighted Average Life Tables,141,"Class M-2, M-2R, M-2S, M-2T, M-2U and M-2I",M-2U,,To Scheduled Maturity Date,no,15,1.00%,0.00%,11.91
Weighted Average Life Tables,141,"Class M-2, M-2R, M-2S, M-2T, M-2U and M-2I",M-2U,,To Scheduled Maturity Date,no,25,1.00%,0.00%,6.30
Weighted Average Life Tables,141,"Class M-2, M-2R, M-2S, M-2T, M-2U and M-2I",M-2U,,To Scheduled Maturity Date,no,35,1.00%,0.00%,4.20
Weighted Average Life Tables,141,"Class M-2, M-2R, M-2S, M-2T, M-2U and M-2I",M-2U,,To Early Redemption Date,yes,0,1.00%,0.00%,5.02
Weighted Average Life Tables,141,"Class M-2, M-2R, M-2S, M-2T, M-2U and M-2I",M-2U,,To Early Redemption Date,yes,5,1.00%,0.00%,5.02
Weighted Average Life Tables,141,"Class M-2, M-2R, M-2S, M-2T, M-2U and M-2I",M-2U,,To Early Redemption Date,yes,10,1.00%,0.00%,5.02
Weighted Average Life Tables,141,"Class M-2, M-2R, M-2S, M-2T, M-2U and M-2I",M-2U,,To Early Redemption Date,yes,15,1.00%,0.00%,5.02
Weighted Average Life Tables,141,"Class M-2, M-2R, M-2S, M-2T, M-2U and M-2I",M-2U,,To Early Redemption Date,yes,25,1.00%,0.00%,5.02
Weighted Average Life Tables,141,"Class M-2, M-2R, M-2S, M-2T, M-2U and M-2I",M-2U,,To Early Redemption Date,yes,35,1.00%,0.00%,4.20
Weighted Average Life Tables,141,"Class M-2, M-2R, M-2S, M-2T, M-2U and M-2I",M-2I,,To Scheduled Maturity Date,no,0,1.00%,0.00%,7.71
Weighted Average Life Tables,141,"Class M-2, M-2R, M-2S, M-2T, M-2U and M-2I",M-2I,,To Scheduled Maturity Date,no,5,1.00%,0.00%,10.11
Weighted Average Life Tables,141,"Class M-2, M-2R, M-2S, M-2T, M-2U and M-2I",M-2I,,To Scheduled Maturity Date,no,10,1.00%,0.00%,17.83
Weighted Average Life Tables,141,"Class M-2, M-2R, M-2S, M-2T, M-2U and M-2I",M-2I,,To Scheduled Maturity Date,no,15,1.00%,0.00%,11.91
Weighted Average Life Tables,141,"Class M-2, M-2R, M-2S, M-2T, M-2U and M-2I",M-2I,,To Scheduled Maturity Date,no,25,1.00%,0.00%,6.30
Weighted Average Life Tables,141,"Class M-2, M-2R, M-2S, M-2T, M-2U and M-2I",M-2I,,To Scheduled Maturity Date,no,35,1.00%,0.00%,4.20
Weighted Average Life Tables,141,"Class M-2, M-2R, M-2S, M-2T, M-2U and M-2I",M-2I,,To Early Redemption Date,yes,0,1.00%,0.00%,5.02
Weighted Average Life Tables,141,"Class M-2, M-2R, M-2S, M-2T, M-2U and M-2I",M-2I,,To Early Redemption Date,yes,5,1.00%,0.00%,5.02
Weighted Average Life Tables,141,"Class M-2, M-2R, M-2S, M-2T, M-2U and M-2I",M-2I,,To Early Redemption Date,yes,10,1.00%,0.00%,5.02
Weighted Average Life Tables,141,"Class M-2, M-2R, M-2S, M-2T, M-2U and M-2I",M-2I,,To Early Redemption Date,yes,15,1.00%,0.00%,5.02
Weighted Average Life Tables,141,"Class M-2, M-2R, M-2S, M-2T, M-2U and M-2I",M-2I,,To Early Redemption Date,yes,25,1.00%,0.00%,5.02
Weighted Average Life Tables,141,"Class M-2, M-2R, M-2S, M-2T, M-2U and M-2I",M-2I,,To Early Redemption Date,yes,35,1.00%,0.00%,4.20
Weighted Average Life Tables,141,"Class M-2, M-2R, M-2S, M-2T, M-2U and M-2I",M-2,,To Scheduled Maturity Date,no,0,1.50%,0.00%,5.01
Weighted Average Life Tables,141,"Class M-2, M-2R, M-2S, M-2T, M-2U and M-2I",M-2,,To Scheduled Maturity Date,no,5,1.50%,0.00%,5.85
Weighted Average Life Tables,141,"Class M-2, M-2R, M-2S, M-2T, M-2U and M-2I",M-2,,To Scheduled Maturity Date,no,10,1.50%,0.00%,7.38
Weighted Average Life Tables,141,"Class M-2, M-2R, M-2S, M-2T, M-2U and M-2I",M-2,,To Scheduled Maturity Date,no,15,1.50%,0.00%,13.08
Weighted Average Life Tables,141,"Class M-2, M-2R, M-2S, M-2T, M-2U and M-2I",M-2,,To Scheduled Maturity Date,no,25,1.50%,0.00%,6.45
Weighted Average Life Tables,141,"Class M-2, M-2R, M-2S, M-2T, M-2U and M-2I",M-2,,To Scheduled Maturity Date,no,35,1.50%,0.00%,4.28
Weighted Average Life Tables,141,"Class M-2, M-2R, M-2S, M-2T, M-2U and M-2I",M-2,,To Early Redemption Date,yes,0,1.50%,0.00%,4.85
Weighted Average Life Tables,141,"Class M-2, M-2R, M-2S, M-2T, M-2U and M-2I",M-2,,To Early Redemption Date,yes,5,1.50%,0.00%,5.02
Weighted Average Life Tables,141,"Class M-2, M-2R, M-2S, M-2T, M-2U and M-2I",M-2,,To Early Redemption Date,yes,10,1.50%,0.00%,5.02
Weighted Average Life Tables,141,"Class M-2, M-2R, M-2S, M-2T, M-2U and M-2I",M-2,,To Early Redemption Date,yes,15,1.50%,0.00%,5.02
Weighted Average Life Tables,141,"Class M-2, M-2R, M-2S, M-2T, M-2U and M-2I",M-2,,To Early Redemption Date,yes,25,1.50%,0.00%,5.02
Weighted Average Life Tables,141,"Class M-2, M-2R, M-2S, M-2T, M-2U and M-2I",M-2,,To Early Redemption Date,yes,35,1.50%,0.00%,4.28
Weighted Average Life Tables,141,"Class M-2, M-2R, M-2S, M-2T, M-2U and M-2I",M-2R,,To Scheduled Maturity Date,no,0,1.50%,0.00%,5.01
Weighted Average Life Tables,141,"Class M-2, M-2R, M-2S, M-2T, M-2U and M-2I",M-2R,,To Scheduled Maturity Date,no,5,1.50%,0.00%,5.85
Weighted Average Life Tables,141,"Class M-2, M-2R, M-2S, M-2T, M-2U and M-2I",M-2R,,To Scheduled Maturity Date,no,10,1.50%,0.00%,7.38
Weighted Average Life Tables,141,"Class M-2, M-2R, M-2S, M-2T, M-2U and M-2I",M-2R,,To Scheduled Maturity Date,no,15,1.50%,0.00%,13.08
Weighted Average Life Tables,141,"Class M-2, M-2R, M-2S, M-2T, M-2U and M-2I",M-2R,,To Scheduled Maturity Date,no,25,1.50%,0.00%,6.45
Weighted Average Life Tables,141,"Class M-2, M-2R, M-2S, M-2T, M-2U and M-2I",M-2R,,To Scheduled Maturity Date,no,35,1.50%,0.00%,4.28
Weighted Average Life Tables,141,"Class M-2, M-2R, M-2S, M-2T, M-2U and M-2I",M-2R,,To Early Redemption Date,yes,0,1.50%,0.00%,4.85
Weighted Average Life Tables,141,"Class M-2, M-2R, M-2S, M-2T, M-2U and M-2I",M-2R,,To Early Redemption Date,yes,5,1.50%,0.00%,5.02
Weighted Average Life Tables,141,"Class M-2, M-2R, M-2S, M-2T, M-2U and M-2I",M-2R,,To Early Redemption Date,yes,10,1.50%,0.00%,5.02
Weighted Average Life Tables,141,"Class M-2, M-2R, M-2S, M-2T, M-2U and M-2I",M-2R,,To Early Redemption Date,yes,15,1.50%,0.00%,5.02
Weighted Average Life Tables,141,"Class M-2, M-2R, M-2S, M-2T, M-2U and M-2I",M-2R,,To Early Redemption Date,yes,25,1.50%,0.00%,5.02
Weighted Average Life Tables,141,"Class M-2, M-2R, M-2S, M-2T, M-2U and M-2I",M-2R,,To Early Redemption Date,yes,35,1.50%,0.00%,4.28
Weighted Average Life Tables,141,"Class M-2, M-2R, M-2S, M-2T, M-2U and M-2I",M-2S,,To Scheduled Maturity Date,no,0,1.50%,0.00%,5.01
Weighted Average Life Tables,141,"Class M-2, M-2R, M-2S, M-2T, M-2U and M-2I",M-2S,,To Scheduled Maturity Date,no,5,1.50%,0.00%,5.85
Weighted Average Life Tables,141,"Class M-2, M-2R, M-2S, M-2T, M-2U and M-2I",M-2S,,To Scheduled Maturity Date,no,10,1.50%,0.00%,7.38
Weighted Average Life Tables,141,"Class M-2, M-2R, M-2S, M-2T, M-2U and M-2I",M-2S,,To Scheduled Maturity Date,no,15,1.50%,0.00%,13.08
Weighted Average Life Tables,141,"Class M-2, M-2R, M-2S, M-2T, M-2U and M-2I",M-2S,,To Scheduled Maturity Date,no,25,1.50%,0.00%,6.45
Weighted Average Life Tables,141,"Class M-2, M-2R, M-2S, M-2T, M-2U and M-2I",M-2S,,To Scheduled Maturity Date,no,35,1.50%,0.00%,4.28
Weighted Average Life Tables,141,"Class M-2, M-2R, M-2S, M-2T, M-2U and M-2I",M-2S,,To Early Redemption Date,yes,0,1.50%,0.00%,4.85
Weighted Average Life Tables,141,"Class M-2, M-2R, M-2S, M-2T, M-2U and M-2I",M-2S,,To Early Redemption Date,yes,5,1.50%,0.00%,5.02
Weighted Average Life Tables,141,"Class M-2, M-2R, M-2S, M-2T, M-2U and M-2I",M-2S,,To Early Redemption Date,yes,10,1.50%,0.00%,5.02
Weighted Average Life Tables,141,"Class M-2, M-2R, M-2S, M-2T, M-2U and M-2I",M-2S,,To Early Redemption Date,yes,15,1.50%,0.00%,5.02
Weighted Average Life Tables,141,"Class M-2, M-2R, M-2S, M-2T, M-2U and M-2I",M-2S,,To Early Redemption Date,yes,25,1.50%,0.00%,5.02
Weighted Average Life Tables,141,"Class M-2, M-2R, M-2S, M-2T, M-2U and M-2I",M-2S,,To Early Redemption Date,yes,35,1.50%,0.00%,4.28
Weighted Average Life Tables,141,"Class M-2, M-2R, M-2S, M-2T, M-2U and M-2I",M-2T,,To Scheduled Maturity Date,no,0,1.50%,0.00%,5.01
Weighted Average Life Tables,141,"Class M-2, M-2R, M-2S, M-2T, M-2U and M-2I",M-2T,,To Scheduled Maturity Date,no,5,1.50%,0.00%,5.85
Weighted Average Life Tables,141,"Class M-2, M-2R, M-2S, M-2T, M-2U and M-2I",M-2T,,To Scheduled Maturity Date,no,10,1.50%,0.00%,7.38
Weighted Average Life Tables,141,"Class M-2, M-2R, M-2S, M-2T, M-2U and M-2I",M-2T,,To Scheduled Maturity Date,no,15,1.50%,0.00%,13.08
Weighted Average Life Tables,141,"Class M-2, M-2R, M-2S, M-2T, M-2U and M-2I",M-2T,,To Scheduled Maturity Date,no,25,1.50%,0.00%,6.45
Weighted Average Life Tables,141,"Class M-2, M-2R, M-2S, M-2T, M-2U and M-2I",M-2T,,To Scheduled Maturity Date,no,35,1.50%,0.00%,4.28
Weighted Average Life Tables,141,"Class M-2, M-2R, M-2S, M-2T, M-2U and M-2I",M-2T,,To Early Redemption Date,yes,0,1.50%,0.00%,4.85
Weighted Average Life Tables,141,"Class M-2, M-2R, M-2S, M-2T, M-2U and M-2I",M-2T,,To Early Redemption Date,yes,5,1.50%,0.00%,5.02
Weighted Average Life Tables,141,"Class M-2, M-2R, M-2S, M-2T, M-2U and M-2I",M-2T,,To Early Redemption Date,yes,10,1.50%,0.00%,5.02
Weighted Average Life Tables,141,"Class M-2, M-2R, M-2S, M-2T, M-2U and M-2I",M-2T,,To Early Redemption Date,yes,15,1.50%,0.00%,5.02
Weighted Average Life Tables,141,"Class M-2, M-2R, M-2S, M-2T, M-2U and M-2I",M-2T,,To Early Redemption Date,yes,25,1.50%,0.00%,5.02
Weighted Average Life Tables,141,"Class M-2, M-2R, M-2S, M-2T, M-2U and M-2I",M-2T,,To Early Redemption Date,yes,35,1.50%,0.00%,4.28
Weighted Average Life Tables,141,"Class M-2, M-2R, M-2S, M-2T, M-2U and M-2I",M-2U,,To Scheduled Maturity Date,no,0,1.50%,0.00%,5.01
Weighted Average Life Tables,141,"Class M-2, M-2R, M-2S, M-2T, M-2U and M-2I",M-2U,,To Scheduled Maturity Date,no,5,1.50%,0.00%,5.85
Weighted Average Life Tables,141,"Class M-2, M-2R, M-2S, M-2T, M-2U and M-2I",M-2U,,To Scheduled Maturity Date,no,10,1.50%,0.00%,7.38
Weighted Average Life Tables,141,"Class M-2, M-2R, M-2S, M-2T, M-2U and M-2I",M-2U,,To Scheduled Maturity Date,no,15,1.50%,0.00%,13.08
Weighted Average Life Tables,141,"Class M-2, M-2R, M-2S, M-2T, M-2U and M-2I",M-2U,,To Scheduled Maturity Date,no,25,1.50%,0.00%,6.45
Weighted Average Life Tables,141,"Class M-2, M-2R, M-2S, M-2T, M-2U and M-2I",M-2U,,To Scheduled Maturity Date,no,35,1.50%,0.00%,4.28
Weighted Average Life Tables,141,"Class M-2, M-2R, M-2S, M-2T, M-2U and M-2I",M-2U,,To Early Redemption Date,yes,0,1.50%,0.00%,4.85
Weighted Average Life Tables,141,"Class M-2, M-2R, M-2S, M-2T, M-2U and M-2I",M-2U,,To Early Redemption Date,yes,5,1.50%,0.00%,5.02
Weighted Average Life Tables,141,"Class M-2, M-2R, M-2S, M-2T, M-2U and M-2I",M-2U,,To Early Redemption Date,yes,10,1.50%,0.00%,5.02
Weighted Average Life Tables,141,"Class M-2, M-2R, M-2S, M-2T, M-2U and M-2I",M-2U,,To Early Redemption Date,yes,15,1.50%,0.00%,5.02
Weighted Average Life Tables,141,"Class M-2, M-2R, M-2S, M-2T, M-2U and M-2I",M-2U,,To Early Redemption Date,yes,25,1.50%,0.00%,5.02
Weighted Average Life Tables,141,"Class M-2, M-2R, M-2S, M-2T, M-2U and M-2I",M-2U,,To Early Redemption Date,yes,35,1.50%,0.00%,4.28
Weighted Average Life Tables,141,"Class M-2, M-2R, M-2S, M-2T, M-2U and M-2I",M-2I,,To Scheduled Maturity Date,no,0,1.50%,0.00%,5.01
Weighted Average Life Tables,141,"Class M-2, M-2R, M-2S, M-2T, M-2U and M-2I",M-2I,,To Scheduled Maturity Date,no,5,1.50%,0.00%,5.85
Weighted Average Life Tables,141,"Class M-2, M-2R, M-2S, M-2T, M-2U and M-2I",M-2I,,To Scheduled Maturity Date,no,10,1.50%,0.00%,7.38
Weighted Average Life Tables,141,"Class M-2, M-2R, M-2S, M-2T, M-2U and M-2I",M-2I,,To Scheduled Maturity Date,no,15,1.50%,0.00%,13.08
Weighted Average Life Tables,141,"Class M-2, M-2R, M-2S, M-2T, M-2U and M-2I",M-2I,,To Scheduled Maturity Date,no,25,1.50%,0.00%,6.45
Weighted Average Life Tables,141,"Class M-2, M-2R, M-2S, M-2T, M-2U and M-2I",M-2I,,To Scheduled Maturity Date,no,35,1.50%,0.00%,4.28
Weighted Average Life Tables,141,"Class M-2, M-2R, M-2S, M-2T, M-2U and M-2I",M-2I,,To Early Redemption Date,yes,0,1.50%,0.00%,4.85
Weighted Average Life Tables,141,"Class M-2, M-2R, M-2S, M-2T, M-2U and M-2I",M-2I,,To Early Redemption Date,yes,5,1.50%,0.00%,5.02
Weighted Average Life Tables,141,"Class M-2, M-2R, M-2S, M-2T, M-2U and M-2I",M-2I,,To Early Redemption Date,yes,10,1.50%,0.00%,5.02
Weighted Average Life Tables,141,"Class M-2, M-2R, M-2S, M-2T, M-2U and M-2I",M-2I,,To Early Redemption Date,yes,15,1.50%,0.00%,5.02
Weighted Average Life Tables,141,"Class M-2, M-2R, M-2S, M-2T, M-2U and M-2I",M-2I,,To Early Redemption Date,yes,25,1.50%,0.00%,5.02
Weighted Average Life Tables,141,"Class M-2, M-2R, M-2S, M-2T, M-2U and M-2I",M-2I,,To Early Redemption Date,yes,35,1.50%,0.00%,4.28
Weighted Average Life Tables,141,"Class M-2, M-2R, M-2S, M-2T, M-2U and M-2I",M-2,,To Scheduled Maturity Date,no,0,2.50%,0.00%,2.94
Weighted Average Life Tables,141,"Class M-2, M-2R, M-2S, M-2T, M-2U and M-2I",M-2,,To Scheduled Maturity Date,no,5,2.50%,0.00%,3.20
Weighted Average Life Tables,141,"Class M-2, M-2R, M-2S, M-2T, M-2U and M-2I",M-2,,To Scheduled Maturity Date,no,10,2.50%,0.00%,3.55
Weighted Average Life Tables,141,"Class M-2, M-2R, M-2S, M-2T, M-2U and M-2I",M-2,,To Scheduled Maturity Date,no,15,2.50%,0.00%,4.07
Weighted Average Life Tables,141,"Class M-2, M-2R, M-2S, M-2T, M-2U and M-2I",M-2,,To Scheduled Maturity Date,no,25,2.50%,0.00%,8.49
Weighted Average Life Tables,141,"Class M-2, M-2R, M-2S, M-2T, M-2U and M-2I",M-2,,To Scheduled Maturity Date,no,35,2.50%,0.00%,5.05
Weighted Average Life Tables,141,"Class M-2, M-2R, M-2S, M-2T, M-2U and M-2I",M-2,,To Early Redemption Date,yes,0,2.50%,0.00%,2.94
Weighted Average Life Tables,141,"Class M-2, M-2R, M-2S, M-2T, M-2U and M-2I",M-2,,To Early Redemption Date,yes,5,2.50%,0.00%,3.20
Weighted Average Life Tables,141,"Class M-2, M-2R, M-2S, M-2T, M-2U and M-2I",M-2,,To Early Redemption Date,yes,10,2.50%,0.00%,3.55
Weighted Average Life Tables,141,"Class M-2, M-2R, M-2S, M-2T, M-2U and M-2I",M-2,,To Early Redemption Date,yes,15,2.50%,0.00%,4.07
Weighted Average Life Tables,141,"Class M-2, M-2R, M-2S, M-2T, M-2U and M-2I",M-2,,To Early Redemption Date,yes,25,2.50%,0.00%,5.01
Weighted Average Life Tables,141,"Class M-2, M-2R, M-2S, M-2T, M-2U and M-2I",M-2,,To Early Redemption Date,yes,35,2.50%,0.00%,4.64
Weighted Average Life Tables,141,"Class M-2, M-2R, M-2S, M-2T, M-2U and M-2I",M-2R,,To Scheduled Maturity Date,no,0,2.50%,0.00%,2.94
Weighted Average Life Tables,141,"Class M-2, M-2R, M-2S, M-2T, M-2U and M-2I",M-2R,,To Scheduled Maturity Date,no,5,2.50%,0.00%,3.20
Weighted Average Life Tables,141,"Class M-2, M-2R, M-2S, M-2T, M-2U and M-2I",M-2R,,To Scheduled Maturity Date,no,10,2.50%,0.00%,3.55
Weighted Average Life Tables,141,"Class M-2, M-2R, M-2S, M-2T, M-2U and M-2I",M-2R,,To Scheduled Maturity Date,no,15,2.50%,0.00%,4.07
Weighted Average Life Tables,141,"Class M-2, M-2R, M-2S, M-2T, M-2U and M-2I",M-2R,,To Scheduled Maturity Date,no,25,2.50%,0.00%,8.49
Weighted Average Life Tables,141,"Class M-2, M-2R, M-2S, M-2T, M-2U and M-2I",M-2R,,To Scheduled Maturity Date,no,35,2.50%,0.00%,5.05
Weighted Average Life Tables,141,"Class M-2, M-2R, M-2S, M-2T, M-2U and M-2I",M-2R,,To Early Redemption Date,yes,0,2.50%,0.00%,2.94
Weighted Average Life Tables,141,"Class M-2, M-2R, M-2S, M-2T, M-2U and M-2I",M-2R,,To Early Redemption Date,yes,5,2.50%,0.00%,3.20
Weighted Average Life Tables,141,"Class M-2, M-2R, M-2S, M-2T, M-2U and M-2I",M-2R,,To Early Redemption Date,yes,10,2.50%,0.00%,3.55
Weighted Average Life Tables,141,"Class M-2, M-2R, M-2S, M-2T, M-2U and M-2I",M-2R,,To Early Redemption Date,yes,15,2.50%,0.00%,4.07
Weighted Average Life Tables,141,"Class M-2, M-2R, M-2S, M-2T, M-2U and M-2I",M-2R,,To Early Redemption Date,yes,25,2.50%,0.00%,5.01
Weighted Average Life Tables,141,"Class M-2, M-2R, M-2S, M-2T, M-2U and M-2I",M-2R,,To Early Redemption Date,yes,35,2.50%,0.00%,4.64
Weighted Average Life Tables,141,"Class M-2, M-2R, M-2S, M-2T, M-2U and M-2I",M-2S,,To Scheduled Maturity Date,no,0,2.50%,0.00%,2.94
Weighted Average Life Tables,141,"Class M-2, M-2R, M-2S, M-2T, M-2U and M-2I",M-2S,,To Scheduled Maturity Date,no,5,2.50%,0.00%,3.20
Weighted Average Life Tables,141,"Class M-2, M-2R, M-2S, M-2T, M-2U and M-2I",M-2S,,To Scheduled Maturity Date,no,10,2.50%,0.00%,3.55
Weighted Average Life Tables,141,"Class M-2, M-2R, M-2S, M-2T, M-2U and M-2I",M-2S,,To Scheduled Maturity Date,no,15,2.50%,0.00%,4.07
Weighted Average Life Tables,141,"Class M-2, M-2R, M-2S, M-2T, M-2U and M-2I",M-2S,,To Scheduled Maturity Date,no,25,2.50%,0.00%,8.49
Weighted Average Life Tables,141,"Class M-2, M-2R, M-2S, M-2T, M-2U and M-2I",M-2S,,To Scheduled Maturity Date,no,35,2.50%,0.00%,5.05
Weighted Average Life Tables,141,"Class M-2, M-2R, M-2S, M-2T, M-2U and M-2I",M-2S,,To Early Redemption Date,yes,0,2.50%,0.00%,2.94
Weighted Average Life Tables,141,"Class M-2, M-2R, M-2S, M-2T, M-2U and M-2I",M-2S,,To Early Redemption Date,yes,5,2.50%,0.00%,3.20
Weighted Average Life Tables,141,"Class M-2, M-2R, M-2S, M-2T, M-2U and M-2I",M-2S,,To Early Redemption Date,yes,10,2.50%,0.00%,3.55
Weighted Average Life Tables,141,"Class M-2, M-2R, M-2S, M-2T, M-2U and M-2I",M-2S,,To Early Redemption Date,yes,15,2.50%,0.00%,4.07
Weighted Average Life Tables,141,"Class M-2, M-2R, M-2S, M-2T, M-2U and M-2I",M-2S,,To Early Redemption Date,yes,25,2.50%,0.00%,5.01
Weighted Average Life Tables,141,"Class M-2, M-2R, M-2S, M-2T, M-2U and M-2I",M-2S,,To Early Redemption Date,yes,35,2.50%,0.00%,4.64
Weighted Average Life Tables,141,"Class M-2, M-2R, M-2S, M-2T, M-2U and M-2I",M-2T,,To Scheduled Maturity Date,no,0,2.50%,0.00%,2.94
Weighted Average Life Tables,141,"Class M-2, M-2R, M-2S, M-2T, M-2U and M-2I",M-2T,,To Scheduled Maturity Date,no,5,2.50%,0.00%,3.20
Weighted Average Life Tables,141,"Class M-2, M-2R, M-2S, M-2T, M-2U and M-2I",M-2T,,To Scheduled Maturity Date,no,10,2.50%,0.00%,3.55
Weighted Average Life Tables,141,"Class M-2, M-2R, M-2S, M-2T, M-2U and M-2I",M-2T,,To Scheduled Maturity Date,no,15,2.50%,0.00%,4.07
Weighted Average Life Tables,141,"Class M-2, M-2R, M-2S, M-2T, M-2U and M-2I",M-2T,,To Scheduled Maturity Date,no,25,2.50%,0.00%,8.49
Weighted Average Life Tables,141,"Class M-2, M-2R, M-2S, M-2T, M-2U and M-2I",M-2T,,To Scheduled Maturity Date,no,35,2.50%,0.00%,5.05
Weighted Average Life Tables,141,"Class M-2, M-2R, M-2S, M-2T, M-2U and M-2I",M-2T,,To Early Redemption Date,yes,0,2.50%,0.00%,2.94
Weighted Average Life Tables,141,"Class M-2, M-2R, M-2S, M-2T, M-2U and M-2I",M-2T,,To Early Redemption Date,yes,5,2.50%,0.00%,3.20
Weighted Average Life Tables,141,"Class M-2, M-2R, M-2S, M-2T, M-2U and M-2I",M-2T,,To Early Redemption Date,yes,10,2.50%,0.00%,3.55
Weighted Average Life Tables,141,"Class M-2, M-2R, M-2S, M-2T, M-2U and M-2I",M-2T,,To Early Redemption Date,yes,15,2.50%,0.00%,4.07
Weighted Average Life Tables,141,"Class M-2, M-2R, M-2S, M-2T, M-2U and M-2I",M-2T,,To Early Redemption Date,yes,25,2.50%,0.00%,5.01
Weighted Average Life Tables,141,"Class M-2, M-2R, M-2S, M-2T, M-2U and M-2I",M-2T,,To Early Redemption Date,yes,35,2.50%,0.00%,4.64
Weighted Average Life Tables,141,"Class M-2, M-2R, M-2S, M-2T, M-2U and M-2I",M-2U,,To Scheduled Maturity Date,no,0,2.50%,0.00%,2.94
Weighted Average Life Tables,141,"Class M-2, M-2R, M-2S, M-2T, M-2U and M-2I",M-2U,,To Scheduled Maturity Date,no,5,2.50%,0.00%,3.20
Weighted Average Life Tables,141,"Class M-2, M-2R, M-2S, M-2T, M-2U and M-2I",M-2U,,To Scheduled Maturity Date,no,10,2.50%,0.00%,3.55
Weighted Average Life Tables,141,"Class M-2, M-2R, M-2S, M-2T, M-2U and M-2I",M-2U,,To Scheduled Maturity Date,no,15,2.50%,0.00%,4.07
Weighted Average Life Tables,141,"Class M-2, M-2R, M-2S, M-2T, M-2U and M-2I",M-2U,,To Scheduled Maturity Date,no,25,2.50%,0.00%,8.49
Weighted Average Life Tables,141,"Class M-2, M-2R, M-2S, M-2T, M-2U and M-2I",M-2U,,To Scheduled Maturity Date,no,35,2.50%,0.00%,5.05
Weighted Average Life Tables,141,"Class M-2, M-2R, M-2S, M-2T, M-2U and M-2I",M-2U,,To Early Redemption Date,yes,0,2.50%,0.00%,2.94
Weighted Average Life Tables,141,"Class M-2, M-2R, M-2S, M-2T, M-2U and M-2I",M-2U,,To Early Redemption Date,yes,5,2.50%,0.00%,3.20
Weighted Average Life Tables,141,"Class M-2, M-2R, M-2S, M-2T, M-2U and M-2I",M-2U,,To Early Redemption Date,yes,10,2.50%,0.00%,3.55
Weighted Average Life Tables,141,"Class M-2, M-2R, M-2S, M-2T, M-2U and M-2I",M-2U,,To Early Redemption Date,yes,15,2.50%,0.00%,4.07
Weighted Average Life Tables,141,"Class M-2, M-2R, M-2S, M-2T, M-2U and M-2I",M-2U,,To Early Redemption Date,yes,25,2.50%,0.00%,5.01
Weighted Average Life Tables,141,"Class M-2, M-2R, M-2S, M-2T, M-2U and M-2I",M-2U,,To Early Redemption Date,yes,35,2.50%,0.00%,4.64
Weighted Average Life Tables,141,"Class M-2, M-2R, M-2S, M-2T, M-2U and M-2I",M-2I,,To Scheduled Maturity Date,no,0,2.50%,0.00%,2.94
Weighted Average Life Tables,141,"Class M-2, M-2R, M-2S, M-2T, M-2U and M-2I",M-2I,,To Scheduled Maturity Date,no,5,2.50%,0.00%,3.20
Weighted Average Life Tables,141,"Class M-2, M-2R, M-2S, M-2T, M-2U and M-2I",M-2I,,To Scheduled Maturity Date,no,10,2.50%,0.00%,3.55
Weighted Average Life Tables,141,"Class M-2, M-2R, M-2S, M-2T, M-2U and M-2I",M-2I,,To Scheduled Maturity Date,no,15,2.50%,0.00%,4.07
Weighted Average Life Tables,141,"Class M-2, M-2R, M-2S, M-2T, M-2U and M-2I",M-2I,,To Scheduled Maturity Date,no,25,2.50%,0.00%,8.49
Weighted Average Life Tables,141,"Class M-2, M-2R, M-2S, M-2T, M-2U and M-2I",M-2I,,To Scheduled Maturity Date,no,35,2.50%,0.00%,5.05
Weighted Average Life Tables,141,"Class M-2, M-2R, M-2S, M-2T, M-2U and M-2I",M-2I,,To Early Redemption Date,yes,0,2.50%,0.00%,2.94
Weighted Average Life Tables,141,"Class M-2, M-2R, M-2S, M-2T, M-2U and M-2I",M-2I,,To Early Redemption Date,yes,5,2.50%,0.00%,3.20
Weighted Average Life Tables,141,"Class M-2, M-2R, M-2S, M-2T, M-2U and M-2I",M-2I,,To Early Redemption Date,yes,10,2.50%,0.00%,3.55
Weighted Average Life Tables,141,"Class M-2, M-2R, M-2S, M-2T, M-2U and M-2I",M-2I,,To Early Redemption Date,yes,15,2.50%,0.00%,4.07
Weighted Average Life Tables,141,"Class M-2, M-2R, M-2S, M-2T, M-2U and M-2I",M-2I,,To Early Redemption Date,yes,25,2.50%,0.00%,5.01
Weighted Average Life Tables,141,"Class M-2, M-2R, M-2S, M-2T, M-2U and M-2I",M-2I,,To Early Redemption Date,yes,35,2.50%,0.00%,4.64
Weighted Average Life Tables,141,"Class M-2, M-2R, M-2S, M-2T, M-2U and M-2I",M-2,,To Scheduled Maturity Date,no,0,3.00%,0.00%,2.43
Weighted Average Life Tables,141,"Class M-2, M-2R, M-2S, M-2T, M-2U and M-2I",M-2,,To Scheduled Maturity Date,no,5,3.00%,0.00%,2.60
Weighted Average Life Tables,141,"Class M-2, M-2R, M-2S, M-2T, M-2U and M-2I",M-2,,To Scheduled Maturity Date,no,10,3.00%,0.00%,2.83
Weighted Average Life Tables,141,"Class M-2, M-2R, M-2S, M-2T, M-2U and M-2I",M-2,,To Scheduled Maturity Date,no,15,3.00%,0.00%,3.13
Weighted Average Life Tables,141,"Class M-2, M-2R, M-2S, M-2T, M-2U and M-2I",M-2,,To Scheduled Maturity Date,no,25,3.00%,0.00%,4.41
Weighted Average Life Tables,141,"Class M-2, M-2R, M-2S, M-2T, M-2U and M-2I",M-2,,To Scheduled Maturity Date,no,35,3.00%,0.00%,7.24
Weighted Average Life Tables,141,"Class M-2, M-2R, M-2S, M-2T, M-2U and M-2I",M-2,,To Early Redemption Date,yes,0,3.00%,0.00%,2.43
Weighted Average Life Tables,141,"Class M-2, M-2R, M-2S, M-2T, M-2U and M-2I",M-2,,To Early Redemption Date,yes,5,3.00%,0.00%,2.60
Weighted Average Life Tables,141,"Class M-2, M-2R, M-2S, M-2T, M-2U and M-2I",M-2,,To Early Redemption Date,yes,10,3.00%,0.00%,2.83
Weighted Average Life Tables,141,"Class M-2, M-2R, M-2S, M-2T, M-2U and M-2I",M-2,,To Early Redemption Date,yes,15,3.00%,0.00%,3.13
Weighted Average Life Tables,141,"Class M-2, M-2R, M-2S, M-2T, M-2U and M-2I",M-2,,To Early Redemption Date,yes,25,3.00%,0.00%,4.30
Weighted Average Life Tables,141,"Class M-2, M-2R, M-2S, M-2T, M-2U and M-2I",M-2,,To Early Redemption Date,yes,35,3.00%,0.00%,4.86
Weighted Average Life Tables,141,"Class M-2, M-2R, M-2S, M-2T, M-2U and M-2I",M-2R,,To Scheduled Maturity Date,no,0,3.00%,0.00%,2.43
Weighted Average Life Tables,141,"Class M-2, M-2R, M-2S, M-2T, M-2U and M-2I",M-2R,,To Scheduled Maturity Date,no,5,3.00%,0.00%,2.60
Weighted Average Life Tables,141,"Class M-2, M-2R, M-2S, M-2T, M-2U and M-2I",M-2R,,To Scheduled Maturity Date,no,10,3.00%,0.00%,2.83
Weighted Average Life Tables,141,"Class M-2, M-2R, M-2S, M-2T, M-2U and M-2I",M-2R,,To Scheduled Maturity Date,no,15,3.00%,0.00%,3.13
Weighted Average Life Tables,141,"Class M-2, M-2R, M-2S, M-2T, M-2U and M-2I",M-2R,,To Scheduled Maturity Date,no,25,3.00%,0.00%,4.41
Weighted Average Life Tables,141,"Class M-2, M-2R, M-2S, M-2T, M-2U and M-2I",M-2R,,To Scheduled Maturity Date,no,35,3.00%,0.00%,7.24
Weighted Average Life Tables,141,"Class M-2, M-2R, M-2S, M-2T, M-2U and M-2I",M-2R,,To Early Redemption Date,yes,0,3.00%,0.00%,2.43
Weighted Average Life Tables,141,"Class M-2, M-2R, M-2S, M-2T, M-2U and M-2I",M-2R,,To Early Redemption Date,yes,5,3.00%,0.00%,2.60
Weighted Average Life Tables,141,"Class M-2, M-2R, M-2S, M-2T, M-2U and M-2I",M-2R,,To Early Redemption Date,yes,10,3.00%,0.00%,2.83
Weighted Average Life Tables,141,"Class M-2, M-2R, M-2S, M-2T, M-2U and M-2I",M-2R,,To Early Redemption Date,yes,15,3.00%,0.00%,3.13
Weighted Average Life Tables,141,"Class M-2, M-2R, M-2S, M-2T, M-2U and M-2I",M-2R,,To Early Redemption Date,yes,25,3.00%,0.00%,4.30
Weighted Average Life Tables,141,"Class M-2, M-2R, M-2S, M-2T, M-2U and M-2I",M-2R,,To Early Redemption Date,yes,35,3.00%,0.00%,4.86
Weighted Average Life Tables,141,"Class M-2, M-2R, M-2S, M-2T, M-2U and M-2I",M-2S,,To Scheduled Maturity Date,no,0,3.00%,0.00%,2.43
Weighted Average Life Tables,141,"Class M-2, M-2R, M-2S, M-2T, M-2U and M-2I",M-2S,,To Scheduled Maturity Date,no,5,3.00%,0.00%,2.60
Weighted Average Life Tables,141,"Class M-2, M-2R, M-2S, M-2T, M-2U and M-2I",M-2S,,To Scheduled Maturity Date,no,10,3.00%,0.00%,2.83
Weighted Average Life Tables,141,"Class M-2, M-2R, M-2S, M-2T, M-2U and M-2I",M-2S,,To Scheduled Maturity Date,no,15,3.00%,0.00%,3.13
Weighted Average Life Tables,141,"Class M-2, M-2R, M-2S, M-2T, M-2U and M-2I",M-2S,,To Scheduled Maturity Date,no,25,3.00%,0.00%,4.41
Weighted Average Life Tables,141,"Class M-2, M-2R, M-2S, M-2T, M-2U and M-2I",M-2S,,To Scheduled Maturity Date,no,35,3.00%,0.00%,7.24
Weighted Average Life Tables,141,"Class M-2, M-2R, M-2S, M-2T, M-2U and M-2I",M-2S,,To Early Redemption Date,yes,0,3.00%,0.00%,2.43
Weighted Average Life Tables,141,"Class M-2, M-2R, M-2S, M-2T, M-2U and M-2I",M-2S,,To Early Redemption Date,yes,5,3.00%,0.00%,2.60
Weighted Average Life Tables,141,"Class M-2, M-2R, M-2S, M-2T, M-2U and M-2I",M-2S,,To Early Redemption Date,yes,10,3.00%,0.00%,2.83
Weighted Average Life Tables,141,"Class M-2, M-2R, M-2S, M-2T, M-2U and M-2I",M-2S,,To Early Redemption Date,yes,15,3.00%,0.00%,3.13
Weighted Average Life Tables,141,"Class M-2, M-2R, M-2S, M-2T, M-2U and M-2I",M-2S,,To Early Redemption Date,yes,25,3.00%,0.00%,4.30
Weighted Average Life Tables,141,"Class M-2, M-2R, M-2S, M-2T, M-2U and M-2I",M-2S,,To Early Redemption Date,yes,35,3.00%,0.00%,4.86
Weighted Average Life Tables,141,"Class M-2, M-2R, M-2S, M-2T, M-2U and M-2I",M-2T,,To Scheduled Maturity Date,no,0,3.00%,0.00%,2.43
Weighted Average Life Tables,141,"Class M-2, M-2R, M-2S, M-2T, M-2U and M-2I",M-2T,,To Scheduled Maturity Date,no,5,3.00%,0.00%,2.60
Weighted Average Life Tables,141,"Class M-2, M-2R, M-2S, M-2T, M-2U and M-2I",M-2T,,To Scheduled Maturity Date,no,10,3.00%,0.00%,2.83
Weighted Average Life Tables,141,"Class M-2, M-2R, M-2S, M-2T, M-2U and M-2I",M-2T,,To Scheduled Maturity Date,no,15,3.00%,0.00%,3.13
Weighted Average Life Tables,141,"Class M-2, M-2R, M-2S, M-2T, M-2U and M-2I",M-2T,,To Scheduled Maturity Date,no,25,3.00%,0.00%,4.41
Weighted Average Life Tables,141,"Class M-2, M-2R, M-2S, M-2T, M-2U and M-2I",M-2T,,To Scheduled Maturity Date,no,35,3.00%,0.00%,7.24
Weighted Average Life Tables,141,"Class M-2, M-2R, M-2S, M-2T, M-2U and M-2I",M-2T,,To Early Redemption Date,yes,0,3.00%,0.00%,2.43
Weighted Average Life Tables,141,"Class M-2, M-2R, M-2S, M-2T, M-2U and M-2I",M-2T,,To Early Redemption Date,yes,5,3.00%,0.00%,2.60
Weighted Average Life Tables,141,"Class M-2, M-2R, M-2S, M-2T, M-2U and M-2I",M-2T,,To Early Redemption Date,yes,10,3.00%,0.00%,2.83
Weighted Average Life Tables,141,"Class M-2, M-2R, M-2S, M-2T, M-2U and M-2I",M-2T,,To Early Redemption Date,yes,15,3.00%,0.00%,3.13
Weighted Average Life Tables,141,"Class M-2, M-2R, M-2S, M-2T, M-2U and M-2I",M-2T,,To Early Redemption Date,yes,25,3.00%,0.00%,4.30
Weighted Average Life Tables,141,"Class M-2, M-2R, M-2S, M-2T, M-2U and M-2I",M-2T,,To Early Redemption Date,yes,35,3.00%,0.00%,4.86
Weighted Average Life Tables,141,"Class M-2, M-2R, M-2S, M-2T, M-2U and M-2I",M-2U,,To Scheduled Maturity Date,no,0,3.00%,0.00%,2.43
Weighted Average Life Tables,141,"Class M-2, M-2R, M-2S, M-2T, M-2U and M-2I",M-2U,,To Scheduled Maturity Date,no,5,3.00%,0.00%,2.60
Weighted Average Life Tables,141,"Class M-2, M-2R, M-2S, M-2T, M-2U and M-2I",M-2U,,To Scheduled Maturity Date,no,10,3.00%,0.00%,2.83
Weighted Average Life Tables,141,"Class M-2, M-2R, M-2S, M-2T, M-2U and M-2I",M-2U,,To Scheduled Maturity Date,no,15,3.00%,0.00%,3.13
Weighted Average Life Tables,141,"Class M-2, M-2R, M-2S, M-2T, M-2U and M-2I",M-2U,,To Scheduled Maturity Date,no,25,3.00%,0.00%,4.41
Weighted Average Life Tables,141,"Class M-2, M-2R, M-2S, M-2T, M-2U and M-2I",M-2U,,To Scheduled Maturity Date,no,35,3.00%,0.00%,7.24
Weighted Average Life Tables,141,"Class M-2, M-2R, M-2S, M-2T, M-2U and M-2I",M-2U,,To Early Redemption Date,yes,0,3.00%,0.00%,2.43
Weighted Average Life Tables,141,"Class M-2, M-2R, M-2S, M-2T, M-2U and M-2I",M-2U,,To Early Redemption Date,yes,5,3.00%,0.00%,2.60
Weighted Average Life Tables,141,"Class M-2, M-2R, M-2S, M-2T, M-2U and M-2I",M-2U,,To Early Redemption Date,yes,10,3.00%,0.00%,2.83
Weighted Average Life Tables,141,"Class M-2, M-2R, M-2S, M-2T, M-2U and M-2I",M-2U,,To Early Redemption Date,yes,15,3.00%,0.00%,3.13
Weighted Average Life Tables,141,"Class M-2, M-2R, M-2S, M-2T, M-2U and M-2I",M-2U,,To Early Redemption Date,yes,25,3.00%,0.00%,4.30
Weighted Average Life Tables,141,"Class M-2, M-2R, M-2S, M-2T, M-2U and M-2I",M-2U,,To Early Redemption Date,yes,35,3.00%,0.00%,4.86
Weighted Average Life Tables,141,"Class M-2, M-2R, M-2S, M-2T, M-2U and M-2I",M-2I,,To Scheduled Maturity Date,no,0,3.00%,0.00%,2.43
Weighted Average Life Tables,141,"Class M-2, M-2R, M-2S, M-2T, M-2U and M-2I",M-2I,,To Scheduled Maturity Date,no,5,3.00%,0.00%,2.60
Weighted Average Life Tables,141,"Class M-2, M-2R, M-2S, M-2T, M-2U and M-2I",M-2I,,To Scheduled Maturity Date,no,10,3.00%,0.00%,2.83
Weighted Average Life Tables,141,"Class M-2, M-2R, M-2S, M-2T, M-2U and M-2I",M-2I,,To Scheduled Maturity Date,no,15,3.00%,0.00%,3.13
Weighted Average Life Tables,141,"Class M-2, M-2R, M-2S, M-2T, M-2U and M-2I",M-2I,,To Scheduled Maturity Date,no,25,3.00%,0.00%,4.41
Weighted Average Life Tables,141,"Class M-2, M-2R, M-2S, M-2T, M-2U and M-2I",M-2I,,To Scheduled Maturity Date,no,35,3.00%,0.00%,7.24
Weighted Average Life Tables,141,"Class M-2, M-2R, M-2S, M-2T, M-2U and M-2I",M-2I,,To Early Redemption Date,yes,0,3.00%,0.00%,2.43
Weighted Average Life Tables,141,"Class M-2, M-2R, M-2S, M-2T, M-2U and M-2I",M-2I,,To Early Redemption Date,yes,5,3.00%,0.00%,2.60
Weighted Average Life Tables,141,"Class M-2, M-2R, M-2S, M-2T, M-2U and M-2I",M-2I,,To Early Redemption Date,yes,10,3.00%,0.00%,2.83
Weighted Average Life Tables,141,"Class M-2, M-2R, M-2S, M-2T, M-2U and M-2I",M-2I,,To Early Redemption Date,yes,15,3.00%,0.00%,3.13
Weighted Average Life Tables,141,"Class M-2, M-2R, M-2S, M-2T, M-2U and M-2I",M-2I,,To Early Redemption Date,yes,25,3.00%,0.00%,4.30
Weighted Average Life Tables,141,"Class M-2, M-2R, M-2S, M-2T, M-2U and M-2I",M-2I,,To Early Redemption Date,yes,35,3.00%,0.00%,4.86
Weighted Average Life Tables,141,"Class M-2, M-2R, M-2S, M-2T, M-2U and M-2I",M-2,,To Scheduled Maturity Date,no,0,5.00%,0.00%,1.43
Weighted Average Life Tables,141,"Class M-2, M-2R, M-2S, M-2T, M-2U and M-2I",M-2,,To Scheduled Maturity Date,no,5,5.00%,0.00%,1.48
Weighted Average Life Tables,141,"Class M-2, M-2R, M-2S, M-2T, M-2U and M-2I",M-2,,To Scheduled Maturity Date,no,10,5.00%,0.00%,1.55
Weighted Average Life Tables,141,"Class M-2, M-2R, M-2S, M-2T, M-2U and M-2I",M-2,,To Scheduled Maturity Date,no,15,5.00%,0.00%,1.63
Weighted Average Life Tables,141,"Class M-2, M-2R, M-2S, M-2T, M-2U and M-2I",M-2,,To Scheduled Maturity Date,no,25,5.00%,0.00%,1.85
Weighted Average Life Tables,141,"Class M-2, M-2R, M-2S, M-2T, M-2U and M-2I",M-2,,To Scheduled Maturity Date,no,35,5.00%,0.00%,2.26
Weighted Average Life Tables,141,"Class M-2, M-2R, M-2S, M-2T, M-2U and M-2I",M-2,,To Early Redemption Date,yes,0,5.00%,0.00%,1.43
Weighted Average Life Tables,141,"Class M-2, M-2R, M-2S, M-2T, M-2U and M-2I",M-2,,To Early Redemption Date,yes,5,5.00%,0.00%,1.48
Weighted Average Life Tables,141,"Class M-2, M-2R, M-2S, M-2T, M-2U and M-2I",M-2,,To Early Redemption Date,yes,10,5.00%,0.00%,1.55
Weighted Average Life Tables,141,"Class M-2, M-2R, M-2S, M-2T, M-2U and M-2I",M-2,,To Early Redemption Date,yes,15,5.00%,0.00%,1.63
Weighted Average Life Tables,141,"Class M-2, M-2R, M-2S, M-2T, M-2U and M-2I",M-2,,To Early Redemption Date,yes,25,5.00%,0.00%,1.85
Weighted Average Life Tables,141,"Class M-2, M-2R, M-2S, M-2T, M-2U and M-2I",M-2,,To Early Redemption Date,yes,35,5.00%,0.00%,2.26
Weighted Average Life Tables,141,"Class M-2, M-2R, M-2S, M-2T, M-2U and M-2I",M-2R,,To Scheduled Maturity Date,no,0,5.00%,0.00%,1.43
Weighted Average Life Tables,141,"Class M-2, M-2R, M-2S, M-2T, M-2U and M-2I",M-2R,,To Scheduled Maturity Date,no,5,5.00%,0.00%,1.48
Weighted Average Life Tables,141,"Class M-2, M-2R, M-2S, M-2T, M-2U and M-2I",M-2R,,To Scheduled Maturity Date,no,10,5.00%,0.00%,1.55
Weighted Average Life Tables,141,"Class M-2, M-2R, M-2S, M-2T, M-2U and M-2I",M-2R,,To Scheduled Maturity Date,no,15,5.00%,0.00%,1.63
Weighted Average Life Tables,141,"Class M-2, M-2R, M-2S, M-2T, M-2U and M-2I",M-2R,,To Scheduled Maturity Date,no,25,5.00%,0.00%,1.85
Weighted Average Life Tables,141,"Class M-2, M-2R, M-2S, M-2T, M-2U and M-2I",M-2R,,To Scheduled Maturity Date,no,35,5.00%,0.00%,2.26
Weighted Average Life Tables,141,"Class M-2, M-2R, M-2S, M-2T, M-2U and M-2I",M-2R,,To Early Redemption Date,yes,0,5.00%,0.00%,1.43
Weighted Average Life Tables,141,"Class M-2, M-2R, M-2S, M-2T, M-2U and M-2I",M-2R,,To Early Redemption Date,yes,5,5.00%,0.00%,1.48
Weighted Average Life Tables,141,"Class M-2, M-2R, M-2S, M-2T, M-2U and M-2I",M-2R,,To Early Redemption Date,yes,10,5.00%,0.00%,1.55
Weighted Average Life Tables,141,"Class M-2, M-2R, M-2S, M-2T, M-2U and M-2I",M-2R,,To Early Redemption Date,yes,15,5.00%,0.00%,1.63
Weighted Average Life Tables,141,"Class M-2, M-2R, M-2S, M-2T, M-2U and M-2I",M-2R,,To Early Redemption Date,yes,25,5.00%,0.00%,1.85
Weighted Average Life Tables,141,"Class M-2, M-2R, M-2S, M-2T, M-2U and M-2I",M-2R,,To Early Redemption Date,yes,35,5.00%,0.00%,2.26
Weighted Average Life Tables,141,"Class M-2, M-2R, M-2S, M-2T, M-2U and M-2I",M-2S,,To Scheduled Maturity Date,no,0,5.00%,0.00%,1.43
Weighted Average Life Tables,141,"Class M-2, M-2R, M-2S, M-2T, M-2U and M-2I",M-2S,,To Scheduled Maturity Date,no,5,5.00%,0.00%,1.48
Weighted Average Life Tables,141,"Class M-2, M-2R, M-2S, M-2T, M-2U and M-2I",M-2S,,To Scheduled Maturity Date,no,10,5.00%,0.00%,1.55
Weighted Average Life Tables,141,"Class M-2, M-2R, M-2S, M-2T, M-2U and M-2I",M-2S,,To Scheduled Maturity Date,no,15,5.00%,0.00%,1.63
Weighted Average Life Tables,141,"Class M-2, M-2R, M-2S, M-2T, M-2U and M-2I",M-2S,,To Scheduled Maturity Date,no,25,5.00%,0.00%,1.85
Weighted Average Life Tables,141,"Class M-2, M-2R, M-2S, M-2T, M-2U and M-2I",M-2S,,To Scheduled Maturity Date,no,35,5.00%,0.00%,2.26
Weighted Average Life Tables,141,"Class M-2, M-2R, M-2S, M-2T, M-2U and M-2I",M-2S,,To Early Redemption Date,yes,0,5.00%,0.00%,1.43
Weighted Average Life Tables,141,"Class M-2, M-2R, M-2S, M-2T, M-2U and M-2I",M-2S,,To Early Redemption Date,yes,5,5.00%,0.00%,1.48
Weighted Average Life Tables,141,"Class M-2, M-2R, M-2S, M-2T, M-2U and M-2I",M-2S,,To Early Redemption Date,yes,10,5.00%,0.00%,1.55
Weighted Average Life Tables,141,"Class M-2, M-2R, M-2S, M-2T, M-2U and M-2I",M-2S,,To Early Redemption Date,yes,15,5.00%,0.00%,1.63
Weighted Average Life Tables,141,"Class M-2, M-2R, M-2S, M-2T, M-2U and M-2I",M-2S,,To Early Redemption Date,yes,25,5.00%,0.00%,1.85
Weighted Average Life Tables,141,"Class M-2, M-2R, M-2S, M-2T, M-2U and M-2I",M-2S,,To Early Redemption Date,yes,35,5.00%,0.00%,2.26
Weighted Average Life Tables,141,"Class M-2, M-2R, M-2S, M-2T, M-2U and M-2I",M-2T,,To Scheduled Maturity Date,no,0,5.00%,0.00%,1.43
Weighted Average Life Tables,141,"Class M-2, M-2R, M-2S, M-2T, M-2U and M-2I",M-2T,,To Scheduled Maturity Date,no,5,5.00%,0.00%,1.48
Weighted Average Life Tables,141,"Class M-2, M-2R, M-2S, M-2T, M-2U and M-2I",M-2T,,To Scheduled Maturity Date,no,10,5.00%,0.00%,1.55
Weighted Average Life Tables,141,"Class M-2, M-2R, M-2S, M-2T, M-2U and M-2I",M-2T,,To Scheduled Maturity Date,no,15,5.00%,0.00%,1.63
Weighted Average Life Tables,141,"Class M-2, M-2R, M-2S, M-2T, M-2U and M-2I",M-2T,,To Scheduled Maturity Date,no,25,5.00%,0.00%,1.85
Weighted Average Life Tables,141,"Class M-2, M-2R, M-2S, M-2T, M-2U and M-2I",M-2T,,To Scheduled Maturity Date,no,35,5.00%,0.00%,2.26
Weighted Average Life Tables,141,"Class M-2, M-2R, M-2S, M-2T, M-2U and M-2I",M-2T,,To Early Redemption Date,yes,0,5.00%,0.00%,1.43
Weighted Average Life Tables,141,"Class M-2, M-2R, M-2S, M-2T, M-2U and M-2I",M-2T,,To Early Redemption Date,yes,5,5.00%,0.00%,1.48
Weighted Average Life Tables,141,"Class M-2, M-2R, M-2S, M-2T, M-2U and M-2I",M-2T,,To Early Redemption Date,yes,10,5.00%,0.00%,1.55
Weighted Average Life Tables,141,"Class M-2, M-2R, M-2S, M-2T, M-2U and M-2I",M-2T,,To Early Redemption Date,yes,15,5.00%,0.00%,1.63
Weighted Average Life Tables,141,"Class M-2, M-2R, M-2S, M-2T, M-2U and M-2I",M-2T,,To Early Redemption Date,yes,25,5.00%,0.00%,1.85
Weighted Average Life Tables,141,"Class M-2, M-2R, M-2S, M-2T, M-2U and M-2I",M-2T,,To Early Redemption Date,yes,35,5.00%,0.00%,2.26
Weighted Average Life Tables,141,"Class M-2, M-2R, M-2S, M-2T, M-2U and M-2I",M-2U,,To Scheduled Maturity Date,no,0,5.00%,0.00%,1.43
Weighted Average Life Tables,141,"Class M-2, M-2R, M-2S, M-2T, M-2U and M-2I",M-2U,,To Scheduled Maturity Date,no,5,5.00%,0.00%,1.48
Weighted Average Life Tables,141,"Class M-2, M-2R, M-2S, M-2T, M-2U and M-2I",M-2U,,To Scheduled Maturity Date,no,10,5.00%,0.00%,1.55
Weighted Average Life Tables,141,"Class M-2, M-2R, M-2S, M-2T, M-2U and M-2I",M-2U,,To Scheduled Maturity Date,no,15,5.00%,0.00%,1.63
Weighted Average Life Tables,141,"Class M-2, M-2R, M-2S, M-2T, M-2U and M-2I",M-2U,,To Scheduled Maturity Date,no,25,5.00%,0.00%,1.85
Weighted Average Life Tables,141,"Class M-2, M-2R, M-2S, M-2T, M-2U and M-2I",M-2U,,To Scheduled Maturity Date,no,35,5.00%,0.00%,2.26
Weighted Average Life Tables,141,"Class M-2, M-2R, M-2S, M-2T, M-2U and M-2I",M-2U,,To Early Redemption Date,yes,0,5.00%,0.00%,1.43
Weighted Average Life Tables,141,"Class M-2, M-2R, M-2S, M-2T, M-2U and M-2I",M-2U,,To Early Redemption Date,yes,5,5.00%,0.00%,1.48
Weighted Average Life Tables,141,"Class M-2, M-2R, M-2S, M-2T, M-2U and M-2I",M-2U,,To Early Redemption Date,yes,10,5.00%,0.00%,1.55
Weighted Average Life Tables,141,"Class M-2, M-2R, M-2S, M-2T, M-2U and M-2I",M-2U,,To Early Redemption Date,yes,15,5.00%,0.00%,1.63
Weighted Average Life Tables,141,"Class M-2, M-2R, M-2S, M-2T, M-2U and M-2I",M-2U,,To Early Redemption Date,yes,25,5.00%,0.00%,1.85
Weighted Average Life Tables,141,"Class M-2, M-2R, M-2S, M-2T, M-2U and M-2I",M-2U,,To Early Redemption Date,yes,35,5.00%,0.00%,2.26
Weighted Average Life Tables,141,"Class M-2, M-2R, M-2S, M-2T, M-2U and M-2I",M-2I,,To Scheduled Maturity Date,no,0,5.00%,0.00%,1.43
Weighted Average Life Tables,141,"Class M-2, M-2R, M-2S, M-2T, M-2U and M-2I",M-2I,,To Scheduled Maturity Date,no,5,5.00%,0.00%,1.48
Weighted Average Life Tables,141,"Class M-2, M-2R, M-2S, M-2T, M-2U and M-2I",M-2I,,To Scheduled Maturity Date,no,10,5.00%,0.00%,1.55
Weighted Average Life Tables,141,"Class M-2, M-2R, M-2S, M-2T, M-2U and M-2I",M-2I,,To Scheduled Maturity Date,no,15,5.00%,0.00%,1.63
Weighted Average Life Tables,141,"Class M-2, M-2R, M-2S, M-2T, M-2U and M-2I",M-2I,,To Scheduled Maturity Date,no,25,5.00%,0.00%,1.85
Weighted Average Life Tables,141,"Class M-2, M-2R, M-2S, M-2T, M-2U and M-2I",M-2I,,To Scheduled Maturity Date,no,35,5.00%,0.00%,2.26
Weighted Average Life Tables,141,"Class M-2, M-2R, M-2S, M-2T, M-2U and M-2I",M-2I,,To Early Redemption Date,yes,0,5.00%,0.00%,1.43
Weighted Average Life Tables,141,"Class M-2, M-2R, M-2S, M-2T, M-2U and M-2I",M-2I,,To Early Redemption Date,yes,5,5.00%,0.00%,1.48
Weighted Average Life Tables,141,"Class M-2, M-2R, M-2S, M-2T, M-2U and M-2I",M-2I,,To Early Redemption Date,yes,10,5.00%,0.00%,1.55
Weighted Average Life Tables,141,"Class M-2, M-2R, M-2S, M-2T, M-2U and M-2I",M-2I,,To Early Redemption Date,yes,15,5.00%,0.00%,1.63
Weighted Average Life Tables,141,"Class M-2, M-2R, M-2S, M-2T, M-2U and M-2I",M-2I,,To Early Redemption Date,yes,25,5.00%,0.00%,1.85
Weighted Average Life Tables,141,"Class M-2, M-2R, M-2S, M-2T, M-2U and M-2I",M-2I,,To Early Redemption Date,yes,35,5.00%,0.00%,2.26
Weighted Average Life Tables,141,"Class M-2, M-2R, M-2S, M-2T, M-2U and M-2I",M-2,,To Scheduled Maturity Date,no,0,0.00%,0.01%,19.57
Weighted Average Life Tables,141,"Class M-2, M-2R, M-2S, M-2T, M-2U and M-2I",M-2,,To Scheduled Maturity Date,no,5,0.00%,0.01%,8.44
Weighted Average Life Tables,141,"Class M-2, M-2R, M-2S, M-2T, M-2U and M-2I",M-2,,To Scheduled Maturity Date,no,10,0.00%,0.01%,4.63
Weighted Average Life Tables,141,"Class M-2, M-2R, M-2S, M-2T, M-2U and M-2I",M-2,,To Scheduled Maturity Date,no,15,0.00%,0.01%,3.10
Weighted Average Life Tables,141,"Class M-2, M-2R, M-2S, M-2T, M-2U and M-2I",M-2,,To Scheduled Maturity Date,no,25,0.00%,0.01%,1.83
Weighted Average Life Tables,141,"Class M-2, M-2R, M-2S, M-2T, M-2U and M-2I",M-2,,To Scheduled Maturity Date,no,35,0.00%,0.01%,1.26
Weighted Average Life Tables,141,"Class M-2, M-2R, M-2S, M-2T, M-2U and M-2I",M-2,,To Early Redemption Date,yes,0,0.00%,0.01%,5.02
Weighted Average Life Tables,141,"Class M-2, M-2R, M-2S, M-2T, M-2U and M-2I",M-2,,To Early Redemption Date,yes,5,0.00%,0.01%,5.02
Weighted Average Life Tables,141,"Class M-2, M-2R, M-2S, M-2T, M-2U and M-2I",M-2,,To Early Redemption Date,yes,10,0.00%,0.01%,4.52
Weighted Average Life Tables,141,"Class M-2, M-2R, M-2S, M-2T, M-2U and M-2I",M-2,,To Early Redemption Date,yes,15,0.00%,0.01%,3.10
Weighted Average Life Tables,141,"Class M-2, M-2R, M-2S, M-2T, M-2U and M-2I",M-2,,To Early Redemption Date,yes,25,0.00%,0.01%,1.83
Weighted Average Life Tables,141,"Class M-2, M-2R, M-2S, M-2T, M-2U and M-2I",M-2,,To Early Redemption Date,yes,35,0.00%,0.01%,1.26
Weighted Average Life Tables,141,"Class M-2, M-2R, M-2S, M-2T, M-2U and M-2I",M-2R,,To Scheduled Maturity Date,no,0,0.00%,0.01%,19.57
Weighted Average Life Tables,141,"Class M-2, M-2R, M-2S, M-2T, M-2U and M-2I",M-2R,,To Scheduled Maturity Date,no,5,0.00%,0.01%,8.44
Weighted Average Life Tables,141,"Class M-2, M-2R, M-2S, M-2T, M-2U and M-2I",M-2R,,To Scheduled Maturity Date,no,10,0.00%,0.01%,4.63
Weighted Average Life Tables,141,"Class M-2, M-2R, M-2S, M-2T, M-2U and M-2I",M-2R,,To Scheduled Maturity Date,no,15,0.00%,0.01%,3.10
Weighted Average Life Tables,141,"Class M-2, M-2R, M-2S, M-2T, M-2U and M-2I",M-2R,,To Scheduled Maturity Date,no,25,0.00%,0.01%,1.83
Weighted Average Life Tables,141,"Class M-2, M-2R, M-2S, M-2T, M-2U and M-2I",M-2R,,To Scheduled Maturity Date,no,35,0.00%,0.01%,1.26
Weighted Average Life Tables,141,"Class M-2, M-2R, M-2S, M-2T, M-2U and M-2I",M-2R,,To Early Redemption Date,yes,0,0.00%,0.01%,5.02
Weighted Average Life Tables,141,"Class M-2, M-2R, M-2S, M-2T, M-2U and M-2I",M-2R,,To Early Redemption Date,yes,5,0.00%,0.01%,5.02
Weighted Average Life Tables,141,"Class M-2, M-2R, M-2S, M-2T, M-2U and M-2I",M-2R,,To Early Redemption Date,yes,10,0.00%,0.01%,4.52
Weighted Average Life Tables,141,"Class M-2, M-2R, M-2S, M-2T, M-2U and M-2I",M-2R,,To Early Redemption Date,yes,15,0.00%,0.01%,3.10
Weighted Average Life Tables,141,"Class M-2, M-2R, M-2S, M-2T, M-2U and M-2I",M-2R,,To Early Redemption Date,yes,25,0.00%,0.01%,1.83
Weighted Average Life Tables,141,"Class M-2, M-2R, M-2S, M-2T, M-2U and M-2I",M-2R,,To Early Redemption Date,yes,35,0.00%,0.01%,1.26
Weighted Average Life Tables,141,"Class M-2, M-2R, M-2S, M-2T, M-2U and M-2I",M-2S,,To Scheduled Maturity Date,no,0,0.00%,0.01%,19.57
Weighted Average Life Tables,141,"Class M-2, M-2R, M-2S, M-2T, M-2U and M-2I",M-2S,,To Scheduled Maturity Date,no,5,0.00%,0.01%,8.44
Weighted Average Life Tables,141,"Class M-2, M-2R, M-2S, M-2T, M-2U and M-2I",M-2S,,To Scheduled Maturity Date,no,10,0.00%,0.01%,4.63
Weighted Average Life Tables,141,"Class M-2, M-2R, M-2S, M-2T, M-2U and M-2I",M-2S,,To Scheduled Maturity Date,no,15,0.00%,0.01%,3.10
Weighted Average Life Tables,141,"Class M-2, M-2R, M-2S, M-2T, M-2U and M-2I",M-2S,,To Scheduled Maturity Date,no,25,0.00%,0.01%,1.83
Weighted Average Life Tables,141,"Class M-2, M-2R, M-2S, M-2T, M-2U and M-2I",M-2S,,To Scheduled Maturity Date,no,35,0.00%,0.01%,1.26
Weighted Average Life Tables,141,"Class M-2, M-2R, M-2S, M-2T, M-2U and M-2I",M-2S,,To Early Redemption Date,yes,0,0.00%,0.01%,5.02
Weighted Average Life Tables,141,"Class M-2, M-2R, M-2S, M-2T, M-2U and M-2I",M-2S,,To Early Redemption Date,yes,5,0.00%,0.01%,5.02
Weighted Average Life Tables,141,"Class M-2, M-2R, M-2S, M-2T, M-2U and M-2I",M-2S,,To Early Redemption Date,yes,10,0.00%,0.01%,4.52
Weighted Average Life Tables,141,"Class M-2, M-2R, M-2S, M-2T, M-2U and M-2I",M-2S,,To Early Redemption Date,yes,15,0.00%,0.01%,3.10
Weighted Average Life Tables,141,"Class M-2, M-2R, M-2S, M-2T, M-2U and M-2I",M-2S,,To Early Redemption Date,yes,25,0.00%,0.01%,1.83
Weighted Average Life Tables,141,"Class M-2, M-2R, M-2S, M-2T, M-2U and M-2I",M-2S,,To Early Redemption Date,yes,35,0.00%,0.01%,1.26
Weighted Average Life Tables,141,"Class M-2, M-2R, M-2S, M-2T, M-2U and M-2I",M-2T,,To Scheduled Maturity Date,no,0,0.00%,0.01%,19.57
Weighted Average Life Tables,141,"Class M-2, M-2R, M-2S, M-2T, M-2U and M-2I",M-2T,,To Scheduled Maturity Date,no,5,0.00%,0.01%,8.44
Weighted Average Life Tables,141,"Class M-2, M-2R, M-2S, M-2T, M-2U and M-2I",M-2T,,To Scheduled Maturity Date,no,10,0.00%,0.01%,4.63
Weighted Average Life Tables,141,"Class M-2, M-2R, M-2S, M-2T, M-2U and M-2I",M-2T,,To Scheduled Maturity Date,no,15,0.00%,0.01%,3.10
Weighted Average Life Tables,141,"Class M-2, M-2R, M-2S, M-2T, M-2U and M-2I",M-2T,,To Scheduled Maturity Date,no,25,0.00%,0.01%,1.83
Weighted Average Life Tables,141,"Class M-2, M-2R, M-2S, M-2T, M-2U and M-2I",M-2T,,To Scheduled Maturity Date,no,35,0.00%,0.01%,1.26
Weighted Average Life Tables,141,"Class M-2, M-2R, M-2S, M-2T, M-2U and M-2I",M-2T,,To Early Redemption Date,yes,0,0.00%,0.01%,5.02
Weighted Average Life Tables,141,"Class M-2, M-2R, M-2S, M-2T, M-2U and M-2I",M-2T,,To Early Redemption Date,yes,5,0.00%,0.01%,5.02
Weighted Average Life Tables,141,"Class M-2, M-2R, M-2S, M-2T, M-2U and M-2I",M-2T,,To Early Redemption Date,yes,10,0.00%,0.01%,4.52
Weighted Average Life Tables,141,"Class M-2, M-2R, M-2S, M-2T, M-2U and M-2I",M-2T,,To Early Redemption Date,yes,15,0.00%,0.01%,3.10
Weighted Average Life Tables,141,"Class M-2, M-2R, M-2S, M-2T, M-2U and M-2I",M-2T,,To Early Redemption Date,yes,25,0.00%,0.01%,1.83
Weighted Average Life Tables,141,"Class M-2, M-2R, M-2S, M-2T, M-2U and M-2I",M-2T,,To Early Redemption Date,yes,35,0.00%,0.01%,1.26
Weighted Average Life Tables,141,"Class M-2, M-2R, M-2S, M-2T, M-2U and M-2I",M-2U,,To Scheduled Maturity Date,no,0,0.00%,0.01%,19.57
Weighted Average Life Tables,141,"Class M-2, M-2R, M-2S, M-2T, M-2U and M-2I",M-2U,,To Scheduled Maturity Date,no,5,0.00%,0.01%,8.44
Weighted Average Life Tables,141,"Class M-2, M-2R, M-2S, M-2T, M-2U and M-2I",M-2U,,To Scheduled Maturity Date,no,10,0.00%,0.01%,4.63
Weighted Average Life Tables,141,"Class M-2, M-2R, M-2S, M-2T, M-2U and M-2I",M-2U,,To Scheduled Maturity Date,no,15,0.00%,0.01%,3.10
Weighted Average Life Tables,141,"Class M-2, M-2R, M-2S, M-2T, M-2U and M-2I",M-2U,,To Scheduled Maturity Date,no,25,0.00%,0.01%,1.83
Weighted Average Life Tables,141,"Class M-2, M-2R, M-2S, M-2T, M-2U and M-2I",M-2U,,To Scheduled Maturity Date,no,35,0.00%,0.01%,1.26
Weighted Average Life Tables,141,"Class M-2, M-2R, M-2S, M-2T, M-2U and M-2I",M-2U,,To Early Redemption Date,yes,0,0.00%,0.01%,5.02
Weighted Average Life Tables,141,"Class M-2, M-2R, M-2S, M-2T, M-2U and M-2I",M-2U,,To Early Redemption Date,yes,5,0.00%,0.01%,5.02
Weighted Average Life Tables,141,"Class M-2, M-2R, M-2S, M-2T, M-2U and M-2I",M-2U,,To Early Redemption Date,yes,10,0.00%,0.01%,4.52
Weighted Average Life Tables,141,"Class M-2, M-2R, M-2S, M-2T, M-2U and M-2I",M-2U,,To Early Redemption Date,yes,15,0.00%,0.01%,3.10
Weighted Average Life Tables,141,"Class M-2, M-2R, M-2S, M-2T, M-2U and M-2I",M-2U,,To Early Redemption Date,yes,25,0.00%,0.01%,1.83
Weighted Average Life Tables,141,"Class M-2, M-2R, M-2S, M-2T, M-2U and M-2I",M-2U,,To Early Redemption Date,yes,35,0.00%,0.01%,1.26
Weighted Average Life Tables,141,"Class M-2, M-2R, M-2S, M-2T, M-2U and M-2I",M-2I,,To Scheduled Maturity Date,no,0,0.00%,0.01%,19.57
Weighted Average Life Tables,141,"Class M-2, M-2R, M-2S, M-2T, M-2U and M-2I",M-2I,,To Scheduled Maturity Date,no,5,0.00%,0.01%,8.44
Weighted Average Life Tables,141,"Class M-2, M-2R, M-2S, M-2T, M-2U and M-2I",M-2I,,To Scheduled Maturity Date,no,10,0.00%,0.01%,4.63
Weighted Average Life Tables,141,"Class M-2, M-2R, M-2S, M-2T, M-2U and M-2I",M-2I,,To Scheduled Maturity Date,no,15,0.00%,0.01%,3.10
Weighted Average Life Tables,141,"Class M-2, M-2R, M-2S, M-2T, M-2U and M-2I",M-2I,,To Scheduled Maturity Date,no,25,0.00%,0.01%,1.83
Weighted Average Life Tables,141,"Class M-2, M-2R, M-2S, M-2T, M-2U and M-2I",M-2I,,To Scheduled Maturity Date,no,35,0.00%,0.01%,1.26
Weighted Average Life Tables,141,"Class M-2, M-2R, M-2S, M-2T, M-2U and M-2I",M-2I,,To Early Redemption Date,yes,0,0.00%,0.01%,5.02
Weighted Average Life Tables,141,"Class M-2, M-2R, M-2S, M-2T, M-2U and M-2I",M-2I,,To Early Redemption Date,yes,5,0.00%,0.01%,5.02
Weighted Average Life Tables,141,"Class M-2, M-2R, M-2S, M-2T, M-2U and M-2I",M-2I,,To Early Redemption Date,yes,10,0.00%,0.01%,4.52
Weighted Average Life Tables,141,"Class M-2, M-2R, M-2S, M-2T, M-2U and M-2I",M-2I,,To Early Redemption Date,yes,15,0.00%,0.01%,3.10
Weighted Average Life Tables,141,"Class M-2, M-2R, M-2S, M-2T, M-2U and M-2I",M-2I,,To Early Redemption Date,yes,25,0.00%,0.01%,1.83
Weighted Average Life Tables,141,"Class M-2, M-2R, M-2S, M-2T, M-2U and M-2I",M-2I,,To Early Redemption Date,yes,35,0.00%,0.01%,1.26
Weighted Average Life Tables,141,"Class M-2, M-2R, M-2S, M-2T, M-2U and M-2I",M-2,,To Scheduled Maturity Date,no,0,0.50%,0.03%,15.60
Weighted Average Life Tables,141,"Class M-2, M-2R, M-2S, M-2T, M-2U and M-2I",M-2,,To Scheduled Maturity Date,no,5,0.50%,0.03%,20.02
Weighted Average Life Tables,141,"Class M-2, M-2R, M-2S, M-2T, M-2U and M-2I",M-2,,To Scheduled Maturity Date,no,10,0.50%,0.03%,9.07
Weighted Average Life Tables,141,"Class M-2, M-2R, M-2S, M-2T, M-2U and M-2I",M-2,,To Scheduled Maturity Date,no,15,0.50%,0.03%,5.70
Weighted Average Life Tables,141,"Class M-2, M-2R, M-2S, M-2T, M-2U and M-2I",M-2,,To Scheduled Maturity Date,no,25,0.50%,0.03%,3.03
Weighted Average Life Tables,141,"Class M-2, M-2R, M-2S, M-2T, M-2U and M-2I",M-2,,To Scheduled Maturity Date,no,35,0.50%,0.03%,1.83
Weighted Average Life Tables,141,"Class M-2, M-2R, M-2S, M-2T, M-2U and M-2I",M-2,,To Early Redemption Date,yes,0,0.50%,0.03%,5.02
Weighted Average Life Tables,141,"Class M-2, M-2R, M-2S, M-2T, M-2U and M-2I",M-2,,To Early Redemption Date,yes,5,0.50%,0.03%,5.02
Weighted Average Life Tables,141,"Class M-2, M-2R, M-2S, M-2T, M-2U and M-2I",M-2,,To Early Redemption Date,yes,10,0.50%,0.03%,5.02
Weighted Average Life Tables,141,"Class M-2, M-2R, M-2S, M-2T, M-2U and M-2I",M-2,,To Early Redemption Date,yes,15,0.50%,0.03%,5.00
Weighted Average Life Tables,141,"Class M-2, M-2R, M-2S, M-2T, M-2U and M-2I",M-2,,To Early Redemption Date,yes,25,0.50%,0.03%,3.03
Weighted Average Life Tables,141,"Class M-2, M-2R, M-2S, M-2T, M-2U and M-2I",M-2,,To Early Redemption Date,yes,35,0.50%,0.03%,1.83
Weighted Average Life Tables,141,"Class M-2, M-2R, M-2S, M-2T, M-2U and M-2I",M-2R,,To Scheduled Maturity Date,no,0,0.50%,0.03%,15.60
Weighted Average Life Tables,141,"Class M-2, M-2R, M-2S, M-2T, M-2U and M-2I",M-2R,,To Scheduled Maturity Date,no,5,0.50%,0.03%,20.02
Weighted Average Life Tables,141,"Class M-2, M-2R, M-2S, M-2T, M-2U and M-2I",M-2R,,To Scheduled Maturity Date,no,10,0.50%,0.03%,9.07
Weighted Average Life Tables,141,"Class M-2, M-2R, M-2S, M-2T, M-2U and M-2I",M-2R,,To Scheduled Maturity Date,no,15,0.50%,0.03%,5.70
Weighted Average Life Tables,141,"Class M-2, M-2R, M-2S, M-2T, M-2U and M-2I",M-2R,,To Scheduled Maturity Date,no,25,0.50%,0.03%,3.03
Weighted Average Life Tables,141,"Class M-2, M-2R, M-2S, M-2T, M-2U and M-2I",M-2R,,To Scheduled Maturity Date,no,35,0.50%,0.03%,1.83
Weighted Average Life Tables,141,"Class M-2, M-2R, M-2S, M-2T, M-2U and M-2I",M-2R,,To Early Redemption Date,yes,0,0.50%,0.03%,5.02
Weighted Average Life Tables,141,"Class M-2, M-2R, M-2S, M-2T, M-2U and M-2I",M-2R,,To Early Redemption Date,yes,5,0.50%,0.03%,5.02
Weighted Average Life Tables,141,"Class M-2, M-2R, M-2S, M-2T, M-2U and M-2I",M-2R,,To Early Redemption Date,yes,10,0.50%,0.03%,5.02
Weighted Average Life Tables,141,"Class M-2, M-2R, M-2S, M-2T, M-2U and M-2I",M-2R,,To Early Redemption Date,yes,15,0.50%,0.03%,5.00
Weighted Average Life Tables,141,"Class M-2, M-2R, M-2S, M-2T, M-2U and M-2I",M-2R,,To Early Redemption Date,yes,25,0.50%,0.03%,3.03
Weighted Average Life Tables,141,"Class M-2, M-2R, M-2S, M-2T, M-2U and M-2I",M-2R,,To Early Redemption Date,yes,35,0.50%,0.03%,1.83
Weighted Average Life Tables,141,"Class M-2, M-2R, M-2S, M-2T, M-2U and M-2I",M-2S,,To Scheduled Maturity Date,no,0,0.50%,0.03%,15.60
Weighted Average Life Tables,141,"Class M-2, M-2R, M-2S, M-2T, M-2U and M-2I",M-2S,,To Scheduled Maturity Date,no,5,0.50%,0.03%,20.02
Weighted Average Life Tables,141,"Class M-2, M-2R, M-2S, M-2T, M-2U and M-2I",M-2S,,To Scheduled Maturity Date,no,10,0.50%,0.03%,9.07
Weighted Average Life Tables,141,"Class M-2, M-2R, M-2S, M-2T, M-2U and M-2I",M-2S,,To Scheduled Maturity Date,no,15,0.50%,0.03%,5.70
Weighted Average Life Tables,141,"Class M-2, M-2R, M-2S, M-2T, M-2U and M-2I",M-2S,,To Scheduled Maturity Date,no,25,0.50%,0.03%,3.03
Weighted Average Life Tables,141,"Class M-2, M-2R, M-2S, M-2T, M-2U and M-2I",M-2S,,To Scheduled Maturity Date,no,35,0.50%,0.03%,1.83
Weighted Average Life Tables,141,"Class M-2, M-2R, M-2S, M-2T, M-2U and M-2I",M-2S,,To Early Redemption Date,yes,0,0.50%,0.03%,5.02
Weighted Average Life Tables,141,"Class M-2, M-2R, M-2S, M-2T, M-2U and M-2I",M-2S,,To Early Redemption Date,yes,5,0.50%,0.03%,5.02
Weighted Average Life Tables,141,"Class M-2, M-2R, M-2S, M-2T, M-2U and M-2I",M-2S,,To Early Redemption Date,yes,10,0.50%,0.03%,5.02
Weighted Average Life Tables,141,"Class M-2, M-2R, M-2S, M-2T, M-2U and M-2I",M-2S,,To Early Redemption Date,yes,15,0.50%,0.03%,5.00
Weighted Average Life Tables,141,"Class M-2, M-2R, M-2S, M-2T, M-2U and M-2I",M-2S,,To Early Redemption Date,yes,25,0.50%,0.03%,3.03
Weighted Average Life Tables,141,"Class M-2, M-2R, M-2S, M-2T, M-2U and M-2I",M-2S,,To Early Redemption Date,yes,35,0.50%,0.03%,1.83
Weighted Average Life Tables,141,"Class M-2, M-2R, M-2S, M-2T, M-2U and M-2I",M-2T,,To Scheduled Maturity Date,no,0,0.50%,0.03%,15.60
Weighted Average Life Tables,141,"Class M-2, M-2R, M-2S, M-2T, M-2U and M-2I",M-2T,,To Scheduled Maturity Date,no,5,0.50%,0.03%,20.02
Weighted Average Life Tables,141,"Class M-2, M-2R, M-2S, M-2T, M-2U and M-2I",M-2T,,To Scheduled Maturity Date,no,10,0.50%,0.03%,9.07
Weighted Average Life Tables,141,"Class M-2, M-2R, M-2S, M-2T, M-2U and M-2I",M-2T,,To Scheduled Maturity Date,no,15,0.50%,0.03%,5.70
Weighted Average Life Tables,141,"Class M-2, M-2R, M-2S, M-2T, M-2U and M-2I",M-2T,,To Scheduled Maturity Date,no,25,0.50%,0.03%,3.03
Weighted Average Life Tables,141,"Class M-2, M-2R, M-2S, M-2T, M-2U and M-2I",M-2T,,To Scheduled Maturity Date,no,35,0.50%,0.03%,1.83
Weighted Average Life Tables,141,"Class M-2, M-2R, M-2S, M-2T, M-2U and M-2I",M-2T,,To Early Redemption Date,yes,0,0.50%,0.03%,5.02
Weighted Average Life Tables,141,"Class M-2, M-2R, M-2S, M-2T, M-2U and M-2I",M-2T,,To Early Redemption Date,yes,5,0.50%,0.03%,5.02
Weighted Average Life Tables,141,"Class M-2, M-2R, M-2S, M-2T, M-2U and M-2I",M-2T,,To Early Redemption Date,yes,10,0.50%,0.03%,5.02
Weighted Average Life Tables,141,"Class M-2, M-2R, M-2S, M-2T, M-2U and M-2I",M-2T,,To Early Redemption Date,yes,15,0.50%,0.03%,5.00
Weighted Average Life Tables,141,"Class M-2, M-2R, M-2S, M-2T, M-2U and M-2I",M-2T,,To Early Redemption Date,yes,25,0.50%,0.03%,3.03
Weighted Average Life Tables,141,"Class M-2, M-2R, M-2S, M-2T, M-2U and M-2I",M-2T,,To Early Redemption Date,yes,35,0.50%,0.03%,1.83
Weighted Average Life Tables,141,"Class M-2, M-2R, M-2S, M-2T, M-2U and M-2I",M-2U,,To Scheduled Maturity Date,no,0,0.50%,0.03%,15.60
Weighted Average Life Tables,141,"Class M-2, M-2R, M-2S, M-2T, M-2U and M-2I",M-2U,,To Scheduled Maturity Date,no,5,0.50%,0.03%,20.02
Weighted Average Life Tables,141,"Class M-2, M-2R, M-2S, M-2T, M-2U and M-2I",M-2U,,To Scheduled Maturity Date,no,10,0.50%,0.03%,9.07
Weighted Average Life Tables,141,"Class M-2, M-2R, M-2S, M-2T, M-2U and M-2I",M-2U,,To Scheduled Maturity Date,no,15,0.50%,0.03%,5.70
Weighted Average Life Tables,141,"Class M-2, M-2R, M-2S, M-2T, M-2U and M-2I",M-2U,,To Scheduled Maturity Date,no,25,0.50%,0.03%,3.03
Weighted Average Life Tables,141,"Class M-2, M-2R, M-2S, M-2T, M-2U and M-2I",M-2U,,To Scheduled Maturity Date,no,35,0.50%,0.03%,1.83
Weighted Average Life Tables,141,"Class M-2, M-2R, M-2S, M-2T, M-2U and M-2I",M-2U,,To Early Redemption Date,yes,0,0.50%,0.03%,5.02
Weighted Average Life Tables,141,"Class M-2, M-2R, M-2S, M-2T, M-2U and M-2I",M-2U,,To Early Redemption Date,yes,5,0.50%,0.03%,5.02
Weighted Average Life Tables,141,"Class M-2, M-2R, M-2S, M-2T, M-2U and M-2I",M-2U,,To Early Redemption Date,yes,10,0.50%,0.03%,5.02
Weighted Average Life Tables,141,"Class M-2, M-2R, M-2S, M-2T, M-2U and M-2I",M-2U,,To Early Redemption Date,yes,15,0.50%,0.03%,5.00
Weighted Average Life Tables,141,"Class M-2, M-2R, M-2S, M-2T, M-2U and M-2I",M-2U,,To Early Redemption Date,yes,25,0.50%,0.03%,3.03
Weighted Average Life Tables,141,"Class M-2, M-2R, M-2S, M-2T, M-2U and M-2I",M-2U,,To Early Redemption Date,yes,35,0.50%,0.03%,1.83
Weighted Average Life Tables,141,"Class M-2, M-2R, M-2S, M-2T, M-2U and M-2I",M-2I,,To Scheduled Maturity Date,no,0,0.50%,0.03%,15.60
Weighted Average Life Tables,141,"Class M-2, M-2R, M-2S, M-2T, M-2U and M-2I",M-2I,,To Scheduled Maturity Date,no,5,0.50%,0.03%,20.02
Weighted Average Life Tables,141,"Class M-2, M-2R, M-2S, M-2T, M-2U and M-2I",M-2I,,To Scheduled Maturity Date,no,10,0.50%,0.03%,9.07
Weighted Average Life Tables,141,"Class M-2, M-2R, M-2S, M-2T, M-2U and M-2I",M-2I,,To Scheduled Maturity Date,no,15,0.50%,0.03%,5.70
Weighted Average Life Tables,141,"Class M-2, M-2R, M-2S, M-2T, M-2U and M-2I",M-2I,,To Scheduled Maturity Date,no,25,0.50%,0.03%,3.03
Weighted Average Life Tables,141,"Class M-2, M-2R, M-2S, M-2T, M-2U and M-2I",M-2I,,To Scheduled Maturity Date,no,35,0.50%,0.03%,1.83
Weighted Average Life Tables,141,"Class M-2, M-2R, M-2S, M-2T, M-2U and M-2I",M-2I,,To Early Redemption Date,yes,0,0.50%,0.03%,5.02
Weighted Average Life Tables,141,"Class M-2, M-2R, M-2S, M-2T, M-2U and M-2I",M-2I,,To Early Redemption Date,yes,5,0.50%,0.03%,5.02
Weighted Average Life Tables,141,"Class M-2, M-2R, M-2S, M-2T, M-2U and M-2I",M-2I,,To Early Redemption Date,yes,10,0.50%,0.03%,5.02
Weighted Average Life Tables,141,"Class M-2, M-2R, M-2S, M-2T, M-2U and M-2I",M-2I,,To Early Redemption Date,yes,15,0.50%,0.03%,5.00
Weighted Average Life Tables,141,"Class M-2, M-2R, M-2S, M-2T, M-2U and M-2I",M-2I,,To Early Redemption Date,yes,25,0.50%,0.03%,3.03
Weighted Average Life Tables,141,"Class M-2, M-2R, M-2S, M-2T, M-2U and M-2I",M-2I,,To Early Redemption Date,yes,35,0.50%,0.03%,1.83
Weighted Average Life Tables,141,"Class M-2, M-2R, M-2S, M-2T, M-2U and M-2I",M-2,,To Scheduled Maturity Date,no,0,1.00%,0.10%,5.80
Weighted Average Life Tables,141,"Class M-2, M-2R, M-2S, M-2T, M-2U and M-2I",M-2,,To Scheduled Maturity Date,no,5,1.00%,0.10%,7.08
Weighted Average Life Tables,141,"Class M-2, M-2R, M-2S, M-2T, M-2U and M-2I",M-2,,To Scheduled Maturity Date,no,10,1.00%,0.10%,10.24
Weighted Average Life Tables,141,"Class M-2, M-2R, M-2S, M-2T, M-2U and M-2I",M-2,,To Scheduled Maturity Date,no,15,1.00%,0.10%,16.10
Weighted Average Life Tables,141,"Class M-2, M-2R, M-2S, M-2T, M-2U and M-2I",M-2,,To Scheduled Maturity Date,no,25,1.00%,0.10%,6.30
Weighted Average Life Tables,141,"Class M-2, M-2R, M-2S, M-2T, M-2U and M-2I",M-2,,To Scheduled Maturity Date,no,35,1.00%,0.10%,4.32
Weighted Average Life Tables,141,"Class M-2, M-2R, M-2S, M-2T, M-2U and M-2I",M-2,,To Early Redemption Date,yes,0,1.00%,0.10%,5.02
Weighted Average Life Tables,141,"Class M-2, M-2R, M-2S, M-2T, M-2U and M-2I",M-2,,To Early Redemption Date,yes,5,1.00%,0.10%,5.02
Weighted Average Life Tables,141,"Class M-2, M-2R, M-2S, M-2T, M-2U and M-2I",M-2,,To Early Redemption Date,yes,10,1.00%,0.10%,5.02
Weighted Average Life Tables,141,"Class M-2, M-2R, M-2S, M-2T, M-2U and M-2I",M-2,,To Early Redemption Date,yes,15,1.00%,0.10%,5.02
Weighted Average Life Tables,141,"Class M-2, M-2R, M-2S, M-2T, M-2U and M-2I",M-2,,To Early Redemption Date,yes,25,1.00%,0.10%,5.02
Weighted Average Life Tables,141,"Class M-2, M-2R, M-2S, M-2T, M-2U and M-2I",M-2,,To Early Redemption Date,yes,35,1.00%,0.10%,4.32
Weighted Average Life Tables,141,"Class M-2, M-2R, M-2S, M-2T, M-2U and M-2I",M-2R,,To Scheduled Maturity Date,no,0,1.00%,0.10%,5.80
Weighted Average Life Tables,141,"Class M-2, M-2R, M-2S, M-2T, M-2U and M-2I",M-2R,,To Scheduled Maturity Date,no,5,1.00%,0.10%,7.08
Weighted Average Life Tables,141,"Class M-2, M-2R, M-2S, M-2T, M-2U and M-2I",M-2R,,To Scheduled Maturity Date,no,10,1.00%,0.10%,10.24
Weighted Average Life Tables,141,"Class M-2, M-2R, M-2S, M-2T, M-2U and M-2I",M-2R,,To Scheduled Maturity Date,no,15,1.00%,0.10%,16.10
Weighted Average Life Tables,141,"Class M-2, M-2R, M-2S, M-2T, M-2U and M-2I",M-2R,,To Scheduled Maturity Date,no,25,1.00%,0.10%,6.30
Weighted Average Life Tables,141,"Class M-2, M-2R, M-2S, M-2T, M-2U and M-2I",M-2R,,To Scheduled Maturity Date,no,35,1.00%,0.10%,4.32
Weighted Average Life Tables,141,"Class M-2, M-2R, M-2S, M-2T, M-2U and M-2I",M-2R,,To Early Redemption Date,yes,0,1.00%,0.10%,5.02
Weighted Average Life Tables,141,"Class M-2, M-2R, M-2S, M-2T, M-2U and M-2I",M-2R,,To Early Redemption Date,yes,5,1.00%,0.10%,5.02
Weighted Average Life Tables,141,"Class M-2, M-2R, M-2S, M-2T, M-2U and M-2I",M-2R,,To Early Redemption Date,yes,10,1.00%,0.10%,5.02
Weighted Average Life Tables,141,"Class M-2, M-2R, M-2S, M-2T, M-2U and M-2I",M-2R,,To Early Redemption Date,yes,15,1.00%,0.10%,5.02
Weighted Average Life Tables,141,"Class M-2, M-2R, M-2S, M-2T, M-2U and M-2I",M-2R,,To Early Redemption Date,yes,25,1.00%,0.10%,5.02
Weighted Average Life Tables,141,"Class M-2, M-2R, M-2S, M-2T, M-2U and M-2I",M-2R,,To Early Redemption Date,yes,35,1.00%,0.10%,4.32
Weighted Average Life Tables,141,"Class M-2, M-2R, M-2S, M-2T, M-2U and M-2I",M-2S,,To Scheduled Maturity Date,no,0,1.00%,0.10%,5.80
Weighted Average Life Tables,141,"Class M-2, M-2R, M-2S, M-2T, M-2U and M-2I",M-2S,,To Scheduled Maturity Date,no,5,1.00%,0.10%,7.08
Weighted Average Life Tables,141,"Class M-2, M-2R, M-2S, M-2T, M-2U and M-2I",M-2S,,To Scheduled Maturity Date,no,10,1.00%,0.10%,10.24
Weighted Average Life Tables,141,"Class M-2, M-2R, M-2S, M-2T, M-2U and M-2I",M-2S,,To Scheduled Maturity Date,no,15,1.00%,0.10%,16.10
Weighted Average Life Tables,141,"Class M-2, M-2R, M-2S, M-2T, M-2U and M-2I",M-2S,,To Scheduled Maturity Date,no,25,1.00%,0.10%,6.30
Weighted Average Life Tables,141,"Class M-2, M-2R, M-2S, M-2T, M-2U and M-2I",M-2S,,To Scheduled Maturity Date,no,35,1.00%,0.10%,4.32
Weighted Average Life Tables,141,"Class M-2, M-2R, M-2S, M-2T, M-2U and M-2I",M-2S,,To Early Redemption Date,yes,0,1.00%,0.10%,5.02
Weighted Average Life Tables,141,"Class M-2, M-2R, M-2S, M-2T, M-2U and M-2I",M-2S,,To Early Redemption Date,yes,5,1.00%,0.10%,5.02
Weighted Average Life Tables,141,"Class M-2, M-2R, M-2S, M-2T, M-2U and M-2I",M-2S,,To Early Redemption Date,yes,10,1.00%,0.10%,5.02
Weighted Average Life Tables,141,"Class M-2, M-2R, M-2S, M-2T, M-2U and M-2I",M-2S,,To Early Redemption Date,yes,15,1.00%,0.10%,5.02
Weighted Average Life Tables,141,"Class M-2, M-2R, M-2S, M-2T, M-2U and M-2I",M-2S,,To Early Redemption Date,yes,25,1.00%,0.10%,5.02
Weighted Average Life Tables,141,"Class M-2, M-2R, M-2S, M-2T, M-2U and M-2I",M-2S,,To Early Redemption Date,yes,35,1.00%,0.10%,4.32
Weighted Average Life Tables,141,"Class M-2, M-2R, M-2S, M-2T, M-2U and M-2I",M-2T,,To Scheduled Maturity Date,no,0,1.00%,0.10%,5.80
Weighted Average Life Tables,141,"Class M-2, M-2R, M-2S, M-2T, M-2U and M-2I",M-2T,,To Scheduled Maturity Date,no,5,1.00%,0.10%,7.08
Weighted Average Life Tables,141,"Class M-2, M-2R, M-2S, M-2T, M-2U and M-2I",M-2T,,To Scheduled Maturity Date,no,10,1.00%,0.10%,10.24
Weighted Average Life Tables,141,"Class M-2, M-2R, M-2S, M-2T, M-2U and M-2I",M-2T,,To Scheduled Maturity Date,no,15,1.00%,0.10%,16.10
Weighted Average Life Tables,141,"Class M-2, M-2R, M-2S, M-2T, M-2U and M-2I",M-2T,,To Scheduled Maturity Date,no,25,1.00%,0.10%,6.30
Weighted Average Life Tables,141,"Class M-2, M-2R, M-2S, M-2T, M-2U and M-2I",M-2T,,To Scheduled Maturity Date,no,35,1.00%,0.10%,4.32
Weighted Average Life Tables,141,"Class M-2, M-2R, M-2S, M-2T, M-2U and M-2I",M-2T,,To Early Redemption Date,yes,0,1.00%,0.10%,5.02
Weighted Average Life Tables,141,"Class M-2, M-2R, M-2S, M-2T, M-2U and M-2I",M-2T,,To Early Redemption Date,yes,5,1.00%,0.10%,5.02
Weighted Average Life Tables,141,"Class M-2, M-2R, M-2S, M-2T, M-2U and M-2I",M-2T,,To Early Redemption Date,yes,10,1.00%,0.10%,5.02
Weighted Average Life Tables,141,"Class M-2, M-2R, M-2S, M-2T, M-2U and M-2I",M-2T,,To Early Redemption Date,yes,15,1.00%,0.10%,5.02
Weighted Average Life Tables,141,"Class M-2, M-2R, M-2S, M-2T, M-2U and M-2I",M-2T,,To Early Redemption Date,yes,25,1.00%,0.10%,5.02
Weighted Average Life Tables,141,"Class M-2, M-2R, M-2S, M-2T, M-2U and M-2I",M-2T,,To Early Redemption Date,yes,35,1.00%,0.10%,4.32
Weighted Average Life Tables,141,"Class M-2, M-2R, M-2S, M-2T, M-2U and M-2I",M-2U,,To Scheduled Maturity Date,no,0,1.00%,0.10%,5.80
Weighted Average Life Tables,141,"Class M-2, M-2R, M-2S, M-2T, M-2U and M-2I",M-2U,,To Scheduled Maturity Date,no,5,1.00%,0.10%,7.08
Weighted Average Life Tables,141,"Class M-2, M-2R, M-2S, M-2T, M-2U and M-2I",M-2U,,To Scheduled Maturity Date,no,10,1.00%,0.10%,10.24
Weighted Average Life Tables,141,"Class M-2, M-2R, M-2S, M-2T, M-2U and M-2I",M-2U,,To Scheduled Maturity Date,no,15,1.00%,0.10%,16.10
Weighted Average Life Tables,141,"Class M-2, M-2R, M-2S, M-2T, M-2U and M-2I",M-2U,,To Scheduled Maturity Date,no,25,1.00%,0.10%,6.30
Weighted Average Life Tables,141,"Class M-2, M-2R, M-2S, M-2T, M-2U and M-2I",M-2U,,To Scheduled Maturity Date,no,35,1.00%,0.10%,4.32
Weighted Average Life Tables,141,"Class M-2, M-2R, M-2S, M-2T, M-2U and M-2I",M-2U,,To Early Redemption Date,yes,0,1.00%,0.10%,5.02
Weighted Average Life Tables,141,"Class M-2, M-2R, M-2S, M-2T, M-2U and M-2I",M-2U,,To Early Redemption Date,yes,5,1.00%,0.10%,5.02
Weighted Average Life Tables,141,"Class M-2, M-2R, M-2S, M-2T, M-2U and M-2I",M-2U,,To Early Redemption Date,yes,10,1.00%,0.10%,5.02
Weighted Average Life Tables,141,"Class M-2, M-2R, M-2S, M-2T, M-2U and M-2I",M-2U,,To Early Redemption Date,yes,15,1.00%,0.10%,5.02
Weighted Average Life Tables,141,"Class M-2, M-2R, M-2S, M-2T, M-2U and M-2I",M-2U,,To Early Redemption Date,yes,25,1.00%,0.10%,5.02
Weighted Average Life Tables,141,"Class M-2, M-2R, M-2S, M-2T, M-2U and M-2I",M-2U,,To Early Redemption Date,yes,35,1.00%,0.10%,4.32
Weighted Average Life Tables,141,"Class M-2, M-2R, M-2S, M-2T, M-2U and M-2I",M-2I,,To Scheduled Maturity Date,no,0,1.00%,0.10%,5.80
Weighted Average Life Tables,141,"Class M-2, M-2R, M-2S, M-2T, M-2U and M-2I",M-2I,,To Scheduled Maturity Date,no,5,1.00%,0.10%,7.08
Weighted Average Life Tables,141,"Class M-2, M-2R, M-2S, M-2T, M-2U and M-2I",M-2I,,To Scheduled Maturity Date,no,10,1.00%,0.10%,10.24
Weighted Average Life Tables,141,"Class M-2, M-2R, M-2S, M-2T, M-2U and M-2I",M-2I,,To Scheduled Maturity Date,no,15,1.00%,0.10%,16.10
Weighted Average Life Tables,141,"Class M-2, M-2R, M-2S, M-2T, M-2U and M-2I",M-2I,,To Scheduled Maturity Date,no,25,1.00%,0.10%,6.30
Weighted Average Life Tables,141,"Class M-2, M-2R, M-2S, M-2T, M-2U and M-2I",M-2I,,To Scheduled Maturity Date,no,35,1.00%,0.10%,4.32
Weighted Average Life Tables,141,"Class M-2, M-2R, M-2S, M-2T, M-2U and M-2I",M-2I,,To Early Redemption Date,yes,0,1.00%,0.10%,5.02
Weighted Average Life Tables,141,"Class M-2, M-2R, M-2S, M-2T, M-2U and M-2I",M-2I,,To Early Redemption Date,yes,5,1.00%,0.10%,5.02
Weighted Average Life Tables,141,"Class M-2, M-2R, M-2S, M-2T, M-2U and M-2I",M-2I,,To Early Redemption Date,yes,10,1.00%,0.10%,5.02
Weighted Average Life Tables,141,"Class M-2, M-2R, M-2S, M-2T, M-2U and M-2I",M-2I,,To Early Redemption Date,yes,15,1.00%,0.10%,5.02
Weighted Average Life Tables,141,"Class M-2, M-2R, M-2S, M-2T, M-2U and M-2I",M-2I,,To Early Redemption Date,yes,25,1.00%,0.10%,5.02
Weighted Average Life Tables,141,"Class M-2, M-2R, M-2S, M-2T, M-2U and M-2I",M-2I,,To Early Redemption Date,yes,35,1.00%,0.10%,4.32
Weighted Average Life Tables,141,"Class M-2A, M-2AR, M-2AS, M-2AT, M-2AU and M-2AI",M-2A,,To Scheduled Maturity Date,no,0,0.00%,0.00%,17.66
Weighted Average Life Tables,141,"Class M-2A, M-2AR, M-2AS, M-2AT, M-2AU and M-2AI",M-2A,,To Scheduled Maturity Date,no,5,0.00%,0.00%,7.01
Weighted Average Life Tables,141,"Class M-2A, M-2AR, M-2AS, M-2AT, M-2AU and M-2AI",M-2A,,To Scheduled Maturity Date,no,10,0.00%,0.00%,3.90
Weighted Average Life Tables,141,"Class M-2A, M-2AR, M-2AS, M-2AT, M-2AU and M-2AI",M-2A,,To Scheduled Maturity Date,no,15,0.00%,0.00%,2.64
Weighted Average Life Tables,141,"Class M-2A, M-2AR, M-2AS, M-2AT, M-2AU and M-2AI",M-2A,,To Scheduled Maturity Date,no,25,0.00%,0.00%,1.53
Weighted Average Life Tables,141,"Class M-2A, M-2AR, M-2AS, M-2AT, M-2AU and M-2AI",M-2A,,To Scheduled Maturity Date,no,35,0.00%,0.00%,1.03
Weighted Average Life Tables,141,"Class M-2A, M-2AR, M-2AS, M-2AT, M-2AU and M-2AI",M-2A,,To Early Redemption Date,yes,0,0.00%,0.00%,5.02
Weighted Average Life Tables,141,"Class M-2A, M-2AR, M-2AS, M-2AT, M-2AU and M-2AI",M-2A,,To Early Redemption Date,yes,5,0.00%,0.00%,5.02
Weighted Average Life Tables,141,"Class M-2A, M-2AR, M-2AS, M-2AT, M-2AU and M-2AI",M-2A,,To Early Redemption Date,yes,10,0.00%,0.00%,3.90
Weighted Average Life Tables,141,"Class M-2A, M-2AR, M-2AS, M-2AT, M-2AU and M-2AI",M-2A,,To Early Redemption Date,yes,15,0.00%,0.00%,2.64
Weighted Average Life Tables,141,"Class M-2A, M-2AR, M-2AS, M-2AT, M-2AU and M-2AI",M-2A,,To Early Redemption Date,yes,25,0.00%,0.00%,1.53
Weighted Average Life Tables,141,"Class M-2A, M-2AR, M-2AS, M-2AT, M-2AU and M-2AI",M-2A,,To Early Redemption Date,yes,35,0.00%,0.00%,1.03
Weighted Average Life Tables,141,"Class M-2A, M-2AR, M-2AS, M-2AT, M-2AU and M-2AI",M-2AR,,To Scheduled Maturity Date,no,0,0.00%,0.00%,17.66
Weighted Average Life Tables,141,"Class M-2A, M-2AR, M-2AS, M-2AT, M-2AU and M-2AI",M-2AR,,To Scheduled Maturity Date,no,5,0.00%,0.00%,7.01
Weighted Average Life Tables,141,"Class M-2A, M-2AR, M-2AS, M-2AT, M-2AU and M-2AI",M-2AR,,To Scheduled Maturity Date,no,10,0.00%,0.00%,3.90
Weighted Average Life Tables,141,"Class M-2A, M-2AR, M-2AS, M-2AT, M-2AU and M-2AI",M-2AR,,To Scheduled Maturity Date,no,15,0.00%,0.00%,2.64
Weighted Average Life Tables,141,"Class M-2A, M-2AR, M-2AS, M-2AT, M-2AU and M-2AI",M-2AR,,To Scheduled Maturity Date,no,25,0.00%,0.00%,1.53
Weighted Average Life Tables,141,"Class M-2A, M-2AR, M-2AS, M-2AT, M-2AU and M-2AI",M-2AR,,To Scheduled Maturity Date,no,35,0.00%,0.00%,1.03
Weighted Average Life Tables,141,"Class M-2A, M-2AR, M-2AS, M-2AT, M-2AU and M-2AI",M-2AR,,To Early Redemption Date,yes,0,0.00%,0.00%,5.02
Weighted Average Life Tables,141,"Class M-2A, M-2AR, M-2AS, M-2AT, M-2AU and M-2AI",M-2AR,,To Early Redemption Date,yes,5,0.00%,0.00%,5.02
Weighted Average Life Tables,141,"Class M-2A, M-2AR, M-2AS, M-2AT, M-2AU and M-2AI",M-2AR,,To Early Redemption Date,yes,10,0.00%,0.00%,3.90
Weighted Average Life Tables,141,"Class M-2A, M-2AR, M-2AS, M-2AT, M-2AU and M-2AI",M-2AR,,To Early Redemption Date,yes,15,0.00%,0.00%,2.64
Weighted Average Life Tables,141,"Class M-2A, M-2AR, M-2AS, M-2AT, M-2AU and M-2AI",M-2AR,,To Early Redemption Date,yes,25,0.00%,0.00%,1.53
Weighted Average Life Tables,141,"Class M-2A, M-2AR, M-2AS, M-2AT, M-2AU and M-2AI",M-2AR,,To Early Redemption Date,yes,35,0.00%,0.00%,1.03
Weighted Average Life Tables,141,"Class M-2A, M-2AR, M-2AS, M-2AT, M-2AU and M-2AI",M-2AS,,To Scheduled Maturity Date,no,0,0.00%,0.00%,17.66
Weighted Average Life Tables,141,"Class M-2A, M-2AR, M-2AS, M-2AT, M-2AU and M-2AI",M-2AS,,To Scheduled Maturity Date,no,5,0.00%,0.00%,7.01
Weighted Average Life Tables,141,"Class M-2A, M-2AR, M-2AS, M-2AT, M-2AU and M-2AI",M-2AS,,To Scheduled Maturity Date,no,10,0.00%,0.00%,3.90
Weighted Average Life Tables,141,"Class M-2A, M-2AR, M-2AS, M-2AT, M-2AU and M-2AI",M-2AS,,To Scheduled Maturity Date,no,15,0.00%,0.00%,2.64
Weighted Average Life Tables,141,"Class M-2A, M-2AR, M-2AS, M-2AT, M-2AU and M-2AI",M-2AS,,To Scheduled Maturity Date,no,25,0.00%,0.00%,1.53
Weighted Average Life Tables,141,"Class M-2A, M-2AR, M-2AS, M-2AT, M-2AU and M-2AI",M-2AS,,To Scheduled Maturity Date,no,35,0.00%,0.00%,1.03
Weighted Average Life Tables,141,"Class M-2A, M-2AR, M-2AS, M-2AT, M-2AU and M-2AI",M-2AS,,To Early Redemption Date,yes,0,0.00%,0.00%,5.02
Weighted Average Life Tables,141,"Class M-2A, M-2AR, M-2AS, M-2AT, M-2AU and M-2AI",M-2AS,,To Early Redemption Date,yes,5,0.00%,0.00%,5.02
Weighted Average Life Tables,141,"Class M-2A, M-2AR, M-2AS, M-2AT, M-2AU and M-2AI",M-2AS,,To Early Redemption Date,yes,10,0.00%,0.00%,3.90
Weighted Average Life Tables,141,"Class M-2A, M-2AR, M-2AS, M-2AT, M-2AU and M-2AI",M-2AS,,To Early Redemption Date,yes,15,0.00%,0.00%,2.64
Weighted Average Life Tables,141,"Class M-2A, M-2AR, M-2AS, M-2AT, M-2AU and M-2AI",M-2AS,,To Early Redemption Date,yes,25,0.00%,0.00%,1.53
Weighted Average Life Tables,141,"Class M-2A, M-2AR, M-2AS, M-2AT, M-2AU and M-2AI",M-2AS,,To Early Redemption Date,yes,35,0.00%,0.00%,1.03
Weighted Average Life Tables,141,"Class M-2A, M-2AR, M-2AS, M-2AT, M-2AU and M-2AI",M-2AT,,To Scheduled Maturity Date,no,0,0.00%,0.00%,17.66
Weighted Average Life Tables,141,"Class M-2A, M-2AR, M-2AS, M-2AT, M-2AU and M-2AI",M-2AT,,To Scheduled Maturity Date,no,5,0.00%,0.00%,7.01
Weighted Average Life Tables,141,"Class M-2A, M-2AR, M-2AS, M-2AT, M-2AU and M-2AI",M-2AT,,To Scheduled Maturity Date,no,10,0.00%,0.00%,3.90
Weighted Average Life Tables,141,"Class M-2A, M-2AR, M-2AS, M-2AT, M-2AU and M-2AI",M-2AT,,To Scheduled Maturity Date,no,15,0.00%,0.00%,2.64
Weighted Average Life Tables,141,"Class M-2A, M-2AR, M-2AS, M-2AT, M-2AU and M-2AI",M-2AT,,To Scheduled Maturity Date,no,25,0.00%,0.00%,1.53
Weighted Average Life Tables,141,"Class M-2A, M-2AR, M-2AS, M-2AT, M-2AU and M-2AI",M-2AT,,To Scheduled Maturity Date,no,35,0.00%,0.00%,1.03
Weighted Average Life Tables,141,"Class M-2A, M-2AR, M-2AS, M-2AT, M-2AU and M-2AI",M-2AT,,To Early Redemption Date,yes,0,0.00%,0.00%,5.02
Weighted Average Life Tables,141,"Class M-2A, M-2AR, M-2AS, M-2AT, M-2AU and M-2AI",M-2AT,,To Early Redemption Date,yes,5,0.00%,0.00%,5.02
Weighted Average Life Tables,141,"Class M-2A, M-2AR, M-2AS, M-2AT, M-2AU and M-2AI",M-2AT,,To Early Redemption Date,yes,10,0.00%,0.00%,3.90
Weighted Average Life Tables,141,"Class M-2A, M-2AR, M-2AS, M-2AT, M-2AU and M-2AI",M-2AT,,To Early Redemption Date,yes,15,0.00%,0.00%,2.64
Weighted Average Life Tables,141,"Class M-2A, M-2AR, M-2AS, M-2AT, M-2AU and M-2AI",M-2AT,,To Early Redemption Date,yes,25,0.00%,0.00%,1.53
Weighted Average Life Tables,141,"Class M-2A, M-2AR, M-2AS, M-2AT, M-2AU and M-2AI",M-2AT,,To Early Redemption Date,yes,35,0.00%,0.00%,1.03
Weighted Average Life Tables,141,"Class M-2A, M-2AR, M-2AS, M-2AT, M-2AU and M-2AI",M-2AU,,To Scheduled Maturity Date,no,0,0.00%,0.00%,17.66
Weighted Average Life Tables,141,"Class M-2A, M-2AR, M-2AS, M-2AT, M-2AU and M-2AI",M-2AU,,To Scheduled Maturity Date,no,5,0.00%,0.00%,7.01
Weighted Average Life Tables,141,"Class M-2A, M-2AR, M-2AS, M-2AT, M-2AU and M-2AI",M-2AU,,To Scheduled Maturity Date,no,10,0.00%,0.00%,3.90
Weighted Average Life Tables,141,"Class M-2A, M-2AR, M-2AS, M-2AT, M-2AU and M-2AI",M-2AU,,To Scheduled Maturity Date,no,15,0.00%,0.00%,2.64
Weighted Average Life Tables,141,"Class M-2A, M-2AR, M-2AS, M-2AT, M-2AU and M-2AI",M-2AU,,To Scheduled Maturity Date,no,25,0.00%,0.00%,1.53
Weighted Average Life Tables,141,"Class M-2A, M-2AR, M-2AS, M-2AT, M-2AU and M-2AI",M-2AU,,To Scheduled Maturity Date,no,35,0.00%,0.00%,1.03
Weighted Average Life Tables,141,"Class M-2A, M-2AR, M-2AS, M-2AT, M-2AU and M-2AI",M-2AU,,To Early Redemption Date,yes,0,0.00%,0.00%,5.02
Weighted Average Life Tables,141,"Class M-2A, M-2AR, M-2AS, M-2AT, M-2AU and M-2AI",M-2AU,,To Early Redemption Date,yes,5,0.00%,0.00%,5.02
Weighted Average Life Tables,141,"Class M-2A, M-2AR, M-2AS, M-2AT, M-2AU and M-2AI",M-2AU,,To Early Redemption Date,yes,10,0.00%,0.00%,3.90
Weighted Average Life Tables,141,"Class M-2A, M-2AR, M-2AS, M-2AT, M-2AU and M-2AI",M-2AU,,To Early Redemption Date,yes,15,0.00%,0.00%,2.64
Weighted Average Life Tables,141,"Class M-2A, M-2AR, M-2AS, M-2AT, M-2AU and M-2AI",M-2AU,,To Early Redemption Date,yes,25,0.00%,0.00%,1.53
Weighted Average Life Tables,141,"Class M-2A, M-2AR, M-2AS, M-2AT, M-2AU and M-2AI",M-2AU,,To Early Redemption Date,yes,35,0.00%,0.00%,1.03
Weighted Average Life Tables,141,"Class M-2A, M-2AR, M-2AS, M-2AT, M-2AU and M-2AI",M-2AI,,To Scheduled Maturity Date,no,0,0.00%,0.00%,17.66
Weighted Average Life Tables,141,"Class M-2A, M-2AR, M-2AS, M-2AT, M-2AU and M-2AI",M-2AI,,To Scheduled Maturity Date,no,5,0.00%,0.00%,7.01
Weighted Average Life Tables,141,"Class M-2A, M-2AR, M-2AS, M-2AT, M-2AU and M-2AI",M-2AI,,To Scheduled Maturity Date,no,10,0.00%,0.00%,3.90
Weighted Average Life Tables,141,"Class M-2A, M-2AR, M-2AS, M-2AT, M-2AU and M-2AI",M-2AI,,To Scheduled Maturity Date,no,15,0.00%,0.00%,2.64
Weighted Average Life Tables,141,"Class M-2A, M-2AR, M-2AS, M-2AT, M-2AU and M-2AI",M-2AI,,To Scheduled Maturity Date,no,25,0.00%,0.00%,1.53
Weighted Average Life Tables,141,"Class M-2A, M-2AR, M-2AS, M-2AT, M-2AU and M-2AI",M-2AI,,To Scheduled Maturity Date,no,35,0.00%,0.00%,1.03
Weighted Average Life Tables,141,"Class M-2A, M-2AR, M-2AS, M-2AT, M-2AU and M-2AI",M-2AI,,To Early Redemption Date,yes,0,0.00%,0.00%,5.02
Weighted Average Life Tables,141,"Class M-2A, M-2AR, M-2AS, M-2AT, M-2AU and M-2AI",M-2AI,,To Early Redemption Date,yes,5,0.00%,0.00%,5.02
Weighted Average Life Tables,141,"Class M-2A, M-2AR, M-2AS, M-2AT, M-2AU and M-2AI",M-2AI,,To Early Redemption Date,yes,10,0.00%,0.00%,3.90
Weighted Average Life Tables,141,"Class M-2A, M-2AR, M-2AS, M-2AT, M-2AU and M-2AI",M-2AI,,To Early Redemption Date,yes,15,0.00%,0.00%,2.64
Weighted Average Life Tables,141,"Class M-2A, M-2AR, M-2AS, M-2AT, M-2AU and M-2AI",M-2AI,,To Early Redemption Date,yes,25,0.00%,0.00%,1.53
Weighted Average Life Tables,141,"Class M-2A, M-2AR, M-2AS, M-2AT, M-2AU and M-2AI",M-2AI,,To Early Redemption Date,yes,35,0.00%,0.00%,1.03
Weighted Average Life Tables,141,"Class M-2A, M-2AR, M-2AS, M-2AT, M-2AU and M-2AI",M-2A,,To Scheduled Maturity Date,no,0,0.25%,0.00%,20.02
Weighted Average Life Tables,141,"Class M-2A, M-2AR, M-2AS, M-2AT, M-2AU and M-2AI",M-2A,,To Scheduled Maturity Date,no,5,0.25%,0.00%,10.56
Weighted Average Life Tables,141,"Class M-2A, M-2AR, M-2AS, M-2AT, M-2AU and M-2AI",M-2A,,To Scheduled Maturity Date,no,10,0.25%,0.00%,4.93
Weighted Average Life Tables,141,"Class M-2A, M-2AR, M-2AS, M-2AT, M-2AU and M-2AI",M-2A,,To Scheduled Maturity Date,no,15,0.25%,0.00%,3.10
Weighted Average Life Tables,141,"Class M-2A, M-2AR, M-2AS, M-2AT, M-2AU and M-2AI",M-2A,,To Scheduled Maturity Date,no,25,0.25%,0.00%,1.73
Weighted Average Life Tables,141,"Class M-2A, M-2AR, M-2AS, M-2AT, M-2AU and M-2AI",M-2A,,To Scheduled Maturity Date,no,35,0.25%,0.00%,1.13
Weighted Average Life Tables,141,"Class M-2A, M-2AR, M-2AS, M-2AT, M-2AU and M-2AI",M-2A,,To Early Redemption Date,yes,0,0.25%,0.00%,5.02
Weighted Average Life Tables,141,"Class M-2A, M-2AR, M-2AS, M-2AT, M-2AU and M-2AI",M-2A,,To Early Redemption Date,yes,5,0.25%,0.00%,5.02
Weighted Average Life Tables,141,"Class M-2A, M-2AR, M-2AS, M-2AT, M-2AU and M-2AI",M-2A,,To Early Redemption Date,yes,10,0.25%,0.00%,4.81
Weighted Average Life Tables,141,"Class M-2A, M-2AR, M-2AS, M-2AT, M-2AU and M-2AI",M-2A,,To Early Redemption Date,yes,15,0.25%,0.00%,3.10
Weighted Average Life Tables,141,"Class M-2A, M-2AR, M-2AS, M-2AT, M-2AU and M-2AI",M-2A,,To Early Redemption Date,yes,25,0.25%,0.00%,1.73
Weighted Average Life Tables,141,"Class M-2A, M-2AR, M-2AS, M-2AT, M-2AU and M-2AI",M-2A,,To Early Redemption Date,yes,35,0.25%,0.00%,1.13
Weighted Average Life Tables,141,"Class M-2A, M-2AR, M-2AS, M-2AT, M-2AU and M-2AI",M-2AR,,To Scheduled Maturity Date,no,0,0.25%,0.00%,20.02
Weighted Average Life Tables,141,"Class M-2A, M-2AR, M-2AS, M-2AT, M-2AU and M-2AI",M-2AR,,To Scheduled Maturity Date,no,5,0.25%,0.00%,10.56
Weighted Average Life Tables,141,"Class M-2A, M-2AR, M-2AS, M-2AT, M-2AU and M-2AI",M-2AR,,To Scheduled Maturity Date,no,10,0.25%,0.00%,4.93
Weighted Average Life Tables,141,"Class M-2A, M-2AR, M-2AS, M-2AT, M-2AU and M-2AI",M-2AR,,To Scheduled Maturity Date,no,15,0.25%,0.00%,3.10
Weighted Average Life Tables,141,"Class M-2A, M-2AR, M-2AS, M-2AT, M-2AU and M-2AI",M-2AR,,To Scheduled Maturity Date,no,25,0.25%,0.00%,1.73
Weighted Average Life Tables,141,"Class M-2A, M-2AR, M-2AS, M-2AT, M-2AU and M-2AI",M-2AR,,To Scheduled Maturity Date,no,35,0.25%,0.00%,1.13
Weighted Average Life Tables,141,"Class M-2A, M-2AR, M-2AS, M-2AT, M-2AU and M-2AI",M-2AR,,To Early Redemption Date,yes,0,0.25%,0.00%,5.02
Weighted Average Life Tables,141,"Class M-2A, M-2AR, M-2AS, M-2AT, M-2AU and M-2AI",M-2AR,,To Early Redemption Date,yes,5,0.25%,0.00%,5.02
Weighted Average Life Tables,141,"Class M-2A, M-2AR, M-2AS, M-2AT, M-2AU and M-2AI",M-2AR,,To Early Redemption Date,yes,10,0.25%,0.00%,4.81
Weighted Average Life Tables,141,"Class M-2A, M-2AR, M-2AS, M-2AT, M-2AU and M-2AI",M-2AR,,To Early Redemption Date,yes,15,0.25%,0.00%,3.10
Weighted Average Life Tables,141,"Class M-2A, M-2AR, M-2AS, M-2AT, M-2AU and M-2AI",M-2AR,,To Early Redemption Date,yes,25,0.25%,0.00%,1.73
Weighted Average Life Tables,141,"Class M-2A, M-2AR, M-2AS, M-2AT, M-2AU and M-2AI",M-2AR,,To Early Redemption Date,yes,35,0.25%,0.00%,1.13
Weighted Average Life Tables,141,"Class M-2A, M-2AR, M-2AS, M-2AT, M-2AU and M-2AI",M-2AS,,To Scheduled Maturity Date,no,0,0.25%,0.00%,20.02
Weighted Average Life Tables,141,"Class M-2A, M-2AR, M-2AS, M-2AT, M-2AU and M-2AI",M-2AS,,To Scheduled Maturity Date,no,5,0.25%,0.00%,10.56
Weighted Average Life Tables,141,"Class M-2A, M-2AR, M-2AS, M-2AT, M-2AU and M-2AI",M-2AS,,To Scheduled Maturity Date,no,10,0.25%,0.00%,4.93
Weighted Average Life Tables,141,"Class M-2A, M-2AR, M-2AS, M-2AT, M-2AU and M-2AI",M-2AS,,To Scheduled Maturity Date,no,15,0.25%,0.00%,3.10
Weighted Average Life Tables,141,"Class M-2A, M-2AR, M-2AS, M-2AT, M-2AU and M-2AI",M-2AS,,To Scheduled Maturity Date,no,25,0.25%,0.00%,1.73
Weighted Average Life Tables,141,"Class M-2A, M-2AR, M-2AS, M-2AT, M-2AU and M-2AI",M-2AS,,To Scheduled Maturity Date,no,35,0.25%,0.00%,1.13
Weighted Average Life Tables,141,"Class M-2A, M-2AR, M-2AS, M-2AT, M-2AU and M-2AI",M-2AS,,To Early Redemption Date,yes,0,0.25%,0.00%,5.02
Weighted Average Life Tables,141,"Class M-2A, M-2AR, M-2AS, M-2AT, M-2AU and M-2AI",M-2AS,,To Early Redemption Date,yes,5,0.25%,0.00%,5.02
Weighted Average Life Tables,141,"Class M-2A, M-2AR, M-2AS, M-2AT, M-2AU and M-2AI",M-2AS,,To Early Redemption Date,yes,10,0.25%,0.00%,4.81
Weighted Average Life Tables,141,"Class M-2A, M-2AR, M-2AS, M-2AT, M-2AU and M-2AI",M-2AS,,To Early Redemption Date,yes,15,0.25%,0.00%,3.10
Weighted Average Life Tables,141,"Class M-2A, M-2AR, M-2AS, M-2AT, M-2AU and M-2AI",M-2AS,,To Early Redemption Date,yes,25,0.25%,0.00%,1.73
Weighted Average Life Tables,141,"Class M-2A, M-2AR, M-2AS, M-2AT, M-2AU and M-2AI",M-2AS,,To Early Redemption Date,yes,35,0.25%,0.00%,1.13
Weighted Average Life Tables,141,"Class M-2A, M-2AR, M-2AS, M-2AT, M-2AU and M-2AI",M-2AT,,To Scheduled Maturity Date,no,0,0.25%,0.00%,20.02
Weighted Average Life Tables,141,"Class M-2A, M-2AR, M-2AS, M-2AT, M-2AU and M-2AI",M-2AT,,To Scheduled Maturity Date,no,5,0.25%,0.00%,10.56
Weighted Average Life Tables,141,"Class M-2A, M-2AR, M-2AS, M-2AT, M-2AU and M-2AI",M-2AT,,To Scheduled Maturity Date,no,10,0.25%,0.00%,4.93
Weighted Average Life Tables,141,"Class M-2A, M-2AR, M-2AS, M-2AT, M-2AU and M-2AI",M-2AT,,To Scheduled Maturity Date,no,15,0.25%,0.00%,3.10
Weighted Average Life Tables,141,"Class M-2A, M-2AR, M-2AS, M-2AT, M-2AU and M-2AI",M-2AT,,To Scheduled Maturity Date,no,25,0.25%,0.00%,1.73
Weighted Average Life Tables,141,"Class M-2A, M-2AR, M-2AS, M-2AT, M-2AU and M-2AI",M-2AT,,To Scheduled Maturity Date,no,35,0.25%,0.00%,1.13
Weighted Average Life Tables,141,"Class M-2A, M-2AR, M-2AS, M-2AT, M-2AU and M-2AI",M-2AT,,To Early Redemption Date,yes,0,0.25%,0.00%,5.02
Weighted Average Life Tables,141,"Class M-2A, M-2AR, M-2AS, M-2AT, M-2AU and M-2AI",M-2AT,,To Early Redemption Date,yes,5,0.25%,0.00%,5.02
Weighted Average Life Tables,141,"Class M-2A, M-2AR, M-2AS, M-2AT, M-2AU and M-2AI",M-2AT,,To Early Redemption Date,yes,10,0.25%,0.00%,4.81
Weighted Average Life Tables,141,"Class M-2A, M-2AR, M-2AS, M-2AT, M-2AU and M-2AI",M-2AT,,To Early Redemption Date,yes,15,0.25%,0.00%,3.10
Weighted Average Life Tables,141,"Class M-2A, M-2AR, M-2AS, M-2AT, M-2AU and M-2AI",M-2AT,,To Early Redemption Date,yes,25,0.25%,0.00%,1.73
Weighted Average Life Tables,141,"Class M-2A, M-2AR, M-2AS, M-2AT, M-2AU and M-2AI",M-2AT,,To Early Redemption Date,yes,35,0.25%,0.00%,1.13
Weighted Average Life Tables,141,"Class M-2A, M-2AR, M-2AS, M-2AT, M-2AU and M-2AI",M-2AU,,To Scheduled Maturity Date,no,0,0.25%,0.00%,20.02
Weighted Average Life Tables,141,"Class M-2A, M-2AR, M-2AS, M-2AT, M-2AU and M-2AI",M-2AU,,To Scheduled Maturity Date,no,5,0.25%,0.00%,10.56
Weighted Average Life Tables,141,"Class M-2A, M-2AR, M-2AS, M-2AT, M-2AU and M-2AI",M-2AU,,To Scheduled Maturity Date,no,10,0.25%,0.00%,4.93
Weighted Average Life Tables,141,"Class M-2A, M-2AR, M-2AS, M-2AT, M-2AU and M-2AI",M-2AU,,To Scheduled Maturity Date,no,15,0.25%,0.00%,3.10
Weighted Average Life Tables,141,"Class M-2A, M-2AR, M-2AS, M-2AT, M-2AU and M-2AI",M-2AU,,To Scheduled Maturity Date,no,25,0.25%,0.00%,1.73
Weighted Average Life Tables,141,"Class M-2A, M-2AR, M-2AS, M-2AT, M-2AU and M-2AI",M-2AU,,To Scheduled Maturity Date,no,35,0.25%,0.00%,1.13
Weighted Average Life Tables,141,"Class M-2A, M-2AR, M-2AS, M-2AT, M-2AU and M-2AI",M-2AU,,To Early Redemption Date,yes,0,0.25%,0.00%,5.02
Weighted Average Life Tables,141,"Class M-2A, M-2AR, M-2AS, M-2AT, M-2AU and M-2AI",M-2AU,,To Early Redemption Date,yes,5,0.25%,0.00%,5.02
Weighted Average Life Tables,141,"Class M-2A, M-2AR, M-2AS, M-2AT, M-2AU and M-2AI",M-2AU,,To Early Redemption Date,yes,10,0.25%,0.00%,4.81
Weighted Average Life Tables,141,"Class M-2A, M-2AR, M-2AS, M-2AT, M-2AU and M-2AI",M-2AU,,To Early Redemption Date,yes,15,0.25%,0.00%,3.10
Weighted Average Life Tables,141,"Class M-2A, M-2AR, M-2AS, M-2AT, M-2AU and M-2AI",M-2AU,,To Early Redemption Date,yes,25,0.25%,0.00%,1.73
Weighted Average Life Tables,141,"Class M-2A, M-2AR, M-2AS, M-2AT, M-2AU and M-2AI",M-2AU,,To Early Redemption Date,yes,35,0.25%,0.00%,1.13
Weighted Average Life Tables,141,"Class M-2A, M-2AR, M-2AS, M-2AT, M-2AU and M-2AI",M-2AI,,To Scheduled Maturity Date,no,0,0.25%,0.00%,20.02
Weighted Average Life Tables,141,"Class M-2A, M-2AR, M-2AS, M-2AT, M-2AU and M-2AI",M-2AI,,To Scheduled Maturity Date,no,5,0.25%,0.00%,10.56
Weighted Average Life Tables,141,"Class M-2A, M-2AR, M-2AS, M-2AT, M-2AU and M-2AI",M-2AI,,To Scheduled Maturity Date,no,10,0.25%,0.00%,4.93
Weighted Average Life Tables,141,"Class M-2A, M-2AR, M-2AS, M-2AT, M-2AU and M-2AI",M-2AI,,To Scheduled Maturity Date,no,15,0.25%,0.00%,3.10
Weighted Average Life Tables,141,"Class M-2A, M-2AR, M-2AS, M-2AT, M-2AU and M-2AI",M-2AI,,To Scheduled Maturity Date,no,25,0.25%,0.00%,1.73
Weighted Average Life Tables,141,"Class M-2A, M-2AR, M-2AS, M-2AT, M-2AU and M-2AI",M-2AI,,To Scheduled Maturity Date,no,35,0.25%,0.00%,1.13
Weighted Average Life Tables,141,"Class M-2A, M-2AR, M-2AS, M-2AT, M-2AU and M-2AI",M-2AI,,To Early Redemption Date,yes,0,0.25%,0.00%,5.02
Weighted Average Life Tables,141,"Class M-2A, M-2AR, M-2AS, M-2AT, M-2AU and M-2AI",M-2AI,,To Early Redemption Date,yes,5,0.25%,0.00%,5.02
Weighted Average Life Tables,141,"Class M-2A, M-2AR, M-2AS, M-2AT, M-2AU and M-2AI",M-2AI,,To Early Redemption Date,yes,10,0.25%,0.00%,4.81
Weighted Average Life Tables,141,"Class M-2A, M-2AR, M-2AS, M-2AT, M-2AU and M-2AI",M-2AI,,To Early Redemption Date,yes,15,0.25%,0.00%,3.10
Weighted Average Life Tables,141,"Class M-2A, M-2AR, M-2AS, M-2AT, M-2AU and M-2AI",M-2AI,,To Early Redemption Date,yes,25,0.25%,0.00%,1.73
Weighted Average Life Tables,141,"Class M-2A, M-2AR, M-2AS, M-2AT, M-2AU and M-2AI",M-2AI,,To Early Redemption Date,yes,35,0.25%,0.00%,1.13
Weighted Average Life Tables,141,"Class M-2A, M-2AR, M-2AS, M-2AT, M-2AU and M-2AI",M-2A,,To Scheduled Maturity Date,no,0,0.50%,0.00%,18.76
Weighted Average Life Tables,141,"Class M-2A, M-2AR, M-2AS, M-2AT, M-2AU and M-2AI",M-2A,,To Scheduled Maturity Date,no,5,0.50%,0.00%,18.57
Weighted Average Life Tables,141,"Class M-2A, M-2AR, M-2AS, M-2AT, M-2AU and M-2AI",M-2A,,To Scheduled Maturity Date,no,10,0.50%,0.00%,6.59
Weighted Average Life Tables,141,"Class M-2A, M-2AR, M-2AS, M-2AT, M-2AU and M-2AI",M-2A,,To Scheduled Maturity Date,no,15,0.50%,0.00%,3.69
Weighted Average Life Tables,141,"Class M-2A, M-2AR, M-2AS, M-2AT, M-2AU and M-2AI",M-2A,,To Scheduled Maturity Date,no,25,0.50%,0.00%,2.03
Weighted Average Life Tables,141,"Class M-2A, M-2AR, M-2AS, M-2AT, M-2AU and M-2AI",M-2A,,To Scheduled Maturity Date,no,35,0.50%,0.00%,1.31
Weighted Average Life Tables,141,"Class M-2A, M-2AR, M-2AS, M-2AT, M-2AU and M-2AI",M-2A,,To Early Redemption Date,yes,0,0.50%,0.00%,5.02
Weighted Average Life Tables,141,"Class M-2A, M-2AR, M-2AS, M-2AT, M-2AU and M-2AI",M-2A,,To Early Redemption Date,yes,5,0.50%,0.00%,5.02
Weighted Average Life Tables,141,"Class M-2A, M-2AR, M-2AS, M-2AT, M-2AU and M-2AI",M-2A,,To Early Redemption Date,yes,10,0.50%,0.00%,5.02
Weighted Average Life Tables,141,"Class M-2A, M-2AR, M-2AS, M-2AT, M-2AU and M-2AI",M-2A,,To Early Redemption Date,yes,15,0.50%,0.00%,3.69
Weighted Average Life Tables,141,"Class M-2A, M-2AR, M-2AS, M-2AT, M-2AU and M-2AI",M-2A,,To Early Redemption Date,yes,25,0.50%,0.00%,2.03
Weighted Average Life Tables,141,"Class M-2A, M-2AR, M-2AS, M-2AT, M-2AU and M-2AI",M-2A,,To Early Redemption Date,yes,35,0.50%,0.00%,1.31
Weighted Average Life Tables,141,"Class M-2A, M-2AR, M-2AS, M-2AT, M-2AU and M-2AI",M-2AR,,To Scheduled Maturity Date,no,0,0.50%,0.00%,18.76
Weighted Average Life Tables,141,"Class M-2A, M-2AR, M-2AS, M-2AT, M-2AU and M-2AI",M-2AR,,To Scheduled Maturity Date,no,5,0.50%,0.00%,18.57
Weighted Average Life Tables,141,"Class M-2A, M-2AR, M-2AS, M-2AT, M-2AU and M-2AI",M-2AR,,To Scheduled Maturity Date,no,10,0.50%,0.00%,6.59
Weighted Average Life Tables,141,"Class M-2A, M-2AR, M-2AS, M-2AT, M-2AU and M-2AI",M-2AR,,To Scheduled Maturity Date,no,15,0.50%,0.00%,3.69
Weighted Average Life Tables,141,"Class M-2A, M-2AR, M-2AS, M-2AT, M-2AU and M-2AI",M-2AR,,To Scheduled Maturity Date,no,25,0.50%,0.00%,2.03
Weighted Average Life Tables,141,"Class M-2A, M-2AR, M-2AS, M-2AT, M-2AU and M-2AI",M-2AR,,To Scheduled Maturity Date,no,35,0.50%,0.00%,1.31
Weighted Average Life Tables,141,"Class M-2A, M-2AR, M-2AS, M-2AT, M-2AU and M-2AI",M-2AR,,To Early Redemption Date,yes,0,0.50%,0.00%,5.02
Weighted Average Life Tables,141,"Class M-2A, M-2AR, M-2AS, M-2AT, M-2AU and M-2AI",M-2AR,,To Early Redemption Date,yes,5,0.50%,0.00%,5.02
Weighted Average Life Tables,141,"Class M-2A, M-2AR, M-2AS, M-2AT, M-2AU and M-2AI",M-2AR,,To Early Redemption Date,yes,10,0.50%,0.00%,5.02
Weighted Average Life Tables,141,"Class M-2A, M-2AR, M-2AS, M-2AT, M-2AU and M-2AI",M-2AR,,To Early Redemption Date,yes,15,0.50%,0.00%,3.69
Weighted Average Life Tables,141,"Class M-2A, M-2AR, M-2AS, M-2AT, M-2AU and M-2AI",M-2AR,,To Early Redemption Date,yes,25,0.50%,0.00%,2.03
Weighted Average Life Tables,141,"Class M-2A, M-2AR, M-2AS, M-2AT, M-2AU and M-2AI",M-2AR,,To Early Redemption Date,yes,35,0.50%,0.00%,1.31
Weighted Average Life Tables,141,"Class M-2A, M-2AR, M-2AS, M-2AT, M-2AU and M-2AI",M-2AS,,To Scheduled Maturity Date,no,0,0.50%,0.00%,18.76
Weighted Average Life Tables,141,"Class M-2A, M-2AR, M-2AS, M-2AT, M-2AU and M-2AI",M-2AS,,To Scheduled Maturity Date,no,5,0.50%,0.00%,18.57
Weighted Average Life Tables,141,"Class M-2A, M-2AR, M-2AS, M-2AT, M-2AU and M-2AI",M-2AS,,To Scheduled Maturity Date,no,10,0.50%,0.00%,6.59
Weighted Average Life Tables,141,"Class M-2A, M-2AR, M-2AS, M-2AT, M-2AU and M-2AI",M-2AS,,To Scheduled Maturity Date,no,15,0.50%,0.00%,3.69
Weighted Average Life Tables,141,"Class M-2A, M-2AR, M-2AS, M-2AT, M-2AU and M-2AI",M-2AS,,To Scheduled Maturity Date,no,25,0.50%,0.00%,2.03
Weighted Average Life Tables,141,"Class M-2A, M-2AR, M-2AS, M-2AT, M-2AU and M-2AI",M-2AS,,To Scheduled Maturity Date,no,35,0.50%,0.00%,1.31
Weighted Average Life Tables,141,"Class M-2A, M-2AR, M-2AS, M-2AT, M-2AU and M-2AI",M-2AS,,To Early Redemption Date,yes,0,0.50%,0.00%,5.02
Weighted Average Life Tables,141,"Class M-2A, M-2AR, M-2AS, M-2AT, M-2AU and M-2AI",M-2AS,,To Early Redemption Date,yes,5,0.50%,0.00%,5.02
Weighted Average Life Tables,141,"Class M-2A, M-2AR, M-2AS, M-2AT, M-2AU and M-2AI",M-2AS,,To Early Redemption Date,yes,10,0.50%,0.00%,5.02
Weighted Average Life Tables,141,"Class M-2A, M-2AR, M-2AS, M-2AT, M-2AU and M-2AI",M-2AS,,To Early Redemption Date,yes,15,0.50%,0.00%,3.69
Weighted Average Life Tables,141,"Class M-2A, M-2AR, M-2AS, M-2AT, M-2AU and M-2AI",M-2AS,,To Early Redemption Date,yes,25,0.50%,0.00%,2.03
Weighted Average Life Tables,141,"Class M-2A, M-2AR, M-2AS, M-2AT, M-2AU and M-2AI",M-2AS,,To Early Redemption Date,yes,35,0.50%,0.00%,1.31
Weighted Average Life Tables,141,"Class M-2A, M-2AR, M-2AS, M-2AT, M-2AU and M-2AI",M-2AT,,To Scheduled Maturity Date,no,0,0.50%,0.00%,18.76
Weighted Average Life Tables,141,"Class M-2A, M-2AR, M-2AS, M-2AT, M-2AU and M-2AI",M-2AT,,To Scheduled Maturity Date,no,5,0.50%,0.00%,18.57
Weighted Average Life Tables,141,"Class M-2A, M-2AR, M-2AS, M-2AT, M-2AU and M-2AI",M-2AT,,To Scheduled Maturity Date,no,10,0.50%,0.00%,6.59
Weighted Average Life Tables,141,"Class M-2A, M-2AR, M-2AS, M-2AT, M-2AU and M-2AI",M-2AT,,To Scheduled Maturity Date,no,15,0.50%,0.00%,3.69
Weighted Average Life Tables,141,"Class M-2A, M-2AR, M-2AS, M-2AT, M-2AU and M-2AI",M-2AT,,To Scheduled Maturity Date,no,25,0.50%,0.00%,2.03
Weighted Average Life Tables,141,"Class M-2A, M-2AR, M-2AS, M-2AT, M-2AU and M-2AI",M-2AT,,To Scheduled Maturity Date,no,35,0.50%,0.00%,1.31
Weighted Average Life Tables,141,"Class M-2A, M-2AR, M-2AS, M-2AT, M-2AU and M-2AI",M-2AT,,To Early Redemption Date,yes,0,0.50%,0.00%,5.02
Weighted Average Life Tables,141,"Class M-2A, M-2AR, M-2AS, M-2AT, M-2AU and M-2AI",M-2AT,,To Early Redemption Date,yes,5,0.50%,0.00%,5.02
Weighted Average Life Tables,141,"Class M-2A, M-2AR, M-2AS, M-2AT, M-2AU and M-2AI",M-2AT,,To Early Redemption Date,yes,10,0.50%,0.00%,5.02
Weighted Average Life Tables,141,"Class M-2A, M-2AR, M-2AS, M-2AT, M-2AU and M-2AI",M-2AT,,To Early Redemption Date,yes,15,0.50%,0.00%,3.69
Weighted Average Life Tables,141,"Class M-2A, M-2AR, M-2AS, M-2AT, M-2AU and M-2AI",M-2AT,,To Early Redemption Date,yes,25,0.50%,0.00%,2.03
Weighted Average Life Tables,141,"Class M-2A, M-2AR, M-2AS, M-2AT, M-2AU and M-2AI",M-2AT,,To Early Redemption Date,yes,35,0.50%,0.00%,1.31
Weighted Average Life Tables,141,"Class M-2A, M-2AR, M-2AS, M-2AT, M-2AU and M-2AI",M-2AU,,To Scheduled Maturity Date,no,0,0.50%,0.00%,18.76
Weighted Average Life Tables,141,"Class M-2A, M-2AR, M-2AS, M-2AT, M-2AU and M-2AI",M-2AU,,To Scheduled Maturity Date,no,5,0.50%,0.00%,18.57
Weighted Average Life Tables,141,"Class M-2A, M-2AR, M-2AS, M-2AT, M-2AU and M-2AI",M-2AU,,To Scheduled Maturity Date,no,10,0.50%,0.00%,6.59
Weighted Average Life Tables,141,"Class M-2A, M-2AR, M-2AS, M-2AT, M-2AU and M-2AI",M-2AU,,To Scheduled Maturity Date,no,15,0.50%,0.00%,3.69
Weighted Average Life Tables,141,"Class M-2A, M-2AR, M-2AS, M-2AT, M-2AU and M-2AI",M-2AU,,To Scheduled Maturity Date,no,25,0.50%,0.00%,2.03
Weighted Average Life Tables,141,"Class M-2A, M-2AR, M-2AS, M-2AT, M-2AU and M-2AI",M-2AU,,To Scheduled Maturity Date,no,35,0.50%,0.00%,1.31
Weighted Average Life Tables,141,"Class M-2A, M-2AR, M-2AS, M-2AT, M-2AU and M-2AI",M-2AU,,To Early Redemption Date,yes,0,0.50%,0.00%,5.02
Weighted Average Life Tables,141,"Class M-2A, M-2AR, M-2AS, M-2AT, M-2AU and M-2AI",M-2AU,,To Early Redemption Date,yes,5,0.50%,0.00%,5.02
Weighted Average Life Tables,141,"Class M-2A, M-2AR, M-2AS, M-2AT, M-2AU and M-2AI",M-2AU,,To Early Redemption Date,yes,10,0.50%,0.00%,5.02
Weighted Average Life Tables,141,"Class M-2A, M-2AR, M-2AS, M-2AT, M-2AU and M-2AI",M-2AU,,To Early Redemption Date,yes,15,0.50%,0.00%,3.69
Weighted Average Life Tables,141,"Class M-2A, M-2AR, M-2AS, M-2AT, M-2AU and M-2AI",M-2AU,,To Early Redemption Date,yes,25,0.50%,0.00%,2.03
Weighted Average Life Tables,141,"Class M-2A, M-2AR, M-2AS, M-2AT, M-2AU and M-2AI",M-2AU,,To Early Redemption Date,yes,35,0.50%,0.00%,1.31
Weighted Average Life Tables,141,"Class M-2A, M-2AR, M-2AS, M-2AT, M-2AU and M-2AI",M-2AI,,To Scheduled Maturity Date,no,0,0.50%,0.00%,18.76
Weighted Average Life Tables,141,"Class M-2A, M-2AR, M-2AS, M-2AT, M-2AU and M-2AI",M-2AI,,To Scheduled Maturity Date,no,5,0.50%,0.00%,18.57
Weighted Average Life Tables,141,"Class M-2A, M-2AR, M-2AS, M-2AT, M-2AU and M-2AI",M-2AI,,To Scheduled Maturity Date,no,10,0.50%,0.00%,6.59
Weighted Average Life Tables,141,"Class M-2A, M-2AR, M-2AS, M-2AT, M-2AU and M-2AI",M-2AI,,To Scheduled Maturity Date,no,15,0.50%,0.00%,3.69
Weighted Average Life Tables,141,"Class M-2A, M-2AR, M-2AS, M-2AT, M-2AU and M-2AI",M-2AI,,To Scheduled Maturity Date,no,25,0.50%,0.00%,2.03
Weighted Average Life Tables,141,"Class M-2A, M-2AR, M-2AS, M-2AT, M-2AU and M-2AI",M-2AI,,To Scheduled Maturity Date,no,35,0.50%,0.00%,1.31
Weighted Average Life Tables,141,"Class M-2A, M-2AR, M-2AS, M-2AT, M-2AU and M-2AI",M-2AI,,To Early Redemption Date,yes,0,0.50%,0.00%,5.02
Weighted Average Life Tables,141,"Class M-2A, M-2AR, M-2AS, M-2AT, M-2AU and M-2AI",M-2AI,,To Early Redemption Date,yes,5,0.50%,0.00%,5.02
Weighted Average Life Tables,141,"Class M-2A, M-2AR, M-2AS, M-2AT, M-2AU and M-2AI",M-2AI,,To Early Redemption Date,yes,10,0.50%,0.00%,5.02
Weighted Average Life Tables,141,"Class M-2A, M-2AR, M-2AS, M-2AT, M-2AU and M-2AI",M-2AI,,To Early Redemption Date,yes,15,0.50%,0.00%,3.69
Weighted Average Life Tables,141,"Class M-2A, M-2AR, M-2AS, M-2AT, M-2AU and M-2AI",M-2AI,,To Early Redemption Date,yes,25,0.50%,0.00%,2.03
Weighted Average Life Tables,141,"Class M-2A, M-2AR, M-2AS, M-2AT, M-2AU and M-2AI",M-2AI,,To Early Redemption Date,yes,35,0.50%,0.00%,1.31
Weighted Average Life Tables,141,"Class M-2A, M-2AR, M-2AS, M-2AT, M-2AU and M-2AI",M-2A,,To Scheduled Maturity Date,no,0,1.00%,0.00%,8.25
Weighted Average Life Tables,141,"Class M-2A, M-2AR, M-2AS, M-2AT, M-2AU and M-2AI",M-2A,,To Scheduled Maturity Date,no,5,1.00%,0.00%,11.09
Weighted Average Life Tables,141,"Class M-2A, M-2AR, M-2AS, M-2AT, M-2AU and M-2AI",M-2A,,To Scheduled Maturity Date,no,10,1.00%,0.00%,20.02
Weighted Average Life Tables,141,"Class M-2A, M-2AR, M-2AS, M-2AT, M-2AU and M-2AI",M-2A,,To Scheduled Maturity Date,no,15,1.00%,0.00%,10.72
Weighted Average Life Tables,141,"Class M-2A, M-2AR, M-2AS, M-2AT, M-2AU and M-2AI",M-2A,,To Scheduled Maturity Date,no,25,1.00%,0.00%,5.83
Weighted Average Life Tables,141,"Class M-2A, M-2AR, M-2AS, M-2AT, M-2AU and M-2AI",M-2A,,To Scheduled Maturity Date,no,35,1.00%,0.00%,3.99
Weighted Average Life Tables,141,"Class M-2A, M-2AR, M-2AS, M-2AT, M-2AU and M-2AI",M-2A,,To Early Redemption Date,yes,0,1.00%,0.00%,5.02
Weighted Average Life Tables,141,"Class M-2A, M-2AR, M-2AS, M-2AT, M-2AU and M-2AI",M-2A,,To Early Redemption Date,yes,5,1.00%,0.00%,5.02
Weighted Average Life Tables,141,"Class M-2A, M-2AR, M-2AS, M-2AT, M-2AU and M-2AI",M-2A,,To Early Redemption Date,yes,10,1.00%,0.00%,5.02
Weighted Average Life Tables,141,"Class M-2A, M-2AR, M-2AS, M-2AT, M-2AU and M-2AI",M-2A,,To Early Redemption Date,yes,15,1.00%,0.00%,5.02
Weighted Average Life Tables,141,"Class M-2A, M-2AR, M-2AS, M-2AT, M-2AU and M-2AI",M-2A,,To Early Redemption Date,yes,25,1.00%,0.00%,5.02
Weighted Average Life Tables,141,"Class M-2A, M-2AR, M-2AS, M-2AT, M-2AU and M-2AI",M-2A,,To Early Redemption Date,yes,35,1.00%,0.00%,3.99
Weighted Average Life Tables,141,"Class M-2A, M-2AR, M-2AS, M-2AT, M-2AU and M-2AI",M-2AR,,To Scheduled Maturity Date,no,0,1.00%,0.00%,8.25
Weighted Average Life Tables,141,"Class M-2A, M-2AR, M-2AS, M-2AT, M-2AU and M-2AI",M-2AR,,To Scheduled Maturity Date,no,5,1.00%,0.00%,11.09
Weighted Average Life Tables,141,"Class M-2A, M-2AR, M-2AS, M-2AT, M-2AU and M-2AI",M-2AR,,To Scheduled Maturity Date,no,10,1.00%,0.00%,20.02
Weighted Average Life Tables,141,"Class M-2A, M-2AR, M-2AS, M-2AT, M-2AU and M-2AI",M-2AR,,To Scheduled Maturity Date,no,15,1.00%,0.00%,10.72
Weighted Average Life Tables,141,"Class M-2A, M-2AR, M-2AS, M-2AT, M-2AU and M-2AI",M-2AR,,To Scheduled Maturity Date,no,25,1.00%,0.00%,5.83
Weighted Average Life Tables,141,"Class M-2A, M-2AR, M-2AS, M-2AT, M-2AU and M-2AI",M-2AR,,To Scheduled Maturity Date,no,35,1.00%,0.00%,3.99
Weighted Average Life Tables,141,"Class M-2A, M-2AR, M-2AS, M-2AT, M-2AU and M-2AI",M-2AR,,To Early Redemption Date,yes,0,1.00%,0.00%,5.02
Weighted Average Life Tables,141,"Class M-2A, M-2AR, M-2AS, M-2AT, M-2AU and M-2AI",M-2AR,,To Early Redemption Date,yes,5,1.00%,0.00%,5.02
Weighted Average Life Tables,141,"Class M-2A, M-2AR, M-2AS, M-2AT, M-2AU and M-2AI",M-2AR,,To Early Redemption Date,yes,10,1.00%,0.00%,5.02
Weighted Average Life Tables,141,"Class M-2A, M-2AR, M-2AS, M-2AT, M-2AU and M-2AI",M-2AR,,To Early Redemption Date,yes,15,1.00%,0.00%,5.02
Weighted Average Life Tables,141,"Class M-2A, M-2AR, M-2AS, M-2AT, M-2AU and M-2AI",M-2AR,,To Early Redemption Date,yes,25,1.00%,0.00%,5.02
Weighted Average Life Tables,141,"Class M-2A, M-2AR, M-2AS, M-2AT, M-2AU and M-2AI",M-2AR,,To Early Redemption Date,yes,35,1.00%,0.00%,3.99
Weighted Average Life Tables,141,"Class M-2A, M-2AR, M-2AS, M-2AT, M-2AU and M-2AI",M-2AS,,To Scheduled Maturity Date,no,0,1.00%,0.00%,8.25
Weighted Average Life Tables,141,"Class M-2A, M-2AR, M-2AS, M-2AT, M-2AU and M-2AI",M-2AS,,To Scheduled Maturity Date,no,5,1.00%,0.00%,11.09
Weighted Average Life Tables,141,"Class M-2A, M-2AR, M-2AS, M-2AT, M-2AU and M-2AI",M-2AS,,To Scheduled Maturity Date,no,10,1.00%,0.00%,20.02
Weighted Average Life Tables,141,"Class M-2A, M-2AR, M-2AS, M-2AT, M-2AU and M-2AI",M-2AS,,To Scheduled Maturity Date,no,15,1.00%,0.00%,10.72
Weighted Average Life Tables,141,"Class M-2A, M-2AR, M-2AS, M-2AT, M-2AU and M-2AI",M-2AS,,To Scheduled Maturity Date,no,25,1.00%,0.00%,5.83
Weighted Average Life Tables,141,"Class M-2A, M-2AR, M-2AS, M-2AT, M-2AU and M-2AI",M-2AS,,To Scheduled Maturity Date,no,35,1.00%,0.00%,3.99
Weighted Average Life Tables,141,"Class M-2A, M-2AR, M-2AS, M-2AT, M-2AU and M-2AI",M-2AS,,To Early Redemption Date,yes,0,1.00%,0.00%,5.02
Weighted Average Life Tables,141,"Class M-2A, M-2AR, M-2AS, M-2AT, M-2AU and M-2AI",M-2AS,,To Early Redemption Date,yes,5,1.00%,0.00%,5.02
Weighted Average Life Tables,141,"Class M-2A, M-2AR, M-2AS, M-2AT, M-2AU and M-2AI",M-2AS,,To Early Redemption Date,yes,10,1.00%,0.00%,5.02
Weighted Average Life Tables,141,"Class M-2A, M-2AR, M-2AS, M-2AT, M-2AU and M-2AI",M-2AS,,To Early Redemption Date,yes,15,1.00%,0.00%,5.02
Weighted Average Life Tables,141,"Class M-2A, M-2AR, M-2AS, M-2AT, M-2AU and M-2AI",M-2AS,,To Early Redemption Date,yes,25,1.00%,0.00%,5.02
Weighted Average Life Tables,141,"Class M-2A, M-2AR, M-2AS, M-2AT, M-2AU and M-2AI",M-2AS,,To Early Redemption Date,yes,35,1.00%,0.00%,3.99
Weighted Average Life Tables,141,"Class M-2A, M-2AR, M-2AS, M-2AT, M-2AU and M-2AI",M-2AT,,To Scheduled Maturity Date,no,0,1.00%,0.00%,8.25
Weighted Average Life Tables,141,"Class M-2A, M-2AR, M-2AS, M-2AT, M-2AU and M-2AI",M-2AT,,To Scheduled Maturity Date,no,5,1.00%,0.00%,11.09
Weighted Average Life Tables,141,"Class M-2A, M-2AR, M-2AS, M-2AT, M-2AU and M-2AI",M-2AT,,To Scheduled Maturity Date,no,10,1.00%,0.00%,20.02
Weighted Average Life Tables,141,"Class M-2A, M-2AR, M-2AS, M-2AT, M-2AU and M-2AI",M-2AT,,To Scheduled Maturity Date,no,15,1.00%,0.00%,10.72
Weighted Average Life Tables,141,"Class M-2A, M-2AR, M-2AS, M-2AT, M-2AU and M-2AI",M-2AT,,To Scheduled Maturity Date,no,25,1.00%,0.00%,5.83
Weighted Average Life Tables,141,"Class M-2A, M-2AR, M-2AS, M-2AT, M-2AU and M-2AI",M-2AT,,To Scheduled Maturity Date,no,35,1.00%,0.00%,3.99
Weighted Average Life Tables,141,"Class M-2A, M-2AR, M-2AS, M-2AT, M-2AU and M-2AI",M-2AT,,To Early Redemption Date,yes,0,1.00%,0.00%,5.02
Weighted Average Life Tables,141,"Class M-2A, M-2AR, M-2AS, M-2AT, M-2AU and M-2AI",M-2AT,,To Early Redemption Date,yes,5,1.00%,0.00%,5.02
Weighted Average Life Tables,141,"Class M-2A, M-2AR, M-2AS, M-2AT, M-2AU and M-2AI",M-2AT,,To Early Redemption Date,yes,10,1.00%,0.00%,5.02
Weighted Average Life Tables,141,"Class M-2A, M-2AR, M-2AS, M-2AT, M-2AU and M-2AI",M-2AT,,To Early Redemption Date,yes,15,1.00%,0.00%,5.02
Weighted Average Life Tables,141,"Class M-2A, M-2AR, M-2AS, M-2AT, M-2AU and M-2AI",M-2AT,,To Early Redemption Date,yes,25,1.00%,0.00%,5.02
Weighted Average Life Tables,141,"Class M-2A, M-2AR, M-2AS, M-2AT, M-2AU and M-2AI",M-2AT,,To Early Redemption Date,yes,35,1.00%,0.00%,3.99
Weighted Average Life Tables,141,"Class M-2A, M-2AR, M-2AS, M-2AT, M-2AU and M-2AI",M-2AU,,To Scheduled Maturity Date,no,0,1.00%,0.00%,8.25
Weighted Average Life Tables,141,"Class M-2A, M-2AR, M-2AS, M-2AT, M-2AU and M-2AI",M-2AU,,To Scheduled Maturity Date,no,5,1.00%,0.00%,11.09
Weighted Average Life Tables,141,"Class M-2A, M-2AR, M-2AS, M-2AT, M-2AU and M-2AI",M-2AU,,To Scheduled Maturity Date,no,10,1.00%,0.00%,20.02
Weighted Average Life Tables,141,"Class M-2A, M-2AR, M-2AS, M-2AT, M-2AU and M-2AI",M-2AU,,To Scheduled Maturity Date,no,15,1.00%,0.00%,10.72
Weighted Average Life Tables,141,"Class M-2A, M-2AR, M-2AS, M-2AT, M-2AU and M-2AI",M-2AU,,To Scheduled Maturity Date,no,25,1.00%,0.00%,5.83
Weighted Average Life Tables,141,"Class M-2A, M-2AR, M-2AS, M-2AT, M-2AU and M-2AI",M-2AU,,To Scheduled Maturity Date,no,35,1.00%,0.00%,3.99
Weighted Average Life Tables,141,"Class M-2A, M-2AR, M-2AS, M-2AT, M-2AU and M-2AI",M-2AU,,To Early Redemption Date,yes,0,1.00%,0.00%,5.02
Weighted Average Life Tables,141,"Class M-2A, M-2AR, M-2AS, M-2AT, M-2AU and M-2AI",M-2AU,,To Early Redemption Date,yes,5,1.00%,0.00%,5.02
Weighted Average Life Tables,141,"Class M-2A, M-2AR, M-2AS, M-2AT, M-2AU and M-2AI",M-2AU,,To Early Redemption Date,yes,10,1.00%,0.00%,5.02
Weighted Average Life Tables,141,"Class M-2A, M-2AR, M-2AS, M-2AT, M-2AU and M-2AI",M-2AU,,To Early Redemption Date,yes,15,1.00%,0.00%,5.02
Weighted Average Life Tables,141,"Class M-2A, M-2AR, M-2AS, M-2AT, M-2AU and M-2AI",M-2AU,,To Early Redemption Date,yes,25,1.00%,0.00%,5.02
Weighted Average Life Tables,141,"Class M-2A, M-2AR, M-2AS, M-2AT, M-2AU and M-2AI",M-2AU,,To Early Redemption Date,yes,35,1.00%,0.00%,3.99
Weighted Average Life Tables,141,"Class M-2A, M-2AR, M-2AS, M-2AT, M-2AU and M-2AI",M-2AI,,To Scheduled Maturity Date,no,0,1.00%,0.00%,8.25
Weighted Average Life Tables,141,"Class M-2A, M-2AR, M-2AS, M-2AT, M-2AU and M-2AI",M-2AI,,To Scheduled Maturity Date,no,5,1.00%,0.00%,11.09
Weighted Average Life Tables,141,"Class M-2A, M-2AR, M-2AS, M-2AT, M-2AU and M-2AI",M-2AI,,To Scheduled Maturity Date,no,10,1.00%,0.00%,20.02
Weighted Average Life Tables,141,"Class M-2A, M-2AR, M-2AS, M-2AT, M-2AU and M-2AI",M-2AI,,To Scheduled Maturity Date,no,15,1.00%,0.00%,10.72
Weighted Average Life Tables,141,"Class M-2A, M-2AR, M-2AS, M-2AT, M-2AU and M-2AI",M-2AI,,To Scheduled Maturity Date,no,25,1.00%,0.00%,5.83
Weighted Average Life Tables,141,"Class M-2A, M-2AR, M-2AS, M-2AT, M-2AU and M-2AI",M-2AI,,To Scheduled Maturity Date,no,35,1.00%,0.00%,3.99
Weighted Average Life Tables,141,"Class M-2A, M-2AR, M-2AS, M-2AT, M-2AU and M-2AI",M-2AI,,To Early Redemption Date,yes,0,1.00%,0.00%,5.02
Weighted Average Life Tables,141,"Class M-2A, M-2AR, M-2AS, M-2AT, M-2AU and M-2AI",M-2AI,,To Early Redemption Date,yes,5,1.00%,0.00%,5.02
Weighted Average Life Tables,141,"Class M-2A, M-2AR, M-2AS, M-2AT, M-2AU and M-2AI",M-2AI,,To Early Redemption Date,yes,10,1.00%,0.00%,5.02
Weighted Average Life Tables,141,"Class M-2A, M-2AR, M-2AS, M-2AT, M-2AU and M-2AI",M-2AI,,To Early Redemption Date,yes,15,1.00%,0.00%,5.02
Weighted Average Life Tables,141,"Class M-2A, M-2AR, M-2AS, M-2AT, M-2AU and M-2AI",M-2AI,,To Early Redemption Date,yes,25,1.00%,0.00%,5.02
Weighted Average Life Tables,141,"Class M-2A, M-2AR, M-2AS, M-2AT, M-2AU and M-2AI",M-2AI,,To Early Redemption Date,yes,35,1.00%,0.00%,3.99
Weighted Average Life Tables,141,"Class M-2A, M-2AR, M-2AS, M-2AT, M-2AU and M-2AI",M-2A,,To Scheduled Maturity Date,no,0,1.50%,0.00%,5.36
Weighted Average Life Tables,141,"Class M-2A, M-2AR, M-2AS, M-2AT, M-2AU and M-2AI",M-2A,,To Scheduled Maturity Date,no,5,1.50%,0.00%,6.33
Weighted Average Life Tables,141,"Class M-2A, M-2AR, M-2AS, M-2AT, M-2AU and M-2AI",M-2A,,To Scheduled Maturity Date,no,10,1.50%,0.00%,8.19
Weighted Average Life Tables,141,"Class M-2A, M-2AR, M-2AS, M-2AT, M-2AU and M-2AI",M-2A,,To Scheduled Maturity Date,no,15,1.50%,0.00%,16.60
Weighted Average Life Tables,141,"Class M-2A, M-2AR, M-2AS, M-2AT, M-2AU and M-2AI",M-2A,,To Scheduled Maturity Date,no,25,1.50%,0.00%,5.82
Weighted Average Life Tables,141,"Class M-2A, M-2AR, M-2AS, M-2AT, M-2AU and M-2AI",M-2A,,To Scheduled Maturity Date,no,35,1.50%,0.00%,3.96
Weighted Average Life Tables,141,"Class M-2A, M-2AR, M-2AS, M-2AT, M-2AU and M-2AI",M-2A,,To Early Redemption Date,yes,0,1.50%,0.00%,5.02
Weighted Average Life Tables,141,"Class M-2A, M-2AR, M-2AS, M-2AT, M-2AU and M-2AI",M-2A,,To Early Redemption Date,yes,5,1.50%,0.00%,5.02
Weighted Average Life Tables,141,"Class M-2A, M-2AR, M-2AS, M-2AT, M-2AU and M-2AI",M-2A,,To Early Redemption Date,yes,10,1.50%,0.00%,5.02
Weighted Average Life Tables,141,"Class M-2A, M-2AR, M-2AS, M-2AT, M-2AU and M-2AI",M-2A,,To Early Redemption Date,yes,15,1.50%,0.00%,5.02
Weighted Average Life Tables,141,"Class M-2A, M-2AR, M-2AS, M-2AT, M-2AU and M-2AI",M-2A,,To Early Redemption Date,yes,25,1.50%,0.00%,5.02
Weighted Average Life Tables,141,"Class M-2A, M-2AR, M-2AS, M-2AT, M-2AU and M-2AI",M-2A,,To Early Redemption Date,yes,35,1.50%,0.00%,3.96
Weighted Average Life Tables,141,"Class M-2A, M-2AR, M-2AS, M-2AT, M-2AU and M-2AI",M-2AR,,To Scheduled Maturity Date,no,0,1.50%,0.00%,5.36
Weighted Average Life Tables,141,"Class M-2A, M-2AR, M-2AS, M-2AT, M-2AU and M-2AI",M-2AR,,To Scheduled Maturity Date,no,5,1.50%,0.00%,6.33
Weighted Average Life Tables,141,"Class M-2A, M-2AR, M-2AS, M-2AT, M-2AU and M-2AI",M-2AR,,To Scheduled Maturity Date,no,10,1.50%,0.00%,8.19
Weighted Average Life Tables,141,"Class M-2A, M-2AR, M-2AS, M-2AT, M-2AU and M-2AI",M-2AR,,To Scheduled Maturity Date,no,15,1.50%,0.00%,16.60
Weighted Average Life Tables,141,"Class M-2A, M-2AR, M-2AS, M-2AT, M-2AU and M-2AI",M-2AR,,To Scheduled Maturity Date,no,25,1.50%,0.00%,5.82
Weighted Average Life Tables,141,"Class M-2A, M-2AR, M-2AS, M-2AT, M-2AU and M-2AI",M-2AR,,To Scheduled Maturity Date,no,35,1.50%,0.00%,3.96
Weighted Average Life Tables,141,"Class M-2A, M-2AR, M-2AS, M-2AT, M-2AU and M-2AI",M-2AR,,To Early Redemption Date,yes,0,1.50%,0.00%,5.02
Weighted Average Life Tables,141,"Class M-2A, M-2AR, M-2AS, M-2AT, M-2AU and M-2AI",M-2AR,,To Early Redemption Date,yes,5,1.50%,0.00%,5.02
Weighted Average Life Tables,141,"Class M-2A, M-2AR, M-2AS, M-2AT, M-2AU and M-2AI",M-2AR,,To Early Redemption Date,yes,10,1.50%,0.00%,5.02
Weighted Average Life Tables,141,"Class M-2A, M-2AR, M-2AS, M-2AT, M-2AU and M-2AI",M-2AR,,To Early Redemption Date,yes,15,1.50%,0.00%,5.02
Weighted Average Life Tables,141,"Class M-2A, M-2AR, M-2AS, M-2AT, M-2AU and M-2AI",M-2AR,,To Early Redemption Date,yes,25,1.50%,0.00%,5.02
Weighted Average Life Tables,141,"Class M-2A, M-2AR, M-2AS, M-2AT, M-2AU and M-2AI",M-2AR,,To Early Redemption Date,yes,35,1.50%,0.00%,3.96
Weighted Average Life Tables,141,"Class M-2A, M-2AR, M-2AS, M-2AT, M-2AU and M-2AI",M-2AS,,To Scheduled Maturity Date,no,0,1.50%,0.00%,5.36
Weighted Average Life Tables,141,"Class M-2A, M-2AR, M-2AS, M-2AT, M-2AU and M-2AI",M-2AS,,To Scheduled Maturity Date,no,5,1.50%,0.00%,6.33
Weighted Average Life Tables,141,"Class M-2A, M-2AR, M-2AS, M-2AT, M-2AU and M-2AI",M-2AS,,To Scheduled Maturity Date,no,10,1.50%,0.00%,8.19
Weighted Average Life Tables,141,"Class M-2A, M-2AR, M-2AS, M-2AT, M-2AU and M-2AI",M-2AS,,To Scheduled Maturity Date,no,15,1.50%,0.00%,16.60
Weighted Average Life Tables,141,"Class M-2A, M-2AR, M-2AS, M-2AT, M-2AU and M-2AI",M-2AS,,To Scheduled Maturity Date,no,25,1.50%,0.00%,5.82
Weighted Average Life Tables,141,"Class M-2A, M-2AR, M-2AS, M-2AT, M-2AU and M-2AI",M-2AS,,To Scheduled Maturity Date,no,35,1.50%,0.00%,3.96
Weighted Average Life Tables,141,"Class M-2A, M-2AR, M-2AS, M-2AT, M-2AU and M-2AI",M-2AS,,To Early Redemption Date,yes,0,1.50%,0.00%,5.02
Weighted Average Life Tables,141,"Class M-2A, M-2AR, M-2AS, M-2AT, M-2AU and M-2AI",M-2AS,,To Early Redemption Date,yes,5,1.50%,0.00%,5.02
Weighted Average Life Tables,141,"Class M-2A, M-2AR, M-2AS, M-2AT, M-2AU and M-2AI",M-2AS,,To Early Redemption Date,yes,10,1.50%,0.00%,5.02
Weighted Average Life Tables,141,"Class M-2A, M-2AR, M-2AS, M-2AT, M-2AU and M-2AI",M-2AS,,To Early Redemption Date,yes,15,1.50%,0.00%,5.02
Weighted Average Life Tables,141,"Class M-2A, M-2AR, M-2AS, M-2AT, M-2AU and M-2AI",M-2AS,,To Early Redemption Date,yes,25,1.50%,0.00%,5.02
Weighted Average Life Tables,141,"Class M-2A, M-2AR, M-2AS, M-2AT, M-2AU and M-2AI",M-2AS,,To Early Redemption Date,yes,35,1.50%,0.00%,3.96
Weighted Average Life Tables,141,"Class M-2A, M-2AR, M-2AS, M-2AT, M-2AU and M-2AI",M-2AT,,To Scheduled Maturity Date,no,0,1.50%,0.00%,5.36
Weighted Average Life Tables,141,"Class M-2A, M-2AR, M-2AS, M-2AT, M-2AU and M-2AI",M-2AT,,To Scheduled Maturity Date,no,5,1.50%,0.00%,6.33
Weighted Average Life Tables,141,"Class M-2A, M-2AR, M-2AS, M-2AT, M-2AU and M-2AI",M-2AT,,To Scheduled Maturity Date,no,10,1.50%,0.00%,8.19
Weighted Average Life Tables,141,"Class M-2A, M-2AR, M-2AS, M-2AT, M-2AU and M-2AI",M-2AT,,To Scheduled Maturity Date,no,15,1.50%,0.00%,16.60
Weighted Average Life Tables,141,"Class M-2A, M-2AR, M-2AS, M-2AT, M-2AU and M-2AI",M-2AT,,To Scheduled Maturity Date,no,25,1.50%,0.00%,5.82
Weighted Average Life Tables,141,"Class M-2A, M-2AR, M-2AS, M-2AT, M-2AU and M-2AI",M-2AT,,To Scheduled Maturity Date,no,35,1.50%,0.00%,3.96
Weighted Average Life Tables,141,"Class M-2A, M-2AR, M-2AS, M-2AT, M-2AU and M-2AI",M-2AT,,To Early Redemption Date,yes,0,1.50%,0.00%,5.02
Weighted Average Life Tables,141,"Class M-2A, M-2AR, M-2AS, M-2AT, M-2AU and M-2AI",M-2AT,,To Early Redemption Date,yes,5,1.50%,0.00%,5.02
Weighted Average Life Tables,141,"Class M-2A, M-2AR, M-2AS, M-2AT, M-2AU and M-2AI",M-2AT,,To Early Redemption Date,yes,10,1.50%,0.00%,5.02
Weighted Average Life Tables,141,"Class M-2A, M-2AR, M-2AS, M-2AT, M-2AU and M-2AI",M-2AT,,To Early Redemption Date,yes,15,1.50%,0.00%,5.02
Weighted Average Life Tables,141,"Class M-2A, M-2AR, M-2AS, M-2AT, M-2AU and M-2AI",M-2AT,,To Early Redemption Date,yes,25,1.50%,0.00%,5.02
Weighted Average Life Tables,141,"Class M-2A, M-2AR, M-2AS, M-2AT, M-2AU and M-2AI",M-2AT,,To Early Redemption Date,yes,35,1.50%,0.00%,3.96
Weighted Average Life Tables,141,"Class M-2A, M-2AR, M-2AS, M-2AT, M-2AU and M-2AI",M-2AU,,To Scheduled Maturity Date,no,0,1.50%,0.00%,5.36
Weighted Average Life Tables,141,"Class M-2A, M-2AR, M-2AS, M-2AT, M-2AU and M-2AI",M-2AU,,To Scheduled Maturity Date,no,5,1.50%,0.00%,6.33
Weighted Average Life Tables,141,"Class M-2A, M-2AR, M-2AS, M-2AT, M-2AU and M-2AI",M-2AU,,To Scheduled Maturity Date,no,10,1.50%,0.00%,8.19
Weighted Average Life Tables,141,"Class M-2A, M-2AR, M-2AS, M-2AT, M-2AU and M-2AI",M-2AU,,To Scheduled Maturity Date,no,15,1.50%,0.00%,16.60
Weighted Average Life Tables,141,"Class M-2A, M-2AR, M-2AS, M-2AT, M-2AU and M-2AI",M-2AU,,To Scheduled Maturity Date,no,25,1.50%,0.00%,5.82
Weighted Average Life Tables,141,"Class M-2A, M-2AR, M-2AS, M-2AT, M-2AU and M-2AI",M-2AU,,To Scheduled Maturity Date,no,35,1.50%,0.00%,3.96
Weighted Average Life Tables,141,"Class M-2A, M-2AR, M-2AS, M-2AT, M-2AU and M-2AI",M-2AU,,To Early Redemption Date,yes,0,1.50%,0.00%,5.02
Weighted Average Life Tables,141,"Class M-2A, M-2AR, M-2AS, M-2AT, M-2AU and M-2AI",M-2AU,,To Early Redemption Date,yes,5,1.50%,0.00%,5.02
Weighted Average Life Tables,141,"Class M-2A, M-2AR, M-2AS, M-2AT, M-2AU and M-2AI",M-2AU,,To Early Redemption Date,yes,10,1.50%,0.00%,5.02
Weighted Average Life Tables,141,"Class M-2A, M-2AR, M-2AS, M-2AT, M-2AU and M-2AI",M-2AU,,To Early Redemption Date,yes,15,1.50%,0.00%,5.02
Weighted Average Life Tables,141,"Class M-2A, M-2AR, M-2AS, M-2AT, M-2AU and M-2AI",M-2AU,,To Early Redemption Date,yes,25,1.50%,0.00%,5.02
Weighted Average Life Tables,141,"Class M-2A, M-2AR, M-2AS, M-2AT, M-2AU and M-2AI",M-2AU,,To Early Redemption Date,yes,35,1.50%,0.00%,3.96
Weighted Average Life Tables,141,"Class M-2A, M-2AR, M-2AS, M-2AT, M-2AU and M-2AI",M-2AI,,To Scheduled Maturity Date,no,0,1.50%,0.00%,5.36
Weighted Average Life Tables,141,"Class M-2A, M-2AR, M-2AS, M-2AT, M-2AU and M-2AI",M-2AI,,To Scheduled Maturity Date,no,5,1.50%,0.00%,6.33
Weighted Average Life Tables,141,"Class M-2A, M-2AR, M-2AS, M-2AT, M-2AU and M-2AI",M-2AI,,To Scheduled Maturity Date,no,10,1.50%,0.00%,8.19
Weighted Average Life Tables,141,"Class M-2A, M-2AR, M-2AS, M-2AT, M-2AU and M-2AI",M-2AI,,To Scheduled Maturity Date,no,15,1.50%,0.00%,16.60
Weighted Average Life Tables,141,"Class M-2A, M-2AR, M-2AS, M-2AT, M-2AU and M-2AI",M-2AI,,To Scheduled Maturity Date,no,25,1.50%,0.00%,5.82
Weighted Average Life Tables,141,"Class M-2A, M-2AR, M-2AS, M-2AT, M-2AU and M-2AI",M-2AI,,To Scheduled Maturity Date,no,35,1.50%,0.00%,3.96
Weighted Average Life Tables,141,"Class M-2A, M-2AR, M-2AS, M-2AT, M-2AU and M-2AI",M-2AI,,To Early Redemption Date,yes,0,1.50%,0.00%,5.02
Weighted Average Life Tables,141,"Class M-2A, M-2AR, M-2AS, M-2AT, M-2AU and M-2AI",M-2AI,,To Early Redemption Date,yes,5,1.50%,0.00%,5.02
Weighted Average Life Tables,141,"Class M-2A, M-2AR, M-2AS, M-2AT, M-2AU and M-2AI",M-2AI,,To Early Redemption Date,yes,10,1.50%,0.00%,5.02
Weighted Average Life Tables,141,"Class M-2A, M-2AR, M-2AS, M-2AT, M-2AU and M-2AI",M-2AI,,To Early Redemption Date,yes,15,1.50%,0.00%,5.02
Weighted Average Life Tables,141,"Class M-2A, M-2AR, M-2AS, M-2AT, M-2AU and M-2AI",M-2AI,,To Early Redemption Date,yes,25,1.50%,0.00%,5.02
Weighted Average Life Tables,141,"Class M-2A, M-2AR, M-2AS, M-2AT, M-2AU and M-2AI",M-2AI,,To Early Redemption Date,yes,35,1.50%,0.00%,3.96
Weighted Average Life Tables,141,"Class M-2A, M-2AR, M-2AS, M-2AT, M-2AU and M-2AI",M-2A,,To Scheduled Maturity Date,no,0,2.50%,0.00%,3.14
Weighted Average Life Tables,141,"Class M-2A, M-2AR, M-2AS, M-2AT, M-2AU and M-2AI",M-2A,,To Scheduled Maturity Date,no,5,2.50%,0.00%,3.43
Weighted Average Life Tables,141,"Class M-2A, M-2AR, M-2AS, M-2AT, M-2AU and M-2AI",M-2A,,To Scheduled Maturity Date,no,10,2.50%,0.00%,3.84
Weighted Average Life Tables,141,"Class M-2A, M-2AR, M-2AS, M-2AT, M-2AU and M-2AI",M-2A,,To Scheduled Maturity Date,no,15,2.50%,0.00%,4.48
Weighted Average Life Tables,141,"Class M-2A, M-2AR, M-2AS, M-2AT, M-2AU and M-2AI",M-2A,,To Scheduled Maturity Date,no,25,2.50%,0.00%,11.19
Weighted Average Life Tables,141,"Class M-2A, M-2AR, M-2AS, M-2AT, M-2AU and M-2AI",M-2A,,To Scheduled Maturity Date,no,35,2.50%,0.00%,4.43
Weighted Average Life Tables,141,"Class M-2A, M-2AR, M-2AS, M-2AT, M-2AU and M-2AI",M-2A,,To Early Redemption Date,yes,0,2.50%,0.00%,3.14
Weighted Average Life Tables,141,"Class M-2A, M-2AR, M-2AS, M-2AT, M-2AU and M-2AI",M-2A,,To Early Redemption Date,yes,5,2.50%,0.00%,3.43
Weighted Average Life Tables,141,"Class M-2A, M-2AR, M-2AS, M-2AT, M-2AU and M-2AI",M-2A,,To Early Redemption Date,yes,10,2.50%,0.00%,3.84
Weighted Average Life Tables,141,"Class M-2A, M-2AR, M-2AS, M-2AT, M-2AU and M-2AI",M-2A,,To Early Redemption Date,yes,15,2.50%,0.00%,4.48
Weighted Average Life Tables,141,"Class M-2A, M-2AR, M-2AS, M-2AT, M-2AU and M-2AI",M-2A,,To Early Redemption Date,yes,25,2.50%,0.00%,5.02
Weighted Average Life Tables,141,"Class M-2A, M-2AR, M-2AS, M-2AT, M-2AU and M-2AI",M-2A,,To Early Redemption Date,yes,35,2.50%,0.00%,4.43
Weighted Average Life Tables,141,"Class M-2A, M-2AR, M-2AS, M-2AT, M-2AU and M-2AI",M-2AR,,To Scheduled Maturity Date,no,0,2.50%,0.00%,3.14
Weighted Average Life Tables,141,"Class M-2A, M-2AR, M-2AS, M-2AT, M-2AU and M-2AI",M-2AR,,To Scheduled Maturity Date,no,5,2.50%,0.00%,3.43
Weighted Average Life Tables,141,"Class M-2A, M-2AR, M-2AS, M-2AT, M-2AU and M-2AI",M-2AR,,To Scheduled Maturity Date,no,10,2.50%,0.00%,3.84
Weighted Average Life Tables,141,"Class M-2A, M-2AR, M-2AS, M-2AT, M-2AU and M-2AI",M-2AR,,To Scheduled Maturity Date,no,15,2.50%,0.00%,4.48
Weighted Average Life Tables,141,"Class M-2A, M-2AR, M-2AS, M-2AT, M-2AU and M-2AI",M-2AR,,To Scheduled Maturity Date,no,25,2.50%,0.00%,11.19
Weighted Average Life Tables,141,"Class M-2A, M-2AR, M-2AS, M-2AT, M-2AU and M-2AI",M-2AR,,To Scheduled Maturity Date,no,35,2.50%,0.00%,4.43
Weighted Average Life Tables,141,"Class M-2A, M-2AR, M-2AS, M-2AT, M-2AU and M-2AI",M-2AR,,To Early Redemption Date,yes,0,2.50%,0.00%,3.14
Weighted Average Life Tables,141,"Class M-2A, M-2AR, M-2AS, M-2AT, M-2AU and M-2AI",M-2AR,,To Early Redemption Date,yes,5,2.50%,0.00%,3.43
Weighted Average Life Tables,141,"Class M-2A, M-2AR, M-2AS, M-2AT, M-2AU and M-2AI",M-2AR,,To Early Redemption Date,yes,10,2.50%,0.00%,3.84
Weighted Average Life Tables,141,"Class M-2A, M-2AR, M-2AS, M-2AT, M-2AU and M-2AI",M-2AR,,To Early Redemption Date,yes,15,2.50%,0.00%,4.48
Weighted Average Life Tables,141,"Class M-2A, M-2AR, M-2AS, M-2AT, M-2AU and M-2AI",M-2AR,,To Early Redemption Date,yes,25,2.50%,0.00%,5.02
Weighted Average Life Tables,141,"Class M-2A, M-2AR, M-2AS, M-2AT, M-2AU and M-2AI",M-2AR,,To Early Redemption Date,yes,35,2.50%,0.00%,4.43
Weighted Average Life Tables,141,"Class M-2A, M-2AR, M-2AS, M-2AT, M-2AU and M-2AI",M-2AS,,To Scheduled Maturity Date,no,0,2.50%,0.00%,3.14
Weighted Average Life Tables,141,"Class M-2A, M-2AR, M-2AS, M-2AT, M-2AU and M-2AI",M-2AS,,To Scheduled Maturity Date,no,5,2.50%,0.00%,3.43
Weighted Average Life Tables,141,"Class M-2A, M-2AR, M-2AS, M-2AT, M-2AU and M-2AI",M-2AS,,To Scheduled Maturity Date,no,10,2.50%,0.00%,3.84
Weighted Average Life Tables,141,"Class M-2A, M-2AR, M-2AS, M-2AT, M-2AU and M-2AI",M-2AS,,To Scheduled Maturity Date,no,15,2.50%,0.00%,4.48
Weighted Average Life Tables,141,"Class M-2A, M-2AR, M-2AS, M-2AT, M-2AU and M-2AI",M-2AS,,To Scheduled Maturity Date,no,25,2.50%,0.00%,11.19
Weighted Average Life Tables,141,"Class M-2A, M-2AR, M-2AS, M-2AT, M-2AU and M-2AI",M-2AS,,To Scheduled Maturity Date,no,35,2.50%,0.00%,4.43
Weighted Average Life Tables,141,"Class M-2A, M-2AR, M-2AS, M-2AT, M-2AU and M-2AI",M-2AS,,To Early Redemption Date,yes,0,2.50%,0.00%,3.14
Weighted Average Life Tables,141,"Class M-2A, M-2AR, M-2AS, M-2AT, M-2AU and M-2AI",M-2AS,,To Early Redemption Date,yes,5,2.50%,0.00%,3.43
Weighted Average Life Tables,141,"Class M-2A, M-2AR, M-2AS, M-2AT, M-2AU and M-2AI",M-2AS,,To Early Redemption Date,yes,10,2.50%,0.00%,3.84
Weighted Average Life Tables,141,"Class M-2A, M-2AR, M-2AS, M-2AT, M-2AU and M-2AI",M-2AS,,To Early Redemption Date,yes,15,2.50%,0.00%,4.48
Weighted Average Life Tables,141,"Class M-2A, M-2AR, M-2AS, M-2AT, M-2AU and M-2AI",M-2AS,,To Early Redemption Date,yes,25,2.50%,0.00%,5.02
Weighted Average Life Tables,141,"Class M-2A, M-2AR, M-2AS, M-2AT, M-2AU and M-2AI",M-2AS,,To Early Redemption Date,yes,35,2.50%,0.00%,4.43
Weighted Average Life Tables,141,"Class M-2A, M-2AR, M-2AS, M-2AT, M-2AU and M-2AI",M-2AT,,To Scheduled Maturity Date,no,0,2.50%,0.00%,3.14
Weighted Average Life Tables,141,"Class M-2A, M-2AR, M-2AS, M-2AT, M-2AU and M-2AI",M-2AT,,To Scheduled Maturity Date,no,5,2.50%,0.00%,3.43
Weighted Average Life Tables,141,"Class M-2A, M-2AR, M-2AS, M-2AT, M-2AU and M-2AI",M-2AT,,To Scheduled Maturity Date,no,10,2.50%,0.00%,3.84
Weighted Average Life Tables,141,"Class M-2A, M-2AR, M-2AS, M-2AT, M-2AU and M-2AI",M-2AT,,To Scheduled Maturity Date,no,15,2.50%,0.00%,4.48
Weighted Average Life Tables,141,"Class M-2A, M-2AR, M-2AS, M-2AT, M-2AU and M-2AI",M-2AT,,To Scheduled Maturity Date,no,25,2.50%,0.00%,11.19
Weighted Average Life Tables,141,"Class M-2A, M-2AR, M-2AS, M-2AT, M-2AU and M-2AI",M-2AT,,To Scheduled Maturity Date,no,35,2.50%,0.00%,4.43
Weighted Average Life Tables,141,"Class M-2A, M-2AR, M-2AS, M-2AT, M-2AU and M-2AI",M-2AT,,To Early Redemption Date,yes,0,2.50%,0.00%,3.14
Weighted Average Life Tables,141,"Class M-2A, M-2AR, M-2AS, M-2AT, M-2AU and M-2AI",M-2AT,,To Early Redemption Date,yes,5,2.50%,0.00%,3.43
Weighted Average Life Tables,141,"Class M-2A, M-2AR, M-2AS, M-2AT, M-2AU and M-2AI",M-2AT,,To Early Redemption Date,yes,10,2.50%,0.00%,3.84
Weighted Average Life Tables,141,"Class M-2A, M-2AR, M-2AS, M-2AT, M-2AU and M-2AI",M-2AT,,To Early Redemption Date,yes,15,2.50%,0.00%,4.48
Weighted Average Life Tables,141,"Class M-2A, M-2AR, M-2AS, M-2AT, M-2AU and M-2AI",M-2AT,,To Early Redemption Date,yes,25,2.50%,0.00%,5.02
Weighted Average Life Tables,141,"Class M-2A, M-2AR, M-2AS, M-2AT, M-2AU and M-2AI",M-2AT,,To Early Redemption Date,yes,35,2.50%,0.00%,4.43
Weighted Average Life Tables,141,"Class M-2A, M-2AR, M-2AS, M-2AT, M-2AU and M-2AI",M-2AU,,To Scheduled Maturity Date,no,0,2.50%,0.00%,3.14
Weighted Average Life Tables,141,"Class M-2A, M-2AR, M-2AS, M-2AT, M-2AU and M-2AI",M-2AU,,To Scheduled Maturity Date,no,5,2.50%,0.00%,3.43
Weighted Average Life Tables,141,"Class M-2A, M-2AR, M-2AS, M-2AT, M-2AU and M-2AI",M-2AU,,To Scheduled Maturity Date,no,10,2.50%,0.00%,3.84
Weighted Average Life Tables,141,"Class M-2A, M-2AR, M-2AS, M-2AT, M-2AU and M-2AI",M-2AU,,To Scheduled Maturity Date,no,15,2.50%,0.00%,4.48
Weighted Average Life Tables,141,"Class M-2A, M-2AR, M-2AS, M-2AT, M-2AU and M-2AI",M-2AU,,To Scheduled Maturity Date,no,25,2.50%,0.00%,11.19
Weighted Average Life Tables,141,"Class M-2A, M-2AR, M-2AS, M-2AT, M-2AU and M-2AI",M-2AU,,To Scheduled Maturity Date,no,35,2.50%,0.00%,4.43
Weighted Average Life Tables,141,"Class M-2A, M-2AR, M-2AS, M-2AT, M-2AU and M-2AI",M-2AU,,To Early Redemption Date,yes,0,2.50%,0.00%,3.14
Weighted Average Life Tables,141,"Class M-2A, M-2AR, M-2AS, M-2AT, M-2AU and M-2AI",M-2AU,,To Early Redemption Date,yes,5,2.50%,0.00%,3.43
Weighted Average Life Tables,141,"Class M-2A, M-2AR, M-2AS, M-2AT, M-2AU and M-2AI",M-2AU,,To Early Redemption Date,yes,10,2.50%,0.00%,3.84
Weighted Average Life Tables,141,"Class M-2A, M-2AR, M-2AS, M-2AT, M-2AU and M-2AI",M-2AU,,To Early Redemption Date,yes,15,2.50%,0.00%,4.48
Weighted Average Life Tables,141,"Class M-2A, M-2AR, M-2AS, M-2AT, M-2AU and M-2AI",M-2AU,,To Early Redemption Date,yes,25,2.50%,0.00%,5.02
Weighted Average Life Tables,141,"Class M-2A, M-2AR, M-2AS, M-2AT, M-2AU and M-2AI",M-2AU,,To Early Redemption Date,yes,35,2.50%,0.00%,4.43
Weighted Average Life Tables,141,"Class M-2A, M-2AR, M-2AS, M-2AT, M-2AU and M-2AI",M-2AI,,To Scheduled Maturity Date,no,0,2.50%,0.00%,3.14
Weighted Average Life Tables,141,"Class M-2A, M-2AR, M-2AS, M-2AT, M-2AU and M-2AI",M-2AI,,To Scheduled Maturity Date,no,5,2.50%,0.00%,3.43
Weighted Average Life Tables,141,"Class M-2A, M-2AR, M-2AS, M-2AT, M-2AU and M-2AI",M-2AI,,To Scheduled Maturity Date,no,10,2.50%,0.00%,3.84
Weighted Average Life Tables,141,"Class M-2A, M-2AR, M-2AS, M-2AT, M-2AU and M-2AI",M-2AI,,To Scheduled Maturity Date,no,15,2.50%,0.00%,4.48
Weighted Average Life Tables,141,"Class M-2A, M-2AR, M-2AS, M-2AT, M-2AU and M-2AI",M-2AI,,To Scheduled Maturity Date,no,25,2.50%,0.00%,11.19
Weighted Average Life Tables,141,"Class M-2A, M-2AR, M-2AS, M-2AT, M-2AU and M-2AI",M-2AI,,To Scheduled Maturity Date,no,35,2.50%,0.00%,4.43
Weighted Average Life Tables,141,"Class M-2A, M-2AR, M-2AS, M-2AT, M-2AU and M-2AI",M-2AI,,To Early Redemption Date,yes,0,2.50%,0.00%,3.14
Weighted Average Life Tables,141,"Class M-2A, M-2AR, M-2AS, M-2AT, M-2AU and M-2AI",M-2AI,,To Early Redemption Date,yes,5,2.50%,0.00%,3.43
Weighted Average Life Tables,141,"Class M-2A, M-2AR, M-2AS, M-2AT, M-2AU and M-2AI",M-2AI,,To Early Redemption Date,yes,10,2.50%,0.00%,3.84
Weighted Average Life Tables,141,"Class M-2A, M-2AR, M-2AS, M-2AT, M-2AU and M-2AI",M-2AI,,To Early Redemption Date,yes,15,2.50%,0.00%,4.48
Weighted Average Life Tables,141,"Class M-2A, M-2AR, M-2AS, M-2AT, M-2AU and M-2AI",M-2AI,,To Early Redemption Date,yes,25,2.50%,0.00%,5.02
Weighted Average Life Tables,141,"Class M-2A, M-2AR, M-2AS, M-2AT, M-2AU and M-2AI",M-2AI,,To Early Redemption Date,yes,35,2.50%,0.00%,4.43
Weighted Average Life Tables,141,"Class M-2A, M-2AR, M-2AS, M-2AT, M-2AU and M-2AI",M-2A,,To Scheduled Maturity Date,no,0,3.00%,0.00%,2.60
Weighted Average Life Tables,141,"Class M-2A, M-2AR, M-2AS, M-2AT, M-2AU and M-2AI",M-2A,,To Scheduled Maturity Date,no,5,3.00%,0.00%,2.79
Weighted Average Life Tables,141,"Class M-2A, M-2AR, M-2AS, M-2AT, M-2AU and M-2AI",M-2A,,To Scheduled Maturity Date,no,10,3.00%,0.00%,3.05
Weighted Average Life Tables,141,"Class M-2A, M-2AR, M-2AS, M-2AT, M-2AU and M-2AI",M-2A,,To Scheduled Maturity Date,no,15,3.00%,0.00%,3.41
Weighted Average Life Tables,141,"Class M-2A, M-2AR, M-2AS, M-2AT, M-2AU and M-2AI",M-2A,,To Scheduled Maturity Date,no,25,3.00%,0.00%,5.04
Weighted Average Life Tables,141,"Class M-2A, M-2AR, M-2AS, M-2AT, M-2AU and M-2AI",M-2A,,To Scheduled Maturity Date,no,35,3.00%,0.00%,5.77
Weighted Average Life Tables,141,"Class M-2A, M-2AR, M-2AS, M-2AT, M-2AU and M-2AI",M-2A,,To Early Redemption Date,yes,0,3.00%,0.00%,2.60
Weighted Average Life Tables,141,"Class M-2A, M-2AR, M-2AS, M-2AT, M-2AU and M-2AI",M-2A,,To Early Redemption Date,yes,5,3.00%,0.00%,2.79
Weighted Average Life Tables,141,"Class M-2A, M-2AR, M-2AS, M-2AT, M-2AU and M-2AI",M-2A,,To Early Redemption Date,yes,10,3.00%,0.00%,3.05
Weighted Average Life Tables,141,"Class M-2A, M-2AR, M-2AS, M-2AT, M-2AU and M-2AI",M-2A,,To Early Redemption Date,yes,15,3.00%,0.00%,3.41
Weighted Average Life Tables,141,"Class M-2A, M-2AR, M-2AS, M-2AT, M-2AU and M-2AI",M-2A,,To Early Redemption Date,yes,25,3.00%,0.00%,4.84
Weighted Average Life Tables,141,"Class M-2A, M-2AR, M-2AS, M-2AT, M-2AU and M-2AI",M-2A,,To Early Redemption Date,yes,35,3.00%,0.00%,4.86
Weighted Average Life Tables,141,"Class M-2A, M-2AR, M-2AS, M-2AT, M-2AU and M-2AI",M-2AR,,To Scheduled Maturity Date,no,0,3.00%,0.00%,2.60
Weighted Average Life Tables,141,"Class M-2A, M-2AR, M-2AS, M-2AT, M-2AU and M-2AI",M-2AR,,To Scheduled Maturity Date,no,5,3.00%,0.00%,2.79
Weighted Average Life Tables,141,"Class M-2A, M-2AR, M-2AS, M-2AT, M-2AU and M-2AI",M-2AR,,To Scheduled Maturity Date,no,10,3.00%,0.00%,3.05
Weighted Average Life Tables,141,"Class M-2A, M-2AR, M-2AS, M-2AT, M-2AU and M-2AI",M-2AR,,To Scheduled Maturity Date,no,15,3.00%,0.00%,3.41
Weighted Average Life Tables,141,"Class M-2A, M-2AR, M-2AS, M-2AT, M-2AU and M-2AI",M-2AR,,To Scheduled Maturity Date,no,25,3.00%,0.00%,5.04
Weighted Average Life Tables,141,"Class M-2A, M-2AR, M-2AS, M-2AT, M-2AU and M-2AI",M-2AR,,To Scheduled Maturity Date,no,35,3.00%,0.00%,5.77
Weighted Average Life Tables,141,"Class M-2A, M-2AR, M-2AS, M-2AT, M-2AU and M-2AI",M-2AR,,To Early Redemption Date,yes,0,3.00%,0.00%,2.60
Weighted Average Life Tables,141,"Class M-2A, M-2AR, M-2AS, M-2AT, M-2AU and M-2AI",M-2AR,,To Early Redemption Date,yes,5,3.00%,0.00%,2.79
Weighted Average Life Tables,141,"Class M-2A, M-2AR, M-2AS, M-2AT, M-2AU and M-2AI",M-2AR,,To Early Redemption Date,yes,10,3.00%,0.00%,3.05
Weighted Average Life Tables,141,"Class M-2A, M-2AR, M-2AS, M-2AT, M-2AU and M-2AI",M-2AR,,To Early Redemption Date,yes,15,3.00%,0.00%,3.41
Weighted Average Life Tables,141,"Class M-2A, M-2AR, M-2AS, M-2AT, M-2AU and M-2AI",M-2AR,,To Early Redemption Date,yes,25,3.00%,0.00%,4.84
Weighted Average Life Tables,141,"Class M-2A, M-2AR, M-2AS, M-2AT, M-2AU and M-2AI",M-2AR,,To Early Redemption Date,yes,35,3.00%,0.00%,4.86
Weighted Average Life Tables,141,"Class M-2A, M-2AR, M-2AS, M-2AT, M-2AU and M-2AI",M-2AS,,To Scheduled Maturity Date,no,0,3.00%,0.00%,2.60
Weighted Average Life Tables,141,"Class M-2A, M-2AR, M-2AS, M-2AT, M-2AU and M-2AI",M-2AS,,To Scheduled Maturity Date,no,5,3.00%,0.00%,2.79
Weighted Average Life Tables,141,"Class M-2A, M-2AR, M-2AS, M-2AT, M-2AU and M-2AI",M-2AS,,To Scheduled Maturity Date,no,10,3.00%,0.00%,3.05
Weighted Average Life Tables,141,"Class M-2A, M-2AR, M-2AS, M-2AT, M-2AU and M-2AI",M-2AS,,To Scheduled Maturity Date,no,15,3.00%,0.00%,3.41
Weighted Average Life Tables,141,"Class M-2A, M-2AR, M-2AS, M-2AT, M-2AU and M-2AI",M-2AS,,To Scheduled Maturity Date,no,25,3.00%,0.00%,5.04
Weighted Average Life Tables,141,"Class M-2A, M-2AR, M-2AS, M-2AT, M-2AU and M-2AI",M-2AS,,To Scheduled Maturity Date,no,35,3.00%,0.00%,5.77
Weighted Average Life Tables,141,"Class M-2A, M-2AR, M-2AS, M-2AT, M-2AU and M-2AI",M-2AS,,To Early Redemption Date,yes,0,3.00%,0.00%,2.60
Weighted Average Life Tables,141,"Class M-2A, M-2AR, M-2AS, M-2AT, M-2AU and M-2AI",M-2AS,,To Early Redemption Date,yes,5,3.00%,0.00%,2.79
Weighted Average Life Tables,141,"Class M-2A, M-2AR, M-2AS, M-2AT, M-2AU and M-2AI",M-2AS,,To Early Redemption Date,yes,10,3.00%,0.00%,3.05
Weighted Average Life Tables,141,"Class M-2A, M-2AR, M-2AS, M-2AT, M-2AU and M-2AI",M-2AS,,To Early Redemption Date,yes,15,3.00%,0.00%,3.41
Weighted Average Life Tables,141,"Class M-2A, M-2AR, M-2AS, M-2AT, M-2AU and M-2AI",M-2AS,,To Early Redemption Date,yes,25,3.00%,0.00%,4.84
Weighted Average Life Tables,141,"Class M-2A, M-2AR, M-2AS, M-2AT, M-2AU and M-2AI",M-2AS,,To Early Redemption Date,yes,35,3.00%,0.00%,4.86
Weighted Average Life Tables,141,"Class M-2A, M-2AR, M-2AS, M-2AT, M-2AU and M-2AI",M-2AT,,To Scheduled Maturity Date,no,0,3.00%,0.00%,2.60
Weighted Average Life Tables,141,"Class M-2A, M-2AR, M-2AS, M-2AT, M-2AU and M-2AI",M-2AT,,To Scheduled Maturity Date,no,5,3.00%,0.00%,2.79
Weighted Average Life Tables,141,"Class M-2A, M-2AR, M-2AS, M-2AT, M-2AU and M-2AI",M-2AT,,To Scheduled Maturity Date,no,10,3.00%,0.00%,3.05
Weighted Average Life Tables,141,"Class M-2A, M-2AR, M-2AS, M-2AT, M-2AU and M-2AI",M-2AT,,To Scheduled Maturity Date,no,15,3.00%,0.00%,3.41
Weighted Average Life Tables,141,"Class M-2A, M-2AR, M-2AS, M-2AT, M-2AU and M-2AI",M-2AT,,To Scheduled Maturity Date,no,25,3.00%,0.00%,5.04
Weighted Average Life Tables,141,"Class M-2A, M-2AR, M-2AS, M-2AT, M-2AU and M-2AI",M-2AT,,To Scheduled Maturity Date,no,35,3.00%,0.00%,5.77
Weighted Average Life Tables,141,"Class M-2A, M-2AR, M-2AS, M-2AT, M-2AU and M-2AI",M-2AT,,To Early Redemption Date,yes,0,3.00%,0.00%,2.60
Weighted Average Life Tables,141,"Class M-2A, M-2AR, M-2AS, M-2AT, M-2AU and M-2AI",M-2AT,,To Early Redemption Date,yes,5,3.00%,0.00%,2.79
Weighted Average Life Tables,141,"Class M-2A, M-2AR, M-2AS, M-2AT, M-2AU and M-2AI",M-2AT,,To Early Redemption Date,yes,10,3.00%,0.00%,3.05
Weighted Average Life Tables,141,"Class M-2A, M-2AR, M-2AS, M-2AT, M-2AU and M-2AI",M-2AT,,To Early Redemption Date,yes,15,3.00%,0.00%,3.41
Weighted Average Life Tables,141,"Class M-2A, M-2AR, M-2AS, M-2AT, M-2AU and M-2AI",M-2AT,,To Early Redemption Date,yes,25,3.00%,0.00%,4.84
Weighted Average Life Tables,141,"Class M-2A, M-2AR, M-2AS, M-2AT, M-2AU and M-2AI",M-2AT,,To Early Redemption Date,yes,35,3.00%,0.00%,4.86
Weighted Average Life Tables,141,"Class M-2A, M-2AR, M-2AS, M-2AT, M-2AU and M-2AI",M-2AU,,To Scheduled Maturity Date,no,0,3.00%,0.00%,2.60
Weighted Average Life Tables,141,"Class M-2A, M-2AR, M-2AS, M-2AT, M-2AU and M-2AI",M-2AU,,To Scheduled Maturity Date,no,5,3.00%,0.00%,2.79
Weighted Average Life Tables,141,"Class M-2A, M-2AR, M-2AS, M-2AT, M-2AU and M-2AI",M-2AU,,To Scheduled Maturity Date,no,10,3.00%,0.00%,3.05
Weighted Average Life Tables,141,"Class M-2A, M-2AR, M-2AS, M-2AT, M-2AU and M-2AI",M-2AU,,To Scheduled Maturity Date,no,15,3.00%,0.00%,3.41
Weighted Average Life Tables,141,"Class M-2A, M-2AR, M-2AS, M-2AT, M-2AU and M-2AI",M-2AU,,To Scheduled Maturity Date,no,25,3.00%,0.00%,5.04
Weighted Average Life Tables,141,"Class M-2A, M-2AR, M-2AS, M-2AT, M-2AU and M-2AI",M-2AU,,To Scheduled Maturity Date,no,35,3.00%,0.00%,5.77
Weighted Average Life Tables,141,"Class M-2A, M-2AR, M-2AS, M-2AT, M-2AU and M-2AI",M-2AU,,To Early Redemption Date,yes,0,3.00%,0.00%,2.60
Weighted Average Life Tables,141,"Class M-2A, M-2AR, M-2AS, M-2AT, M-2AU and M-2AI",M-2AU,,To Early Redemption Date,yes,5,3.00%,0.00%,2.79
Weighted Average Life Tables,141,"Class M-2A, M-2AR, M-2AS, M-2AT, M-2AU and M-2AI",M-2AU,,To Early Redemption Date,yes,10,3.00%,0.00%,3.05
Weighted Average Life Tables,141,"Class M-2A, M-2AR, M-2AS, M-2AT, M-2AU and M-2AI",M-2AU,,To Early Redemption Date,yes,15,3.00%,0.00%,3.41
Weighted Average Life Tables,141,"Class M-2A, M-2AR, M-2AS, M-2AT, M-2AU and M-2AI",M-2AU,,To Early Redemption Date,yes,25,3.00%,0.00%,4.84
Weighted Average Life Tables,141,"Class M-2A, M-2AR, M-2AS, M-2AT, M-2AU and M-2AI",M-2AU,,To Early Redemption Date,yes,35,3.00%,0.00%,4.86
Weighted Average Life Tables,141,"Class M-2A, M-2AR, M-2AS, M-2AT, M-2AU and M-2AI",M-2AI,,To Scheduled Maturity Date,no,0,3.00%,0.00%,2.60
Weighted Average Life Tables,141,"Class M-2A, M-2AR, M-2AS, M-2AT, M-2AU and M-2AI",M-2AI,,To Scheduled Maturity Date,no,5,3.00%,0.00%,2.79
Weighted Average Life Tables,141,"Class M-2A, M-2AR, M-2AS, M-2AT, M-2AU and M-2AI",M-2AI,,To Scheduled Maturity Date,no,10,3.00%,0.00%,3.05
Weighted Average Life Tables,141,"Class M-2A, M-2AR, M-2AS, M-2AT, M-2AU and M-2AI",M-2AI,,To Scheduled Maturity Date,no,15,3.00%,0.00%,3.41
Weighted Average Life Tables,141,"Class M-2A, M-2AR, M-2AS, M-2AT, M-2AU and M-2AI",M-2AI,,To Scheduled Maturity Date,no,25,3.00%,0.00%,5.04
Weighted Average Life Tables,141,"Class M-2A, M-2AR, M-2AS, M-2AT, M-2AU and M-2AI",M-2AI,,To Scheduled Maturity Date,no,35,3.00%,0.00%,5.77
Weighted Average Life Tables,141,"Class M-2A, M-2AR, M-2AS, M-2AT, M-2AU and M-2AI",M-2AI,,To Early Redemption Date,yes,0,3.00%,0.00%,2.60
Weighted Average Life Tables,141,"Class M-2A, M-2AR, M-2AS, M-2AT, M-2AU and M-2AI",M-2AI,,To Early Redemption Date,yes,5,3.00%,0.00%,2.79
Weighted Average Life Tables,141,"Class M-2A, M-2AR, M-2AS, M-2AT, M-2AU and M-2AI",M-2AI,,To Early Redemption Date,yes,10,3.00%,0.00%,3.05
Weighted Average Life Tables,141,"Class M-2A, M-2AR, M-2AS, M-2AT, M-2AU and M-2AI",M-2AI,,To Early Redemption Date,yes,15,3.00%,0.00%,3.41
Weighted Average Life Tables,141,"Class M-2A, M-2AR, M-2AS, M-2AT, M-2AU and M-2AI",M-2AI,,To Early Redemption Date,yes,25,3.00%,0.00%,4.84
Weighted Average Life Tables,141,"Class M-2A, M-2AR, M-2AS, M-2AT, M-2AU and M-2AI",M-2AI,,To Early Redemption Date,yes,35,3.00%,0.00%,4.86
Weighted Average Life Tables,141,"Class M-2A, M-2AR, M-2AS, M-2AT, M-2AU and M-2AI",M-2A,,To Scheduled Maturity Date,no,0,5.00%,0.00%,1.52
Weighted Average Life Tables,141,"Class M-2A, M-2AR, M-2AS, M-2AT, M-2AU and M-2AI",M-2A,,To Scheduled Maturity Date,no,5,5.00%,0.00%,1.59
Weighted Average Life Tables,141,"Class M-2A, M-2AR, M-2AS, M-2AT, M-2AU and M-2AI",M-2A,,To Scheduled Maturity Date,no,10,5.00%,0.00%,1.66
Weighted Average Life Tables,141,"Class M-2A, M-2AR, M-2AS, M-2AT, M-2AU and M-2AI",M-2A,,To Scheduled Maturity Date,no,15,5.00%,0.00%,1.75
Weighted Average Life Tables,141,"Class M-2A, M-2AR, M-2AS, M-2AT, M-2AU and M-2AI",M-2A,,To Scheduled Maturity Date,no,25,5.00%,0.00%,2.02
Weighted Average Life Tables,141,"Class M-2A, M-2AR, M-2AS, M-2AT, M-2AU and M-2AI",M-2A,,To Scheduled Maturity Date,no,35,5.00%,0.00%,2.53
Weighted Average Life Tables,141,"Class M-2A, M-2AR, M-2AS, M-2AT, M-2AU and M-2AI",M-2A,,To Early Redemption Date,yes,0,5.00%,0.00%,1.52
Weighted Average Life Tables,141,"Class M-2A, M-2AR, M-2AS, M-2AT, M-2AU and M-2AI",M-2A,,To Early Redemption Date,yes,5,5.00%,0.00%,1.59
Weighted Average Life Tables,141,"Class M-2A, M-2AR, M-2AS, M-2AT, M-2AU and M-2AI",M-2A,,To Early Redemption Date,yes,10,5.00%,0.00%,1.66
Weighted Average Life Tables,141,"Class M-2A, M-2AR, M-2AS, M-2AT, M-2AU and M-2AI",M-2A,,To Early Redemption Date,yes,15,5.00%,0.00%,1.75
Weighted Average Life Tables,141,"Class M-2A, M-2AR, M-2AS, M-2AT, M-2AU and M-2AI",M-2A,,To Early Redemption Date,yes,25,5.00%,0.00%,2.02
Weighted Average Life Tables,141,"Class M-2A, M-2AR, M-2AS, M-2AT, M-2AU and M-2AI",M-2A,,To Early Redemption Date,yes,35,5.00%,0.00%,2.53
Weighted Average Life Tables,141,"Class M-2A, M-2AR, M-2AS, M-2AT, M-2AU and M-2AI",M-2AR,,To Scheduled Maturity Date,no,0,5.00%,0.00%,1.52
Weighted Average Life Tables,141,"Class M-2A, M-2AR, M-2AS, M-2AT, M-2AU and M-2AI",M-2AR,,To Scheduled Maturity Date,no,5,5.00%,0.00%,1.59
Weighted Average Life Tables,141,"Class M-2A, M-2AR, M-2AS, M-2AT, M-2AU and M-2AI",M-2AR,,To Scheduled Maturity Date,no,10,5.00%,0.00%,1.66
Weighted Average Life Tables,141,"Class M-2A, M-2AR, M-2AS, M-2AT, M-2AU and M-2AI",M-2AR,,To Scheduled Maturity Date,no,15,5.00%,0.00%,1.75
Weighted Average Life Tables,141,"Class M-2A, M-2AR, M-2AS, M-2AT, M-2AU and M-2AI",M-2AR,,To Scheduled Maturity Date,no,25,5.00%,0.00%,2.02
Weighted Average Life Tables,141,"Class M-2A, M-2AR, M-2AS, M-2AT, M-2AU and M-2AI",M-2AR,,To Scheduled Maturity Date,no,35,5.00%,0.00%,2.53
Weighted Average Life Tables,141,"Class M-2A, M-2AR, M-2AS, M-2AT, M-2AU and M-2AI",M-2AR,,To Early Redemption Date,yes,0,5.00%,0.00%,1.52
Weighted Average Life Tables,141,"Class M-2A, M-2AR, M-2AS, M-2AT, M-2AU and M-2AI",M-2AR,,To Early Redemption Date,yes,5,5.00%,0.00%,1.59
Weighted Average Life Tables,141,"Class M-2A, M-2AR, M-2AS, M-2AT, M-2AU and M-2AI",M-2AR,,To Early Redemption Date,yes,10,5.00%,0.00%,1.66
Weighted Average Life Tables,141,"Class M-2A, M-2AR, M-2AS, M-2AT, M-2AU and M-2AI",M-2AR,,To Early Redemption Date,yes,15,5.00%,0.00%,1.75
Weighted Average Life Tables,141,"Class M-2A, M-2AR, M-2AS, M-2AT, M-2AU and M-2AI",M-2AR,,To Early Redemption Date,yes,25,5.00%,0.00%,2.02
Weighted Average Life Tables,141,"Class M-2A, M-2AR, M-2AS, M-2AT, M-2AU and M-2AI",M-2AR,,To Early Redemption Date,yes,35,5.00%,0.00%,2.53
Weighted Average Life Tables,141,"Class M-2A, M-2AR, M-2AS, M-2AT, M-2AU and M-2AI",M-2AS,,To Scheduled Maturity Date,no,0,5.00%,0.00%,1.52
Weighted Average Life Tables,141,"Class M-2A, M-2AR, M-2AS, M-2AT, M-2AU and M-2AI",M-2AS,,To Scheduled Maturity Date,no,5,5.00%,0.00%,1.59
Weighted Average Life Tables,141,"Class M-2A, M-2AR, M-2AS, M-2AT, M-2AU and M-2AI",M-2AS,,To Scheduled Maturity Date,no,10,5.00%,0.00%,1.66
Weighted Average Life Tables,141,"Class M-2A, M-2AR, M-2AS, M-2AT, M-2AU and M-2AI",M-2AS,,To Scheduled Maturity Date,no,15,5.00%,0.00%,1.75
Weighted Average Life Tables,141,"Class M-2A, M-2AR, M-2AS, M-2AT, M-2AU and M-2AI",M-2AS,,To Scheduled Maturity Date,no,25,5.00%,0.00%,2.02
Weighted Average Life Tables,141,"Class M-2A, M-2AR, M-2AS, M-2AT, M-2AU and M-2AI",M-2AS,,To Scheduled Maturity Date,no,35,5.00%,0.00%,2.53
Weighted Average Life Tables,141,"Class M-2A, M-2AR, M-2AS, M-2AT, M-2AU and M-2AI",M-2AS,,To Early Redemption Date,yes,0,5.00%,0.00%,1.52
Weighted Average Life Tables,141,"Class M-2A, M-2AR, M-2AS, M-2AT, M-2AU and M-2AI",M-2AS,,To Early Redemption Date,yes,5,5.00%,0.00%,1.59
Weighted Average Life Tables,141,"Class M-2A, M-2AR, M-2AS, M-2AT, M-2AU and M-2AI",M-2AS,,To Early Redemption Date,yes,10,5.00%,0.00%,1.66
Weighted Average Life Tables,141,"Class M-2A, M-2AR, M-2AS, M-2AT, M-2AU and M-2AI",M-2AS,,To Early Redemption Date,yes,15,5.00%,0.00%,1.75
Weighted Average Life Tables,141,"Class M-2A, M-2AR, M-2AS, M-2AT, M-2AU and M-2AI",M-2AS,,To Early Redemption Date,yes,25,5.00%,0.00%,2.02
Weighted Average Life Tables,141,"Class M-2A, M-2AR, M-2AS, M-2AT, M-2AU and M-2AI",M-2AS,,To Early Redemption Date,yes,35,5.00%,0.00%,2.53
Weighted Average Life Tables,141,"Class M-2A, M-2AR, M-2AS, M-2AT, M-2AU and M-2AI",M-2AT,,To Scheduled Maturity Date,no,0,5.00%,0.00%,1.52
Weighted Average Life Tables,141,"Class M-2A, M-2AR, M-2AS, M-2AT, M-2AU and M-2AI",M-2AT,,To Scheduled Maturity Date,no,5,5.00%,0.00%,1.59
Weighted Average Life Tables,141,"Class M-2A, M-2AR, M-2AS, M-2AT, M-2AU and M-2AI",M-2AT,,To Scheduled Maturity Date,no,10,5.00%,0.00%,1.66
Weighted Average Life Tables,141,"Class M-2A, M-2AR, M-2AS, M-2AT, M-2AU and M-2AI",M-2AT,,To Scheduled Maturity Date,no,15,5.00%,0.00%,1.75
Weighted Average Life Tables,141,"Class M-2A, M-2AR, M-2AS, M-2AT, M-2AU and M-2AI",M-2AT,,To Scheduled Maturity Date,no,25,5.00%,0.00%,2.02
Weighted Average Life Tables,141,"Class M-2A, M-2AR, M-2AS, M-2AT, M-2AU and M-2AI",M-2AT,,To Scheduled Maturity Date,no,35,5.00%,0.00%,2.53
Weighted Average Life Tables,141,"Class M-2A, M-2AR, M-2AS, M-2AT, M-2AU and M-2AI",M-2AT,,To Early Redemption Date,yes,0,5.00%,0.00%,1.52
Weighted Average Life Tables,141,"Class M-2A, M-2AR, M-2AS, M-2AT, M-2AU and M-2AI",M-2AT,,To Early Redemption Date,yes,5,5.00%,0.00%,1.59
Weighted Average Life Tables,141,"Class M-2A, M-2AR, M-2AS, M-2AT, M-2AU and M-2AI",M-2AT,,To Early Redemption Date,yes,10,5.00%,0.00%,1.66
Weighted Average Life Tables,141,"Class M-2A, M-2AR, M-2AS, M-2AT, M-2AU and M-2AI",M-2AT,,To Early Redemption Date,yes,15,5.00%,0.00%,1.75
Weighted Average Life Tables,141,"Class M-2A, M-2AR, M-2AS, M-2AT, M-2AU and M-2AI",M-2AT,,To Early Redemption Date,yes,25,5.00%,0.00%,2.02
Weighted Average Life Tables,141,"Class M-2A, M-2AR, M-2AS, M-2AT, M-2AU and M-2AI",M-2AT,,To Early Redemption Date,yes,35,5.00%,0.00%,2.53
Weighted Average Life Tables,141,"Class M-2A, M-2AR, M-2AS, M-2AT, M-2AU and M-2AI",M-2AU,,To Scheduled Maturity Date,no,0,5.00%,0.00%,1.52
Weighted Average Life Tables,141,"Class M-2A, M-2AR, M-2AS, M-2AT, M-2AU and M-2AI",M-2AU,,To Scheduled Maturity Date,no,5,5.00%,0.00%,1.59
Weighted Average Life Tables,141,"Class M-2A, M-2AR, M-2AS, M-2AT, M-2AU and M-2AI",M-2AU,,To Scheduled Maturity Date,no,10,5.00%,0.00%,1.66
Weighted Average Life Tables,141,"Class M-2A, M-2AR, M-2AS, M-2AT, M-2AU and M-2AI",M-2AU,,To Scheduled Maturity Date,no,15,5.00%,0.00%,1.75
Weighted Average Life Tables,141,"Class M-2A, M-2AR, M-2AS, M-2AT, M-2AU and M-2AI",M-2AU,,To Scheduled Maturity Date,no,25,5.00%,0.00%,2.02
Weighted Average Life Tables,141,"Class M-2A, M-2AR, M-2AS, M-2AT, M-2AU and M-2AI",M-2AU,,To Scheduled Maturity Date,no,35,5.00%,0.00%,2.53
Weighted Average Life Tables,141,"Class M-2A, M-2AR, M-2AS, M-2AT, M-2AU and M-2AI",M-2AU,,To Early Redemption Date,yes,0,5.00%,0.00%,1.52
Weighted Average Life Tables,141,"Class M-2A, M-2AR, M-2AS, M-2AT, M-2AU and M-2AI",M-2AU,,To Early Redemption Date,yes,5,5.00%,0.00%,1.59
Weighted Average Life Tables,141,"Class M-2A, M-2AR, M-2AS, M-2AT, M-2AU and M-2AI",M-2AU,,To Early Redemption Date,yes,10,5.00%,0.00%,1.66
Weighted Average Life Tables,141,"Class M-2A, M-2AR, M-2AS, M-2AT, M-2AU and M-2AI",M-2AU,,To Early Redemption Date,yes,15,5.00%,0.00%,1.75
Weighted Average Life Tables,141,"Class M-2A, M-2AR, M-2AS, M-2AT, M-2AU and M-2AI",M-2AU,,To Early Redemption Date,yes,25,5.00%,0.00%,2.02
Weighted Average Life Tables,141,"Class M-2A, M-2AR, M-2AS, M-2AT, M-2AU and M-2AI",M-2AU,,To Early Redemption Date,yes,35,5.00%,0.00%,2.53
Weighted Average Life Tables,141,"Class M-2A, M-2AR, M-2AS, M-2AT, M-2AU and M-2AI",M-2AI,,To Scheduled Maturity Date,no,0,5.00%,0.00%,1.52
Weighted Average Life Tables,141,"Class M-2A, M-2AR, M-2AS, M-2AT, M-2AU and M-2AI",M-2AI,,To Scheduled Maturity Date,no,5,5.00%,0.00%,1.59
Weighted Average Life Tables,141,"Class M-2A, M-2AR, M-2AS, M-2AT, M-2AU and M-2AI",M-2AI,,To Scheduled Maturity Date,no,10,5.00%,0.00%,1.66
Weighted Average Life Tables,141,"Class M-2A, M-2AR, M-2AS, M-2AT, M-2AU and M-2AI",M-2AI,,To Scheduled Maturity Date,no,15,5.00%,0.00%,1.75
Weighted Average Life Tables,141,"Class M-2A, M-2AR, M-2AS, M-2AT, M-2AU and M-2AI",M-2AI,,To Scheduled Maturity Date,no,25,5.00%,0.00%,2.02
Weighted Average Life Tables,141,"Class M-2A, M-2AR, M-2AS, M-2AT, M-2AU and M-2AI",M-2AI,,To Scheduled Maturity Date,no,35,5.00%,0.00%,2.53
Weighted Average Life Tables,141,"Class M-2A, M-2AR, M-2AS, M-2AT, M-2AU and M-2AI",M-2AI,,To Early Redemption Date,yes,0,5.00%,0.00%,1.52
Weighted Average Life Tables,141,"Class M-2A, M-2AR, M-2AS, M-2AT, M-2AU and M-2AI",M-2AI,,To Early Redemption Date,yes,5,5.00%,0.00%,1.59
Weighted Average Life Tables,141,"Class M-2A, M-2AR, M-2AS, M-2AT, M-2AU and M-2AI",M-2AI,,To Early Redemption Date,yes,10,5.00%,0.00%,1.66
Weighted Average Life Tables,141,"Class M-2A, M-2AR, M-2AS, M-2AT, M-2AU and M-2AI",M-2AI,,To Early Redemption Date,yes,15,5.00%,0.00%,1.75
Weighted Average Life Tables,141,"Class M-2A, M-2AR, M-2AS, M-2AT, M-2AU and M-2AI",M-2AI,,To Early Redemption Date,yes,25,5.00%,0.00%,2.02
Weighted Average Life Tables,141,"Class M-2A, M-2AR, M-2AS, M-2AT, M-2AU and M-2AI",M-2AI,,To Early Redemption Date,yes,35,5.00%,0.00%,2.53
Weighted Average Life Tables,141,"Class M-2A, M-2AR, M-2AS, M-2AT, M-2AU and M-2AI",M-2A,,To Scheduled Maturity Date,no,0,0.00%,0.01%,19.11
Weighted Average Life Tables,141,"Class M-2A, M-2AR, M-2AS, M-2AT, M-2AU and M-2AI",M-2A,,To Scheduled Maturity Date,no,5,0.00%,0.01%,7.49
Weighted Average Life Tables,141,"Class M-2A, M-2AR, M-2AS, M-2AT, M-2AU and M-2AI",M-2A,,To Scheduled Maturity Date,no,10,0.00%,0.01%,4.10
Weighted Average Life Tables,141,"Class M-2A, M-2AR, M-2AS, M-2AT, M-2AU and M-2AI",M-2A,,To Scheduled Maturity Date,no,15,0.00%,0.01%,2.73
Weighted Average Life Tables,141,"Class M-2A, M-2AR, M-2AS, M-2AT, M-2AU and M-2AI",M-2A,,To Scheduled Maturity Date,no,25,0.00%,0.01%,1.62
Weighted Average Life Tables,141,"Class M-2A, M-2AR, M-2AS, M-2AT, M-2AU and M-2AI",M-2A,,To Scheduled Maturity Date,no,35,0.00%,0.01%,1.12
Weighted Average Life Tables,141,"Class M-2A, M-2AR, M-2AS, M-2AT, M-2AU and M-2AI",M-2A,,To Early Redemption Date,yes,0,0.00%,0.01%,5.02
Weighted Average Life Tables,141,"Class M-2A, M-2AR, M-2AS, M-2AT, M-2AU and M-2AI",M-2A,,To Early Redemption Date,yes,5,0.00%,0.01%,5.02
Weighted Average Life Tables,141,"Class M-2A, M-2AR, M-2AS, M-2AT, M-2AU and M-2AI",M-2A,,To Early Redemption Date,yes,10,0.00%,0.01%,4.10
Weighted Average Life Tables,141,"Class M-2A, M-2AR, M-2AS, M-2AT, M-2AU and M-2AI",M-2A,,To Early Redemption Date,yes,15,0.00%,0.01%,2.73
Weighted Average Life Tables,141,"Class M-2A, M-2AR, M-2AS, M-2AT, M-2AU and M-2AI",M-2A,,To Early Redemption Date,yes,25,0.00%,0.01%,1.62
Weighted Average Life Tables,141,"Class M-2A, M-2AR, M-2AS, M-2AT, M-2AU and M-2AI",M-2A,,To Early Redemption Date,yes,35,0.00%,0.01%,1.12
Weighted Average Life Tables,141,"Class M-2A, M-2AR, M-2AS, M-2AT, M-2AU and M-2AI",M-2AR,,To Scheduled Maturity Date,no,0,0.00%,0.01%,19.11
Weighted Average Life Tables,141,"Class M-2A, M-2AR, M-2AS, M-2AT, M-2AU and M-2AI",M-2AR,,To Scheduled Maturity Date,no,5,0.00%,0.01%,7.49
Weighted Average Life Tables,141,"Class M-2A, M-2AR, M-2AS, M-2AT, M-2AU and M-2AI",M-2AR,,To Scheduled Maturity Date,no,10,0.00%,0.01%,4.10
Weighted Average Life Tables,141,"Class M-2A, M-2AR, M-2AS, M-2AT, M-2AU and M-2AI",M-2AR,,To Scheduled Maturity Date,no,15,0.00%,0.01%,2.73
Weighted Average Life Tables,141,"Class M-2A, M-2AR, M-2AS, M-2AT, M-2AU and M-2AI",M-2AR,,To Scheduled Maturity Date,no,25,0.00%,0.01%,1.62
Weighted Average Life Tables,141,"Class M-2A, M-2AR, M-2AS, M-2AT, M-2AU and M-2AI",M-2AR,,To Scheduled Maturity Date,no,35,0.00%,0.01%,1.12
Weighted Average Life Tables,141,"Class M-2A, M-2AR, M-2AS, M-2AT, M-2AU and M-2AI",M-2AR,,To Early Redemption Date,yes,0,0.00%,0.01%,5.02
Weighted Average Life Tables,141,"Class M-2A, M-2AR, M-2AS, M-2AT, M-2AU and M-2AI",M-2AR,,To Early Redemption Date,yes,5,0.00%,0.01%,5.02
Weighted Average Life Tables,141,"Class M-2A, M-2AR, M-2AS, M-2AT, M-2AU and M-2AI",M-2AR,,To Early Redemption Date,yes,10,0.00%,0.01%,4.10
Weighted Average Life Tables,141,"Class M-2A, M-2AR, M-2AS, M-2AT, M-2AU and M-2AI",M-2AR,,To Early Redemption Date,yes,15,0.00%,0.01%,2.73
Weighted Average Life Tables,141,"Class M-2A, M-2AR, M-2AS, M-2AT, M-2AU and M-2AI",M-2AR,,To Early Redemption Date,yes,25,0.00%,0.01%,1.62
Weighted Average Life Tables,141,"Class M-2A, M-2AR, M-2AS, M-2AT, M-2AU and M-2AI",M-2AR,,To Early Redemption Date,yes,35,0.00%,0.01%,1.12
Weighted Average Life Tables,141,"Class M-2A, M-2AR, M-2AS, M-2AT, M-2AU and M-2AI",M-2AS,,To Scheduled Maturity Date,no,0,0.00%,0.01%,19.11
Weighted Average Life Tables,141,"Class M-2A, M-2AR, M-2AS, M-2AT, M-2AU and M-2AI",M-2AS,,To Scheduled Maturity Date,no,5,0.00%,0.01%,7.49
Weighted Average Life Tables,141,"Class M-2A, M-2AR, M-2AS, M-2AT, M-2AU and M-2AI",M-2AS,,To Scheduled Maturity Date,no,10,0.00%,0.01%,4.10
Weighted Average Life Tables,141,"Class M-2A, M-2AR, M-2AS, M-2AT, M-2AU and M-2AI",M-2AS,,To Scheduled Maturity Date,no,15,0.00%,0.01%,2.73
Weighted Average Life Tables,141,"Class M-2A, M-2AR, M-2AS, M-2AT, M-2AU and M-2AI",M-2AS,,To Scheduled Maturity Date,no,25,0.00%,0.01%,1.62
Weighted Average Life Tables,141,"Class M-2A, M-2AR, M-2AS, M-2AT, M-2AU and M-2AI",M-2AS,,To Scheduled Maturity Date,no,35,0.00%,0.01%,1.12
Weighted Average Life Tables,141,"Class M-2A, M-2AR, M-2AS, M-2AT, M-2AU and M-2AI",M-2AS,,To Early Redemption Date,yes,0,0.00%,0.01%,5.02
Weighted Average Life Tables,141,"Class M-2A, M-2AR, M-2AS, M-2AT, M-2AU and M-2AI",M-2AS,,To Early Redemption Date,yes,5,0.00%,0.01%,5.02
Weighted Average Life Tables,141,"Class M-2A, M-2AR, M-2AS, M-2AT, M-2AU and M-2AI",M-2AS,,To Early Redemption Date,yes,10,0.00%,0.01%,4.10
Weighted Average Life Tables,141,"Class M-2A, M-2AR, M-2AS, M-2AT, M-2AU and M-2AI",M-2AS,,To Early Redemption Date,yes,15,0.00%,0.01%,2.73
Weighted Average Life Tables,141,"Class M-2A, M-2AR, M-2AS, M-2AT, M-2AU and M-2AI",M-2AS,,To Early Redemption Date,yes,25,0.00%,0.01%,1.62
Weighted Average Life Tables,141,"Class M-2A, M-2AR, M-2AS, M-2AT, M-2AU and M-2AI",M-2AS,,To Early Redemption Date,yes,35,0.00%,0.01%,1.12
Weighted Average Life Tables,141,"Class M-2A, M-2AR, M-2AS, M-2AT, M-2AU and M-2AI",M-2AT,,To Scheduled Maturity Date,no,0,0.00%,0.01%,19.11
Weighted Average Life Tables,141,"Class M-2A, M-2AR, M-2AS, M-2AT, M-2AU and M-2AI",M-2AT,,To Scheduled Maturity Date,no,5,0.00%,0.01%,7.49
Weighted Average Life Tables,141,"Class M-2A, M-2AR, M-2AS, M-2AT, M-2AU and M-2AI",M-2AT,,To Scheduled Maturity Date,no,10,0.00%,0.01%,4.10
Weighted Average Life Tables,141,"Class M-2A, M-2AR, M-2AS, M-2AT, M-2AU and M-2AI",M-2AT,,To Scheduled Maturity Date,no,15,0.00%,0.01%,2.73
Weighted Average Life Tables,141,"Class M-2A, M-2AR, M-2AS, M-2AT, M-2AU and M-2AI",M-2AT,,To Scheduled Maturity Date,no,25,0.00%,0.01%,1.62
Weighted Average Life Tables,141,"Class M-2A, M-2AR, M-2AS, M-2AT, M-2AU and M-2AI",M-2AT,,To Scheduled Maturity Date,no,35,0.00%,0.01%,1.12
Weighted Average Life Tables,141,"Class M-2A, M-2AR, M-2AS, M-2AT, M-2AU and M-2AI",M-2AT,,To Early Redemption Date,yes,0,0.00%,0.01%,5.02
Weighted Average Life Tables,141,"Class M-2A, M-2AR, M-2AS, M-2AT, M-2AU and M-2AI",M-2AT,,To Early Redemption Date,yes,5,0.00%,0.01%,5.02
Weighted Average Life Tables,141,"Class M-2A, M-2AR, M-2AS, M-2AT, M-2AU and M-2AI",M-2AT,,To Early Redemption Date,yes,10,0.00%,0.01%,4.10
Weighted Average Life Tables,141,"Class M-2A, M-2AR, M-2AS, M-2AT, M-2AU and M-2AI",M-2AT,,To Early Redemption Date,yes,15,0.00%,0.01%,2.73
Weighted Average Life Tables,141,"Class M-2A, M-2AR, M-2AS, M-2AT, M-2AU and M-2AI",M-2AT,,To Early Redemption Date,yes,25,0.00%,0.01%,1.62
Weighted Average Life Tables,141,"Class M-2A, M-2AR, M-2AS, M-2AT, M-2AU and M-2AI",M-2AT,,To Early Redemption Date,yes,35,0.00%,0.01%,1.12
Weighted Average Life Tables,141,"Class M-2A, M-2AR, M-2AS, M-2AT, M-2AU and M-2AI",M-2AU,,To Scheduled Maturity Date,no,0,0.00%,0.01%,19.11
Weighted Average Life Tables,141,"Class M-2A, M-2AR, M-2AS, M-2AT, M-2AU and M-2AI",M-2AU,,To Scheduled Maturity Date,no,5,0.00%,0.01%,7.49
Weighted Average Life Tables,141,"Class M-2A, M-2AR, M-2AS, M-2AT, M-2AU and M-2AI",M-2AU,,To Scheduled Maturity Date,no,10,0.00%,0.01%,4.10
Weighted Average Life Tables,141,"Class M-2A, M-2AR, M-2AS, M-2AT, M-2AU and M-2AI",M-2AU,,To Scheduled Maturity Date,no,15,0.00%,0.01%,2.73
Weighted Average Life Tables,141,"Class M-2A, M-2AR, M-2AS, M-2AT, M-2AU and M-2AI",M-2AU,,To Scheduled Maturity Date,no,25,0.00%,0.01%,1.62
Weighted Average Life Tables,141,"Class M-2A, M-2AR, M-2AS, M-2AT, M-2AU and M-2AI",M-2AU,,To Scheduled Maturity Date,no,35,0.00%,0.01%,1.12
Weighted Average Life Tables,141,"Class M-2A, M-2AR, M-2AS, M-2AT, M-2AU and M-2AI",M-2AU,,To Early Redemption Date,yes,0,0.00%,0.01%,5.02
Weighted Average Life Tables,141,"Class M-2A, M-2AR, M-2AS, M-2AT, M-2AU and M-2AI",M-2AU,,To Early Redemption Date,yes,5,0.00%,0.01%,5.02
Weighted Average Life Tables,141,"Class M-2A, M-2AR, M-2AS, M-2AT, M-2AU and M-2AI",M-2AU,,To Early Redemption Date,yes,10,0.00%,0.01%,4.10
Weighted Average Life Tables,141,"Class M-2A, M-2AR, M-2AS, M-2AT, M-2AU and M-2AI",M-2AU,,To Early Redemption Date,yes,15,0.00%,0.01%,2.73
Weighted Average Life Tables,141,"Class M-2A, M-2AR, M-2AS, M-2AT, M-2AU and M-2AI",M-2AU,,To Early Redemption Date,yes,25,0.00%,0.01%,1.62
Weighted Average Life Tables,141,"Class M-2A, M-2AR, M-2AS, M-2AT, M-2AU and M-2AI",M-2AU,,To Early Redemption Date,yes,35,0.00%,0.01%,1.12
Weighted Average Life Tables,141,"Class M-2A, M-2AR, M-2AS, M-2AT, M-2AU and M-2AI",M-2AI,,To Scheduled Maturity Date,no,0,0.00%,0.01%,19.11
Weighted Average Life Tables,141,"Class M-2A, M-2AR, M-2AS, M-2AT, M-2AU and M-2AI",M-2AI,,To Scheduled Maturity Date,no,5,0.00%,0.01%,7.49
Weighted Average Life Tables,141,"Class M-2A, M-2AR, M-2AS, M-2AT, M-2AU and M-2AI",M-2AI,,To Scheduled Maturity Date,no,10,0.00%,0.01%,4.10
Weighted Average Life Tables,141,"Class M-2A, M-2AR, M-2AS, M-2AT, M-2AU and M-2AI",M-2AI,,To Scheduled Maturity Date,no,15,0.00%,0.01%,2.73
Weighted Average Life Tables,141,"Class M-2A, M-2AR, M-2AS, M-2AT, M-2AU and M-2AI",M-2AI,,To Scheduled Maturity Date,no,25,0.00%,0.01%,1.62
Weighted Average Life Tables,141,"Class M-2A, M-2AR, M-2AS, M-2AT, M-2AU and M-2AI",M-2AI,,To Scheduled Maturity Date,no,35,0.00%,0.01%,1.12
Weighted Average Life Tables,141,"Class M-2A, M-2AR, M-2AS, M-2AT, M-2AU and M-2AI",M-2AI,,To Early Redemption Date,yes,0,0.00%,0.01%,5.02
Weighted Average Life Tables,141,"Class M-2A, M-2AR, M-2AS, M-2AT, M-2AU and M-2AI",M-2AI,,To Early Redemption Date,yes,5,0.00%,0.01%,5.02
Weighted Average Life Tables,141,"Class M-2A, M-2AR, M-2AS, M-2AT, M-2AU and M-2AI",M-2AI,,To Early Redemption Date,yes,10,0.00%,0.01%,4.10
Weighted Average Life Tables,141,"Class M-2A, M-2AR, M-2AS, M-2AT, M-2AU and M-2AI",M-2AI,,To Early Redemption Date,yes,15,0.00%,0.01%,2.73
Weighted Average Life Tables,141,"Class M-2A, M-2AR, M-2AS, M-2AT, M-2AU and M-2AI",M-2AI,,To Early Redemption Date,yes,25,0.00%,0.01%,1.62
Weighted Average Life Tables,141,"Class M-2A, M-2AR, M-2AS, M-2AT, M-2AU and M-2AI",M-2AI,,To Early Redemption Date,yes,35,0.00%,0.01%,1.12
Weighted Average Life Tables,141,"Class M-2A, M-2AR, M-2AS, M-2AT, M-2AU and M-2AI",M-2A,,To Scheduled Maturity Date,no,0,0.50%,0.03%,16.88
Weighted Average Life Tables,141,"Class M-2A, M-2AR, M-2AS, M-2AT, M-2AU and M-2AI",M-2A,,To Scheduled Maturity Date,no,5,0.50%,0.03%,20.02
Weighted Average Life Tables,141,"Class M-2A, M-2AR, M-2AS, M-2AT, M-2AU and M-2AI",M-2A,,To Scheduled Maturity Date,no,10,0.50%,0.03%,8.22
Weighted Average Life Tables,141,"Class M-2A, M-2AR, M-2AS, M-2AT, M-2AU and M-2AI",M-2A,,To Scheduled Maturity Date,no,15,0.50%,0.03%,5.21
Weighted Average Life Tables,141,"Class M-2A, M-2AR, M-2AS, M-2AT, M-2AU and M-2AI",M-2A,,To Scheduled Maturity Date,no,25,0.50%,0.03%,2.74
Weighted Average Life Tables,141,"Class M-2A, M-2AR, M-2AS, M-2AT, M-2AU and M-2AI",M-2A,,To Scheduled Maturity Date,no,35,0.50%,0.03%,1.57
Weighted Average Life Tables,141,"Class M-2A, M-2AR, M-2AS, M-2AT, M-2AU and M-2AI",M-2A,,To Early Redemption Date,yes,0,0.50%,0.03%,5.02
Weighted Average Life Tables,141,"Class M-2A, M-2AR, M-2AS, M-2AT, M-2AU and M-2AI",M-2A,,To Early Redemption Date,yes,5,0.50%,0.03%,5.02
Weighted Average Life Tables,141,"Class M-2A, M-2AR, M-2AS, M-2AT, M-2AU and M-2AI",M-2A,,To Early Redemption Date,yes,10,0.50%,0.03%,5.02
Weighted Average Life Tables,141,"Class M-2A, M-2AR, M-2AS, M-2AT, M-2AU and M-2AI",M-2A,,To Early Redemption Date,yes,15,0.50%,0.03%,4.99
Weighted Average Life Tables,141,"Class M-2A, M-2AR, M-2AS, M-2AT, M-2AU and M-2AI",M-2A,,To Early Redemption Date,yes,25,0.50%,0.03%,2.74
Weighted Average Life Tables,141,"Class M-2A, M-2AR, M-2AS, M-2AT, M-2AU and M-2AI",M-2A,,To Early Redemption Date,yes,35,0.50%,0.03%,1.57
Weighted Average Life Tables,141,"Class M-2A, M-2AR, M-2AS, M-2AT, M-2AU and M-2AI",M-2AR,,To Scheduled Maturity Date,no,0,0.50%,0.03%,16.88
Weighted Average Life Tables,141,"Class M-2A, M-2AR, M-2AS, M-2AT, M-2AU and M-2AI",M-2AR,,To Scheduled Maturity Date,no,5,0.50%,0.03%,20.02
Weighted Average Life Tables,141,"Class M-2A, M-2AR, M-2AS, M-2AT, M-2AU and M-2AI",M-2AR,,To Scheduled Maturity Date,no,10,0.50%,0.03%,8.22
Weighted Average Life Tables,141,"Class M-2A, M-2AR, M-2AS, M-2AT, M-2AU and M-2AI",M-2AR,,To Scheduled Maturity Date,no,15,0.50%,0.03%,5.21
Weighted Average Life Tables,141,"Class M-2A, M-2AR, M-2AS, M-2AT, M-2AU and M-2AI",M-2AR,,To Scheduled Maturity Date,no,25,0.50%,0.03%,2.74
Weighted Average Life Tables,141,"Class M-2A, M-2AR, M-2AS, M-2AT, M-2AU and M-2AI",M-2AR,,To Scheduled Maturity Date,no,35,0.50%,0.03%,1.57
Weighted Average Life Tables,141,"Class M-2A, M-2AR, M-2AS, M-2AT, M-2AU and M-2AI",M-2AR,,To Early Redemption Date,yes,0,0.50%,0.03%,5.02
Weighted Average Life Tables,141,"Class M-2A, M-2AR, M-2AS, M-2AT, M-2AU and M-2AI",M-2AR,,To Early Redemption Date,yes,5,0.50%,0.03%,5.02
Weighted Average Life Tables,141,"Class M-2A, M-2AR, M-2AS, M-2AT, M-2AU and M-2AI",M-2AR,,To Early Redemption Date,yes,10,0.50%,0.03%,5.02
Weighted Average Life Tables,141,"Class M-2A, M-2AR, M-2AS, M-2AT, M-2AU and M-2AI",M-2AR,,To Early Redemption Date,yes,15,0.50%,0.03%,4.99
Weighted Average Life Tables,141,"Class M-2A, M-2AR, M-2AS, M-2AT, M-2AU and M-2AI",M-2AR,,To Early Redemption Date,yes,25,0.50%,0.03%,2.74
Weighted Average Life Tables,141,"Class M-2A, M-2AR, M-2AS, M-2AT, M-2AU and M-2AI",M-2AR,,To Early Redemption Date,yes,35,0.50%,0.03%,1.57
Weighted Average Life Tables,141,"Class M-2A, M-2AR, M-2AS, M-2AT, M-2AU and M-2AI",M-2AS,,To Scheduled Maturity Date,no,0,0.50%,0.03%,16.88
Weighted Average Life Tables,141,"Class M-2A, M-2AR, M-2AS, M-2AT, M-2AU and M-2AI",M-2AS,,To Scheduled Maturity Date,no,5,0.50%,0.03%,20.02
Weighted Average Life Tables,141,"Class M-2A, M-2AR, M-2AS, M-2AT, M-2AU and M-2AI",M-2AS,,To Scheduled Maturity Date,no,10,0.50%,0.03%,8.22
Weighted Average Life Tables,141,"Class M-2A, M-2AR, M-2AS, M-2AT, M-2AU and M-2AI",M-2AS,,To Scheduled Maturity Date,no,15,0.50%,0.03%,5.21
Weighted Average Life Tables,141,"Class M-2A, M-2AR, M-2AS, M-2AT, M-2AU and M-2AI",M-2AS,,To Scheduled Maturity Date,no,25,0.50%,0.03%,2.74
Weighted Average Life Tables,141,"Class M-2A, M-2AR, M-2AS, M-2AT, M-2AU and M-2AI",M-2AS,,To Scheduled Maturity Date,no,35,0.50%,0.03%,1.57
Weighted Average Life Tables,141,"Class M-2A, M-2AR, M-2AS, M-2AT, M-2AU and M-2AI",M-2AS,,To Early Redemption Date,yes,0,0.50%,0.03%,5.02
Weighted Average Life Tables,141,"Class M-2A, M-2AR, M-2AS, M-2AT, M-2AU and M-2AI",M-2AS,,To Early Redemption Date,yes,5,0.50%,0.03%,5.02
Weighted Average Life Tables,141,"Class M-2A, M-2AR, M-2AS, M-2AT, M-2AU and M-2AI",M-2AS,,To Early Redemption Date,yes,10,0.50%,0.03%,5.02
Weighted Average Life Tables,141,"Class M-2A, M-2AR, M-2AS, M-2AT, M-2AU and M-2AI",M-2AS,,To Early Redemption Date,yes,15,0.50%,0.03%,4.99
Weighted Average Life Tables,141,"Class M-2A, M-2AR, M-2AS, M-2AT, M-2AU and M-2AI",M-2AS,,To Early Redemption Date,yes,25,0.50%,0.03%,2.74
Weighted Average Life Tables,141,"Class M-2A, M-2AR, M-2AS, M-2AT, M-2AU and M-2AI",M-2AS,,To Early Redemption Date,yes,35,0.50%,0.03%,1.57
Weighted Average Life Tables,141,"Class M-2A, M-2AR, M-2AS, M-2AT, M-2AU and M-2AI",M-2AT,,To Scheduled Maturity Date,no,0,0.50%,0.03%,16.88
Weighted Average Life Tables,141,"Class M-2A, M-2AR, M-2AS, M-2AT, M-2AU and M-2AI",M-2AT,,To Scheduled Maturity Date,no,5,0.50%,0.03%,20.02
Weighted Average Life Tables,141,"Class M-2A, M-2AR, M-2AS, M-2AT, M-2AU and M-2AI",M-2AT,,To Scheduled Maturity Date,no,10,0.50%,0.03%,8.22
Weighted Average Life Tables,141,"Class M-2A, M-2AR, M-2AS, M-2AT, M-2AU and M-2AI",M-2AT,,To Scheduled Maturity Date,no,15,0.50%,0.03%,5.21
Weighted Average Life Tables,141,"Class M-2A, M-2AR, M-2AS, M-2AT, M-2AU and M-2AI",M-2AT,,To Scheduled Maturity Date,no,25,0.50%,0.03%,2.74
Weighted Average Life Tables,141,"Class M-2A, M-2AR, M-2AS, M-2AT, M-2AU and M-2AI",M-2AT,,To Scheduled Maturity Date,no,35,0.50%,0.03%,1.57
Weighted Average Life Tables,141,"Class M-2A, M-2AR, M-2AS, M-2AT, M-2AU and M-2AI",M-2AT,,To Early Redemption Date,yes,0,0.50%,0.03%,5.02
Weighted Average Life Tables,141,"Class M-2A, M-2AR, M-2AS, M-2AT, M-2AU and M-2AI",M-2AT,,To Early Redemption Date,yes,5,0.50%,0.03%,5.02
Weighted Average Life Tables,141,"Class M-2A, M-2AR, M-2AS, M-2AT, M-2AU and M-2AI",M-2AT,,To Early Redemption Date,yes,10,0.50%,0.03%,5.02
Weighted Average Life Tables,141,"Class M-2A, M-2AR, M-2AS, M-2AT, M-2AU and M-2AI",M-2AT,,To Early Redemption Date,yes,15,0.50%,0.03%,4.99
Weighted Average Life Tables,141,"Class M-2A, M-2AR, M-2AS, M-2AT, M-2AU and M-2AI",M-2AT,,To Early Redemption Date,yes,25,0.50%,0.03%,2.74
Weighted Average Life Tables,141,"Class M-2A, M-2AR, M-2AS, M-2AT, M-2AU and M-2AI",M-2AT,,To Early Redemption Date,yes,35,0.50%,0.03%,1.57
Weighted Average Life Tables,141,"Class M-2A, M-2AR, M-2AS, M-2AT, M-2AU and M-2AI",M-2AU,,To Scheduled Maturity Date,no,0,0.50%,0.03%,16.88
Weighted Average Life Tables,141,"Class M-2A, M-2AR, M-2AS, M-2AT, M-2AU and M-2AI",M-2AU,,To Scheduled Maturity Date,no,5,0.50%,0.03%,20.02
Weighted Average Life Tables,141,"Class M-2A, M-2AR, M-2AS, M-2AT, M-2AU and M-2AI",M-2AU,,To Scheduled Maturity Date,no,10,0.50%,0.03%,8.22
Weighted Average Life Tables,141,"Class M-2A, M-2AR, M-2AS, M-2AT, M-2AU and M-2AI",M-2AU,,To Scheduled Maturity Date,no,15,0.50%,0.03%,5.21
Weighted Average Life Tables,141,"Class M-2A, M-2AR, M-2AS, M-2AT, M-2AU and M-2AI",M-2AU,,To Scheduled Maturity Date,no,25,0.50%,0.03%,2.74
Weighted Average Life Tables,141,"Class M-2A, M-2AR, M-2AS, M-2AT, M-2AU and M-2AI",M-2AU,,To Scheduled Maturity Date,no,35,0.50%,0.03%,1.57
Weighted Average Life Tables,141,"Class M-2A, M-2AR, M-2AS, M-2AT, M-2AU and M-2AI",M-2AU,,To Early Redemption Date,yes,0,0.50%,0.03%,5.02
Weighted Average Life Tables,141,"Class M-2A, M-2AR, M-2AS, M-2AT, M-2AU and M-2AI",M-2AU,,To Early Redemption Date,yes,5,0.50%,0.03%,5.02
Weighted Average Life Tables,141,"Class M-2A, M-2AR, M-2AS, M-2AT, M-2AU and M-2AI",M-2AU,,To Early Redemption Date,yes,10,0.50%,0.03%,5.02
Weighted Average Life Tables,141,"Class M-2A, M-2AR, M-2AS, M-2AT, M-2AU and M-2AI",M-2AU,,To Early Redemption Date,yes,15,0.50%,0.03%,4.99
Weighted Average Life Tables,141,"Class M-2A, M-2AR, M-2AS, M-2AT, M-2AU and M-2AI",M-2AU,,To Early Redemption Date,yes,25,0.50%,0.03%,2.74
Weighted Average Life Tables,141,"Class M-2A, M-2AR, M-2AS, M-2AT, M-2AU and M-2AI",M-2AU,,To Early Redemption Date,yes,35,0.50%,0.03%,1.57
Weighted Average Life Tables,141,"Class M-2A, M-2AR, M-2AS, M-2AT, M-2AU and M-2AI",M-2AI,,To Scheduled Maturity Date,no,0,0.50%,0.03%,16.88
Weighted Average Life Tables,141,"Class M-2A, M-2AR, M-2AS, M-2AT, M-2AU and M-2AI",M-2AI,,To Scheduled Maturity Date,no,5,0.50%,0.03%,20.02
Weighted Average Life Tables,141,"Class M-2A, M-2AR, M-2AS, M-2AT, M-2AU and M-2AI",M-2AI,,To Scheduled Maturity Date,no,10,0.50%,0.03%,8.22
Weighted Average Life Tables,141,"Class M-2A, M-2AR, M-2AS, M-2AT, M-2AU and M-2AI",M-2AI,,To Scheduled Maturity Date,no,15,0.50%,0.03%,5.21
Weighted Average Life Tables,141,"Class M-2A, M-2AR, M-2AS, M-2AT, M-2AU and M-2AI",M-2AI,,To Scheduled Maturity Date,no,25,0.50%,0.03%,2.74
Weighted Average Life Tables,141,"Class M-2A, M-2AR, M-2AS, M-2AT, M-2AU and M-2AI",M-2AI,,To Scheduled Maturity Date,no,35,0.50%,0.03%,1.57
Weighted Average Life Tables,141,"Class M-2A, M-2AR, M-2AS, M-2AT, M-2AU and M-2AI",M-2AI,,To Early Redemption Date,yes,0,0.50%,0.03%,5.02
Weighted Average Life Tables,141,"Class M-2A, M-2AR, M-2AS, M-2AT, M-2AU and M-2AI",M-2AI,,To Early Redemption Date,yes,5,0.50%,0.03%,5.02
Weighted Average Life Tables,141,"Class M-2A, M-2AR, M-2AS, M-2AT, M-2AU and M-2AI",M-2AI,,To Early Redemption Date,yes,10,0.50%,0.03%,5.02
Weighted Average Life Tables,141,"Class M-2A, M-2AR, M-2AS, M-2AT, M-2AU and M-2AI",M-2AI,,To Early Redemption Date,yes,15,0.50%,0.03%,4.99
Weighted Average Life Tables,141,"Class M-2A, M-2AR, M-2AS, M-2AT, M-2AU and M-2AI",M-2AI,,To Early Redemption Date,yes,25,0.50%,0.03%,2.74
Weighted Average Life Tables,141,"Class M-2A, M-2AR, M-2AS, M-2AT, M-2AU and M-2AI",M-2AI,,To Early Redemption Date,yes,35,0.50%,0.03%,1.57
Weighted Average Life Tables,141,"Class M-2A, M-2AR, M-2AS, M-2AT, M-2AU and M-2AI",M-2A,,To Scheduled Maturity Date,no,0,1.00%,0.10%,6.18
Weighted Average Life Tables,141,"Class M-2A, M-2AR, M-2AS, M-2AT, M-2AU and M-2AI",M-2A,,To Scheduled Maturity Date,no,5,1.00%,0.10%,7.67
Weighted Average Life Tables,141,"Class M-2A, M-2AR, M-2AS, M-2AT, M-2AU and M-2AI",M-2A,,To Scheduled Maturity Date,no,10,1.00%,0.10%,11.67
Weighted Average Life Tables,141,"Class M-2A, M-2AR, M-2AS, M-2AT, M-2AU and M-2AI",M-2A,,To Scheduled Maturity Date,no,15,1.00%,0.10%,13.56
Weighted Average Life Tables,141,"Class M-2A, M-2AR, M-2AS, M-2AT, M-2AU and M-2AI",M-2A,,To Scheduled Maturity Date,no,25,1.00%,0.10%,5.83
Weighted Average Life Tables,141,"Class M-2A, M-2AR, M-2AS, M-2AT, M-2AU and M-2AI",M-2A,,To Scheduled Maturity Date,no,35,1.00%,0.10%,4.00
Weighted Average Life Tables,141,"Class M-2A, M-2AR, M-2AS, M-2AT, M-2AU and M-2AI",M-2A,,To Early Redemption Date,yes,0,1.00%,0.10%,5.02
Weighted Average Life Tables,141,"Class M-2A, M-2AR, M-2AS, M-2AT, M-2AU and M-2AI",M-2A,,To Early Redemption Date,yes,5,1.00%,0.10%,5.02
Weighted Average Life Tables,141,"Class M-2A, M-2AR, M-2AS, M-2AT, M-2AU and M-2AI",M-2A,,To Early Redemption Date,yes,10,1.00%,0.10%,5.02
Weighted Average Life Tables,141,"Class M-2A, M-2AR, M-2AS, M-2AT, M-2AU and M-2AI",M-2A,,To Early Redemption Date,yes,15,1.00%,0.10%,5.02
Weighted Average Life Tables,141,"Class M-2A, M-2AR, M-2AS, M-2AT, M-2AU and M-2AI",M-2A,,To Early Redemption Date,yes,25,1.00%,0.10%,5.02
Weighted Average Life Tables,141,"Class M-2A, M-2AR, M-2AS, M-2AT, M-2AU and M-2AI",M-2A,,To Early Redemption Date,yes,35,1.00%,0.10%,4.00
Weighted Average Life Tables,141,"Class M-2A, M-2AR, M-2AS, M-2AT, M-2AU and M-2AI",M-2AR,,To Scheduled Maturity Date,no,0,1.00%,0.10%,6.18
Weighted Average Life Tables,141,"Class M-2A, M-2AR, M-2AS, M-2AT, M-2AU and M-2AI",M-2AR,,To Scheduled Maturity Date,no,5,1.00%,0.10%,7.67
Weighted Average Life Tables,141,"Class M-2A, M-2AR, M-2AS, M-2AT, M-2AU and M-2AI",M-2AR,,To Scheduled Maturity Date,no,10,1.00%,0.10%,11.67
Weighted Average Life Tables,141,"Class M-2A, M-2AR, M-2AS, M-2AT, M-2AU and M-2AI",M-2AR,,To Scheduled Maturity Date,no,15,1.00%,0.10%,13.56
Weighted Average Life Tables,141,"Class M-2A, M-2AR, M-2AS, M-2AT, M-2AU and M-2AI",M-2AR,,To Scheduled Maturity Date,no,25,1.00%,0.10%,5.83
Weighted Average Life Tables,141,"Class M-2A, M-2AR, M-2AS, M-2AT, M-2AU and M-2AI",M-2AR,,To Scheduled Maturity Date,no,35,1.00%,0.10%,4.00
Weighted Average Life Tables,141,"Class M-2A, M-2AR, M-2AS, M-2AT, M-2AU and M-2AI",M-2AR,,To Early Redemption Date,yes,0,1.00%,0.10%,5.02
Weighted Average Life Tables,141,"Class M-2A, M-2AR, M-2AS, M-2AT, M-2AU and M-2AI",M-2AR,,To Early Redemption Date,yes,5,1.00%,0.10%,5.02
Weighted Average Life Tables,141,"Class M-2A, M-2AR, M-2AS, M-2AT, M-2AU and M-2AI",M-2AR,,To Early Redemption Date,yes,10,1.00%,0.10%,5.02
Weighted Average Life Tables,141,"Class M-2A, M-2AR, M-2AS, M-2AT, M-2AU and M-2AI",M-2AR,,To Early Redemption Date,yes,15,1.00%,0.10%,5.02
Weighted Average Life Tables,141,"Class M-2A, M-2AR, M-2AS, M-2AT, M-2AU and M-2AI",M-2AR,,To Early Redemption Date,yes,25,1.00%,0.10%,5.02
Weighted Average Life Tables,141,"Class M-2A, M-2AR, M-2AS, M-2AT, M-2AU and M-2AI",M-2AR,,To Early Redemption Date,yes,35,1.00%,0.10%,4.00
Weighted Average Life Tables,141,"Class M-2A, M-2AR, M-2AS, M-2AT, M-2AU and M-2AI",M-2AS,,To Scheduled Maturity Date,no,0,1.00%,0.10%,6.18
Weighted Average Life Tables,141,"Class M-2A, M-2AR, M-2AS, M-2AT, M-2AU and M-2AI",M-2AS,,To Scheduled Maturity Date,no,5,1.00%,0.10%,7.67
Weighted Average Life Tables,141,"Class M-2A, M-2AR, M-2AS, M-2AT, M-2AU and M-2AI",M-2AS,,To Scheduled Maturity Date,no,10,1.00%,0.10%,11.67
Weighted Average Life Tables,141,"Class M-2A, M-2AR, M-2AS, M-2AT, M-2AU and M-2AI",M-2AS,,To Scheduled Maturity Date,no,15,1.00%,0.10%,13.56
Weighted Average Life Tables,141,"Class M-2A, M-2AR, M-2AS, M-2AT, M-2AU and M-2AI",M-2AS,,To Scheduled Maturity Date,no,25,1.00%,0.10%,5.83
Weighted Average Life Tables,141,"Class M-2A, M-2AR, M-2AS, M-2AT, M-2AU and M-2AI",M-2AS,,To Scheduled Maturity Date,no,35,1.00%,0.10%,4.00
Weighted Average Life Tables,141,"Class M-2A, M-2AR, M-2AS, M-2AT, M-2AU and M-2AI",M-2AS,,To Early Redemption Date,yes,0,1.00%,0.10%,5.02
Weighted Average Life Tables,141,"Class M-2A, M-2AR, M-2AS, M-2AT, M-2AU and M-2AI",M-2AS,,To Early Redemption Date,yes,5,1.00%,0.10%,5.02
Weighted Average Life Tables,141,"Class M-2A, M-2AR, M-2AS, M-2AT, M-2AU and M-2AI",M-2AS,,To Early Redemption Date,yes,10,1.00%,0.10%,5.02
Weighted Average Life Tables,141,"Class M-2A, M-2AR, M-2AS, M-2AT, M-2AU and M-2AI",M-2AS,,To Early Redemption Date,yes,15,1.00%,0.10%,5.02
Weighted Average Life Tables,141,"Class M-2A, M-2AR, M-2AS, M-2AT, M-2AU and M-2AI",M-2AS,,To Early Redemption Date,yes,25,1.00%,0.10%,5.02
Weighted Average Life Tables,141,"Class M-2A, M-2AR, M-2AS, M-2AT, M-2AU and M-2AI",M-2AS,,To Early Redemption Date,yes,35,1.00%,0.10%,4.00
Weighted Average Life Tables,141,"Class M-2A, M-2AR, M-2AS, M-2AT, M-2AU and M-2AI",M-2AT,,To Scheduled Maturity Date,no,0,1.00%,0.10%,6.18
Weighted Average Life Tables,141,"Class M-2A, M-2AR, M-2AS, M-2AT, M-2AU and M-2AI",M-2AT,,To Scheduled Maturity Date,no,5,1.00%,0.10%,7.67
Weighted Average Life Tables,141,"Class M-2A, M-2AR, M-2AS, M-2AT, M-2AU and M-2AI",M-2AT,,To Scheduled Maturity Date,no,10,1.00%,0.10%,11.67
Weighted Average Life Tables,141,"Class M-2A, M-2AR, M-2AS, M-2AT, M-2AU and M-2AI",M-2AT,,To Scheduled Maturity Date,no,15,1.00%,0.10%,13.56
Weighted Average Life Tables,141,"Class M-2A, M-2AR, M-2AS, M-2AT, M-2AU and M-2AI",M-2AT,,To Scheduled Maturity Date,no,25,1.00%,0.10%,5.83
Weighted Average Life Tables,141,"Class M-2A, M-2AR, M-2AS, M-2AT, M-2AU and M-2AI",M-2AT,,To Scheduled Maturity Date,no,35,1.00%,0.10%,4.00
Weighted Average Life Tables,141,"Class M-2A, M-2AR, M-2AS, M-2AT, M-2AU and M-2AI",M-2AT,,To Early Redemption Date,yes,0,1.00%,0.10%,5.02
Weighted Average Life Tables,141,"Class M-2A, M-2AR, M-2AS, M-2AT, M-2AU and M-2AI",M-2AT,,To Early Redemption Date,yes,5,1.00%,0.10%,5.02
Weighted Average Life Tables,141,"Class M-2A, M-2AR, M-2AS, M-2AT, M-2AU and M-2AI",M-2AT,,To Early Redemption Date,yes,10,1.00%,0.10%,5.02
Weighted Average Life Tables,141,"Class M-2A, M-2AR, M-2AS, M-2AT, M-2AU and M-2AI",M-2AT,,To Early Redemption Date,yes,15,1.00%,0.10%,5.02
Weighted Average Life Tables,141,"Class M-2A, M-2AR, M-2AS, M-2AT, M-2AU and M-2AI",M-2AT,,To Early Redemption Date,yes,25,1.00%,0.10%,5.02
Weighted Average Life Tables,141,"Class M-2A, M-2AR, M-2AS, M-2AT, M-2AU and M-2AI",M-2AT,,To Early Redemption Date,yes,35,1.00%,0.10%,4.00
Weighted Average Life Tables,141,"Class M-2A, M-2AR, M-2AS, M-2AT, M-2AU and M-2AI",M-2AU,,To Scheduled Maturity Date,no,0,1.00%,0.10%,6.18
Weighted Average Life Tables,141,"Class M-2A, M-2AR, M-2AS, M-2AT, M-2AU and M-2AI",M-2AU,,To Scheduled Maturity Date,no,5,1.00%,0.10%,7.67
Weighted Average Life Tables,141,"Class M-2A, M-2AR, M-2AS, M-2AT, M-2AU and M-2AI",M-2AU,,To Scheduled Maturity Date,no,10,1.00%,0.10%,11.67
Weighted Average Life Tables,141,"Class M-2A, M-2AR, M-2AS, M-2AT, M-2AU and M-2AI",M-2AU,,To Scheduled Maturity Date,no,15,1.00%,0.10%,13.56
Weighted Average Life Tables,141,"Class M-2A, M-2AR, M-2AS, M-2AT, M-2AU and M-2AI",M-2AU,,To Scheduled Maturity Date,no,25,1.00%,0.10%,5.83
Weighted Average Life Tables,141,"Class M-2A, M-2AR, M-2AS, M-2AT, M-2AU and M-2AI",M-2AU,,To Scheduled Maturity Date,no,35,1.00%,0.10%,4.00
Weighted Average Life Tables,141,"Class M-2A, M-2AR, M-2AS, M-2AT, M-2AU and M-2AI",M-2AU,,To Early Redemption Date,yes,0,1.00%,0.10%,5.02
Weighted Average Life Tables,141,"Class M-2A, M-2AR, M-2AS, M-2AT, M-2AU and M-2AI",M-2AU,,To Early Redemption Date,yes,5,1.00%,0.10%,5.02
Weighted Average Life Tables,141,"Class M-2A, M-2AR, M-2AS, M-2AT, M-2AU and M-2AI",M-2AU,,To Early Redemption Date,yes,10,1.00%,0.10%,5.02
Weighted Average Life Tables,141,"Class M-2A, M-2AR, M-2AS, M-2AT, M-2AU and M-2AI",M-2AU,,To Early Redemption Date,yes,15,1.00%,0.10%,5.02
Weighted Average Life Tables,141,"Class M-2A, M-2AR, M-2AS, M-2AT, M-2AU and M-2AI",M-2AU,,To Early Redemption Date,yes,25,1.00%,0.10%,5.02
Weighted Average Life Tables,141,"Class M-2A, M-2AR, M-2AS, M-2AT, M-2AU and M-2AI",M-2AU,,To Early Redemption Date,yes,35,1.00%,0.10%,4.00
Weighted Average Life Tables,141,"Class M-2A, M-2AR, M-2AS, M-2AT, M-2AU and M-2AI",M-2AI,,To Scheduled Maturity Date,no,0,1.00%,0.10%,6.18
Weighted Average Life Tables,141,"Class M-2A, M-2AR, M-2AS, M-2AT, M-2AU and M-2AI",M-2AI,,To Scheduled Maturity Date,no,5,1.00%,0.10%,7.67
Weighted Average Life Tables,141,"Class M-2A, M-2AR, M-2AS, M-2AT, M-2AU and M-2AI",M-2AI,,To Scheduled Maturity Date,no,10,1.00%,0.10%,11.67
Weighted Average Life Tables,141,"Class M-2A, M-2AR, M-2AS, M-2AT, M-2AU and M-2AI",M-2AI,,To Scheduled Maturity Date,no,15,1.00%,0.10%,13.56
Weighted Average Life Tables,141,"Class M-2A, M-2AR, M-2AS, M-2AT, M-2AU and M-2AI",M-2AI,,To Scheduled Maturity Date,no,25,1.00%,0.10%,5.83
Weighted Average Life Tables,141,"Class M-2A, M-2AR, M-2AS, M-2AT, M-2AU and M-2AI",M-2AI,,To Scheduled Maturity Date,no,35,1.00%,0.10%,4.00
Weighted Average Life Tables,141,"Class M-2A, M-2AR, M-2AS, M-2AT, M-2AU and M-2AI",M-2AI,,To Early Redemption Date,yes,0,1.00%,0.10%,5.02
Weighted Average Life Tables,141,"Class M-2A, M-2AR, M-2AS, M-2AT, M-2AU and M-2AI",M-2AI,,To Early Redemption Date,yes,5,1.00%,0.10%,5.02
Weighted Average Life Tables,141,"Class M-2A, M-2AR, M-2AS, M-2AT, M-2AU and M-2AI",M-2AI,,To Early Redemption Date,yes,10,1.00%,0.10%,5.02
Weighted Average Life Tables,141,"Class M-2A, M-2AR, M-2AS, M-2AT, M-2AU and M-2AI",M-2AI,,To Early Redemption Date,yes,15,1.00%,0.10%,5.02
Weighted Average Life Tables,141,"Class M-2A, M-2AR, M-2AS, M-2AT, M-2AU and M-2AI",M-2AI,,To Early Redemption Date,yes,25,1.00%,0.10%,5.02
Weighted Average Life Tables,141,"Class M-2A, M-2AR, M-2AS, M-2AT, M-2AU and M-2AI",M-2AI,,To Early Redemption Date,yes,35,1.00%,0.10%,4.00
Weighted Average Life Tables,142,"Class M-2B, M-2BR, M-2BS, M-2BT, M-2BU, M-2BI, M-2RB*, M-2SB*, M-2TB* and M-2UB*",M-2B,,To Scheduled Maturity Date,no,0,0.00%,0.00%,19.56
Weighted Average Life Tables,142,"Class M-2B, M-2BR, M-2BS, M-2BT, M-2BU, M-2BI, M-2RB*, M-2SB*, M-2TB* and M-2UB*",M-2B,,To Scheduled Maturity Date,no,5,0.00%,0.00%,8.76
Weighted Average Life Tables,142,"Class M-2B, M-2BR, M-2BS, M-2BT, M-2BU, M-2BI, M-2RB*, M-2SB*, M-2TB* and M-2UB*",M-2B,,To Scheduled Maturity Date,no,10,0.00%,0.00%,4.96
Weighted Average Life Tables,142,"Class M-2B, M-2BR, M-2BS, M-2BT, M-2BU, M-2BI, M-2RB*, M-2SB*, M-2TB* and M-2UB*",M-2B,,To Scheduled Maturity Date,no,15,0.00%,0.00%,3.36
Weighted Average Life Tables,142,"Class M-2B, M-2BR, M-2BS, M-2BT, M-2BU, M-2BI, M-2RB*, M-2SB*, M-2TB* and M-2UB*",M-2B,,To Scheduled Maturity Date,no,25,0.00%,0.00%,1.96
Weighted Average Life Tables,142,"Class M-2B, M-2BR, M-2BS, M-2BT, M-2BU, M-2BI, M-2RB*, M-2SB*, M-2TB* and M-2UB*",M-2B,,To Scheduled Maturity Date,no,35,0.00%,0.00%,1.32
Weighted Average Life Tables,142,"Class M-2B, M-2BR, M-2BS, M-2BT, M-2BU, M-2BI, M-2RB*, M-2SB*, M-2TB* and M-2UB*",M-2B,,To Early Redemption Date,yes,0,0.00%,0.00%,5.02
Weighted Average Life Tables,142,"Class M-2B, M-2BR, M-2BS, M-2BT, M-2BU, M-2BI, M-2RB*, M-2SB*, M-2TB* and M-2UB*",M-2B,,To Early Redemption Date,yes,5,0.00%,0.00%,5.02
Weighted Average Life Tables,142,"Class M-2B, M-2BR, M-2BS, M-2BT, M-2BU, M-2BI, M-2RB*, M-2SB*, M-2TB* and M-2UB*",M-2B,,To Early Redemption Date,yes,10,0.00%,0.00%,4.85
Weighted Average Life Tables,142,"Class M-2B, M-2BR, M-2BS, M-2BT, M-2BU, M-2BI, M-2RB*, M-2SB*, M-2TB* and M-2UB*",M-2B,,To Early Redemption Date,yes,15,0.00%,0.00%,3.36
Weighted Average Life Tables,142,"Class M-2B, M-2BR, M-2BS, M-2BT, M-2BU, M-2BI, M-2RB*, M-2SB*, M-2TB* and M-2UB*",M-2B,,To Early Redemption Date,yes,25,0.00%,0.00%,1.96
Weighted Average Life Tables,142,"Class M-2B, M-2BR, M-2BS, M-2BT, M-2BU, M-2BI, M-2RB*, M-2SB*, M-2TB* and M-2UB*",M-2B,,To Early Redemption Date,yes,35,0.00%,0.00%,1.32
Weighted Average Life Tables,142,"Class M-2B, M-2BR, M-2BS, M-2BT, M-2BU, M-2BI, M-2RB*, M-2SB*, M-2TB* and M-2UB*",M-2BR,,To Scheduled Maturity Date,no,0,0.00%,0.00%,19.56
Weighted Average Life Tables,142,"Class M-2B, M-2BR, M-2BS, M-2BT, M-2BU, M-2BI, M-2RB*, M-2SB*, M-2TB* and M-2UB*",M-2BR,,To Scheduled Maturity Date,no,5,0.00%,0.00%,8.76
Weighted Average Life Tables,142,"Class M-2B, M-2BR, M-2BS, M-2BT, M-2BU, M-2BI, M-2RB*, M-2SB*, M-2TB* and M-2UB*",M-2BR,,To Scheduled Maturity Date,no,10,0.00%,0.00%,4.96
Weighted Average Life Tables,142,"Class M-2B, M-2BR, M-2BS, M-2BT, M-2BU, M-2BI, M-2RB*, M-2SB*, M-2TB* and M-2UB*",M-2BR,,To Scheduled Maturity Date,no,15,0.00%,0.00%,3.36
Weighted Average Life Tables,142,"Class M-2B, M-2BR, M-2BS, M-2BT, M-2BU, M-2BI, M-2RB*, M-2SB*, M-2TB* and M-2UB*",M-2BR,,To Scheduled Maturity Date,no,25,0.00%,0.00%,1.96
Weighted Average Life Tables,142,"Class M-2B, M-2BR, M-2BS, M-2BT, M-2BU, M-2BI, M-2RB*, M-2SB*, M-2TB* and M-2UB*",M-2BR,,To Scheduled Maturity Date,no,35,0.00%,0.00%,1.32
Weighted Average Life Tables,142,"Class M-2B, M-2BR, M-2BS, M-2BT, M-2BU, M-2BI, M-2RB*, M-2SB*, M-2TB* and M-2UB*",M-2BR,,To Early Redemption Date,yes,0,0.00%,0.00%,5.02
Weighted Average Life Tables,142,"Class M-2B, M-2BR, M-2BS, M-2BT, M-2BU, M-2BI, M-2RB*, M-2SB*, M-2TB* and M-2UB*",M-2BR,,To Early Redemption Date,yes,5,0.00%,0.00%,5.02
Weighted Average Life Tables,142,"Class M-2B, M-2BR, M-2BS, M-2BT, M-2BU, M-2BI, M-2RB*, M-2SB*, M-2TB* and M-2UB*",M-2BR,,To Early Redemption Date,yes,10,0.00%,0.00%,4.85
Weighted Average Life Tables,142,"Class M-2B, M-2BR, M-2BS, M-2BT, M-2BU, M-2BI, M-2RB*, M-2SB*, M-2TB* and M-2UB*",M-2BR,,To Early Redemption Date,yes,15,0.00%,0.00%,3.36
Weighted Average Life Tables,142,"Class M-2B, M-2BR, M-2BS, M-2BT, M-2BU, M-2BI, M-2RB*, M-2SB*, M-2TB* and M-2UB*",M-2BR,,To Early Redemption Date,yes,25,0.00%,0.00%,1.96
Weighted Average Life Tables,142,"Class M-2B, M-2BR, M-2BS, M-2BT, M-2BU, M-2BI, M-2RB*, M-2SB*, M-2TB* and M-2UB*",M-2BR,,To Early Redemption Date,yes,35,0.00%,0.00%,1.32
Weighted Average Life Tables,142,"Class M-2B, M-2BR, M-2BS, M-2BT, M-2BU, M-2BI, M-2RB*, M-2SB*, M-2TB* and M-2UB*",M-2BS,,To Scheduled Maturity Date,no,0,0.00%,0.00%,19.56
Weighted Average Life Tables,142,"Class M-2B, M-2BR, M-2BS, M-2BT, M-2BU, M-2BI, M-2RB*, M-2SB*, M-2TB* and M-2UB*",M-2BS,,To Scheduled Maturity Date,no,5,0.00%,0.00%,8.76
Weighted Average Life Tables,142,"Class M-2B, M-2BR, M-2BS, M-2BT, M-2BU, M-2BI, M-2RB*, M-2SB*, M-2TB* and M-2UB*",M-2BS,,To Scheduled Maturity Date,no,10,0.00%,0.00%,4.96
Weighted Average Life Tables,142,"Class M-2B, M-2BR, M-2BS, M-2BT, M-2BU, M-2BI, M-2RB*, M-2SB*, M-2TB* and M-2UB*",M-2BS,,To Scheduled Maturity Date,no,15,0.00%,0.00%,3.36
Weighted Average Life Tables,142,"Class M-2B, M-2BR, M-2BS, M-2BT, M-2BU, M-2BI, M-2RB*, M-2SB*, M-2TB* and M-2UB*",M-2BS,,To Scheduled Maturity Date,no,25,0.00%,0.00%,1.96
Weighted Average Life Tables,142,"Class M-2B, M-2BR, M-2BS, M-2BT, M-2BU, M-2BI, M-2RB*, M-2SB*, M-2TB* and M-2UB*",M-2BS,,To Scheduled Maturity Date,no,35,0.00%,0.00%,1.32
Weighted Average Life Tables,142,"Class M-2B, M-2BR, M-2BS, M-2BT, M-2BU, M-2BI, M-2RB*, M-2SB*, M-2TB* and M-2UB*",M-2BS,,To Early Redemption Date,yes,0,0.00%,0.00%,5.02
Weighted Average Life Tables,142,"Class M-2B, M-2BR, M-2BS, M-2BT, M-2BU, M-2BI, M-2RB*, M-2SB*, M-2TB* and M-2UB*",M-2BS,,To Early Redemption Date,yes,5,0.00%,0.00%,5.02
Weighted Average Life Tables,142,"Class M-2B, M-2BR, M-2BS, M-2BT, M-2BU, M-2BI, M-2RB*, M-2SB*, M-2TB* and M-2UB*",M-2BS,,To Early Redemption Date,yes,10,0.00%,0.00%,4.85
Weighted Average Life Tables,142,"Class M-2B, M-2BR, M-2BS, M-2BT, M-2BU, M-2BI, M-2RB*, M-2SB*, M-2TB* and M-2UB*",M-2BS,,To Early Redemption Date,yes,15,0.00%,0.00%,3.36
Weighted Average Life Tables,142,"Class M-2B, M-2BR, M-2BS, M-2BT, M-2BU, M-2BI, M-2RB*, M-2SB*, M-2TB* and M-2UB*",M-2BS,,To Early Redemption Date,yes,25,0.00%,0.00%,1.96
Weighted Average Life Tables,142,"Class M-2B, M-2BR, M-2BS, M-2BT, M-2BU, M-2BI, M-2RB*, M-2SB*, M-2TB* and M-2UB*",M-2BS,,To Early Redemption Date,yes,35,0.00%,0.00%,1.32
Weighted Average Life Tables,142,"Class M-2B, M-2BR, M-2BS, M-2BT, M-2BU, M-2BI, M-2RB*, M-2SB*, M-2TB* and M-2UB*",M-2BT,,To Scheduled Maturity Date,no,0,0.00%,0.00%,19.56
Weighted Average Life Tables,142,"Class M-2B, M-2BR, M-2BS, M-2BT, M-2BU, M-2BI, M-2RB*, M-2SB*, M-2TB* and M-2UB*",M-2BT,,To Scheduled Maturity Date,no,5,0.00%,0.00%,8.76
Weighted Average Life Tables,142,"Class M-2B, M-2BR, M-2BS, M-2BT, M-2BU, M-2BI, M-2RB*, M-2SB*, M-2TB* and M-2UB*",M-2BT,,To Scheduled Maturity Date,no,10,0.00%,0.00%,4.96
Weighted Average Life Tables,142,"Class M-2B, M-2BR, M-2BS, M-2BT, M-2BU, M-2BI, M-2RB*, M-2SB*, M-2TB* and M-2UB*",M-2BT,,To Scheduled Maturity Date,no,15,0.00%,0.00%,3.36
Weighted Average Life Tables,142,"Class M-2B, M-2BR, M-2BS, M-2BT, M-2BU, M-2BI, M-2RB*, M-2SB*, M-2TB* and M-2UB*",M-2BT,,To Scheduled Maturity Date,no,25,0.00%,0.00%,1.96
Weighted Average Life Tables,142,"Class M-2B, M-2BR, M-2BS, M-2BT, M-2BU, M-2BI, M-2RB*, M-2SB*, M-2TB* and M-2UB*",M-2BT,,To Scheduled Maturity Date,no,35,0.00%,0.00%,1.32
Weighted Average Life Tables,142,"Class M-2B, M-2BR, M-2BS, M-2BT, M-2BU, M-2BI, M-2RB*, M-2SB*, M-2TB* and M-2UB*",M-2BT,,To Early Redemption Date,yes,0,0.00%,0.00%,5.02
Weighted Average Life Tables,142,"Class M-2B, M-2BR, M-2BS, M-2BT, M-2BU, M-2BI, M-2RB*, M-2SB*, M-2TB* and M-2UB*",M-2BT,,To Early Redemption Date,yes,5,0.00%,0.00%,5.02
Weighted Average Life Tables,142,"Class M-2B, M-2BR, M-2BS, M-2BT, M-2BU, M-2BI, M-2RB*, M-2SB*, M-2TB* and M-2UB*",M-2BT,,To Early Redemption Date,yes,10,0.00%,0.00%,4.85
Weighted Average Life Tables,142,"Class M-2B, M-2BR, M-2BS, M-2BT, M-2BU, M-2BI, M-2RB*, M-2SB*, M-2TB* and M-2UB*",M-2BT,,To Early Redemption Date,yes,15,0.00%,0.00%,3.36
Weighted Average Life Tables,142,"Class M-2B, M-2BR, M-2BS, M-2BT, M-2BU, M-2BI, M-2RB*, M-2SB*, M-2TB* and M-2UB*",M-2BT,,To Early Redemption Date,yes,25,0.00%,0.00%,1.96
Weighted Average Life Tables,142,"Class M-2B, M-2BR, M-2BS, M-2BT, M-2BU, M-2BI, M-2RB*, M-2SB*, M-2TB* and M-2UB*",M-2BT,,To Early Redemption Date,yes,35,0.00%,0.00%,1.32
Weighted Average Life Tables,142,"Class M-2B, M-2BR, M-2BS, M-2BT, M-2BU, M-2BI, M-2RB*, M-2SB*, M-2TB* and M-2UB*",M-2BU,,To Scheduled Maturity Date,no,0,0.00%,0.00%,19.56
Weighted Average Life Tables,142,"Class M-2B, M-2BR, M-2BS, M-2BT, M-2BU, M-2BI, M-2RB*, M-2SB*, M-2TB* and M-2UB*",M-2BU,,To Scheduled Maturity Date,no,5,0.00%,0.00%,8.76
Weighted Average Life Tables,142,"Class M-2B, M-2BR, M-2BS, M-2BT, M-2BU, M-2BI, M-2RB*, M-2SB*, M-2TB* and M-2UB*",M-2BU,,To Scheduled Maturity Date,no,10,0.00%,0.00%,4.96
Weighted Average Life Tables,142,"Class M-2B, M-2BR, M-2BS, M-2BT, M-2BU, M-2BI, M-2RB*, M-2SB*, M-2TB* and M-2UB*",M-2BU,,To Scheduled Maturity Date,no,15,0.00%,0.00%,3.36
Weighted Average Life Tables,142,"Class M-2B, M-2BR, M-2BS, M-2BT, M-2BU, M-2BI, M-2RB*, M-2SB*, M-2TB* and M-2UB*",M-2BU,,To Scheduled Maturity Date,no,25,0.00%,0.00%,1.96
Weighted Average Life Tables,142,"Class M-2B, M-2BR, M-2BS, M-2BT, M-2BU, M-2BI, M-2RB*, M-2SB*, M-2TB* and M-2UB*",M-2BU,,To Scheduled Maturity Date,no,35,0.00%,0.00%,1.32
Weighted Average Life Tables,142,"Class M-2B, M-2BR, M-2BS, M-2BT, M-2BU, M-2BI, M-2RB*, M-2SB*, M-2TB* and M-2UB*",M-2BU,,To Early Redemption Date,yes,0,0.00%,0.00%,5.02
Weighted Average Life Tables,142,"Class M-2B, M-2BR, M-2BS, M-2BT, M-2BU, M-2BI, M-2RB*, M-2SB*, M-2TB* and M-2UB*",M-2BU,,To Early Redemption Date,yes,5,0.00%,0.00%,5.02
Weighted Average Life Tables,142,"Class M-2B, M-2BR, M-2BS, M-2BT, M-2BU, M-2BI, M-2RB*, M-2SB*, M-2TB* and M-2UB*",M-2BU,,To Early Redemption Date,yes,10,0.00%,0.00%,4.85
Weighted Average Life Tables,142,"Class M-2B, M-2BR, M-2BS, M-2BT, M-2BU, M-2BI, M-2RB*, M-2SB*, M-2TB* and M-2UB*",M-2BU,,To Early Redemption Date,yes,15,0.00%,0.00%,3.36
Weighted Average Life Tables,142,"Class M-2B, M-2BR, M-2BS, M-2BT, M-2BU, M-2BI, M-2RB*, M-2SB*, M-2TB* and M-2UB*",M-2BU,,To Early Redemption Date,yes,25,0.00%,0.00%,1.96
Weighted Average Life Tables,142,"Class M-2B, M-2BR, M-2BS, M-2BT, M-2BU, M-2BI, M-2RB*, M-2SB*, M-2TB* and M-2UB*",M-2BU,,To Early Redemption Date,yes,35,0.00%,0.00%,1.32
Weighted Average Life Tables,142,"Class M-2B, M-2BR, M-2BS, M-2BT, M-2BU, M-2BI, M-2RB*, M-2SB*, M-2TB* and M-2UB*",M-2BI,,To Scheduled Maturity Date,no,0,0.00%,0.00%,19.56
Weighted Average Life Tables,142,"Class M-2B, M-2BR, M-2BS, M-2BT, M-2BU, M-2BI, M-2RB*, M-2SB*, M-2TB* and M-2UB*",M-2BI,,To Scheduled Maturity Date,no,5,0.00%,0.00%,8.76
Weighted Average Life Tables,142,"Class M-2B, M-2BR, M-2BS, M-2BT, M-2BU, M-2BI, M-2RB*, M-2SB*, M-2TB* and M-2UB*",M-2BI,,To Scheduled Maturity Date,no,10,0.00%,0.00%,4.96
Weighted Average Life Tables,142,"Class M-2B, M-2BR, M-2BS, M-2BT, M-2BU, M-2BI, M-2RB*, M-2SB*, M-2TB* and M-2UB*",M-2BI,,To Scheduled Maturity Date,no,15,0.00%,0.00%,3.36
Weighted Average Life Tables,142,"Class M-2B, M-2BR, M-2BS, M-2BT, M-2BU, M-2BI, M-2RB*, M-2SB*, M-2TB* and M-2UB*",M-2BI,,To Scheduled Maturity Date,no,25,0.00%,0.00%,1.96
Weighted Average Life Tables,142,"Class M-2B, M-2BR, M-2BS, M-2BT, M-2BU, M-2BI, M-2RB*, M-2SB*, M-2TB* and M-2UB*",M-2BI,,To Scheduled Maturity Date,no,35,0.00%,0.00%,1.32
Weighted Average Life Tables,142,"Class M-2B, M-2BR, M-2BS, M-2BT, M-2BU, M-2BI, M-2RB*, M-2SB*, M-2TB* and M-2UB*",M-2BI,,To Early Redemption Date,yes,0,0.00%,0.00%,5.02
Weighted Average Life Tables,142,"Class M-2B, M-2BR, M-2BS, M-2BT, M-2BU, M-2BI, M-2RB*, M-2SB*, M-2TB* and M-2UB*",M-2BI,,To Early Redemption Date,yes,5,0.00%,0.00%,5.02
Weighted Average Life Tables,142,"Class M-2B, M-2BR, M-2BS, M-2BT, M-2BU, M-2BI, M-2RB*, M-2SB*, M-2TB* and M-2UB*",M-2BI,,To Early Redemption Date,yes,10,0.00%,0.00%,4.85
Weighted Average Life Tables,142,"Class M-2B, M-2BR, M-2BS, M-2BT, M-2BU, M-2BI, M-2RB*, M-2SB*, M-2TB* and M-2UB*",M-2BI,,To Early Redemption Date,yes,15,0.00%,0.00%,3.36
Weighted Average Life Tables,142,"Class M-2B, M-2BR, M-2BS, M-2BT, M-2BU, M-2BI, M-2RB*, M-2SB*, M-2TB* and M-2UB*",M-2BI,,To Early Redemption Date,yes,25,0.00%,0.00%,1.96
Weighted Average Life Tables,142,"Class M-2B, M-2BR, M-2BS, M-2BT, M-2BU, M-2BI, M-2RB*, M-2SB*, M-2TB* and M-2UB*",M-2BI,,To Early Redemption Date,yes,35,0.00%,0.00%,1.32
Weighted Average Life Tables,142,"Class M-2B, M-2BR, M-2BS, M-2BT, M-2BU, M-2BI, M-2RB*, M-2SB*, M-2TB* and M-2UB*",M-2RB,*,To Scheduled Maturity Date,no,0,0.00%,0.00%,19.56
Weighted Average Life Tables,142,"Class M-2B, M-2BR, M-2BS, M-2BT, M-2BU, M-2BI, M-2RB*, M-2SB*, M-2TB* and M-2UB*",M-2RB,*,To Scheduled Maturity Date,no,5,0.00%,0.00%,8.76
Weighted Average Life Tables,142,"Class M-2B, M-2BR, M-2BS, M-2BT, M-2BU, M-2BI, M-2RB*, M-2SB*, M-2TB* and M-2UB*",M-2RB,*,To Scheduled Maturity Date,no,10,0.00%,0.00%,4.96
Weighted Average Life Tables,142,"Class M-2B, M-2BR, M-2BS, M-2BT, M-2BU, M-2BI, M-2RB*, M-2SB*, M-2TB* and M-2UB*",M-2RB,*,To Scheduled Maturity Date,no,15,0.00%,0.00%,3.36
Weighted Average Life Tables,142,"Class M-2B, M-2BR, M-2BS, M-2BT, M-2BU, M-2BI, M-2RB*, M-2SB*, M-2TB* and M-2UB*",M-2RB,*,To Scheduled Maturity Date,no,25,0.00%,0.00%,1.96
Weighted Average Life Tables,142,"Class M-2B, M-2BR, M-2BS, M-2BT, M-2BU, M-2BI, M-2RB*, M-2SB*, M-2TB* and M-2UB*",M-2RB,*,To Scheduled Maturity Date,no,35,0.00%,0.00%,1.32
Weighted Average Life Tables,142,"Class M-2B, M-2BR, M-2BS, M-2BT, M-2BU, M-2BI, M-2RB*, M-2SB*, M-2TB* and M-2UB*",M-2RB,*,To Early Redemption Date,yes,0,0.00%,0.00%,5.02
Weighted Average Life Tables,142,"Class M-2B, M-2BR, M-2BS, M-2BT, M-2BU, M-2BI, M-2RB*, M-2SB*, M-2TB* and M-2UB*",M-2RB,*,To Early Redemption Date,yes,5,0.00%,0.00%,5.02
Weighted Average Life Tables,142,"Class M-2B, M-2BR, M-2BS, M-2BT, M-2BU, M-2BI, M-2RB*, M-2SB*, M-2TB* and M-2UB*",M-2RB,*,To Early Redemption Date,yes,10,0.00%,0.00%,4.85
Weighted Average Life Tables,142,"Class M-2B, M-2BR, M-2BS, M-2BT, M-2BU, M-2BI, M-2RB*, M-2SB*, M-2TB* and M-2UB*",M-2RB,*,To Early Redemption Date,yes,15,0.00%,0.00%,3.36
Weighted Average Life Tables,142,"Class M-2B, M-2BR, M-2BS, M-2BT, M-2BU, M-2BI, M-2RB*, M-2SB*, M-2TB* and M-2UB*",M-2RB,*,To Early Redemption Date,yes,25,0.00%,0.00%,1.96
Weighted Average Life Tables,142,"Class M-2B, M-2BR, M-2BS, M-2BT, M-2BU, M-2BI, M-2RB*, M-2SB*, M-2TB* and M-2UB*",M-2RB,*,To Early Redemption Date,yes,35,0.00%,0.00%,1.32
Weighted Average Life Tables,142,"Class M-2B, M-2BR, M-2BS, M-2BT, M-2BU, M-2BI, M-2RB*, M-2SB*, M-2TB* and M-2UB*",M-2SB,*,To Scheduled Maturity Date,no,0,0.00%,0.00%,19.56
Weighted Average Life Tables,142,"Class M-2B, M-2BR, M-2BS, M-2BT, M-2BU, M-2BI, M-2RB*, M-2SB*, M-2TB* and M-2UB*",M-2SB,*,To Scheduled Maturity Date,no,5,0.00%,0.00%,8.76
Weighted Average Life Tables,142,"Class M-2B, M-2BR, M-2BS, M-2BT, M-2BU, M-2BI, M-2RB*, M-2SB*, M-2TB* and M-2UB*",M-2SB,*,To Scheduled Maturity Date,no,10,0.00%,0.00%,4.96
Weighted Average Life Tables,142,"Class M-2B, M-2BR, M-2BS, M-2BT, M-2BU, M-2BI, M-2RB*, M-2SB*, M-2TB* and M-2UB*",M-2SB,*,To Scheduled Maturity Date,no,15,0.00%,0.00%,3.36
Weighted Average Life Tables,142,"Class M-2B, M-2BR, M-2BS, M-2BT, M-2BU, M-2BI, M-2RB*, M-2SB*, M-2TB* and M-2UB*",M-2SB,*,To Scheduled Maturity Date,no,25,0.00%,0.00%,1.96
Weighted Average Life Tables,142,"Class M-2B, M-2BR, M-2BS, M-2BT, M-2BU, M-2BI, M-2RB*, M-2SB*, M-2TB* and M-2UB*",M-2SB,*,To Scheduled Maturity Date,no,35,0.00%,0.00%,1.32
Weighted Average Life Tables,142,"Class M-2B, M-2BR, M-2BS, M-2BT, M-2BU, M-2BI, M-2RB*, M-2SB*, M-2TB* and M-2UB*",M-2SB,*,To Early Redemption Date,yes,0,0.00%,0.00%,5.02
Weighted Average Life Tables,142,"Class M-2B, M-2BR, M-2BS, M-2BT, M-2BU, M-2BI, M-2RB*, M-2SB*, M-2TB* and M-2UB*",M-2SB,*,To Early Redemption Date,yes,5,0.00%,0.00%,5.02
Weighted Average Life Tables,142,"Class M-2B, M-2BR, M-2BS, M-2BT, M-2BU, M-2BI, M-2RB*, M-2SB*, M-2TB* and M-2UB*",M-2SB,*,To Early Redemption Date,yes,10,0.00%,0.00%,4.85
Weighted Average Life Tables,142,"Class M-2B, M-2BR, M-2BS, M-2BT, M-2BU, M-2BI, M-2RB*, M-2SB*, M-2TB* and M-2UB*",M-2SB,*,To Early Redemption Date,yes,15,0.00%,0.00%,3.36
Weighted Average Life Tables,142,"Class M-2B, M-2BR, M-2BS, M-2BT, M-2BU, M-2BI, M-2RB*, M-2SB*, M-2TB* and M-2UB*",M-2SB,*,To Early Redemption Date,yes,25,0.00%,0.00%,1.96
Weighted Average Life Tables,142,"Class M-2B, M-2BR, M-2BS, M-2BT, M-2BU, M-2BI, M-2RB*, M-2SB*, M-2TB* and M-2UB*",M-2SB,*,To Early Redemption Date,yes,35,0.00%,0.00%,1.32
Weighted Average Life Tables,142,"Class M-2B, M-2BR, M-2BS, M-2BT, M-2BU, M-2BI, M-2RB*, M-2SB*, M-2TB* and M-2UB*",M-2TB,*,To Scheduled Maturity Date,no,0,0.00%,0.00%,19.56
Weighted Average Life Tables,142,"Class M-2B, M-2BR, M-2BS, M-2BT, M-2BU, M-2BI, M-2RB*, M-2SB*, M-2TB* and M-2UB*",M-2TB,*,To Scheduled Maturity Date,no,5,0.00%,0.00%,8.76
Weighted Average Life Tables,142,"Class M-2B, M-2BR, M-2BS, M-2BT, M-2BU, M-2BI, M-2RB*, M-2SB*, M-2TB* and M-2UB*",M-2TB,*,To Scheduled Maturity Date,no,10,0.00%,0.00%,4.96
Weighted Average Life Tables,142,"Class M-2B, M-2BR, M-2BS, M-2BT, M-2BU, M-2BI, M-2RB*, M-2SB*, M-2TB* and M-2UB*",M-2TB,*,To Scheduled Maturity Date,no,15,0.00%,0.00%,3.36
Weighted Average Life Tables,142,"Class M-2B, M-2BR, M-2BS, M-2BT, M-2BU, M-2BI, M-2RB*, M-2SB*, M-2TB* and M-2UB*",M-2TB,*,To Scheduled Maturity Date,no,25,0.00%,0.00%,1.96
Weighted Average Life Tables,142,"Class M-2B, M-2BR, M-2BS, M-2BT, M-2BU, M-2BI, M-2RB*, M-2SB*, M-2TB* and M-2UB*",M-2TB,*,To Scheduled Maturity Date,no,35,0.00%,0.00%,1.32
Weighted Average Life Tables,142,"Class M-2B, M-2BR, M-2BS, M-2BT, M-2BU, M-2BI, M-2RB*, M-2SB*, M-2TB* and M-2UB*",M-2TB,*,To Early Redemption Date,yes,0,0.00%,0.00%,5.02
Weighted Average Life Tables,142,"Class M-2B, M-2BR, M-2BS, M-2BT, M-2BU, M-2BI, M-2RB*, M-2SB*, M-2TB* and M-2UB*",M-2TB,*,To Early Redemption Date,yes,5,0.00%,0.00%,5.02
Weighted Average Life Tables,142,"Class M-2B, M-2BR, M-2BS, M-2BT, M-2BU, M-2BI, M-2RB*, M-2SB*, M-2TB* and M-2UB*",M-2TB,*,To Early Redemption Date,yes,10,0.00%,0.00%,4.85
Weighted Average Life Tables,142,"Class M-2B, M-2BR, M-2BS, M-2BT, M-2BU, M-2BI, M-2RB*, M-2SB*, M-2TB* and M-2UB*",M-2TB,*,To Early Redemption Date,yes,15,0.00%,0.00%,3.36
Weighted Average Life Tables,142,"Class M-2B, M-2BR, M-2BS, M-2BT, M-2BU, M-2BI, M-2RB*, M-2SB*, M-2TB* and M-2UB*",M-2TB,*,To Early Redemption Date,yes,25,0.00%,0.00%,1.96
Weighted Average Life Tables,142,"Class M-2B, M-2BR, M-2BS, M-2BT, M-2BU, M-2BI, M-2RB*, M-2SB*, M-2TB* and M-2UB*",M-2TB,*,To Early Redemption Date,yes,35,0.00%,0.00%,1.32
Weighted Average Life Tables,142,"Class M-2B, M-2BR, M-2BS, M-2BT, M-2BU, M-2BI, M-2RB*, M-2SB*, M-2TB* and M-2UB*",M-2UB,*,To Scheduled Maturity Date,no,0,0.00%,0.00%,19.56
Weighted Average Life Tables,142,"Class M-2B, M-2BR, M-2BS, M-2BT, M-2BU, M-2BI, M-2RB*, M-2SB*, M-2TB* and M-2UB*",M-2UB,*,To Scheduled Maturity Date,no,5,0.00%,0.00%,8.76
Weighted Average Life Tables,142,"Class M-2B, M-2BR, M-2BS, M-2BT, M-2BU, M-2BI, M-2RB*, M-2SB*, M-2TB* and M-2UB*",M-2UB,*,To Scheduled Maturity Date,no,10,0.00%,0.00%,4.96
Weighted Average Life Tables,142,"Class M-2B, M-2BR, M-2BS, M-2BT, M-2BU, M-2BI, M-2RB*, M-2SB*, M-2TB* and M-2UB*",M-2UB,*,To Scheduled Maturity Date,no,15,0.00%,0.00%,3.36
Weighted Average Life Tables,142,"Class M-2B, M-2BR, M-2BS, M-2BT, M-2BU, M-2BI, M-2RB*, M-2SB*, M-2TB* and M-2UB*",M-2UB,*,To Scheduled Maturity Date,no,25,0.00%,0.00%,1.96
Weighted Average Life Tables,142,"Class M-2B, M-2BR, M-2BS, M-2BT, M-2BU, M-2BI, M-2RB*, M-2SB*, M-2TB* and M-2UB*",M-2UB,*,To Scheduled Maturity Date,no,35,0.00%,0.00%,1.32
Weighted Average Life Tables,142,"Class M-2B, M-2BR, M-2BS, M-2BT, M-2BU, M-2BI, M-2RB*, M-2SB*, M-2TB* and M-2UB*",M-2UB,*,To Early Redemption Date,yes,0,0.00%,0.00%,5.02
Weighted Average Life Tables,142,"Class M-2B, M-2BR, M-2BS, M-2BT, M-2BU, M-2BI, M-2RB*, M-2SB*, M-2TB* and M-2UB*",M-2UB,*,To Early Redemption Date,yes,5,0.00%,0.00%,5.02
Weighted Average Life Tables,142,"Class M-2B, M-2BR, M-2BS, M-2BT, M-2BU, M-2BI, M-2RB*, M-2SB*, M-2TB* and M-2UB*",M-2UB,*,To Early Redemption Date,yes,10,0.00%,0.00%,4.85
Weighted Average Life Tables,142,"Class M-2B, M-2BR, M-2BS, M-2BT, M-2BU, M-2BI, M-2RB*, M-2SB*, M-2TB* and M-2UB*",M-2UB,*,To Early Redemption Date,yes,15,0.00%,0.00%,3.36
Weighted Average Life Tables,142,"Class M-2B, M-2BR, M-2BS, M-2BT, M-2BU, M-2BI, M-2RB*, M-2SB*, M-2TB* and M-2UB*",M-2UB,*,To Early Redemption Date,yes,25,0.00%,0.00%,1.96
Weighted Average Life Tables,142,"Class M-2B, M-2BR, M-2BS, M-2BT, M-2BU, M-2BI, M-2RB*, M-2SB*, M-2TB* and M-2UB*",M-2UB,*,To Early Redemption Date,yes,35,0.00%,0.00%,1.32
Weighted Average Life Tables,142,"Class M-2B, M-2BR, M-2BS, M-2BT, M-2BU, M-2BI, M-2RB*, M-2SB*, M-2TB* and M-2UB*",M-2B,,To Scheduled Maturity Date,no,0,0.25%,0.00%,20.02
Weighted Average Life Tables,142,"Class M-2B, M-2BR, M-2BS, M-2BT, M-2BU, M-2BI, M-2RB*, M-2SB*, M-2TB* and M-2UB*",M-2B,,To Scheduled Maturity Date,no,5,0.25%,0.00%,13.38
Weighted Average Life Tables,142,"Class M-2B, M-2BR, M-2BS, M-2BT, M-2BU, M-2BI, M-2RB*, M-2SB*, M-2TB* and M-2UB*",M-2B,,To Scheduled Maturity Date,no,10,0.25%,0.00%,6.36
Weighted Average Life Tables,142,"Class M-2B, M-2BR, M-2BS, M-2BT, M-2BU, M-2BI, M-2RB*, M-2SB*, M-2TB* and M-2UB*",M-2B,,To Scheduled Maturity Date,no,15,0.25%,0.00%,3.98
Weighted Average Life Tables,142,"Class M-2B, M-2BR, M-2BS, M-2BT, M-2BU, M-2BI, M-2RB*, M-2SB*, M-2TB* and M-2UB*",M-2B,,To Scheduled Maturity Date,no,25,0.25%,0.00%,2.18
Weighted Average Life Tables,142,"Class M-2B, M-2BR, M-2BS, M-2BT, M-2BU, M-2BI, M-2RB*, M-2SB*, M-2TB* and M-2UB*",M-2B,,To Scheduled Maturity Date,no,35,0.25%,0.00%,1.42
Weighted Average Life Tables,142,"Class M-2B, M-2BR, M-2BS, M-2BT, M-2BU, M-2BI, M-2RB*, M-2SB*, M-2TB* and M-2UB*",M-2B,,To Early Redemption Date,yes,0,0.25%,0.00%,5.02
Weighted Average Life Tables,142,"Class M-2B, M-2BR, M-2BS, M-2BT, M-2BU, M-2BI, M-2RB*, M-2SB*, M-2TB* and M-2UB*",M-2B,,To Early Redemption Date,yes,5,0.25%,0.00%,5.02
Weighted Average Life Tables,142,"Class M-2B, M-2BR, M-2BS, M-2BT, M-2BU, M-2BI, M-2RB*, M-2SB*, M-2TB* and M-2UB*",M-2B,,To Early Redemption Date,yes,10,0.25%,0.00%,5.02
Weighted Average Life Tables,142,"Class M-2B, M-2BR, M-2BS, M-2BT, M-2BU, M-2BI, M-2RB*, M-2SB*, M-2TB* and M-2UB*",M-2B,,To Early Redemption Date,yes,15,0.25%,0.00%,3.98
Weighted Average Life Tables,142,"Class M-2B, M-2BR, M-2BS, M-2BT, M-2BU, M-2BI, M-2RB*, M-2SB*, M-2TB* and M-2UB*",M-2B,,To Early Redemption Date,yes,25,0.25%,0.00%,2.18
Weighted Average Life Tables,142,"Class M-2B, M-2BR, M-2BS, M-2BT, M-2BU, M-2BI, M-2RB*, M-2SB*, M-2TB* and M-2UB*",M-2B,,To Early Redemption Date,yes,35,0.25%,0.00%,1.42
Weighted Average Life Tables,142,"Class M-2B, M-2BR, M-2BS, M-2BT, M-2BU, M-2BI, M-2RB*, M-2SB*, M-2TB* and M-2UB*",M-2BR,,To Scheduled Maturity Date,no,0,0.25%,0.00%,20.02
Weighted Average Life Tables,142,"Class M-2B, M-2BR, M-2BS, M-2BT, M-2BU, M-2BI, M-2RB*, M-2SB*, M-2TB* and M-2UB*",M-2BR,,To Scheduled Maturity Date,no,5,0.25%,0.00%,13.38
Weighted Average Life Tables,142,"Class M-2B, M-2BR, M-2BS, M-2BT, M-2BU, M-2BI, M-2RB*, M-2SB*, M-2TB* and M-2UB*",M-2BR,,To Scheduled Maturity Date,no,10,0.25%,0.00%,6.36
Weighted Average Life Tables,142,"Class M-2B, M-2BR, M-2BS, M-2BT, M-2BU, M-2BI, M-2RB*, M-2SB*, M-2TB* and M-2UB*",M-2BR,,To Scheduled Maturity Date,no,15,0.25%,0.00%,3.98
Weighted Average Life Tables,142,"Class M-2B, M-2BR, M-2BS, M-2BT, M-2BU, M-2BI, M-2RB*, M-2SB*, M-2TB* and M-2UB*",M-2BR,,To Scheduled Maturity Date,no,25,0.25%,0.00%,2.18
Weighted Average Life Tables,142,"Class M-2B, M-2BR, M-2BS, M-2BT, M-2BU, M-2BI, M-2RB*, M-2SB*, M-2TB* and M-2UB*",M-2BR,,To Scheduled Maturity Date,no,35,0.25%,0.00%,1.42
Weighted Average Life Tables,142,"Class M-2B, M-2BR, M-2BS, M-2BT, M-2BU, M-2BI, M-2RB*, M-2SB*, M-2TB* and M-2UB*",M-2BR,,To Early Redemption Date,yes,0,0.25%,0.00%,5.02
Weighted Average Life Tables,142,"Class M-2B, M-2BR, M-2BS, M-2BT, M-2BU, M-2BI, M-2RB*, M-2SB*, M-2TB* and M-2UB*",M-2BR,,To Early Redemption Date,yes,5,0.25%,0.00%,5.02
Weighted Average Life Tables,142,"Class M-2B, M-2BR, M-2BS, M-2BT, M-2BU, M-2BI, M-2RB*, M-2SB*, M-2TB* and M-2UB*",M-2BR,,To Early Redemption Date,yes,10,0.25%,0.00%,5.02
Weighted Average Life Tables,142,"Class M-2B, M-2BR, M-2BS, M-2BT, M-2BU, M-2BI, M-2RB*, M-2SB*, M-2TB* and M-2UB*",M-2BR,,To Early Redemption Date,yes,15,0.25%,0.00%,3.98
Weighted Average Life Tables,142,"Class M-2B, M-2BR, M-2BS, M-2BT, M-2BU, M-2BI, M-2RB*, M-2SB*, M-2TB* and M-2UB*",M-2BR,,To Early Redemption Date,yes,25,0.25%,0.00%,2.18
Weighted Average Life Tables,142,"Class M-2B, M-2BR, M-2BS, M-2BT, M-2BU, M-2BI, M-2RB*, M-2SB*, M-2TB* and M-2UB*",M-2BR,,To Early Redemption Date,yes,35,0.25%,0.00%,1.42
Weighted Average Life Tables,142,"Class M-2B, M-2BR, M-2BS, M-2BT, M-2BU, M-2BI, M-2RB*, M-2SB*, M-2TB* and M-2UB*",M-2BS,,To Scheduled Maturity Date,no,0,0.25%,0.00%,20.02
Weighted Average Life Tables,142,"Class M-2B, M-2BR, M-2BS, M-2BT, M-2BU, M-2BI, M-2RB*, M-2SB*, M-2TB* and M-2UB*",M-2BS,,To Scheduled Maturity Date,no,5,0.25%,0.00%,13.38
Weighted Average Life Tables,142,"Class M-2B, M-2BR, M-2BS, M-2BT, M-2BU, M-2BI, M-2RB*, M-2SB*, M-2TB* and M-2UB*",M-2BS,,To Scheduled Maturity Date,no,10,0.25%,0.00%,6.36
Weighted Average Life Tables,142,"Class M-2B, M-2BR, M-2BS, M-2BT, M-2BU, M-2BI, M-2RB*, M-2SB*, M-2TB* and M-2UB*",M-2BS,,To Scheduled Maturity Date,no,15,0.25%,0.00%,3.98
Weighted Average Life Tables,142,"Class M-2B, M-2BR, M-2BS, M-2BT, M-2BU, M-2BI, M-2RB*, M-2SB*, M-2TB* and M-2UB*",M-2BS,,To Scheduled Maturity Date,no,25,0.25%,0.00%,2.18
Weighted Average Life Tables,142,"Class M-2B, M-2BR, M-2BS, M-2BT, M-2BU, M-2BI, M-2RB*, M-2SB*, M-2TB* and M-2UB*",M-2BS,,To Scheduled Maturity Date,no,35,0.25%,0.00%,1.42
Weighted Average Life Tables,142,"Class M-2B, M-2BR, M-2BS, M-2BT, M-2BU, M-2BI, M-2RB*, M-2SB*, M-2TB* and M-2UB*",M-2BS,,To Early Redemption Date,yes,0,0.25%,0.00%,5.02
Weighted Average Life Tables,142,"Class M-2B, M-2BR, M-2BS, M-2BT, M-2BU, M-2BI, M-2RB*, M-2SB*, M-2TB* and M-2UB*",M-2BS,,To Early Redemption Date,yes,5,0.25%,0.00%,5.02
Weighted Average Life Tables,142,"Class M-2B, M-2BR, M-2BS, M-2BT, M-2BU, M-2BI, M-2RB*, M-2SB*, M-2TB* and M-2UB*",M-2BS,,To Early Redemption Date,yes,10,0.25%,0.00%,5.02
Weighted Average Life Tables,142,"Class M-2B, M-2BR, M-2BS, M-2BT, M-2BU, M-2BI, M-2RB*, M-2SB*, M-2TB* and M-2UB*",M-2BS,,To Early Redemption Date,yes,15,0.25%,0.00%,3.98
Weighted Average Life Tables,142,"Class M-2B, M-2BR, M-2BS, M-2BT, M-2BU, M-2BI, M-2RB*, M-2SB*, M-2TB* and M-2UB*",M-2BS,,To Early Redemption Date,yes,25,0.25%,0.00%,2.18
Weighted Average Life Tables,142,"Class M-2B, M-2BR, M-2BS, M-2BT, M-2BU, M-2BI, M-2RB*, M-2SB*, M-2TB* and M-2UB*",M-2BS,,To Early Redemption Date,yes,35,0.25%,0.00%,1.42
Weighted Average Life Tables,142,"Class M-2B, M-2BR, M-2BS, M-2BT, M-2BU, M-2BI, M-2RB*, M-2SB*, M-2TB* and M-2UB*",M-2BT,,To Scheduled Maturity Date,no,0,0.25%,0.00%,20.02
Weighted Average Life Tables,142,"Class M-2B, M-2BR, M-2BS, M-2BT, M-2BU, M-2BI, M-2RB*, M-2SB*, M-2TB* and M-2UB*",M-2BT,,To Scheduled Maturity Date,no,5,0.25%,0.00%,13.38
Weighted Average Life Tables,142,"Class M-2B, M-2BR, M-2BS, M-2BT, M-2BU, M-2BI, M-2RB*, M-2SB*, M-2TB* and M-2UB*",M-2BT,,To Scheduled Maturity Date,no,10,0.25%,0.00%,6.36
Weighted Average Life Tables,142,"Class M-2B, M-2BR, M-2BS, M-2BT, M-2BU, M-2BI, M-2RB*, M-2SB*, M-2TB* and M-2UB*",M-2BT,,To Scheduled Maturity Date,no,15,0.25%,0.00%,3.98
Weighted Average Life Tables,142,"Class M-2B, M-2BR, M-2BS, M-2BT, M-2BU, M-2BI, M-2RB*, M-2SB*, M-2TB* and M-2UB*",M-2BT,,To Scheduled Maturity Date,no,25,0.25%,0.00%,2.18
Weighted Average Life Tables,142,"Class M-2B, M-2BR, M-2BS, M-2BT, M-2BU, M-2BI, M-2RB*, M-2SB*, M-2TB* and M-2UB*",M-2BT,,To Scheduled Maturity Date,no,35,0.25%,0.00%,1.42
Weighted Average Life Tables,142,"Class M-2B, M-2BR, M-2BS, M-2BT, M-2BU, M-2BI, M-2RB*, M-2SB*, M-2TB* and M-2UB*",M-2BT,,To Early Redemption Date,yes,0,0.25%,0.00%,5.02
Weighted Average Life Tables,142,"Class M-2B, M-2BR, M-2BS, M-2BT, M-2BU, M-2BI, M-2RB*, M-2SB*, M-2TB* and M-2UB*",M-2BT,,To Early Redemption Date,yes,5,0.25%,0.00%,5.02
Weighted Average Life Tables,142,"Class M-2B, M-2BR, M-2BS, M-2BT, M-2BU, M-2BI, M-2RB*, M-2SB*, M-2TB* and M-2UB*",M-2BT,,To Early Redemption Date,yes,10,0.25%,0.00%,5.02
Weighted Average Life Tables,142,"Class M-2B, M-2BR, M-2BS, M-2BT, M-2BU, M-2BI, M-2RB*, M-2SB*, M-2TB* and M-2UB*",M-2BT,,To Early Redemption Date,yes,15,0.25%,0.00%,3.98
Weighted Average Life Tables,142,"Class M-2B, M-2BR, M-2BS, M-2BT, M-2BU, M-2BI, M-2RB*, M-2SB*, M-2TB* and M-2UB*",M-2BT,,To Early Redemption Date,yes,25,0.25%,0.00%,2.18
Weighted Average Life Tables,142,"Class M-2B, M-2BR, M-2BS, M-2BT, M-2BU, M-2BI, M-2RB*, M-2SB*, M-2TB* and M-2UB*",M-2BT,,To Early Redemption Date,yes,35,0.25%,0.00%,1.42
Weighted Average Life Tables,142,"Class M-2B, M-2BR, M-2BS, M-2BT, M-2BU, M-2BI, M-2RB*, M-2SB*, M-2TB* and M-2UB*",M-2BU,,To Scheduled Maturity Date,no,0,0.25%,0.00%,20.02
Weighted Average Life Tables,142,"Class M-2B, M-2BR, M-2BS, M-2BT, M-2BU, M-2BI, M-2RB*, M-2SB*, M-2TB* and M-2UB*",M-2BU,,To Scheduled Maturity Date,no,5,0.25%,0.00%,13.38
Weighted Average Life Tables,142,"Class M-2B, M-2BR, M-2BS, M-2BT, M-2BU, M-2BI, M-2RB*, M-2SB*, M-2TB* and M-2UB*",M-2BU,,To Scheduled Maturity Date,no,10,0.25%,0.00%,6.36
Weighted Average Life Tables,142,"Class M-2B, M-2BR, M-2BS, M-2BT, M-2BU, M-2BI, M-2RB*, M-2SB*, M-2TB* and M-2UB*",M-2BU,,To Scheduled Maturity Date,no,15,0.25%,0.00%,3.98
Weighted Average Life Tables,142,"Class M-2B, M-2BR, M-2BS, M-2BT, M-2BU, M-2BI, M-2RB*, M-2SB*, M-2TB* and M-2UB*",M-2BU,,To Scheduled Maturity Date,no,25,0.25%,0.00%,2.18
Weighted Average Life Tables,142,"Class M-2B, M-2BR, M-2BS, M-2BT, M-2BU, M-2BI, M-2RB*, M-2SB*, M-2TB* and M-2UB*",M-2BU,,To Scheduled Maturity Date,no,35,0.25%,0.00%,1.42
Weighted Average Life Tables,142,"Class M-2B, M-2BR, M-2BS, M-2BT, M-2BU, M-2BI, M-2RB*, M-2SB*, M-2TB* and M-2UB*",M-2BU,,To Early Redemption Date,yes,0,0.25%,0.00%,5.02
Weighted Average Life Tables,142,"Class M-2B, M-2BR, M-2BS, M-2BT, M-2BU, M-2BI, M-2RB*, M-2SB*, M-2TB* and M-2UB*",M-2BU,,To Early Redemption Date,yes,5,0.25%,0.00%,5.02
Weighted Average Life Tables,142,"Class M-2B, M-2BR, M-2BS, M-2BT, M-2BU, M-2BI, M-2RB*, M-2SB*, M-2TB* and M-2UB*",M-2BU,,To Early Redemption Date,yes,10,0.25%,0.00%,5.02
Weighted Average Life Tables,142,"Class M-2B, M-2BR, M-2BS, M-2BT, M-2BU, M-2BI, M-2RB*, M-2SB*, M-2TB* and M-2UB*",M-2BU,,To Early Redemption Date,yes,15,0.25%,0.00%,3.98
Weighted Average Life Tables,142,"Class M-2B, M-2BR, M-2BS, M-2BT, M-2BU, M-2BI, M-2RB*, M-2SB*, M-2TB* and M-2UB*",M-2BU,,To Early Redemption Date,yes,25,0.25%,0.00%,2.18
Weighted Average Life Tables,142,"Class M-2B, M-2BR, M-2BS, M-2BT, M-2BU, M-2BI, M-2RB*, M-2SB*, M-2TB* and M-2UB*",M-2BU,,To Early Redemption Date,yes,35,0.25%,0.00%,1.42
Weighted Average Life Tables,142,"Class M-2B, M-2BR, M-2BS, M-2BT, M-2BU, M-2BI, M-2RB*, M-2SB*, M-2TB* and M-2UB*",M-2BI,,To Scheduled Maturity Date,no,0,0.25%,0.00%,20.02
Weighted Average Life Tables,142,"Class M-2B, M-2BR, M-2BS, M-2BT, M-2BU, M-2BI, M-2RB*, M-2SB*, M-2TB* and M-2UB*",M-2BI,,To Scheduled Maturity Date,no,5,0.25%,0.00%,13.38
Weighted Average Life Tables,142,"Class M-2B, M-2BR, M-2BS, M-2BT, M-2BU, M-2BI, M-2RB*, M-2SB*, M-2TB* and M-2UB*",M-2BI,,To Scheduled Maturity Date,no,10,0.25%,0.00%,6.36
Weighted Average Life Tables,142,"Class M-2B, M-2BR, M-2BS, M-2BT, M-2BU, M-2BI, M-2RB*, M-2SB*, M-2TB* and M-2UB*",M-2BI,,To Scheduled Maturity Date,no,15,0.25%,0.00%,3.98
Weighted Average Life Tables,142,"Class M-2B, M-2BR, M-2BS, M-2BT, M-2BU, M-2BI, M-2RB*, M-2SB*, M-2TB* and M-2UB*",M-2BI,,To Scheduled Maturity Date,no,25,0.25%,0.00%,2.18
Weighted Average Life Tables,142,"Class M-2B, M-2BR, M-2BS, M-2BT, M-2BU, M-2BI, M-2RB*, M-2SB*, M-2TB* and M-2UB*",M-2BI,,To Scheduled Maturity Date,no,35,0.25%,0.00%,1.42
Weighted Average Life Tables,142,"Class M-2B, M-2BR, M-2BS, M-2BT, M-2BU, M-2BI, M-2RB*, M-2SB*, M-2TB* and M-2UB*",M-2BI,,To Early Redemption Date,yes,0,0.25%,0.00%,5.02
Weighted Average Life Tables,142,"Class M-2B, M-2BR, M-2BS, M-2BT, M-2BU, M-2BI, M-2RB*, M-2SB*, M-2TB* and M-2UB*",M-2BI,,To Early Redemption Date,yes,5,0.25%,0.00%,5.02
Weighted Average Life Tables,142,"Class M-2B, M-2BR, M-2BS, M-2BT, M-2BU, M-2BI, M-2RB*, M-2SB*, M-2TB* and M-2UB*",M-2BI,,To Early Redemption Date,yes,10,0.25%,0.00%,5.02
Weighted Average Life Tables,142,"Class M-2B, M-2BR, M-2BS, M-2BT, M-2BU, M-2BI, M-2RB*, M-2SB*, M-2TB* and M-2UB*",M-2BI,,To Early Redemption Date,yes,15,0.25%,0.00%,3.98
Weighted Average Life Tables,142,"Class M-2B, M-2BR, M-2BS, M-2BT, M-2BU, M-2BI, M-2RB*, M-2SB*, M-2TB* and M-2UB*",M-2BI,,To Early Redemption Date,yes,25,0.25%,0.00%,2.18
Weighted Average Life Tables,142,"Class M-2B, M-2BR, M-2BS, M-2BT, M-2BU, M-2BI, M-2RB*, M-2SB*, M-2TB* and M-2UB*",M-2BI,,To Early Redemption Date,yes,35,0.25%,0.00%,1.42
Weighted Average Life Tables,142,"Class M-2B, M-2BR, M-2BS, M-2BT, M-2BU, M-2BI, M-2RB*, M-2SB*, M-2TB* and M-2UB*",M-2RB,*,To Scheduled Maturity Date,no,0,0.25%,0.00%,20.02
Weighted Average Life Tables,142,"Class M-2B, M-2BR, M-2BS, M-2BT, M-2BU, M-2BI, M-2RB*, M-2SB*, M-2TB* and M-2UB*",M-2RB,*,To Scheduled Maturity Date,no,5,0.25%,0.00%,13.38
Weighted Average Life Tables,142,"Class M-2B, M-2BR, M-2BS, M-2BT, M-2BU, M-2BI, M-2RB*, M-2SB*, M-2TB* and M-2UB*",M-2RB,*,To Scheduled Maturity Date,no,10,0.25%,0.00%,6.36
Weighted Average Life Tables,142,"Class M-2B, M-2BR, M-2BS, M-2BT, M-2BU, M-2BI, M-2RB*, M-2SB*, M-2TB* and M-2UB*",M-2RB,*,To Scheduled Maturity Date,no,15,0.25%,0.00%,3.98
Weighted Average Life Tables,142,"Class M-2B, M-2BR, M-2BS, M-2BT, M-2BU, M-2BI, M-2RB*, M-2SB*, M-2TB* and M-2UB*",M-2RB,*,To Scheduled Maturity Date,no,25,0.25%,0.00%,2.18
Weighted Average Life Tables,142,"Class M-2B, M-2BR, M-2BS, M-2BT, M-2BU, M-2BI, M-2RB*, M-2SB*, M-2TB* and M-2UB*",M-2RB,*,To Scheduled Maturity Date,no,35,0.25%,0.00%,1.42
Weighted Average Life Tables,142,"Class M-2B, M-2BR, M-2BS, M-2BT, M-2BU, M-2BI, M-2RB*, M-2SB*, M-2TB* and M-2UB*",M-2RB,*,To Early Redemption Date,yes,0,0.25%,0.00%,5.02
Weighted Average Life Tables,142,"Class M-2B, M-2BR, M-2BS, M-2BT, M-2BU, M-2BI, M-2RB*, M-2SB*, M-2TB* and M-2UB*",M-2RB,*,To Early Redemption Date,yes,5,0.25%,0.00%,5.02
Weighted Average Life Tables,142,"Class M-2B, M-2BR, M-2BS, M-2BT, M-2BU, M-2BI, M-2RB*, M-2SB*, M-2TB* and M-2UB*",M-2RB,*,To Early Redemption Date,yes,10,0.25%,0.00%,5.02
Weighted Average Life Tables,142,"Class M-2B, M-2BR, M-2BS, M-2BT, M-2BU, M-2BI, M-2RB*, M-2SB*, M-2TB* and M-2UB*",M-2RB,*,To Early Redemption Date,yes,15,0.25%,0.00%,3.98
Weighted Average Life Tables,142,"Class M-2B, M-2BR, M-2BS, M-2BT, M-2BU, M-2BI, M-2RB*, M-2SB*, M-2TB* and M-2UB*",M-2RB,*,To Early Redemption Date,yes,25,0.25%,0.00%,2.18
Weighted Average Life Tables,142,"Class M-2B, M-2BR, M-2BS, M-2BT, M-2BU, M-2BI, M-2RB*, M-2SB*, M-2TB* and M-2UB*",M-2RB,*,To Early Redemption Date,yes,35,0.25%,0.00%,1.42
Weighted Average Life Tables,142,"Class M-2B, M-2BR, M-2BS, M-2BT, M-2BU, M-2BI, M-2RB*, M-2SB*, M-2TB* and M-2UB*",M-2SB,*,To Scheduled Maturity Date,no,0,0.25%,0.00%,20.02
Weighted Average Life Tables,142,"Class M-2B, M-2BR, M-2BS, M-2BT, M-2BU, M-2BI, M-2RB*, M-2SB*, M-2TB* and M-2UB*",M-2SB,*,To Scheduled Maturity Date,no,5,0.25%,0.00%,13.38
Weighted Average Life Tables,142,"Class M-2B, M-2BR, M-2BS, M-2BT, M-2BU, M-2BI, M-2RB*, M-2SB*, M-2TB* and M-2UB*",M-2SB,*,To Scheduled Maturity Date,no,10,0.25%,0.00%,6.36
Weighted Average Life Tables,142,"Class M-2B, M-2BR, M-2BS, M-2BT, M-2BU, M-2BI, M-2RB*, M-2SB*, M-2TB* and M-2UB*",M-2SB,*,To Scheduled Maturity Date,no,15,0.25%,0.00%,3.98
Weighted Average Life Tables,142,"Class M-2B, M-2BR, M-2BS, M-2BT, M-2BU, M-2BI, M-2RB*, M-2SB*, M-2TB* and M-2UB*",M-2SB,*,To Scheduled Maturity Date,no,25,0.25%,0.00%,2.18
Weighted Average Life Tables,142,"Class M-2B, M-2BR, M-2BS, M-2BT, M-2BU, M-2BI, M-2RB*, M-2SB*, M-2TB* and M-2UB*",M-2SB,*,To Scheduled Maturity Date,no,35,0.25%,0.00%,1.42
Weighted Average Life Tables,142,"Class M-2B, M-2BR, M-2BS, M-2BT, M-2BU, M-2BI, M-2RB*, M-2SB*, M-2TB* and M-2UB*",M-2SB,*,To Early Redemption Date,yes,0,0.25%,0.00%,5.02
Weighted Average Life Tables,142,"Class M-2B, M-2BR, M-2BS, M-2BT, M-2BU, M-2BI, M-2RB*, M-2SB*, M-2TB* and M-2UB*",M-2SB,*,To Early Redemption Date,yes,5,0.25%,0.00%,5.02
Weighted Average Life Tables,142,"Class M-2B, M-2BR, M-2BS, M-2BT, M-2BU, M-2BI, M-2RB*, M-2SB*, M-2TB* and M-2UB*",M-2SB,*,To Early Redemption Date,yes,10,0.25%,0.00%,5.02
Weighted Average Life Tables,142,"Class M-2B, M-2BR, M-2BS, M-2BT, M-2BU, M-2BI, M-2RB*, M-2SB*, M-2TB* and M-2UB*",M-2SB,*,To Early Redemption Date,yes,15,0.25%,0.00%,3.98
Weighted Average Life Tables,142,"Class M-2B, M-2BR, M-2BS, M-2BT, M-2BU, M-2BI, M-2RB*, M-2SB*, M-2TB* and M-2UB*",M-2SB,*,To Early Redemption Date,yes,25,0.25%,0.00%,2.18
Weighted Average Life Tables,142,"Class M-2B, M-2BR, M-2BS, M-2BT, M-2BU, M-2BI, M-2RB*, M-2SB*, M-2TB* and M-2UB*",M-2SB,*,To Early Redemption Date,yes,35,0.25%,0.00%,1.42
Weighted Average Life Tables,142,"Class M-2B, M-2BR, M-2BS, M-2BT, M-2BU, M-2BI, M-2RB*, M-2SB*, M-2TB* and M-2UB*",M-2TB,*,To Scheduled Maturity Date,no,0,0.25%,0.00%,20.02
Weighted Average Life Tables,142,"Class M-2B, M-2BR, M-2BS, M-2BT, M-2BU, M-2BI, M-2RB*, M-2SB*, M-2TB* and M-2UB*",M-2TB,*,To Scheduled Maturity Date,no,5,0.25%,0.00%,13.38
Weighted Average Life Tables,142,"Class M-2B, M-2BR, M-2BS, M-2BT, M-2BU, M-2BI, M-2RB*, M-2SB*, M-2TB* and M-2UB*",M-2TB,*,To Scheduled Maturity Date,no,10,0.25%,0.00%,6.36
Weighted Average Life Tables,142,"Class M-2B, M-2BR, M-2BS, M-2BT, M-2BU, M-2BI, M-2RB*, M-2SB*, M-2TB* and M-2UB*",M-2TB,*,To Scheduled Maturity Date,no,15,0.25%,0.00%,3.98
Weighted Average Life Tables,142,"Class M-2B, M-2BR, M-2BS, M-2BT, M-2BU, M-2BI, M-2RB*, M-2SB*, M-2TB* and M-2UB*",M-2TB,*,To Scheduled Maturity Date,no,25,0.25%,0.00%,2.18
Weighted Average Life Tables,142,"Class M-2B, M-2BR, M-2BS, M-2BT, M-2BU, M-2BI, M-2RB*, M-2SB*, M-2TB* and M-2UB*",M-2TB,*,To Scheduled Maturity Date,no,35,0.25%,0.00%,1.42
Weighted Average Life Tables,142,"Class M-2B, M-2BR, M-2BS, M-2BT, M-2BU, M-2BI, M-2RB*, M-2SB*, M-2TB* and M-2UB*",M-2TB,*,To Early Redemption Date,yes,0,0.25%,0.00%,5.02
Weighted Average Life Tables,142,"Class M-2B, M-2BR, M-2BS, M-2BT, M-2BU, M-2BI, M-2RB*, M-2SB*, M-2TB* and M-2UB*",M-2TB,*,To Early Redemption Date,yes,5,0.25%,0.00%,5.02
Weighted Average Life Tables,142,"Class M-2B, M-2BR, M-2BS, M-2BT, M-2BU, M-2BI, M-2RB*, M-2SB*, M-2TB* and M-2UB*",M-2TB,*,To Early Redemption Date,yes,10,0.25%,0.00%,5.02
Weighted Average Life Tables,142,"Class M-2B, M-2BR, M-2BS, M-2BT, M-2BU, M-2BI, M-2RB*, M-2SB*, M-2TB* and M-2UB*",M-2TB,*,To Early Redemption Date,yes,15,0.25%,0.00%,3.98
Weighted Average Life Tables,142,"Class M-2B, M-2BR, M-2BS, M-2BT, M-2BU, M-2BI, M-2RB*, M-2SB*, M-2TB* and M-2UB*",M-2TB,*,To Early Redemption Date,yes,25,0.25%,0.00%,2.18
Weighted Average Life Tables,142,"Class M-2B, M-2BR, M-2BS, M-2BT, M-2BU, M-2BI, M-2RB*, M-2SB*, M-2TB* and M-2UB*",M-2TB,*,To Early Redemption Date,yes,35,0.25%,0.00%,1.42
Weighted Average Life Tables,142,"Class M-2B, M-2BR, M-2BS, M-2BT, M-2BU, M-2BI, M-2RB*, M-2SB*, M-2TB* and M-2UB*",M-2UB,*,To Scheduled Maturity Date,no,0,0.25%,0.00%,20.02
Weighted Average Life Tables,142,"Class M-2B, M-2BR, M-2BS, M-2BT, M-2BU, M-2BI, M-2RB*, M-2SB*, M-2TB* and M-2UB*",M-2UB,*,To Scheduled Maturity Date,no,5,0.25%,0.00%,13.38
Weighted Average Life Tables,142,"Class M-2B, M-2BR, M-2BS, M-2BT, M-2BU, M-2BI, M-2RB*, M-2SB*, M-2TB* and M-2UB*",M-2UB,*,To Scheduled Maturity Date,no,10,0.25%,0.00%,6.36
Weighted Average Life Tables,142,"Class M-2B, M-2BR, M-2BS, M-2BT, M-2BU, M-2BI, M-2RB*, M-2SB*, M-2TB* and M-2UB*",M-2UB,*,To Scheduled Maturity Date,no,15,0.25%,0.00%,3.98
Weighted Average Life Tables,142,"Class M-2B, M-2BR, M-2BS, M-2BT, M-2BU, M-2BI, M-2RB*, M-2SB*, M-2TB* and M-2UB*",M-2UB,*,To Scheduled Maturity Date,no,25,0.25%,0.00%,2.18
Weighted Average Life Tables,142,"Class M-2B, M-2BR, M-2BS, M-2BT, M-2BU, M-2BI, M-2RB*, M-2SB*, M-2TB* and M-2UB*",M-2UB,*,To Scheduled Maturity Date,no,35,0.25%,0.00%,1.42
Weighted Average Life Tables,142,"Class M-2B, M-2BR, M-2BS, M-2BT, M-2BU, M-2BI, M-2RB*, M-2SB*, M-2TB* and M-2UB*",M-2UB,*,To Early Redemption Date,yes,0,0.25%,0.00%,5.02
Weighted Average Life Tables,142,"Class M-2B, M-2BR, M-2BS, M-2BT, M-2BU, M-2BI, M-2RB*, M-2SB*, M-2TB* and M-2UB*",M-2UB,*,To Early Redemption Date,yes,5,0.25%,0.00%,5.02
Weighted Average Life Tables,142,"Class M-2B, M-2BR, M-2BS, M-2BT, M-2BU, M-2BI, M-2RB*, M-2SB*, M-2TB* and M-2UB*",M-2UB,*,To Early Redemption Date,yes,10,0.25%,0.00%,5.02
Weighted Average Life Tables,142,"Class M-2B, M-2BR, M-2BS, M-2BT, M-2BU, M-2BI, M-2RB*, M-2SB*, M-2TB* and M-2UB*",M-2UB,*,To Early Redemption Date,yes,15,0.25%,0.00%,3.98
Weighted Average Life Tables,142,"Class M-2B, M-2BR, M-2BS, M-2BT, M-2BU, M-2BI, M-2RB*, M-2SB*, M-2TB* and M-2UB*",M-2UB,*,To Early Redemption Date,yes,25,0.25%,0.00%,2.18
Weighted Average Life Tables,142,"Class M-2B, M-2BR, M-2BS, M-2BT, M-2BU, M-2BI, M-2RB*, M-2SB*, M-2TB* and M-2UB*",M-2UB,*,To Early Redemption Date,yes,35,0.25%,0.00%,1.42
Weighted Average Life Tables,142,"Class M-2B, M-2BR, M-2BS, M-2BT, M-2BU, M-2BI, M-2RB*, M-2SB*, M-2TB* and M-2UB*",M-2B,,To Scheduled Maturity Date,no,0,0.50%,0.00%,15.74
Weighted Average Life Tables,142,"Class M-2B, M-2BR, M-2BS, M-2BT, M-2BU, M-2BI, M-2RB*, M-2SB*, M-2TB* and M-2UB*",M-2B,,To Scheduled Maturity Date,no,5,0.50%,0.00%,20.02
Weighted Average Life Tables,142,"Class M-2B, M-2BR, M-2BS, M-2BT, M-2BU, M-2BI, M-2RB*, M-2SB*, M-2TB* and M-2UB*",M-2B,,To Scheduled Maturity Date,no,10,0.50%,0.00%,8.81
Weighted Average Life Tables,142,"Class M-2B, M-2BR, M-2BS, M-2BT, M-2BU, M-2BI, M-2RB*, M-2SB*, M-2TB* and M-2UB*",M-2B,,To Scheduled Maturity Date,no,15,0.50%,0.00%,4.83
Weighted Average Life Tables,142,"Class M-2B, M-2BR, M-2BS, M-2BT, M-2BU, M-2BI, M-2RB*, M-2SB*, M-2TB* and M-2UB*",M-2B,,To Scheduled Maturity Date,no,25,0.50%,0.00%,2.51
Weighted Average Life Tables,142,"Class M-2B, M-2BR, M-2BS, M-2BT, M-2BU, M-2BI, M-2RB*, M-2SB*, M-2TB* and M-2UB*",M-2B,,To Scheduled Maturity Date,no,35,0.50%,0.00%,1.62
Weighted Average Life Tables,142,"Class M-2B, M-2BR, M-2BS, M-2BT, M-2BU, M-2BI, M-2RB*, M-2SB*, M-2TB* and M-2UB*",M-2B,,To Early Redemption Date,yes,0,0.50%,0.00%,5.02
Weighted Average Life Tables,142,"Class M-2B, M-2BR, M-2BS, M-2BT, M-2BU, M-2BI, M-2RB*, M-2SB*, M-2TB* and M-2UB*",M-2B,,To Early Redemption Date,yes,5,0.50%,0.00%,5.02
Weighted Average Life Tables,142,"Class M-2B, M-2BR, M-2BS, M-2BT, M-2BU, M-2BI, M-2RB*, M-2SB*, M-2TB* and M-2UB*",M-2B,,To Early Redemption Date,yes,10,0.50%,0.00%,5.02
Weighted Average Life Tables,142,"Class M-2B, M-2BR, M-2BS, M-2BT, M-2BU, M-2BI, M-2RB*, M-2SB*, M-2TB* and M-2UB*",M-2B,,To Early Redemption Date,yes,15,0.50%,0.00%,4.75
Weighted Average Life Tables,142,"Class M-2B, M-2BR, M-2BS, M-2BT, M-2BU, M-2BI, M-2RB*, M-2SB*, M-2TB* and M-2UB*",M-2B,,To Early Redemption Date,yes,25,0.50%,0.00%,2.51
Weighted Average Life Tables,142,"Class M-2B, M-2BR, M-2BS, M-2BT, M-2BU, M-2BI, M-2RB*, M-2SB*, M-2TB* and M-2UB*",M-2B,,To Early Redemption Date,yes,35,0.50%,0.00%,1.62
Weighted Average Life Tables,142,"Class M-2B, M-2BR, M-2BS, M-2BT, M-2BU, M-2BI, M-2RB*, M-2SB*, M-2TB* and M-2UB*",M-2BR,,To Scheduled Maturity Date,no,0,0.50%,0.00%,15.74
Weighted Average Life Tables,142,"Class M-2B, M-2BR, M-2BS, M-2BT, M-2BU, M-2BI, M-2RB*, M-2SB*, M-2TB* and M-2UB*",M-2BR,,To Scheduled Maturity Date,no,5,0.50%,0.00%,20.02
Weighted Average Life Tables,142,"Class M-2B, M-2BR, M-2BS, M-2BT, M-2BU, M-2BI, M-2RB*, M-2SB*, M-2TB* and M-2UB*",M-2BR,,To Scheduled Maturity Date,no,10,0.50%,0.00%,8.81
Weighted Average Life Tables,142,"Class M-2B, M-2BR, M-2BS, M-2BT, M-2BU, M-2BI, M-2RB*, M-2SB*, M-2TB* and M-2UB*",M-2BR,,To Scheduled Maturity Date,no,15,0.50%,0.00%,4.83
Weighted Average Life Tables,142,"Class M-2B, M-2BR, M-2BS, M-2BT, M-2BU, M-2BI, M-2RB*, M-2SB*, M-2TB* and M-2UB*",M-2BR,,To Scheduled Maturity Date,no,25,0.50%,0.00%,2.51
Weighted Average Life Tables,142,"Class M-2B, M-2BR, M-2BS, M-2BT, M-2BU, M-2BI, M-2RB*, M-2SB*, M-2TB* and M-2UB*",M-2BR,,To Scheduled Maturity Date,no,35,0.50%,0.00%,1.62
Weighted Average Life Tables,142,"Class M-2B, M-2BR, M-2BS, M-2BT, M-2BU, M-2BI, M-2RB*, M-2SB*, M-2TB* and M-2UB*",M-2BR,,To Early Redemption Date,yes,0,0.50%,0.00%,5.02
Weighted Average Life Tables,142,"Class M-2B, M-2BR, M-2BS, M-2BT, M-2BU, M-2BI, M-2RB*, M-2SB*, M-2TB* and M-2UB*",M-2BR,,To Early Redemption Date,yes,5,0.50%,0.00%,5.02
Weighted Average Life Tables,142,"Class M-2B, M-2BR, M-2BS, M-2BT, M-2BU, M-2BI, M-2RB*, M-2SB*, M-2TB* and M-2UB*",M-2BR,,To Early Redemption Date,yes,10,0.50%,0.00%,5.02
Weighted Average Life Tables,142,"Class M-2B, M-2BR, M-2BS, M-2BT, M-2BU, M-2BI, M-2RB*, M-2SB*, M-2TB* and M-2UB*",M-2BR,,To Early Redemption Date,yes,15,0.50%,0.00%,4.75
Weighted Average Life Tables,142,"Class M-2B, M-2BR, M-2BS, M-2BT, M-2BU, M-2BI, M-2RB*, M-2SB*, M-2TB* and M-2UB*",M-2BR,,To Early Redemption Date,yes,25,0.50%,0.00%,2.51
Weighted Average Life Tables,142,"Class M-2B, M-2BR, M-2BS, M-2BT, M-2BU, M-2BI, M-2RB*, M-2SB*, M-2TB* and M-2UB*",M-2BR,,To Early Redemption Date,yes,35,0.50%,0.00%,1.62
Weighted Average Life Tables,142,"Class M-2B, M-2BR, M-2BS, M-2BT, M-2BU, M-2BI, M-2RB*, M-2SB*, M-2TB* and M-2UB*",M-2BS,,To Scheduled Maturity Date,no,0,0.50%,0.00%,15.74
Weighted Average Life Tables,142,"Class M-2B, M-2BR, M-2BS, M-2BT, M-2BU, M-2BI, M-2RB*, M-2SB*, M-2TB* and M-2UB*",M-2BS,,To Scheduled Maturity Date,no,5,0.50%,0.00%,20.02
Weighted Average Life Tables,142,"Class M-2B, M-2BR, M-2BS, M-2BT, M-2BU, M-2BI, M-2RB*, M-2SB*, M-2TB* and M-2UB*",M-2BS,,To Scheduled Maturity Date,no,10,0.50%,0.00%,8.81
Weighted Average Life Tables,142,"Class M-2B, M-2BR, M-2BS, M-2BT, M-2BU, M-2BI, M-2RB*, M-2SB*, M-2TB* and M-2UB*",M-2BS,,To Scheduled Maturity Date,no,15,0.50%,0.00%,4.83
Weighted Average Life Tables,142,"Class M-2B, M-2BR, M-2BS, M-2BT, M-2BU, M-2BI, M-2RB*, M-2SB*, M-2TB* and M-2UB*",M-2BS,,To Scheduled Maturity Date,no,25,0.50%,0.00%,2.51
Weighted Average Life Tables,142,"Class M-2B, M-2BR, M-2BS, M-2BT, M-2BU, M-2BI, M-2RB*, M-2SB*, M-2TB* and M-2UB*",M-2BS,,To Scheduled Maturity Date,no,35,0.50%,0.00%,1.62
Weighted Average Life Tables,142,"Class M-2B, M-2BR, M-2BS, M-2BT, M-2BU, M-2BI, M-2RB*, M-2SB*, M-2TB* and M-2UB*",M-2BS,,To Early Redemption Date,yes,0,0.50%,0.00%,5.02
Weighted Average Life Tables,142,"Class M-2B, M-2BR, M-2BS, M-2BT, M-2BU, M-2BI, M-2RB*, M-2SB*, M-2TB* and M-2UB*",M-2BS,,To Early Redemption Date,yes,5,0.50%,0.00%,5.02
Weighted Average Life Tables,142,"Class M-2B, M-2BR, M-2BS, M-2BT, M-2BU, M-2BI, M-2RB*, M-2SB*, M-2TB* and M-2UB*",M-2BS,,To Early Redemption Date,yes,10,0.50%,0.00%,5.02
Weighted Average Life Tables,142,"Class M-2B, M-2BR, M-2BS, M-2BT, M-2BU, M-2BI, M-2RB*, M-2SB*, M-2TB* and M-2UB*",M-2BS,,To Early Redemption Date,yes,15,0.50%,0.00%,4.75
Weighted Average Life Tables,142,"Class M-2B, M-2BR, M-2BS, M-2BT, M-2BU, M-2BI, M-2RB*, M-2SB*, M-2TB* and M-2UB*",M-2BS,,To Early Redemption Date,yes,25,0.50%,0.00%,2.51
Weighted Average Life Tables,142,"Class M-2B, M-2BR, M-2BS, M-2BT, M-2BU, M-2BI, M-2RB*, M-2SB*, M-2TB* and M-2UB*",M-2BS,,To Early Redemption Date,yes,35,0.50%,0.00%,1.62
Weighted Average Life Tables,142,"Class M-2B, M-2BR, M-2BS, M-2BT, M-2BU, M-2BI, M-2RB*, M-2SB*, M-2TB* and M-2UB*",M-2BT,,To Scheduled Maturity Date,no,0,0.50%,0.00%,15.74
Weighted Average Life Tables,142,"Class M-2B, M-2BR, M-2BS, M-2BT, M-2BU, M-2BI, M-2RB*, M-2SB*, M-2TB* and M-2UB*",M-2BT,,To Scheduled Maturity Date,no,5,0.50%,0.00%,20.02
Weighted Average Life Tables,142,"Class M-2B, M-2BR, M-2BS, M-2BT, M-2BU, M-2BI, M-2RB*, M-2SB*, M-2TB* and M-2UB*",M-2BT,,To Scheduled Maturity Date,no,10,0.50%,0.00%,8.81
Weighted Average Life Tables,142,"Class M-2B, M-2BR, M-2BS, M-2BT, M-2BU, M-2BI, M-2RB*, M-2SB*, M-2TB* and M-2UB*",M-2BT,,To Scheduled Maturity Date,no,15,0.50%,0.00%,4.83
Weighted Average Life Tables,142,"Class M-2B, M-2BR, M-2BS, M-2BT, M-2BU, M-2BI, M-2RB*, M-2SB*, M-2TB* and M-2UB*",M-2BT,,To Scheduled Maturity Date,no,25,0.50%,0.00%,2.51
Weighted Average Life Tables,142,"Class M-2B, M-2BR, M-2BS, M-2BT, M-2BU, M-2BI, M-2RB*, M-2SB*, M-2TB* and M-2UB*",M-2BT,,To Scheduled Maturity Date,no,35,0.50%,0.00%,1.62
Weighted Average Life Tables,142,"Class M-2B, M-2BR, M-2BS, M-2BT, M-2BU, M-2BI, M-2RB*, M-2SB*, M-2TB* and M-2UB*",M-2BT,,To Early Redemption Date,yes,0,0.50%,0.00%,5.02
Weighted Average Life Tables,142,"Class M-2B, M-2BR, M-2BS, M-2BT, M-2BU, M-2BI, M-2RB*, M-2SB*, M-2TB* and M-2UB*",M-2BT,,To Early Redemption Date,yes,5,0.50%,0.00%,5.02
Weighted Average Life Tables,142,"Class M-2B, M-2BR, M-2BS, M-2BT, M-2BU, M-2BI, M-2RB*, M-2SB*, M-2TB* and M-2UB*",M-2BT,,To Early Redemption Date,yes,10,0.50%,0.00%,5.02
Weighted Average Life Tables,142,"Class M-2B, M-2BR, M-2BS, M-2BT, M-2BU, M-2BI, M-2RB*, M-2SB*, M-2TB* and M-2UB*",M-2BT,,To Early Redemption Date,yes,15,0.50%,0.00%,4.75
Weighted Average Life Tables,142,"Class M-2B, M-2BR, M-2BS, M-2BT, M-2BU, M-2BI, M-2RB*, M-2SB*, M-2TB* and M-2UB*",M-2BT,,To Early Redemption Date,yes,25,0.50%,0.00%,2.51
Weighted Average Life Tables,142,"Class M-2B, M-2BR, M-2BS, M-2BT, M-2BU, M-2BI, M-2RB*, M-2SB*, M-2TB* and M-2UB*",M-2BT,,To Early Redemption Date,yes,35,0.50%,0.00%,1.62
Weighted Average Life Tables,142,"Class M-2B, M-2BR, M-2BS, M-2BT, M-2BU, M-2BI, M-2RB*, M-2SB*, M-2TB* and M-2UB*",M-2BU,,To Scheduled Maturity Date,no,0,0.50%,0.00%,15.74
Weighted Average Life Tables,142,"Class M-2B, M-2BR, M-2BS, M-2BT, M-2BU, M-2BI, M-2RB*, M-2SB*, M-2TB* and M-2UB*",M-2BU,,To Scheduled Maturity Date,no,5,0.50%,0.00%,20.02
Weighted Average Life Tables,142,"Class M-2B, M-2BR, M-2BS, M-2BT, M-2BU, M-2BI, M-2RB*, M-2SB*, M-2TB* and M-2UB*",M-2BU,,To Scheduled Maturity Date,no,10,0.50%,0.00%,8.81
Weighted Average Life Tables,142,"Class M-2B, M-2BR, M-2BS, M-2BT, M-2BU, M-2BI, M-2RB*, M-2SB*, M-2TB* and M-2UB*",M-2BU,,To Scheduled Maturity Date,no,15,0.50%,0.00%,4.83
Weighted Average Life Tables,142,"Class M-2B, M-2BR, M-2BS, M-2BT, M-2BU, M-2BI, M-2RB*, M-2SB*, M-2TB* and M-2UB*",M-2BU,,To Scheduled Maturity Date,no,25,0.50%,0.00%,2.51
Weighted Average Life Tables,142,"Class M-2B, M-2BR, M-2BS, M-2BT, M-2BU, M-2BI, M-2RB*, M-2SB*, M-2TB* and M-2UB*",M-2BU,,To Scheduled Maturity Date,no,35,0.50%,0.00%,1.62
Weighted Average Life Tables,142,"Class M-2B, M-2BR, M-2BS, M-2BT, M-2BU, M-2BI, M-2RB*, M-2SB*, M-2TB* and M-2UB*",M-2BU,,To Early Redemption Date,yes,0,0.50%,0.00%,5.02
Weighted Average Life Tables,142,"Class M-2B, M-2BR, M-2BS, M-2BT, M-2BU, M-2BI, M-2RB*, M-2SB*, M-2TB* and M-2UB*",M-2BU,,To Early Redemption Date,yes,5,0.50%,0.00%,5.02
Weighted Average Life Tables,142,"Class M-2B, M-2BR, M-2BS, M-2BT, M-2BU, M-2BI, M-2RB*, M-2SB*, M-2TB* and M-2UB*",M-2BU,,To Early Redemption Date,yes,10,0.50%,0.00%,5.02
Weighted Average Life Tables,142,"Class M-2B, M-2BR, M-2BS, M-2BT, M-2BU, M-2BI, M-2RB*, M-2SB*, M-2TB* and M-2UB*",M-2BU,,To Early Redemption Date,yes,15,0.50%,0.00%,4.75
Weighted Average Life Tables,142,"Class M-2B, M-2BR, M-2BS, M-2BT, M-2BU, M-2BI, M-2RB*, M-2SB*, M-2TB* and M-2UB*",M-2BU,,To Early Redemption Date,yes,25,0.50%,0.00%,2.51
Weighted Average Life Tables,142,"Class M-2B, M-2BR, M-2BS, M-2BT, M-2BU, M-2BI, M-2RB*, M-2SB*, M-2TB* and M-2UB*",M-2BU,,To Early Redemption Date,yes,35,0.50%,0.00%,1.62
Weighted Average Life Tables,142,"Class M-2B, M-2BR, M-2BS, M-2BT, M-2BU, M-2BI, M-2RB*, M-2SB*, M-2TB* and M-2UB*",M-2BI,,To Scheduled Maturity Date,no,0,0.50%,0.00%,15.74
Weighted Average Life Tables,142,"Class M-2B, M-2BR, M-2BS, M-2BT, M-2BU, M-2BI, M-2RB*, M-2SB*, M-2TB* and M-2UB*",M-2BI,,To Scheduled Maturity Date,no,5,0.50%,0.00%,20.02
Weighted Average Life Tables,142,"Class M-2B, M-2BR, M-2BS, M-2BT, M-2BU, M-2BI, M-2RB*, M-2SB*, M-2TB* and M-2UB*",M-2BI,,To Scheduled Maturity Date,no,10,0.50%,0.00%,8.81
Weighted Average Life Tables,142,"Class M-2B, M-2BR, M-2BS, M-2BT, M-2BU, M-2BI, M-2RB*, M-2SB*, M-2TB* and M-2UB*",M-2BI,,To Scheduled Maturity Date,no,15,0.50%,0.00%,4.83
Weighted Average Life Tables,142,"Class M-2B, M-2BR, M-2BS, M-2BT, M-2BU, M-2BI, M-2RB*, M-2SB*, M-2TB* and M-2UB*",M-2BI,,To Scheduled Maturity Date,no,25,0.50%,0.00%,2.51
Weighted Average Life Tables,142,"Class M-2B, M-2BR, M-2BS, M-2BT, M-2BU, M-2BI, M-2RB*, M-2SB*, M-2TB* and M-2UB*",M-2BI,,To Scheduled Maturity Date,no,35,0.50%,0.00%,1.62
Weighted Average Life Tables,142,"Class M-2B, M-2BR, M-2BS, M-2BT, M-2BU, M-2BI, M-2RB*, M-2SB*, M-2TB* and M-2UB*",M-2BI,,To Early Redemption Date,yes,0,0.50%,0.00%,5.02
Weighted Average Life Tables,142,"Class M-2B, M-2BR, M-2BS, M-2BT, M-2BU, M-2BI, M-2RB*, M-2SB*, M-2TB* and M-2UB*",M-2BI,,To Early Redemption Date,yes,5,0.50%,0.00%,5.02
Weighted Average Life Tables,142,"Class M-2B, M-2BR, M-2BS, M-2BT, M-2BU, M-2BI, M-2RB*, M-2SB*, M-2TB* and M-2UB*",M-2BI,,To Early Redemption Date,yes,10,0.50%,0.00%,5.02
Weighted Average Life Tables,142,"Class M-2B, M-2BR, M-2BS, M-2BT, M-2BU, M-2BI, M-2RB*, M-2SB*, M-2TB* and M-2UB*",M-2BI,,To Early Redemption Date,yes,15,0.50%,0.00%,4.75
Weighted Average Life Tables,142,"Class M-2B, M-2BR, M-2BS, M-2BT, M-2BU, M-2BI, M-2RB*, M-2SB*, M-2TB* and M-2UB*",M-2BI,,To Early Redemption Date,yes,25,0.50%,0.00%,2.51
Weighted Average Life Tables,142,"Class M-2B, M-2BR, M-2BS, M-2BT, M-2BU, M-2BI, M-2RB*, M-2SB*, M-2TB* and M-2UB*",M-2BI,,To Early Redemption Date,yes,35,0.50%,0.00%,1.62
Weighted Average Life Tables,142,"Class M-2B, M-2BR, M-2BS, M-2BT, M-2BU, M-2BI, M-2RB*, M-2SB*, M-2TB* and M-2UB*",M-2RB,*,To Scheduled Maturity Date,no,0,0.50%,0.00%,15.74
Weighted Average Life Tables,142,"Class M-2B, M-2BR, M-2BS, M-2BT, M-2BU, M-2BI, M-2RB*, M-2SB*, M-2TB* and M-2UB*",M-2RB,*,To Scheduled Maturity Date,no,5,0.50%,0.00%,20.02
Weighted Average Life Tables,142,"Class M-2B, M-2BR, M-2BS, M-2BT, M-2BU, M-2BI, M-2RB*, M-2SB*, M-2TB* and M-2UB*",M-2RB,*,To Scheduled Maturity Date,no,10,0.50%,0.00%,8.81
Weighted Average Life Tables,142,"Class M-2B, M-2BR, M-2BS, M-2BT, M-2BU, M-2BI, M-2RB*, M-2SB*, M-2TB* and M-2UB*",M-2RB,*,To Scheduled Maturity Date,no,15,0.50%,0.00%,4.83
Weighted Average Life Tables,142,"Class M-2B, M-2BR, M-2BS, M-2BT, M-2BU, M-2BI, M-2RB*, M-2SB*, M-2TB* and M-2UB*",M-2RB,*,To Scheduled Maturity Date,no,25,0.50%,0.00%,2.51
Weighted Average Life Tables,142,"Class M-2B, M-2BR, M-2BS, M-2BT, M-2BU, M-2BI, M-2RB*, M-2SB*, M-2TB* and M-2UB*",M-2RB,*,To Scheduled Maturity Date,no,35,0.50%,0.00%,1.62
Weighted Average Life Tables,142,"Class M-2B, M-2BR, M-2BS, M-2BT, M-2BU, M-2BI, M-2RB*, M-2SB*, M-2TB* and M-2UB*",M-2RB,*,To Early Redemption Date,yes,0,0.50%,0.00%,5.02
Weighted Average Life Tables,142,"Class M-2B, M-2BR, M-2BS, M-2BT, M-2BU, M-2BI, M-2RB*, M-2SB*, M-2TB* and M-2UB*",M-2RB,*,To Early Redemption Date,yes,5,0.50%,0.00%,5.02
Weighted Average Life Tables,142,"Class M-2B, M-2BR, M-2BS, M-2BT, M-2BU, M-2BI, M-2RB*, M-2SB*, M-2TB* and M-2UB*",M-2RB,*,To Early Redemption Date,yes,10,0.50%,0.00%,5.02
Weighted Average Life Tables,142,"Class M-2B, M-2BR, M-2BS, M-2BT, M-2BU, M-2BI, M-2RB*, M-2SB*, M-2TB* and M-2UB*",M-2RB,*,To Early Redemption Date,yes,15,0.50%,0.00%,4.75
Weighted Average Life Tables,142,"Class M-2B, M-2BR, M-2BS, M-2BT, M-2BU, M-2BI, M-2RB*, M-2SB*, M-2TB* and M-2UB*",M-2RB,*,To Early Redemption Date,yes,25,0.50%,0.00%,2.51
Weighted Average Life Tables,142,"Class M-2B, M-2BR, M-2BS, M-2BT, M-2BU, M-2BI, M-2RB*, M-2SB*, M-2TB* and M-2UB*",M-2RB,*,To Early Redemption Date,yes,35,0.50%,0.00%,1.62
Weighted Average Life Tables,142,"Class M-2B, M-2BR, M-2BS, M-2BT, M-2BU, M-2BI, M-2RB*, M-2SB*, M-2TB* and M-2UB*",M-2SB,*,To Scheduled Maturity Date,no,0,0.50%,0.00%,15.74
Weighted Average Life Tables,142,"Class M-2B, M-2BR, M-2BS, M-2BT, M-2BU, M-2BI, M-2RB*, M-2SB*, M-2TB* and M-2UB*",M-2SB,*,To Scheduled Maturity Date,no,5,0.50%,0.00%,20.02
Weighted Average Life Tables,142,"Class M-2B, M-2BR, M-2BS, M-2BT, M-2BU, M-2BI, M-2RB*, M-2SB*, M-2TB* and M-2UB*",M-2SB,*,To Scheduled Maturity Date,no,10,0.50%,0.00%,8.81
Weighted Average Life Tables,142,"Class M-2B, M-2BR, M-2BS, M-2BT, M-2BU, M-2BI, M-2RB*, M-2SB*, M-2TB* and M-2UB*",M-2SB,*,To Scheduled Maturity Date,no,15,0.50%,0.00%,4.83
Weighted Average Life Tables,142,"Class M-2B, M-2BR, M-2BS, M-2BT, M-2BU, M-2BI, M-2RB*, M-2SB*, M-2TB* and M-2UB*",M-2SB,*,To Scheduled Maturity Date,no,25,0.50%,0.00%,2.51
Weighted Average Life Tables,142,"Class M-2B, M-2BR, M-2BS, M-2BT, M-2BU, M-2BI, M-2RB*, M-2SB*, M-2TB* and M-2UB*",M-2SB,*,To Scheduled Maturity Date,no,35,0.50%,0.00%,1.62
Weighted Average Life Tables,142,"Class M-2B, M-2BR, M-2BS, M-2BT, M-2BU, M-2BI, M-2RB*, M-2SB*, M-2TB* and M-2UB*",M-2SB,*,To Early Redemption Date,yes,0,0.50%,0.00%,5.02
Weighted Average Life Tables,142,"Class M-2B, M-2BR, M-2BS, M-2BT, M-2BU, M-2BI, M-2RB*, M-2SB*, M-2TB* and M-2UB*",M-2SB,*,To Early Redemption Date,yes,5,0.50%,0.00%,5.02
Weighted Average Life Tables,142,"Class M-2B, M-2BR, M-2BS, M-2BT, M-2BU, M-2BI, M-2RB*, M-2SB*, M-2TB* and M-2UB*",M-2SB,*,To Early Redemption Date,yes,10,0.50%,0.00%,5.02
Weighted Average Life Tables,142,"Class M-2B, M-2BR, M-2BS, M-2BT, M-2BU, M-2BI, M-2RB*, M-2SB*, M-2TB* and M-2UB*",M-2SB,*,To Early Redemption Date,yes,15,0.50%,0.00%,4.75
Weighted Average Life Tables,142,"Class M-2B, M-2BR, M-2BS, M-2BT, M-2BU, M-2BI, M-2RB*, M-2SB*, M-2TB* and M-2UB*",M-2SB,*,To Early Redemption Date,yes,25,0.50%,0.00%,2.51
Weighted Average Life Tables,142,"Class M-2B, M-2BR, M-2BS, M-2BT, M-2BU, M-2BI, M-2RB*, M-2SB*, M-2TB* and M-2UB*",M-2SB,*,To Early Redemption Date,yes,35,0.50%,0.00%,1.62
Weighted Average Life Tables,142,"Class M-2B, M-2BR, M-2BS, M-2BT, M-2BU, M-2BI, M-2RB*, M-2SB*, M-2TB* and M-2UB*",M-2TB,*,To Scheduled Maturity Date,no,0,0.50%,0.00%,15.74
Weighted Average Life Tables,142,"Class M-2B, M-2BR, M-2BS, M-2BT, M-2BU, M-2BI, M-2RB*, M-2SB*, M-2TB* and M-2UB*",M-2TB,*,To Scheduled Maturity Date,no,5,0.50%,0.00%,20.02
Weighted Average Life Tables,142,"Class M-2B, M-2BR, M-2BS, M-2BT, M-2BU, M-2BI, M-2RB*, M-2SB*, M-2TB* and M-2UB*",M-2TB,*,To Scheduled Maturity Date,no,10,0.50%,0.00%,8.81
Weighted Average Life Tables,142,"Class M-2B, M-2BR, M-2BS, M-2BT, M-2BU, M-2BI, M-2RB*, M-2SB*, M-2TB* and M-2UB*",M-2TB,*,To Scheduled Maturity Date,no,15,0.50%,0.00%,4.83
Weighted Average Life Tables,142,"Class M-2B, M-2BR, M-2BS, M-2BT, M-2BU, M-2BI, M-2RB*, M-2SB*, M-2TB* and M-2UB*",M-2TB,*,To Scheduled Maturity Date,no,25,0.50%,0.00%,2.51
Weighted Average Life Tables,142,"Class M-2B, M-2BR, M-2BS, M-2BT, M-2BU, M-2BI, M-2RB*, M-2SB*, M-2TB* and M-2UB*",M-2TB,*,To Scheduled Maturity Date,no,35,0.50%,0.00%,1.62
Weighted Average Life Tables,142,"Class M-2B, M-2BR, M-2BS, M-2BT, M-2BU, M-2BI, M-2RB*, M-2SB*, M-2TB* and M-2UB*",M-2TB,*,To Early Redemption Date,yes,0,0.50%,0.00%,5.02
Weighted Average Life Tables,142,"Class M-2B, M-2BR, M-2BS, M-2BT, M-2BU, M-2BI, M-2RB*, M-2SB*, M-2TB* and M-2UB*",M-2TB,*,To Early Redemption Date,yes,5,0.50%,0.00%,5.02
Weighted Average Life Tables,142,"Class M-2B, M-2BR, M-2BS, M-2BT, M-2BU, M-2BI, M-2RB*, M-2SB*, M-2TB* and M-2UB*",M-2TB,*,To Early Redemption Date,yes,10,0.50%,0.00%,5.02
Weighted Average Life Tables,142,"Class M-2B, M-2BR, M-2BS, M-2BT, M-2BU, M-2BI, M-2RB*, M-2SB*, M-2TB* and M-2UB*",M-2TB,*,To Early Redemption Date,yes,15,0.50%,0.00%,4.75
Weighted Average Life Tables,142,"Class M-2B, M-2BR, M-2BS, M-2BT, M-2BU, M-2BI, M-2RB*, M-2SB*, M-2TB* and M-2UB*",M-2TB,*,To Early Redemption Date,yes,25,0.50%,0.00%,2.51
Weighted Average Life Tables,142,"Class M-2B, M-2BR, M-2BS, M-2BT, M-2BU, M-2BI, M-2RB*, M-2SB*, M-2TB* and M-2UB*",M-2TB,*,To Early Redemption Date,yes,35,0.50%,0.00%,1.62
Weighted Average Life Tables,142,"Class M-2B, M-2BR, M-2BS, M-2BT, M-2BU, M-2BI, M-2RB*, M-2SB*, M-2TB* and M-2UB*",M-2UB,*,To Scheduled Maturity Date,no,0,0.50%,0.00%,15.74
Weighted Average Life Tables,142,"Class M-2B, M-2BR, M-2BS, M-2BT, M-2BU, M-2BI, M-2RB*, M-2SB*, M-2TB* and M-2UB*",M-2UB,*,To Scheduled Maturity Date,no,5,0.50%,0.00%,20.02
Weighted Average Life Tables,142,"Class M-2B, M-2BR, M-2BS, M-2BT, M-2BU, M-2BI, M-2RB*, M-2SB*, M-2TB* and M-2UB*",M-2UB,*,To Scheduled Maturity Date,no,10,0.50%,0.00%,8.81
Weighted Average Life Tables,142,"Class M-2B, M-2BR, M-2BS, M-2BT, M-2BU, M-2BI, M-2RB*, M-2SB*, M-2TB* and M-2UB*",M-2UB,*,To Scheduled Maturity Date,no,15,0.50%,0.00%,4.83
Weighted Average Life Tables,142,"Class M-2B, M-2BR, M-2BS, M-2BT, M-2BU, M-2BI, M-2RB*, M-2SB*, M-2TB* and M-2UB*",M-2UB,*,To Scheduled Maturity Date,no,25,0.50%,0.00%,2.51
Weighted Average Life Tables,142,"Class M-2B, M-2BR, M-2BS, M-2BT, M-2BU, M-2BI, M-2RB*, M-2SB*, M-2TB* and M-2UB*",M-2UB,*,To Scheduled Maturity Date,no,35,0.50%,0.00%,1.62
Weighted Average Life Tables,142,"Class M-2B, M-2BR, M-2BS, M-2BT, M-2BU, M-2BI, M-2RB*, M-2SB*, M-2TB* and M-2UB*",M-2UB,*,To Early Redemption Date,yes,0,0.50%,0.00%,5.02
Weighted Average Life Tables,142,"Class M-2B, M-2BR, M-2BS, M-2BT, M-2BU, M-2BI, M-2RB*, M-2SB*, M-2TB* and M-2UB*",M-2UB,*,To Early Redemption Date,yes,5,0.50%,0.00%,5.02
Weighted Average Life Tables,142,"Class M-2B, M-2BR, M-2BS, M-2BT, M-2BU, M-2BI, M-2RB*, M-2SB*, M-2TB* and M-2UB*",M-2UB,*,To Early Redemption Date,yes,10,0.50%,0.00%,5.02
Weighted Average Life Tables,142,"Class M-2B, M-2BR, M-2BS, M-2BT, M-2BU, M-2BI, M-2RB*, M-2SB*, M-2TB* and M-2UB*",M-2UB,*,To Early Redemption Date,yes,15,0.50%,0.00%,4.75
Weighted Average Life Tables,142,"Class M-2B, M-2BR, M-2BS, M-2BT, M-2BU, M-2BI, M-2RB*, M-2SB*, M-2TB* and M-2UB*",M-2UB,*,To Early Redemption Date,yes,25,0.50%,0.00%,2.51
Weighted Average Life Tables,142,"Class M-2B, M-2BR, M-2BS, M-2BT, M-2BU, M-2BI, M-2RB*, M-2SB*, M-2TB* and M-2UB*",M-2UB,*,To Early Redemption Date,yes,35,0.50%,0.00%,1.62
Weighted Average Life Tables,142,"Class M-2B, M-2BR, M-2BS, M-2BT, M-2BU, M-2BI, M-2RB*, M-2SB*, M-2TB* and M-2UB*",M-2B,,To Scheduled Maturity Date,no,0,1.00%,0.00%,7.17
Weighted Average Life Tables,142,"Class M-2B, M-2BR, M-2BS, M-2BT, M-2BU, M-2BI, M-2RB*, M-2SB*, M-2TB* and M-2UB*",M-2B,,To Scheduled Maturity Date,no,5,1.00%,0.00%,9.12
Weighted Average Life Tables,142,"Class M-2B, M-2BR, M-2BS, M-2BT, M-2BU, M-2BI, M-2RB*, M-2SB*, M-2TB* and M-2UB*",M-2B,,To Scheduled Maturity Date,no,10,1.00%,0.00%,15.63
Weighted Average Life Tables,142,"Class M-2B, M-2BR, M-2BS, M-2BT, M-2BU, M-2BI, M-2RB*, M-2SB*, M-2TB* and M-2UB*",M-2B,,To Scheduled Maturity Date,no,15,1.00%,0.00%,13.11
Weighted Average Life Tables,142,"Class M-2B, M-2BR, M-2BS, M-2BT, M-2BU, M-2BI, M-2RB*, M-2SB*, M-2TB* and M-2UB*",M-2B,,To Scheduled Maturity Date,no,25,1.00%,0.00%,6.76
Weighted Average Life Tables,142,"Class M-2B, M-2BR, M-2BS, M-2BT, M-2BU, M-2BI, M-2RB*, M-2SB*, M-2TB* and M-2UB*",M-2B,,To Scheduled Maturity Date,no,35,1.00%,0.00%,4.41
Weighted Average Life Tables,142,"Class M-2B, M-2BR, M-2BS, M-2BT, M-2BU, M-2BI, M-2RB*, M-2SB*, M-2TB* and M-2UB*",M-2B,,To Early Redemption Date,yes,0,1.00%,0.00%,5.02
Weighted Average Life Tables,142,"Class M-2B, M-2BR, M-2BS, M-2BT, M-2BU, M-2BI, M-2RB*, M-2SB*, M-2TB* and M-2UB*",M-2B,,To Early Redemption Date,yes,5,1.00%,0.00%,5.02
Weighted Average Life Tables,142,"Class M-2B, M-2BR, M-2BS, M-2BT, M-2BU, M-2BI, M-2RB*, M-2SB*, M-2TB* and M-2UB*",M-2B,,To Early Redemption Date,yes,10,1.00%,0.00%,5.02
Weighted Average Life Tables,142,"Class M-2B, M-2BR, M-2BS, M-2BT, M-2BU, M-2BI, M-2RB*, M-2SB*, M-2TB* and M-2UB*",M-2B,,To Early Redemption Date,yes,15,1.00%,0.00%,5.02
Weighted Average Life Tables,142,"Class M-2B, M-2BR, M-2BS, M-2BT, M-2BU, M-2BI, M-2RB*, M-2SB*, M-2TB* and M-2UB*",M-2B,,To Early Redemption Date,yes,25,1.00%,0.00%,5.02
Weighted Average Life Tables,142,"Class M-2B, M-2BR, M-2BS, M-2BT, M-2BU, M-2BI, M-2RB*, M-2SB*, M-2TB* and M-2UB*",M-2B,,To Early Redemption Date,yes,35,1.00%,0.00%,4.41
Weighted Average Life Tables,142,"Class M-2B, M-2BR, M-2BS, M-2BT, M-2BU, M-2BI, M-2RB*, M-2SB*, M-2TB* and M-2UB*",M-2BR,,To Scheduled Maturity Date,no,0,1.00%,0.00%,7.17
Weighted Average Life Tables,142,"Class M-2B, M-2BR, M-2BS, M-2BT, M-2BU, M-2BI, M-2RB*, M-2SB*, M-2TB* and M-2UB*",M-2BR,,To Scheduled Maturity Date,no,5,1.00%,0.00%,9.12
Weighted Average Life Tables,142,"Class M-2B, M-2BR, M-2BS, M-2BT, M-2BU, M-2BI, M-2RB*, M-2SB*, M-2TB* and M-2UB*",M-2BR,,To Scheduled Maturity Date,no,10,1.00%,0.00%,15.63
Weighted Average Life Tables,142,"Class M-2B, M-2BR, M-2BS, M-2BT, M-2BU, M-2BI, M-2RB*, M-2SB*, M-2TB* and M-2UB*",M-2BR,,To Scheduled Maturity Date,no,15,1.00%,0.00%,13.11
Weighted Average Life Tables,142,"Class M-2B, M-2BR, M-2BS, M-2BT, M-2BU, M-2BI, M-2RB*, M-2SB*, M-2TB* and M-2UB*",M-2BR,,To Scheduled Maturity Date,no,25,1.00%,0.00%,6.76
Weighted Average Life Tables,142,"Class M-2B, M-2BR, M-2BS, M-2BT, M-2BU, M-2BI, M-2RB*, M-2SB*, M-2TB* and M-2UB*",M-2BR,,To Scheduled Maturity Date,no,35,1.00%,0.00%,4.41
Weighted Average Life Tables,142,"Class M-2B, M-2BR, M-2BS, M-2BT, M-2BU, M-2BI, M-2RB*, M-2SB*, M-2TB* and M-2UB*",M-2BR,,To Early Redemption Date,yes,0,1.00%,0.00%,5.02
Weighted Average Life Tables,142,"Class M-2B, M-2BR, M-2BS, M-2BT, M-2BU, M-2BI, M-2RB*, M-2SB*, M-2TB* and M-2UB*",M-2BR,,To Early Redemption Date,yes,5,1.00%,0.00%,5.02
Weighted Average Life Tables,142,"Class M-2B, M-2BR, M-2BS, M-2BT, M-2BU, M-2BI, M-2RB*, M-2SB*, M-2TB* and M-2UB*",M-2BR,,To Early Redemption Date,yes,10,1.00%,0.00%,5.02
Weighted Average Life Tables,142,"Class M-2B, M-2BR, M-2BS, M-2BT, M-2BU, M-2BI, M-2RB*, M-2SB*, M-2TB* and M-2UB*",M-2BR,,To Early Redemption Date,yes,15,1.00%,0.00%,5.02
Weighted Average Life Tables,142,"Class M-2B, M-2BR, M-2BS, M-2BT, M-2BU, M-2BI, M-2RB*, M-2SB*, M-2TB* and M-2UB*",M-2BR,,To Early Redemption Date,yes,25,1.00%,0.00%,5.02
Weighted Average Life Tables,142,"Class M-2B, M-2BR, M-2BS, M-2BT, M-2BU, M-2BI, M-2RB*, M-2SB*, M-2TB* and M-2UB*",M-2BR,,To Early Redemption Date,yes,35,1.00%,0.00%,4.41
Weighted Average Life Tables,142,"Class M-2B, M-2BR, M-2BS, M-2BT, M-2BU, M-2BI, M-2RB*, M-2SB*, M-2TB* and M-2UB*",M-2BS,,To Scheduled Maturity Date,no,0,1.00%,0.00%,7.17
Weighted Average Life Tables,142,"Class M-2B, M-2BR, M-2BS, M-2BT, M-2BU, M-2BI, M-2RB*, M-2SB*, M-2TB* and M-2UB*",M-2BS,,To Scheduled Maturity Date,no,5,1.00%,0.00%,9.12
Weighted Average Life Tables,142,"Class M-2B, M-2BR, M-2BS, M-2BT, M-2BU, M-2BI, M-2RB*, M-2SB*, M-2TB* and M-2UB*",M-2BS,,To Scheduled Maturity Date,no,10,1.00%,0.00%,15.63
Weighted Average Life Tables,142,"Class M-2B, M-2BR, M-2BS, M-2BT, M-2BU, M-2BI, M-2RB*, M-2SB*, M-2TB* and M-2UB*",M-2BS,,To Scheduled Maturity Date,no,15,1.00%,0.00%,13.11
Weighted Average Life Tables,142,"Class M-2B, M-2BR, M-2BS, M-2BT, M-2BU, M-2BI, M-2RB*, M-2SB*, M-2TB* and M-2UB*",M-2BS,,To Scheduled Maturity Date,no,25,1.00%,0.00%,6.76
Weighted Average Life Tables,142,"Class M-2B, M-2BR, M-2BS, M-2BT, M-2BU, M-2BI, M-2RB*, M-2SB*, M-2TB* and M-2UB*",M-2BS,,To Scheduled Maturity Date,no,35,1.00%,0.00%,4.41
Weighted Average Life Tables,142,"Class M-2B, M-2BR, M-2BS, M-2BT, M-2BU, M-2BI, M-2RB*, M-2SB*, M-2TB* and M-2UB*",M-2BS,,To Early Redemption Date,yes,0,1.00%,0.00%,5.02
Weighted Average Life Tables,142,"Class M-2B, M-2BR, M-2BS, M-2BT, M-2BU, M-2BI, M-2RB*, M-2SB*, M-2TB* and M-2UB*",M-2BS,,To Early Redemption Date,yes,5,1.00%,0.00%,5.02
Weighted Average Life Tables,142,"Class M-2B, M-2BR, M-2BS, M-2BT, M-2BU, M-2BI, M-2RB*, M-2SB*, M-2TB* and M-2UB*",M-2BS,,To Early Redemption Date,yes,10,1.00%,0.00%,5.02
Weighted Average Life Tables,142,"Class M-2B, M-2BR, M-2BS, M-2BT, M-2BU, M-2BI, M-2RB*, M-2SB*, M-2TB* and M-2UB*",M-2BS,,To Early Redemption Date,yes,15,1.00%,0.00%,5.02
Weighted Average Life Tables,142,"Class M-2B, M-2BR, M-2BS, M-2BT, M-2BU, M-2BI, M-2RB*, M-2SB*, M-2TB* and M-2UB*",M-2BS,,To Early Redemption Date,yes,25,1.00%,0.00%,5.02
Weighted Average Life Tables,142,"Class M-2B, M-2BR, M-2BS, M-2BT, M-2BU, M-2BI, M-2RB*, M-2SB*, M-2TB* and M-2UB*",M-2BS,,To Early Redemption Date,yes,35,1.00%,0.00%,4.41
Weighted Average Life Tables,142,"Class M-2B, M-2BR, M-2BS, M-2BT, M-2BU, M-2BI, M-2RB*, M-2SB*, M-2TB* and M-2UB*",M-2BT,,To Scheduled Maturity Date,no,0,1.00%,0.00%,7.17
Weighted Average Life Tables,142,"Class M-2B, M-2BR, M-2BS, M-2BT, M-2BU, M-2BI, M-2RB*, M-2SB*, M-2TB* and M-2UB*",M-2BT,,To Scheduled Maturity Date,no,5,1.00%,0.00%,9.12
Weighted Average Life Tables,142,"Class M-2B, M-2BR, M-2BS, M-2BT, M-2BU, M-2BI, M-2RB*, M-2SB*, M-2TB* and M-2UB*",M-2BT,,To Scheduled Maturity Date,no,10,1.00%,0.00%,15.63
Weighted Average Life Tables,142,"Class M-2B, M-2BR, M-2BS, M-2BT, M-2BU, M-2BI, M-2RB*, M-2SB*, M-2TB* and M-2UB*",M-2BT,,To Scheduled Maturity Date,no,15,1.00%,0.00%,13.11
Weighted Average Life Tables,142,"Class M-2B, M-2BR, M-2BS, M-2BT, M-2BU, M-2BI, M-2RB*, M-2SB*, M-2TB* and M-2UB*",M-2BT,,To Scheduled Maturity Date,no,25,1.00%,0.00%,6.76
Weighted Average Life Tables,142,"Class M-2B, M-2BR, M-2BS, M-2BT, M-2BU, M-2BI, M-2RB*, M-2SB*, M-2TB* and M-2UB*",M-2BT,,To Scheduled Maturity Date,no,35,1.00%,0.00%,4.41
Weighted Average Life Tables,142,"Class M-2B, M-2BR, M-2BS, M-2BT, M-2BU, M-2BI, M-2RB*, M-2SB*, M-2TB* and M-2UB*",M-2BT,,To Early Redemption Date,yes,0,1.00%,0.00%,5.02
Weighted Average Life Tables,142,"Class M-2B, M-2BR, M-2BS, M-2BT, M-2BU, M-2BI, M-2RB*, M-2SB*, M-2TB* and M-2UB*",M-2BT,,To Early Redemption Date,yes,5,1.00%,0.00%,5.02
Weighted Average Life Tables,142,"Class M-2B, M-2BR, M-2BS, M-2BT, M-2BU, M-2BI, M-2RB*, M-2SB*, M-2TB* and M-2UB*",M-2BT,,To Early Redemption Date,yes,10,1.00%,0.00%,5.02
Weighted Average Life Tables,142,"Class M-2B, M-2BR, M-2BS, M-2BT, M-2BU, M-2BI, M-2RB*, M-2SB*, M-2TB* and M-2UB*",M-2BT,,To Early Redemption Date,yes,15,1.00%,0.00%,5.02
Weighted Average Life Tables,142,"Class M-2B, M-2BR, M-2BS, M-2BT, M-2BU, M-2BI, M-2RB*, M-2SB*, M-2TB* and M-2UB*",M-2BT,,To Early Redemption Date,yes,25,1.00%,0.00%,5.02
Weighted Average Life Tables,142,"Class M-2B, M-2BR, M-2BS, M-2BT, M-2BU, M-2BI, M-2RB*, M-2SB*, M-2TB* and M-2UB*",M-2BT,,To Early Redemption Date,yes,35,1.00%,0.00%,4.41
Weighted Average Life Tables,142,"Class M-2B, M-2BR, M-2BS, M-2BT, M-2BU, M-2BI, M-2RB*, M-2SB*, M-2TB* and M-2UB*",M-2BU,,To Scheduled Maturity Date,no,0,1.00%,0.00%,7.17
Weighted Average Life Tables,142,"Class M-2B, M-2BR, M-2BS, M-2BT, M-2BU, M-2BI, M-2RB*, M-2SB*, M-2TB* and M-2UB*",M-2BU,,To Scheduled Maturity Date,no,5,1.00%,0.00%,9.12
Weighted Average Life Tables,142,"Class M-2B, M-2BR, M-2BS, M-2BT, M-2BU, M-2BI, M-2RB*, M-2SB*, M-2TB* and M-2UB*",M-2BU,,To Scheduled Maturity Date,no,10,1.00%,0.00%,15.63
Weighted Average Life Tables,142,"Class M-2B, M-2BR, M-2BS, M-2BT, M-2BU, M-2BI, M-2RB*, M-2SB*, M-2TB* and M-2UB*",M-2BU,,To Scheduled Maturity Date,no,15,1.00%,0.00%,13.11
Weighted Average Life Tables,142,"Class M-2B, M-2BR, M-2BS, M-2BT, M-2BU, M-2BI, M-2RB*, M-2SB*, M-2TB* and M-2UB*",M-2BU,,To Scheduled Maturity Date,no,25,1.00%,0.00%,6.76
Weighted Average Life Tables,142,"Class M-2B, M-2BR, M-2BS, M-2BT, M-2BU, M-2BI, M-2RB*, M-2SB*, M-2TB* and M-2UB*",M-2BU,,To Scheduled Maturity Date,no,35,1.00%,0.00%,4.41
Weighted Average Life Tables,142,"Class M-2B, M-2BR, M-2BS, M-2BT, M-2BU, M-2BI, M-2RB*, M-2SB*, M-2TB* and M-2UB*",M-2BU,,To Early Redemption Date,yes,0,1.00%,0.00%,5.02
Weighted Average Life Tables,142,"Class M-2B, M-2BR, M-2BS, M-2BT, M-2BU, M-2BI, M-2RB*, M-2SB*, M-2TB* and M-2UB*",M-2BU,,To Early Redemption Date,yes,5,1.00%,0.00%,5.02
Weighted Average Life Tables,142,"Class M-2B, M-2BR, M-2BS, M-2BT, M-2BU, M-2BI, M-2RB*, M-2SB*, M-2TB* and M-2UB*",M-2BU,,To Early Redemption Date,yes,10,1.00%,0.00%,5.02
Weighted Average Life Tables,142,"Class M-2B, M-2BR, M-2BS, M-2BT, M-2BU, M-2BI, M-2RB*, M-2SB*, M-2TB* and M-2UB*",M-2BU,,To Early Redemption Date,yes,15,1.00%,0.00%,5.02
Weighted Average Life Tables,142,"Class M-2B, M-2BR, M-2BS, M-2BT, M-2BU, M-2BI, M-2RB*, M-2SB*, M-2TB* and M-2UB*",M-2BU,,To Early Redemption Date,yes,25,1.00%,0.00%,5.02
Weighted Average Life Tables,142,"Class M-2B, M-2BR, M-2BS, M-2BT, M-2BU, M-2BI, M-2RB*, M-2SB*, M-2TB* and M-2UB*",M-2BU,,To Early Redemption Date,yes,35,1.00%,0.00%,4.41
Weighted Average Life Tables,142,"Class M-2B, M-2BR, M-2BS, M-2BT, M-2BU, M-2BI, M-2RB*, M-2SB*, M-2TB* and M-2UB*",M-2BI,,To Scheduled Maturity Date,no,0,1.00%,0.00%,7.17
Weighted Average Life Tables,142,"Class M-2B, M-2BR, M-2BS, M-2BT, M-2BU, M-2BI, M-2RB*, M-2SB*, M-2TB* and M-2UB*",M-2BI,,To Scheduled Maturity Date,no,5,1.00%,0.00%,9.12
Weighted Average Life Tables,142,"Class M-2B, M-2BR, M-2BS, M-2BT, M-2BU, M-2BI, M-2RB*, M-2SB*, M-2TB* and M-2UB*",M-2BI,,To Scheduled Maturity Date,no,10,1.00%,0.00%,15.63
Weighted Average Life Tables,142,"Class M-2B, M-2BR, M-2BS, M-2BT, M-2BU, M-2BI, M-2RB*, M-2SB*, M-2TB* and M-2UB*",M-2BI,,To Scheduled Maturity Date,no,15,1.00%,0.00%,13.11
Weighted Average Life Tables,142,"Class M-2B, M-2BR, M-2BS, M-2BT, M-2BU, M-2BI, M-2RB*, M-2SB*, M-2TB* and M-2UB*",M-2BI,,To Scheduled Maturity Date,no,25,1.00%,0.00%,6.76
Weighted Average Life Tables,142,"Class M-2B, M-2BR, M-2BS, M-2BT, M-2BU, M-2BI, M-2RB*, M-2SB*, M-2TB* and M-2UB*",M-2BI,,To Scheduled Maturity Date,no,35,1.00%,0.00%,4.41
Weighted Average Life Tables,142,"Class M-2B, M-2BR, M-2BS, M-2BT, M-2BU, M-2BI, M-2RB*, M-2SB*, M-2TB* and M-2UB*",M-2BI,,To Early Redemption Date,yes,0,1.00%,0.00%,5.02
Weighted Average Life Tables,142,"Class M-2B, M-2BR, M-2BS, M-2BT, M-2BU, M-2BI, M-2RB*, M-2SB*, M-2TB* and M-2UB*",M-2BI,,To Early Redemption Date,yes,5,1.00%,0.00%,5.02
Weighted Average Life Tables,142,"Class M-2B, M-2BR, M-2BS, M-2BT, M-2BU, M-2BI, M-2RB*, M-2SB*, M-2TB* and M-2UB*",M-2BI,,To Early Redemption Date,yes,10,1.00%,0.00%,5.02
Weighted Average Life Tables,142,"Class M-2B, M-2BR, M-2BS, M-2BT, M-2BU, M-2BI, M-2RB*, M-2SB*, M-2TB* and M-2UB*",M-2BI,,To Early Redemption Date,yes,15,1.00%,0.00%,5.02
Weighted Average Life Tables,142,"Class M-2B, M-2BR, M-2BS, M-2BT, M-2BU, M-2BI, M-2RB*, M-2SB*, M-2TB* and M-2UB*",M-2BI,,To Early Redemption Date,yes,25,1.00%,0.00%,5.02
Weighted Average Life Tables,142,"Class M-2B, M-2BR, M-2BS, M-2BT, M-2BU, M-2BI, M-2RB*, M-2SB*, M-2TB* and M-2UB*",M-2BI,,To Early Redemption Date,yes,35,1.00%,0.00%,4.41
Weighted Average Life Tables,142,"Class M-2B, M-2BR, M-2BS, M-2BT, M-2BU, M-2BI, M-2RB*, M-2SB*, M-2TB* and M-2UB*",M-2RB,*,To Scheduled Maturity Date,no,0,1.00%,0.00%,7.17
Weighted Average Life Tables,142,"Class M-2B, M-2BR, M-2BS, M-2BT, M-2BU, M-2BI, M-2RB*, M-2SB*, M-2TB* and M-2UB*",M-2RB,*,To Scheduled Maturity Date,no,5,1.00%,0.00%,9.12
Weighted Average Life Tables,142,"Class M-2B, M-2BR, M-2BS, M-2BT, M-2BU, M-2BI, M-2RB*, M-2SB*, M-2TB* and M-2UB*",M-2RB,*,To Scheduled Maturity Date,no,10,1.00%,0.00%,15.63
Weighted Average Life Tables,142,"Class M-2B, M-2BR, M-2BS, M-2BT, M-2BU, M-2BI, M-2RB*, M-2SB*, M-2TB* and M-2UB*",M-2RB,*,To Scheduled Maturity Date,no,15,1.00%,0.00%,13.11
Weighted Average Life Tables,142,"Class M-2B, M-2BR, M-2BS, M-2BT, M-2BU, M-2BI, M-2RB*, M-2SB*, M-2TB* and M-2UB*",M-2RB,*,To Scheduled Maturity Date,no,25,1.00%,0.00%,6.76
Weighted Average Life Tables,142,"Class M-2B, M-2BR, M-2BS, M-2BT, M-2BU, M-2BI, M-2RB*, M-2SB*, M-2TB* and M-2UB*",M-2RB,*,To Scheduled Maturity Date,no,35,1.00%,0.00%,4.41
Weighted Average Life Tables,142,"Class M-2B, M-2BR, M-2BS, M-2BT, M-2BU, M-2BI, M-2RB*, M-2SB*, M-2TB* and M-2UB*",M-2RB,*,To Early Redemption Date,yes,0,1.00%,0.00%,5.02
Weighted Average Life Tables,142,"Class M-2B, M-2BR, M-2BS, M-2BT, M-2BU, M-2BI, M-2RB*, M-2SB*, M-2TB* and M-2UB*",M-2RB,*,To Early Redemption Date,yes,5,1.00%,0.00%,5.02
Weighted Average Life Tables,142,"Class M-2B, M-2BR, M-2BS, M-2BT, M-2BU, M-2BI, M-2RB*, M-2SB*, M-2TB* and M-2UB*",M-2RB,*,To Early Redemption Date,yes,10,1.00%,0.00%,5.02
Weighted Average Life Tables,142,"Class M-2B, M-2BR, M-2BS, M-2BT, M-2BU, M-2BI, M-2RB*, M-2SB*, M-2TB* and M-2UB*",M-2RB,*,To Early Redemption Date,yes,15,1.00%,0.00%,5.02
Weighted Average Life Tables,142,"Class M-2B, M-2BR, M-2BS, M-2BT, M-2BU, M-2BI, M-2RB*, M-2SB*, M-2TB* and M-2UB*",M-2RB,*,To Early Redemption Date,yes,25,1.00%,0.00%,5.02
Weighted Average Life Tables,142,"Class M-2B, M-2BR, M-2BS, M-2BT, M-2BU, M-2BI, M-2RB*, M-2SB*, M-2TB* and M-2UB*",M-2RB,*,To Early Redemption Date,yes,35,1.00%,0.00%,4.41
Weighted Average Life Tables,142,"Class M-2B, M-2BR, M-2BS, M-2BT, M-2BU, M-2BI, M-2RB*, M-2SB*, M-2TB* and M-2UB*",M-2SB,*,To Scheduled Maturity Date,no,0,1.00%,0.00%,7.17
Weighted Average Life Tables,142,"Class M-2B, M-2BR, M-2BS, M-2BT, M-2BU, M-2BI, M-2RB*, M-2SB*, M-2TB* and M-2UB*",M-2SB,*,To Scheduled Maturity Date,no,5,1.00%,0.00%,9.12
Weighted Average Life Tables,142,"Class M-2B, M-2BR, M-2BS, M-2BT, M-2BU, M-2BI, M-2RB*, M-2SB*, M-2TB* and M-2UB*",M-2SB,*,To Scheduled Maturity Date,no,10,1.00%,0.00%,15.63
Weighted Average Life Tables,142,"Class M-2B, M-2BR, M-2BS, M-2BT, M-2BU, M-2BI, M-2RB*, M-2SB*, M-2TB* and M-2UB*",M-2SB,*,To Scheduled Maturity Date,no,15,1.00%,0.00%,13.11
Weighted Average Life Tables,142,"Class M-2B, M-2BR, M-2BS, M-2BT, M-2BU, M-2BI, M-2RB*, M-2SB*, M-2TB* and M-2UB*",M-2SB,*,To Scheduled Maturity Date,no,25,1.00%,0.00%,6.76
Weighted Average Life Tables,142,"Class M-2B, M-2BR, M-2BS, M-2BT, M-2BU, M-2BI, M-2RB*, M-2SB*, M-2TB* and M-2UB*",M-2SB,*,To Scheduled Maturity Date,no,35,1.00%,0.00%,4.41
Weighted Average Life Tables,142,"Class M-2B, M-2BR, M-2BS, M-2BT, M-2BU, M-2BI, M-2RB*, M-2SB*, M-2TB* and M-2UB*",M-2SB,*,To Early Redemption Date,yes,0,1.00%,0.00%,5.02
Weighted Average Life Tables,142,"Class M-2B, M-2BR, M-2BS, M-2BT, M-2BU, M-2BI, M-2RB*, M-2SB*, M-2TB* and M-2UB*",M-2SB,*,To Early Redemption Date,yes,5,1.00%,0.00%,5.02
Weighted Average Life Tables,142,"Class M-2B, M-2BR, M-2BS, M-2BT, M-2BU, M-2BI, M-2RB*, M-2SB*, M-2TB* and M-2UB*",M-2SB,*,To Early Redemption Date,yes,10,1.00%,0.00%,5.02
Weighted Average Life Tables,142,"Class M-2B, M-2BR, M-2BS, M-2BT, M-2BU, M-2BI, M-2RB*, M-2SB*, M-2TB* and M-2UB*",M-2SB,*,To Early Redemption Date,yes,15,1.00%,0.00%,5.02
Weighted Average Life Tables,142,"Class M-2B, M-2BR, M-2BS, M-2BT, M-2BU, M-2BI, M-2RB*, M-2SB*, M-2TB* and M-2UB*",M-2SB,*,To Early Redemption Date,yes,25,1.00%,0.00%,5.02
Weighted Average Life Tables,142,"Class M-2B, M-2BR, M-2BS, M-2BT, M-2BU, M-2BI, M-2RB*, M-2SB*, M-2TB* and M-2UB*",M-2SB,*,To Early Redemption Date,yes,35,1.00%,0.00%,4.41
Weighted Average Life Tables,142,"Class M-2B, M-2BR, M-2BS, M-2BT, M-2BU, M-2BI, M-2RB*, M-2SB*, M-2TB* and M-2UB*",M-2TB,*,To Scheduled Maturity Date,no,0,1.00%,0.00%,7.17
Weighted Average Life Tables,142,"Class M-2B, M-2BR, M-2BS, M-2BT, M-2BU, M-2BI, M-2RB*, M-2SB*, M-2TB* and M-2UB*",M-2TB,*,To Scheduled Maturity Date,no,5,1.00%,0.00%,9.12
Weighted Average Life Tables,142,"Class M-2B, M-2BR, M-2BS, M-2BT, M-2BU, M-2BI, M-2RB*, M-2SB*, M-2TB* and M-2UB*",M-2TB,*,To Scheduled Maturity Date,no,10,1.00%,0.00%,15.63
Weighted Average Life Tables,142,"Class M-2B, M-2BR, M-2BS, M-2BT, M-2BU, M-2BI, M-2RB*, M-2SB*, M-2TB* and M-2UB*",M-2TB,*,To Scheduled Maturity Date,no,15,1.00%,0.00%,13.11
Weighted Average Life Tables,142,"Class M-2B, M-2BR, M-2BS, M-2BT, M-2BU, M-2BI, M-2RB*, M-2SB*, M-2TB* and M-2UB*",M-2TB,*,To Scheduled Maturity Date,no,25,1.00%,0.00%,6.76
Weighted Average Life Tables,142,"Class M-2B, M-2BR, M-2BS, M-2BT, M-2BU, M-2BI, M-2RB*, M-2SB*, M-2TB* and M-2UB*",M-2TB,*,To Scheduled Maturity Date,no,35,1.00%,0.00%,4.41
Weighted Average Life Tables,142,"Class M-2B, M-2BR, M-2BS, M-2BT, M-2BU, M-2BI, M-2RB*, M-2SB*, M-2TB* and M-2UB*",M-2TB,*,To Early Redemption Date,yes,0,1.00%,0.00%,5.02
Weighted Average Life Tables,142,"Class M-2B, M-2BR, M-2BS, M-2BT, M-2BU, M-2BI, M-2RB*, M-2SB*, M-2TB* and M-2UB*",M-2TB,*,To Early Redemption Date,yes,5,1.00%,0.00%,5.02
Weighted Average Life Tables,142,"Class M-2B, M-2BR, M-2BS, M-2BT, M-2BU, M-2BI, M-2RB*, M-2SB*, M-2TB* and M-2UB*",M-2TB,*,To Early Redemption Date,yes,10,1.00%,0.00%,5.02
Weighted Average Life Tables,142,"Class M-2B, M-2BR, M-2BS, M-2BT, M-2BU, M-2BI, M-2RB*, M-2SB*, M-2TB* and M-2UB*",M-2TB,*,To Early Redemption Date,yes,15,1.00%,0.00%,5.02
Weighted Average Life Tables,142,"Class M-2B, M-2BR, M-2BS, M-2BT, M-2BU, M-2BI, M-2RB*, M-2SB*, M-2TB* and M-2UB*",M-2TB,*,To Early Redemption Date,yes,25,1.00%,0.00%,5.02
Weighted Average Life Tables,142,"Class M-2B, M-2BR, M-2BS, M-2BT, M-2BU, M-2BI, M-2RB*, M-2SB*, M-2TB* and M-2UB*",M-2TB,*,To Early Redemption Date,yes,35,1.00%,0.00%,4.41
Weighted Average Life Tables,142,"Class M-2B, M-2BR, M-2BS, M-2BT, M-2BU, M-2BI, M-2RB*, M-2SB*, M-2TB* and M-2UB*",M-2UB,*,To Scheduled Maturity Date,no,0,1.00%,0.00%,7.17
Weighted Average Life Tables,142,"Class M-2B, M-2BR, M-2BS, M-2BT, M-2BU, M-2BI, M-2RB*, M-2SB*, M-2TB* and M-2UB*",M-2UB,*,To Scheduled Maturity Date,no,5,1.00%,0.00%,9.12
Weighted Average Life Tables,142,"Class M-2B, M-2BR, M-2BS, M-2BT, M-2BU, M-2BI, M-2RB*, M-2SB*, M-2TB* and M-2UB*",M-2UB,*,To Scheduled Maturity Date,no,10,1.00%,0.00%,15.63
Weighted Average Life Tables,142,"Class M-2B, M-2BR, M-2BS, M-2BT, M-2BU, M-2BI, M-2RB*, M-2SB*, M-2TB* and M-2UB*",M-2UB,*,To Scheduled Maturity Date,no,15,1.00%,0.00%,13.11
Weighted Average Life Tables,142,"Class M-2B, M-2BR, M-2BS, M-2BT, M-2BU, M-2BI, M-2RB*, M-2SB*, M-2TB* and M-2UB*",M-2UB,*,To Scheduled Maturity Date,no,25,1.00%,0.00%,6.76
Weighted Average Life Tables,142,"Class M-2B, M-2BR, M-2BS, M-2BT, M-2BU, M-2BI, M-2RB*, M-2SB*, M-2TB* and M-2UB*",M-2UB,*,To Scheduled Maturity Date,no,35,1.00%,0.00%,4.41
Weighted Average Life Tables,142,"Class M-2B, M-2BR, M-2BS, M-2BT, M-2BU, M-2BI, M-2RB*, M-2SB*, M-2TB* and M-2UB*",M-2UB,*,To Early Redemption Date,yes,0,1.00%,0.00%,5.02
Weighted Average Life Tables,142,"Class M-2B, M-2BR, M-2BS, M-2BT, M-2BU, M-2BI, M-2RB*, M-2SB*, M-2TB* and M-2UB*",M-2UB,*,To Early Redemption Date,yes,5,1.00%,0.00%,5.02
Weighted Average Life Tables,142,"Class M-2B, M-2BR, M-2BS, M-2BT, M-2BU, M-2BI, M-2RB*, M-2SB*, M-2TB* and M-2UB*",M-2UB,*,To Early Redemption Date,yes,10,1.00%,0.00%,5.02
Weighted Average Life Tables,142,"Class M-2B, M-2BR, M-2BS, M-2BT, M-2BU, M-2BI, M-2RB*, M-2SB*, M-2TB* and M-2UB*",M-2UB,*,To Early Redemption Date,yes,15,1.00%,0.00%,5.02
Weighted Average Life Tables,142,"Class M-2B, M-2BR, M-2BS, M-2BT, M-2BU, M-2BI, M-2RB*, M-2SB*, M-2TB* and M-2UB*",M-2UB,*,To Early Redemption Date,yes,25,1.00%,0.00%,5.02
Weighted Average Life Tables,142,"Class M-2B, M-2BR, M-2BS, M-2BT, M-2BU, M-2BI, M-2RB*, M-2SB*, M-2TB* and M-2UB*",M-2UB,*,To Early Redemption Date,yes,35,1.00%,0.00%,4.41
Weighted Average Life Tables,142,"Class M-2B, M-2BR, M-2BS, M-2BT, M-2BU, M-2BI, M-2RB*, M-2SB*, M-2TB* and M-2UB*",M-2B,,To Scheduled Maturity Date,no,0,1.50%,0.00%,4.67
Weighted Average Life Tables,142,"Class M-2B, M-2BR, M-2BS, M-2BT, M-2BU, M-2BI, M-2RB*, M-2SB*, M-2TB* and M-2UB*",M-2B,,To Scheduled Maturity Date,no,5,1.50%,0.00%,5.37
Weighted Average Life Tables,142,"Class M-2B, M-2BR, M-2BS, M-2BT, M-2BU, M-2BI, M-2RB*, M-2SB*, M-2TB* and M-2UB*",M-2B,,To Scheduled Maturity Date,no,10,1.50%,0.00%,6.57
Weighted Average Life Tables,142,"Class M-2B, M-2BR, M-2BS, M-2BT, M-2BU, M-2BI, M-2RB*, M-2SB*, M-2TB* and M-2UB*",M-2B,,To Scheduled Maturity Date,no,15,1.50%,0.00%,9.56
Weighted Average Life Tables,142,"Class M-2B, M-2BR, M-2BS, M-2BT, M-2BU, M-2BI, M-2RB*, M-2SB*, M-2TB* and M-2UB*",M-2B,,To Scheduled Maturity Date,no,25,1.50%,0.00%,7.08
Weighted Average Life Tables,142,"Class M-2B, M-2BR, M-2BS, M-2BT, M-2BU, M-2BI, M-2RB*, M-2SB*, M-2TB* and M-2UB*",M-2B,,To Scheduled Maturity Date,no,35,1.50%,0.00%,4.60
Weighted Average Life Tables,142,"Class M-2B, M-2BR, M-2BS, M-2BT, M-2BU, M-2BI, M-2RB*, M-2SB*, M-2TB* and M-2UB*",M-2B,,To Early Redemption Date,yes,0,1.50%,0.00%,4.67
Weighted Average Life Tables,142,"Class M-2B, M-2BR, M-2BS, M-2BT, M-2BU, M-2BI, M-2RB*, M-2SB*, M-2TB* and M-2UB*",M-2B,,To Early Redemption Date,yes,5,1.50%,0.00%,5.02
Weighted Average Life Tables,142,"Class M-2B, M-2BR, M-2BS, M-2BT, M-2BU, M-2BI, M-2RB*, M-2SB*, M-2TB* and M-2UB*",M-2B,,To Early Redemption Date,yes,10,1.50%,0.00%,5.02
Weighted Average Life Tables,142,"Class M-2B, M-2BR, M-2BS, M-2BT, M-2BU, M-2BI, M-2RB*, M-2SB*, M-2TB* and M-2UB*",M-2B,,To Early Redemption Date,yes,15,1.50%,0.00%,5.02
Weighted Average Life Tables,142,"Class M-2B, M-2BR, M-2BS, M-2BT, M-2BU, M-2BI, M-2RB*, M-2SB*, M-2TB* and M-2UB*",M-2B,,To Early Redemption Date,yes,25,1.50%,0.00%,5.02
Weighted Average Life Tables,142,"Class M-2B, M-2BR, M-2BS, M-2BT, M-2BU, M-2BI, M-2RB*, M-2SB*, M-2TB* and M-2UB*",M-2B,,To Early Redemption Date,yes,35,1.50%,0.00%,4.60
Weighted Average Life Tables,142,"Class M-2B, M-2BR, M-2BS, M-2BT, M-2BU, M-2BI, M-2RB*, M-2SB*, M-2TB* and M-2UB*",M-2BR,,To Scheduled Maturity Date,no,0,1.50%,0.00%,4.67
Weighted Average Life Tables,142,"Class M-2B, M-2BR, M-2BS, M-2BT, M-2BU, M-2BI, M-2RB*, M-2SB*, M-2TB* and M-2UB*",M-2BR,,To Scheduled Maturity Date,no,5,1.50%,0.00%,5.37
Weighted Average Life Tables,142,"Class M-2B, M-2BR, M-2BS, M-2BT, M-2BU, M-2BI, M-2RB*, M-2SB*, M-2TB* and M-2UB*",M-2BR,,To Scheduled Maturity Date,no,10,1.50%,0.00%,6.57
Weighted Average Life Tables,142,"Class M-2B, M-2BR, M-2BS, M-2BT, M-2BU, M-2BI, M-2RB*, M-2SB*, M-2TB* and M-2UB*",M-2BR,,To Scheduled Maturity Date,no,15,1.50%,0.00%,9.56
Weighted Average Life Tables,142,"Class M-2B, M-2BR, M-2BS, M-2BT, M-2BU, M-2BI, M-2RB*, M-2SB*, M-2TB* and M-2UB*",M-2BR,,To Scheduled Maturity Date,no,25,1.50%,0.00%,7.08
Weighted Average Life Tables,142,"Class M-2B, M-2BR, M-2BS, M-2BT, M-2BU, M-2BI, M-2RB*, M-2SB*, M-2TB* and M-2UB*",M-2BR,,To Scheduled Maturity Date,no,35,1.50%,0.00%,4.60
Weighted Average Life Tables,142,"Class M-2B, M-2BR, M-2BS, M-2BT, M-2BU, M-2BI, M-2RB*, M-2SB*, M-2TB* and M-2UB*",M-2BR,,To Early Redemption Date,yes,0,1.50%,0.00%,4.67
Weighted Average Life Tables,142,"Class M-2B, M-2BR, M-2BS, M-2BT, M-2BU, M-2BI, M-2RB*, M-2SB*, M-2TB* and M-2UB*",M-2BR,,To Early Redemption Date,yes,5,1.50%,0.00%,5.02
Weighted Average Life Tables,142,"Class M-2B, M-2BR, M-2BS, M-2BT, M-2BU, M-2BI, M-2RB*, M-2SB*, M-2TB* and M-2UB*",M-2BR,,To Early Redemption Date,yes,10,1.50%,0.00%,5.02
Weighted Average Life Tables,142,"Class M-2B, M-2BR, M-2BS, M-2BT, M-2BU, M-2BI, M-2RB*, M-2SB*, M-2TB* and M-2UB*",M-2BR,,To Early Redemption Date,yes,15,1.50%,0.00%,5.02
Weighted Average Life Tables,142,"Class M-2B, M-2BR, M-2BS, M-2BT, M-2BU, M-2BI, M-2RB*, M-2SB*, M-2TB* and M-2UB*",M-2BR,,To Early Redemption Date,yes,25,1.50%,0.00%,5.02
Weighted Average Life Tables,142,"Class M-2B, M-2BR, M-2BS, M-2BT, M-2BU, M-2BI, M-2RB*, M-2SB*, M-2TB* and M-2UB*",M-2BR,,To Early Redemption Date,yes,35,1.50%,0.00%,4.60
Weighted Average Life Tables,142,"Class M-2B, M-2BR, M-2BS, M-2BT, M-2BU, M-2BI, M-2RB*, M-2SB*, M-2TB* and M-2UB*",M-2BS,,To Scheduled Maturity Date,no,0,1.50%,0.00%,4.67
Weighted Average Life Tables,142,"Class M-2B, M-2BR, M-2BS, M-2BT, M-2BU, M-2BI, M-2RB*, M-2SB*, M-2TB* and M-2UB*",M-2BS,,To Scheduled Maturity Date,no,5,1.50%,0.00%,5.37
Weighted Average Life Tables,142,"Class M-2B, M-2BR, M-2BS, M-2BT, M-2BU, M-2BI, M-2RB*, M-2SB*, M-2TB* and M-2UB*",M-2BS,,To Scheduled Maturity Date,no,10,1.50%,0.00%,6.57
Weighted Average Life Tables,142,"Class M-2B, M-2BR, M-2BS, M-2BT, M-2BU, M-2BI, M-2RB*, M-2SB*, M-2TB* and M-2UB*",M-2BS,,To Scheduled Maturity Date,no,15,1.50%,0.00%,9.56
Weighted Average Life Tables,142,"Class M-2B, M-2BR, M-2BS, M-2BT, M-2BU, M-2BI, M-2RB*, M-2SB*, M-2TB* and M-2UB*",M-2BS,,To Scheduled Maturity Date,no,25,1.50%,0.00%,7.08
Weighted Average Life Tables,142,"Class M-2B, M-2BR, M-2BS, M-2BT, M-2BU, M-2BI, M-2RB*, M-2SB*, M-2TB* and M-2UB*",M-2BS,,To Scheduled Maturity Date,no,35,1.50%,0.00%,4.60
Weighted Average Life Tables,142,"Class M-2B, M-2BR, M-2BS, M-2BT, M-2BU, M-2BI, M-2RB*, M-2SB*, M-2TB* and M-2UB*",M-2BS,,To Early Redemption Date,yes,0,1.50%,0.00%,4.67
Weighted Average Life Tables,142,"Class M-2B, M-2BR, M-2BS, M-2BT, M-2BU, M-2BI, M-2RB*, M-2SB*, M-2TB* and M-2UB*",M-2BS,,To Early Redemption Date,yes,5,1.50%,0.00%,5.02
Weighted Average Life Tables,142,"Class M-2B, M-2BR, M-2BS, M-2BT, M-2BU, M-2BI, M-2RB*, M-2SB*, M-2TB* and M-2UB*",M-2BS,,To Early Redemption Date,yes,10,1.50%,0.00%,5.02
Weighted Average Life Tables,142,"Class M-2B, M-2BR, M-2BS, M-2BT, M-2BU, M-2BI, M-2RB*, M-2SB*, M-2TB* and M-2UB*",M-2BS,,To Early Redemption Date,yes,15,1.50%,0.00%,5.02
Weighted Average Life Tables,142,"Class M-2B, M-2BR, M-2BS, M-2BT, M-2BU, M-2BI, M-2RB*, M-2SB*, M-2TB* and M-2UB*",M-2BS,,To Early Redemption Date,yes,25,1.50%,0.00%,5.02
Weighted Average Life Tables,142,"Class M-2B, M-2BR, M-2BS, M-2BT, M-2BU, M-2BI, M-2RB*, M-2SB*, M-2TB* and M-2UB*",M-2BS,,To Early Redemption Date,yes,35,1.50%,0.00%,4.60
Weighted Average Life Tables,142,"Class M-2B, M-2BR, M-2BS, M-2BT, M-2BU, M-2BI, M-2RB*, M-2SB*, M-2TB* and M-2UB*",M-2BT,,To Scheduled Maturity Date,no,0,1.50%,0.00%,4.67
Weighted Average Life Tables,142,"Class M-2B, M-2BR, M-2BS, M-2BT, M-2BU, M-2BI, M-2RB*, M-2SB*, M-2TB* and M-2UB*",M-2BT,,To Scheduled Maturity Date,no,5,1.50%,0.00%,5.37
Weighted Average Life Tables,142,"Class M-2B, M-2BR, M-2BS, M-2BT, M-2BU, M-2BI, M-2RB*, M-2SB*, M-2TB* and M-2UB*",M-2BT,,To Scheduled Maturity Date,no,10,1.50%,0.00%,6.57
Weighted Average Life Tables,142,"Class M-2B, M-2BR, M-2BS, M-2BT, M-2BU, M-2BI, M-2RB*, M-2SB*, M-2TB* and M-2UB*",M-2BT,,To Scheduled Maturity Date,no,15,1.50%,0.00%,9.56
Weighted Average Life Tables,142,"Class M-2B, M-2BR, M-2BS, M-2BT, M-2BU, M-2BI, M-2RB*, M-2SB*, M-2TB* and M-2UB*",M-2BT,,To Scheduled Maturity Date,no,25,1.50%,0.00%,7.08
Weighted Average Life Tables,142,"Class M-2B, M-2BR, M-2BS, M-2BT, M-2BU, M-2BI, M-2RB*, M-2SB*, M-2TB* and M-2UB*",M-2BT,,To Scheduled Maturity Date,no,35,1.50%,0.00%,4.60
Weighted Average Life Tables,142,"Class M-2B, M-2BR, M-2BS, M-2BT, M-2BU, M-2BI, M-2RB*, M-2SB*, M-2TB* and M-2UB*",M-2BT,,To Early Redemption Date,yes,0,1.50%,0.00%,4.67
Weighted Average Life Tables,142,"Class M-2B, M-2BR, M-2BS, M-2BT, M-2BU, M-2BI, M-2RB*, M-2SB*, M-2TB* and M-2UB*",M-2BT,,To Early Redemption Date,yes,5,1.50%,0.00%,5.02
Weighted Average Life Tables,142,"Class M-2B, M-2BR, M-2BS, M-2BT, M-2BU, M-2BI, M-2RB*, M-2SB*, M-2TB* and M-2UB*",M-2BT,,To Early Redemption Date,yes,10,1.50%,0.00%,5.02
Weighted Average Life Tables,142,"Class M-2B, M-2BR, M-2BS, M-2BT, M-2BU, M-2BI, M-2RB*, M-2SB*, M-2TB* and M-2UB*",M-2BT,,To Early Redemption Date,yes,15,1.50%,0.00%,5.02
Weighted Average Life Tables,142,"Class M-2B, M-2BR, M-2BS, M-2BT, M-2BU, M-2BI, M-2RB*, M-2SB*, M-2TB* and M-2UB*",M-2BT,,To Early Redemption Date,yes,25,1.50%,0.00%,5.02
Weighted Average Life Tables,142,"Class M-2B, M-2BR, M-2BS, M-2BT, M-2BU, M-2BI, M-2RB*, M-2SB*, M-2TB* and M-2UB*",M-2BT,,To Early Redemption Date,yes,35,1.50%,0.00%,4.60
Weighted Average Life Tables,142,"Class M-2B, M-2BR, M-2BS, M-2BT, M-2BU, M-2BI, M-2RB*, M-2SB*, M-2TB* and M-2UB*",M-2BU,,To Scheduled Maturity Date,no,0,1.50%,0.00%,4.67
Weighted Average Life Tables,142,"Class M-2B, M-2BR, M-2BS, M-2BT, M-2BU, M-2BI, M-2RB*, M-2SB*, M-2TB* and M-2UB*",M-2BU,,To Scheduled Maturity Date,no,5,1.50%,0.00%,5.37
Weighted Average Life Tables,142,"Class M-2B, M-2BR, M-2BS, M-2BT, M-2BU, M-2BI, M-2RB*, M-2SB*, M-2TB* and M-2UB*",M-2BU,,To Scheduled Maturity Date,no,10,1.50%,0.00%,6.57
Weighted Average Life Tables,142,"Class M-2B, M-2BR, M-2BS, M-2BT, M-2BU, M-2BI, M-2RB*, M-2SB*, M-2TB* and M-2UB*",M-2BU,,To Scheduled Maturity Date,no,15,1.50%,0.00%,9.56
Weighted Average Life Tables,142,"Class M-2B, M-2BR, M-2BS, M-2BT, M-2BU, M-2BI, M-2RB*, M-2SB*, M-2TB* and M-2UB*",M-2BU,,To Scheduled Maturity Date,no,25,1.50%,0.00%,7.08
Weighted Average Life Tables,142,"Class M-2B, M-2BR, M-2BS, M-2BT, M-2BU, M-2BI, M-2RB*, M-2SB*, M-2TB* and M-2UB*",M-2BU,,To Scheduled Maturity Date,no,35,1.50%,0.00%,4.60
Weighted Average Life Tables,142,"Class M-2B, M-2BR, M-2BS, M-2BT, M-2BU, M-2BI, M-2RB*, M-2SB*, M-2TB* and M-2UB*",M-2BU,,To Early Redemption Date,yes,0,1.50%,0.00%,4.67
Weighted Average Life Tables,142,"Class M-2B, M-2BR, M-2BS, M-2BT, M-2BU, M-2BI, M-2RB*, M-2SB*, M-2TB* and M-2UB*",M-2BU,,To Early Redemption Date,yes,5,1.50%,0.00%,5.02
Weighted Average Life Tables,142,"Class M-2B, M-2BR, M-2BS, M-2BT, M-2BU, M-2BI, M-2RB*, M-2SB*, M-2TB* and M-2UB*",M-2BU,,To Early Redemption Date,yes,10,1.50%,0.00%,5.02
Weighted Average Life Tables,142,"Class M-2B, M-2BR, M-2BS, M-2BT, M-2BU, M-2BI, M-2RB*, M-2SB*, M-2TB* and M-2UB*",M-2BU,,To Early Redemption Date,yes,15,1.50%,0.00%,5.02
Weighted Average Life Tables,142,"Class M-2B, M-2BR, M-2BS, M-2BT, M-2BU, M-2BI, M-2RB*, M-2SB*, M-2TB* and M-2UB*",M-2BU,,To Early Redemption Date,yes,25,1.50%,0.00%,5.02
Weighted Average Life Tables,142,"Class M-2B, M-2BR, M-2BS, M-2BT, M-2BU, M-2BI, M-2RB*, M-2SB*, M-2TB* and M-2UB*",M-2BU,,To Early Redemption Date,yes,35,1.50%,0.00%,4.60
Weighted Average Life Tables,142,"Class M-2B, M-2BR, M-2BS, M-2BT, M-2BU, M-2BI, M-2RB*, M-2SB*, M-2TB* and M-2UB*",M-2BI,,To Scheduled Maturity Date,no,0,1.50%,0.00%,4.67
Weighted Average Life Tables,142,"Class M-2B, M-2BR, M-2BS, M-2BT, M-2BU, M-2BI, M-2RB*, M-2SB*, M-2TB* and M-2UB*",M-2BI,,To Scheduled Maturity Date,no,5,1.50%,0.00%,5.37
Weighted Average Life Tables,142,"Class M-2B, M-2BR, M-2BS, M-2BT, M-2BU, M-2BI, M-2RB*, M-2SB*, M-2TB* and M-2UB*",M-2BI,,To Scheduled Maturity Date,no,10,1.50%,0.00%,6.57
Weighted Average Life Tables,142,"Class M-2B, M-2BR, M-2BS, M-2BT, M-2BU, M-2BI, M-2RB*, M-2SB*, M-2TB* and M-2UB*",M-2BI,,To Scheduled Maturity Date,no,15,1.50%,0.00%,9.56
Weighted Average Life Tables,142,"Class M-2B, M-2BR, M-2BS, M-2BT, M-2BU, M-2BI, M-2RB*, M-2SB*, M-2TB* and M-2UB*",M-2BI,,To Scheduled Maturity Date,no,25,1.50%,0.00%,7.08
Weighted Average Life Tables,142,"Class M-2B, M-2BR, M-2BS, M-2BT, M-2BU, M-2BI, M-2RB*, M-2SB*, M-2TB* and M-2UB*",M-2BI,,To Scheduled Maturity Date,no,35,1.50%,0.00%,4.60
Weighted Average Life Tables,142,"Class M-2B, M-2BR, M-2BS, M-2BT, M-2BU, M-2BI, M-2RB*, M-2SB*, M-2TB* and M-2UB*",M-2BI,,To Early Redemption Date,yes,0,1.50%,0.00%,4.67
Weighted Average Life Tables,142,"Class M-2B, M-2BR, M-2BS, M-2BT, M-2BU, M-2BI, M-2RB*, M-2SB*, M-2TB* and M-2UB*",M-2BI,,To Early Redemption Date,yes,5,1.50%,0.00%,5.02
Weighted Average Life Tables,142,"Class M-2B, M-2BR, M-2BS, M-2BT, M-2BU, M-2BI, M-2RB*, M-2SB*, M-2TB* and M-2UB*",M-2BI,,To Early Redemption Date,yes,10,1.50%,0.00%,5.02
Weighted Average Life Tables,142,"Class M-2B, M-2BR, M-2BS, M-2BT, M-2BU, M-2BI, M-2RB*, M-2SB*, M-2TB* and M-2UB*",M-2BI,,To Early Redemption Date,yes,15,1.50%,0.00%,5.02
Weighted Average Life Tables,142,"Class M-2B, M-2BR, M-2BS, M-2BT, M-2BU, M-2BI, M-2RB*, M-2SB*, M-2TB* and M-2UB*",M-2BI,,To Early Redemption Date,yes,25,1.50%,0.00%,5.02
Weighted Average Life Tables,142,"Class M-2B, M-2BR, M-2BS, M-2BT, M-2BU, M-2BI, M-2RB*, M-2SB*, M-2TB* and M-2UB*",M-2BI,,To Early Redemption Date,yes,35,1.50%,0.00%,4.60
Weighted Average Life Tables,142,"Class M-2B, M-2BR, M-2BS, M-2BT, M-2BU, M-2BI, M-2RB*, M-2SB*, M-2TB* and M-2UB*",M-2RB,*,To Scheduled Maturity Date,no,0,1.50%,0.00%,4.67
Weighted Average Life Tables,142,"Class M-2B, M-2BR, M-2BS, M-2BT, M-2BU, M-2BI, M-2RB*, M-2SB*, M-2TB* and M-2UB*",M-2RB,*,To Scheduled Maturity Date,no,5,1.50%,0.00%,5.37
Weighted Average Life Tables,142,"Class M-2B, M-2BR, M-2BS, M-2BT, M-2BU, M-2BI, M-2RB*, M-2SB*, M-2TB* and M-2UB*",M-2RB,*,To Scheduled Maturity Date,no,10,1.50%,0.00%,6.57
Weighted Average Life Tables,142,"Class M-2B, M-2BR, M-2BS, M-2BT, M-2BU, M-2BI, M-2RB*, M-2SB*, M-2TB* and M-2UB*",M-2RB,*,To Scheduled Maturity Date,no,15,1.50%,0.00%,9.56
Weighted Average Life Tables,142,"Class M-2B, M-2BR, M-2BS, M-2BT, M-2BU, M-2BI, M-2RB*, M-2SB*, M-2TB* and M-2UB*",M-2RB,*,To Scheduled Maturity Date,no,25,1.50%,0.00%,7.08
Weighted Average Life Tables,142,"Class M-2B, M-2BR, M-2BS, M-2BT, M-2BU, M-2BI, M-2RB*, M-2SB*, M-2TB* and M-2UB*",M-2RB,*,To Scheduled Maturity Date,no,35,1.50%,0.00%,4.60
Weighted Average Life Tables,142,"Class M-2B, M-2BR, M-2BS, M-2BT, M-2BU, M-2BI, M-2RB*, M-2SB*, M-2TB* and M-2UB*",M-2RB,*,To Early Redemption Date,yes,0,1.50%,0.00%,4.67
Weighted Average Life Tables,142,"Class M-2B, M-2BR, M-2BS, M-2BT, M-2BU, M-2BI, M-2RB*, M-2SB*, M-2TB* and M-2UB*",M-2RB,*,To Early Redemption Date,yes,5,1.50%,0.00%,5.02
Weighted Average Life Tables,142,"Class M-2B, M-2BR, M-2BS, M-2BT, M-2BU, M-2BI, M-2RB*, M-2SB*, M-2TB* and M-2UB*",M-2RB,*,To Early Redemption Date,yes,10,1.50%,0.00%,5.02
Weighted Average Life Tables,142,"Class M-2B, M-2BR, M-2BS, M-2BT, M-2BU, M-2BI, M-2RB*, M-2SB*, M-2TB* and M-2UB*",M-2RB,*,To Early Redemption Date,yes,15,1.50%,0.00%,5.02
Weighted Average Life Tables,142,"Class M-2B, M-2BR, M-2BS, M-2BT, M-2BU, M-2BI, M-2RB*, M-2SB*, M-2TB* and M-2UB*",M-2RB,*,To Early Redemption Date,yes,25,1.50%,0.00%,5.02
Weighted Average Life Tables,142,"Class M-2B, M-2BR, M-2BS, M-2BT, M-2BU, M-2BI, M-2RB*, M-2SB*, M-2TB* and M-2UB*",M-2RB,*,To Early Redemption Date,yes,35,1.50%,0.00%,4.60
Weighted Average Life Tables,142,"Class M-2B, M-2BR, M-2BS, M-2BT, M-2BU, M-2BI, M-2RB*, M-2SB*, M-2TB* and M-2UB*",M-2SB,*,To Scheduled Maturity Date,no,0,1.50%,0.00%,4.67
Weighted Average Life Tables,142,"Class M-2B, M-2BR, M-2BS, M-2BT, M-2BU, M-2BI, M-2RB*, M-2SB*, M-2TB* and M-2UB*",M-2SB,*,To Scheduled Maturity Date,no,5,1.50%,0.00%,5.37
Weighted Average Life Tables,142,"Class M-2B, M-2BR, M-2BS, M-2BT, M-2BU, M-2BI, M-2RB*, M-2SB*, M-2TB* and M-2UB*",M-2SB,*,To Scheduled Maturity Date,no,10,1.50%,0.00%,6.57
Weighted Average Life Tables,142,"Class M-2B, M-2BR, M-2BS, M-2BT, M-2BU, M-2BI, M-2RB*, M-2SB*, M-2TB* and M-2UB*",M-2SB,*,To Scheduled Maturity Date,no,15,1.50%,0.00%,9.56
Weighted Average Life Tables,142,"Class M-2B, M-2BR, M-2BS, M-2BT, M-2BU, M-2BI, M-2RB*, M-2SB*, M-2TB* and M-2UB*",M-2SB,*,To Scheduled Maturity Date,no,25,1.50%,0.00%,7.08
Weighted Average Life Tables,142,"Class M-2B, M-2BR, M-2BS, M-2BT, M-2BU, M-2BI, M-2RB*, M-2SB*, M-2TB* and M-2UB*",M-2SB,*,To Scheduled Maturity Date,no,35,1.50%,0.00%,4.60
Weighted Average Life Tables,142,"Class M-2B, M-2BR, M-2BS, M-2BT, M-2BU, M-2BI, M-2RB*, M-2SB*, M-2TB* and M-2UB*",M-2SB,*,To Early Redemption Date,yes,0,1.50%,0.00%,4.67
Weighted Average Life Tables,142,"Class M-2B, M-2BR, M-2BS, M-2BT, M-2BU, M-2BI, M-2RB*, M-2SB*, M-2TB* and M-2UB*",M-2SB,*,To Early Redemption Date,yes,5,1.50%,0.00%,5.02
Weighted Average Life Tables,142,"Class M-2B, M-2BR, M-2BS, M-2BT, M-2BU, M-2BI, M-2RB*, M-2SB*, M-2TB* and M-2UB*",M-2SB,*,To Early Redemption Date,yes,10,1.50%,0.00%,5.02
Weighted Average Life Tables,142,"Class M-2B, M-2BR, M-2BS, M-2BT, M-2BU, M-2BI, M-2RB*, M-2SB*, M-2TB* and M-2UB*",M-2SB,*,To Early Redemption Date,yes,15,1.50%,0.00%,5.02
Weighted Average Life Tables,142,"Class M-2B, M-2BR, M-2BS, M-2BT, M-2BU, M-2BI, M-2RB*, M-2SB*, M-2TB* and M-2UB*",M-2SB,*,To Early Redemption Date,yes,25,1.50%,0.00%,5.02
Weighted Average Life Tables,142,"Class M-2B, M-2BR, M-2BS, M-2BT, M-2BU, M-2BI, M-2RB*, M-2SB*, M-2TB* and M-2UB*",M-2SB,*,To Early Redemption Date,yes,35,1.50%,0.00%,4.60
Weighted Average Life Tables,142,"Class M-2B, M-2BR, M-2BS, M-2BT, M-2BU, M-2BI, M-2RB*, M-2SB*, M-2TB* and M-2UB*",M-2TB,*,To Scheduled Maturity Date,no,0,1.50%,0.00%,4.67
Weighted Average Life Tables,142,"Class M-2B, M-2BR, M-2BS, M-2BT, M-2BU, M-2BI, M-2RB*, M-2SB*, M-2TB* and M-2UB*",M-2TB,*,To Scheduled Maturity Date,no,5,1.50%,0.00%,5.37
Weighted Average Life Tables,142,"Class M-2B, M-2BR, M-2BS, M-2BT, M-2BU, M-2BI, M-2RB*, M-2SB*, M-2TB* and M-2UB*",M-2TB,*,To Scheduled Maturity Date,no,10,1.50%,0.00%,6.57
Weighted Average Life Tables,142,"Class M-2B, M-2BR, M-2BS, M-2BT, M-2BU, M-2BI, M-2RB*, M-2SB*, M-2TB* and M-2UB*",M-2TB,*,To Scheduled Maturity Date,no,15,1.50%,0.00%,9.56
Weighted Average Life Tables,142,"Class M-2B, M-2BR, M-2BS, M-2BT, M-2BU, M-2BI, M-2RB*, M-2SB*, M-2TB* and M-2UB*",M-2TB,*,To Scheduled Maturity Date,no,25,1.50%,0.00%,7.08
Weighted Average Life Tables,142,"Class M-2B, M-2BR, M-2BS, M-2BT, M-2BU, M-2BI, M-2RB*, M-2SB*, M-2TB* and M-2UB*",M-2TB,*,To Scheduled Maturity Date,no,35,1.50%,0.00%,4.60
Weighted Average Life Tables,142,"Class M-2B, M-2BR, M-2BS, M-2BT, M-2BU, M-2BI, M-2RB*, M-2SB*, M-2TB* and M-2UB*",M-2TB,*,To Early Redemption Date,yes,0,1.50%,0.00%,4.67
Weighted Average Life Tables,142,"Class M-2B, M-2BR, M-2BS, M-2BT, M-2BU, M-2BI, M-2RB*, M-2SB*, M-2TB* and M-2UB*",M-2TB,*,To Early Redemption Date,yes,5,1.50%,0.00%,5.02
Weighted Average Life Tables,142,"Class M-2B, M-2BR, M-2BS, M-2BT, M-2BU, M-2BI, M-2RB*, M-2SB*, M-2TB* and M-2UB*",M-2TB,*,To Early Redemption Date,yes,10,1.50%,0.00%,5.02
Weighted Average Life Tables,142,"Class M-2B, M-2BR, M-2BS, M-2BT, M-2BU, M-2BI, M-2RB*, M-2SB*, M-2TB* and M-2UB*",M-2TB,*,To Early Redemption Date,yes,15,1.50%,0.00%,5.02
Weighted Average Life Tables,142,"Class M-2B, M-2BR, M-2BS, M-2BT, M-2BU, M-2BI, M-2RB*, M-2SB*, M-2TB* and M-2UB*",M-2TB,*,To Early Redemption Date,yes,25,1.50%,0.00%,5.02
Weighted Average Life Tables,142,"Class M-2B, M-2BR, M-2BS, M-2BT, M-2BU, M-2BI, M-2RB*, M-2SB*, M-2TB* and M-2UB*",M-2TB,*,To Early Redemption Date,yes,35,1.50%,0.00%,4.60
Weighted Average Life Tables,142,"Class M-2B, M-2BR, M-2BS, M-2BT, M-2BU, M-2BI, M-2RB*, M-2SB*, M-2TB* and M-2UB*",M-2UB,*,To Scheduled Maturity Date,no,0,1.50%,0.00%,4.67
Weighted Average Life Tables,142,"Class M-2B, M-2BR, M-2BS, M-2BT, M-2BU, M-2BI, M-2RB*, M-2SB*, M-2TB* and M-2UB*",M-2UB,*,To Scheduled Maturity Date,no,5,1.50%,0.00%,5.37
Weighted Average Life Tables,142,"Class M-2B, M-2BR, M-2BS, M-2BT, M-2BU, M-2BI, M-2RB*, M-2SB*, M-2TB* and M-2UB*",M-2UB,*,To Scheduled Maturity Date,no,10,1.50%,0.00%,6.57
Weighted Average Life Tables,142,"Class M-2B, M-2BR, M-2BS, M-2BT, M-2BU, M-2BI, M-2RB*, M-2SB*, M-2TB* and M-2UB*",M-2UB,*,To Scheduled Maturity Date,no,15,1.50%,0.00%,9.56
Weighted Average Life Tables,142,"Class M-2B, M-2BR, M-2BS, M-2BT, M-2BU, M-2BI, M-2RB*, M-2SB*, M-2TB* and M-2UB*",M-2UB,*,To Scheduled Maturity Date,no,25,1.50%,0.00%,7.08
Weighted Average Life Tables,142,"Class M-2B, M-2BR, M-2BS, M-2BT, M-2BU, M-2BI, M-2RB*, M-2SB*, M-2TB* and M-2UB*",M-2UB,*,To Scheduled Maturity Date,no,35,1.50%,0.00%,4.60
Weighted Average Life Tables,142,"Class M-2B, M-2BR, M-2BS, M-2BT, M-2BU, M-2BI, M-2RB*, M-2SB*, M-2TB* and M-2UB*",M-2UB,*,To Early Redemption Date,yes,0,1.50%,0.00%,4.67
Weighted Average Life Tables,142,"Class M-2B, M-2BR, M-2BS, M-2BT, M-2BU, M-2BI, M-2RB*, M-2SB*, M-2TB* and M-2UB*",M-2UB,*,To Early Redemption Date,yes,5,1.50%,0.00%,5.02
Weighted Average Life Tables,142,"Class M-2B, M-2BR, M-2BS, M-2BT, M-2BU, M-2BI, M-2RB*, M-2SB*, M-2TB* and M-2UB*",M-2UB,*,To Early Redemption Date,yes,10,1.50%,0.00%,5.02
Weighted Average Life Tables,142,"Class M-2B, M-2BR, M-2BS, M-2BT, M-2BU, M-2BI, M-2RB*, M-2SB*, M-2TB* and M-2UB*",M-2UB,*,To Early Redemption Date,yes,15,1.50%,0.00%,5.02
Weighted Average Life Tables,142,"Class M-2B, M-2BR, M-2BS, M-2BT, M-2BU, M-2BI, M-2RB*, M-2SB*, M-2TB* and M-2UB*",M-2UB,*,To Early Redemption Date,yes,25,1.50%,0.00%,5.02
Weighted Average Life Tables,142,"Class M-2B, M-2BR, M-2BS, M-2BT, M-2BU, M-2BI, M-2RB*, M-2SB*, M-2TB* and M-2UB*",M-2UB,*,To Early Redemption Date,yes,35,1.50%,0.00%,4.60
Weighted Average Life Tables,142,"Class M-2B, M-2BR, M-2BS, M-2BT, M-2BU, M-2BI, M-2RB*, M-2SB*, M-2TB* and M-2UB*",M-2B,,To Scheduled Maturity Date,no,0,2.50%,0.00%,2.74
Weighted Average Life Tables,142,"Class M-2B, M-2BR, M-2BS, M-2BT, M-2BU, M-2BI, M-2RB*, M-2SB*, M-2TB* and M-2UB*",M-2B,,To Scheduled Maturity Date,no,5,2.50%,0.00%,2.96
Weighted Average Life Tables,142,"Class M-2B, M-2BR, M-2BS, M-2BT, M-2BU, M-2BI, M-2RB*, M-2SB*, M-2TB* and M-2UB*",M-2B,,To Scheduled Maturity Date,no,10,2.50%,0.00%,3.26
Weighted Average Life Tables,142,"Class M-2B, M-2BR, M-2BS, M-2BT, M-2BU, M-2BI, M-2RB*, M-2SB*, M-2TB* and M-2UB*",M-2B,,To Scheduled Maturity Date,no,15,2.50%,0.00%,3.67
Weighted Average Life Tables,142,"Class M-2B, M-2BR, M-2BS, M-2BT, M-2BU, M-2BI, M-2RB*, M-2SB*, M-2TB* and M-2UB*",M-2B,,To Scheduled Maturity Date,no,25,2.50%,0.00%,5.79
Weighted Average Life Tables,142,"Class M-2B, M-2BR, M-2BS, M-2BT, M-2BU, M-2BI, M-2RB*, M-2SB*, M-2TB* and M-2UB*",M-2B,,To Scheduled Maturity Date,no,35,2.50%,0.00%,5.68
Weighted Average Life Tables,142,"Class M-2B, M-2BR, M-2BS, M-2BT, M-2BU, M-2BI, M-2RB*, M-2SB*, M-2TB* and M-2UB*",M-2B,,To Early Redemption Date,yes,0,2.50%,0.00%,2.74
Weighted Average Life Tables,142,"Class M-2B, M-2BR, M-2BS, M-2BT, M-2BU, M-2BI, M-2RB*, M-2SB*, M-2TB* and M-2UB*",M-2B,,To Early Redemption Date,yes,5,2.50%,0.00%,2.96
Weighted Average Life Tables,142,"Class M-2B, M-2BR, M-2BS, M-2BT, M-2BU, M-2BI, M-2RB*, M-2SB*, M-2TB* and M-2UB*",M-2B,,To Early Redemption Date,yes,10,2.50%,0.00%,3.26
Weighted Average Life Tables,142,"Class M-2B, M-2BR, M-2BS, M-2BT, M-2BU, M-2BI, M-2RB*, M-2SB*, M-2TB* and M-2UB*",M-2B,,To Early Redemption Date,yes,15,2.50%,0.00%,3.67
Weighted Average Life Tables,142,"Class M-2B, M-2BR, M-2BS, M-2BT, M-2BU, M-2BI, M-2RB*, M-2SB*, M-2TB* and M-2UB*",M-2B,,To Early Redemption Date,yes,25,2.50%,0.00%,5.00
Weighted Average Life Tables,142,"Class M-2B, M-2BR, M-2BS, M-2BT, M-2BU, M-2BI, M-2RB*, M-2SB*, M-2TB* and M-2UB*",M-2B,,To Early Redemption Date,yes,35,2.50%,0.00%,4.86
Weighted Average Life Tables,142,"Class M-2B, M-2BR, M-2BS, M-2BT, M-2BU, M-2BI, M-2RB*, M-2SB*, M-2TB* and M-2UB*",M-2BR,,To Scheduled Maturity Date,no,0,2.50%,0.00%,2.74
Weighted Average Life Tables,142,"Class M-2B, M-2BR, M-2BS, M-2BT, M-2BU, M-2BI, M-2RB*, M-2SB*, M-2TB* and M-2UB*",M-2BR,,To Scheduled Maturity Date,no,5,2.50%,0.00%,2.96
Weighted Average Life Tables,142,"Class M-2B, M-2BR, M-2BS, M-2BT, M-2BU, M-2BI, M-2RB*, M-2SB*, M-2TB* and M-2UB*",M-2BR,,To Scheduled Maturity Date,no,10,2.50%,0.00%,3.26
Weighted Average Life Tables,142,"Class M-2B, M-2BR, M-2BS, M-2BT, M-2BU, M-2BI, M-2RB*, M-2SB*, M-2TB* and M-2UB*",M-2BR,,To Scheduled Maturity Date,no,15,2.50%,0.00%,3.67
Weighted Average Life Tables,142,"Class M-2B, M-2BR, M-2BS, M-2BT, M-2BU, M-2BI, M-2RB*, M-2SB*, M-2TB* and M-2UB*",M-2BR,,To Scheduled Maturity Date,no,25,2.50%,0.00%,5.79
Weighted Average Life Tables,142,"Class M-2B, M-2BR, M-2BS, M-2BT, M-2BU, M-2BI, M-2RB*, M-2SB*, M-2TB* and M-2UB*",M-2BR,,To Scheduled Maturity Date,no,35,2.50%,0.00%,5.68
Weighted Average Life Tables,142,"Class M-2B, M-2BR, M-2BS, M-2BT, M-2BU, M-2BI, M-2RB*, M-2SB*, M-2TB* and M-2UB*",M-2BR,,To Early Redemption Date,yes,0,2.50%,0.00%,2.74
Weighted Average Life Tables,142,"Class M-2B, M-2BR, M-2BS, M-2BT, M-2BU, M-2BI, M-2RB*, M-2SB*, M-2TB* and M-2UB*",M-2BR,,To Early Redemption Date,yes,5,2.50%,0.00%,2.96
Weighted Average Life Tables,142,"Class M-2B, M-2BR, M-2BS, M-2BT, M-2BU, M-2BI, M-2RB*, M-2SB*, M-2TB* and M-2UB*",M-2BR,,To Early Redemption Date,yes,10,2.50%,0.00%,3.26
Weighted Average Life Tables,142,"Class M-2B, M-2BR, M-2BS, M-2BT, M-2BU, M-2BI, M-2RB*, M-2SB*, M-2TB* and M-2UB*",M-2BR,,To Early Redemption Date,yes,15,2.50%,0.00%,3.67
Weighted Average Life Tables,142,"Class M-2B, M-2BR, M-2BS, M-2BT, M-2BU, M-2BI, M-2RB*, M-2SB*, M-2TB* and M-2UB*",M-2BR,,To Early Redemption Date,yes,25,2.50%,0.00%,5.00
Weighted Average Life Tables,142,"Class M-2B, M-2BR, M-2BS, M-2BT, M-2BU, M-2BI, M-2RB*, M-2SB*, M-2TB* and M-2UB*",M-2BR,,To Early Redemption Date,yes,35,2.50%,0.00%,4.86
Weighted Average Life Tables,142,"Class M-2B, M-2BR, M-2BS, M-2BT, M-2BU, M-2BI, M-2RB*, M-2SB*, M-2TB* and M-2UB*",M-2BS,,To Scheduled Maturity Date,no,0,2.50%,0.00%,2.74
Weighted Average Life Tables,142,"Class M-2B, M-2BR, M-2BS, M-2BT, M-2BU, M-2BI, M-2RB*, M-2SB*, M-2TB* and M-2UB*",M-2BS,,To Scheduled Maturity Date,no,5,2.50%,0.00%,2.96
Weighted Average Life Tables,142,"Class M-2B, M-2BR, M-2BS, M-2BT, M-2BU, M-2BI, M-2RB*, M-2SB*, M-2TB* and M-2UB*",M-2BS,,To Scheduled Maturity Date,no,10,2.50%,0.00%,3.26
Weighted Average Life Tables,142,"Class M-2B, M-2BR, M-2BS, M-2BT, M-2BU, M-2BI, M-2RB*, M-2SB*, M-2TB* and M-2UB*",M-2BS,,To Scheduled Maturity Date,no,15,2.50%,0.00%,3.67
Weighted Average Life Tables,142,"Class M-2B, M-2BR, M-2BS, M-2BT, M-2BU, M-2BI, M-2RB*, M-2SB*, M-2TB* and M-2UB*",M-2BS,,To Scheduled Maturity Date,no,25,2.50%,0.00%,5.79
Weighted Average Life Tables,142,"Class M-2B, M-2BR, M-2BS, M-2BT, M-2BU, M-2BI, M-2RB*, M-2SB*, M-2TB* and M-2UB*",M-2BS,,To Scheduled Maturity Date,no,35,2.50%,0.00%,5.68
Weighted Average Life Tables,142,"Class M-2B, M-2BR, M-2BS, M-2BT, M-2BU, M-2BI, M-2RB*, M-2SB*, M-2TB* and M-2UB*",M-2BS,,To Early Redemption Date,yes,0,2.50%,0.00%,2.74
Weighted Average Life Tables,142,"Class M-2B, M-2BR, M-2BS, M-2BT, M-2BU, M-2BI, M-2RB*, M-2SB*, M-2TB* and M-2UB*",M-2BS,,To Early Redemption Date,yes,5,2.50%,0.00%,2.96
Weighted Average Life Tables,142,"Class M-2B, M-2BR, M-2BS, M-2BT, M-2BU, M-2BI, M-2RB*, M-2SB*, M-2TB* and M-2UB*",M-2BS,,To Early Redemption Date,yes,10,2.50%,0.00%,3.26
Weighted Average Life Tables,142,"Class M-2B, M-2BR, M-2BS, M-2BT, M-2BU, M-2BI, M-2RB*, M-2SB*, M-2TB* and M-2UB*",M-2BS,,To Early Redemption Date,yes,15,2.50%,0.00%,3.67
Weighted Average Life Tables,142,"Class M-2B, M-2BR, M-2BS, M-2BT, M-2BU, M-2BI, M-2RB*, M-2SB*, M-2TB* and M-2UB*",M-2BS,,To Early Redemption Date,yes,25,2.50%,0.00%,5.00
Weighted Average Life Tables,142,"Class M-2B, M-2BR, M-2BS, M-2BT, M-2BU, M-2BI, M-2RB*, M-2SB*, M-2TB* and M-2UB*",M-2BS,,To Early Redemption Date,yes,35,2.50%,0.00%,4.86
Weighted Average Life Tables,142,"Class M-2B, M-2BR, M-2BS, M-2BT, M-2BU, M-2BI, M-2RB*, M-2SB*, M-2TB* and M-2UB*",M-2BT,,To Scheduled Maturity Date,no,0,2.50%,0.00%,2.74
Weighted Average Life Tables,142,"Class M-2B, M-2BR, M-2BS, M-2BT, M-2BU, M-2BI, M-2RB*, M-2SB*, M-2TB* and M-2UB*",M-2BT,,To Scheduled Maturity Date,no,5,2.50%,0.00%,2.96
Weighted Average Life Tables,142,"Class M-2B, M-2BR, M-2BS, M-2BT, M-2BU, M-2BI, M-2RB*, M-2SB*, M-2TB* and M-2UB*",M-2BT,,To Scheduled Maturity Date,no,10,2.50%,0.00%,3.26
Weighted Average Life Tables,142,"Class M-2B, M-2BR, M-2BS, M-2BT, M-2BU, M-2BI, M-2RB*, M-2SB*, M-2TB* and M-2UB*",M-2BT,,To Scheduled Maturity Date,no,15,2.50%,0.00%,3.67
Weighted Average Life Tables,142,"Class M-2B, M-2BR, M-2BS, M-2BT, M-2BU, M-2BI, M-2RB*, M-2SB*, M-2TB* and M-2UB*",M-2BT,,To Scheduled Maturity Date,no,25,2.50%,0.00%,5.79
Weighted Average Life Tables,142,"Class M-2B, M-2BR, M-2BS, M-2BT, M-2BU, M-2BI, M-2RB*, M-2SB*, M-2TB* and M-2UB*",M-2BT,,To Scheduled Maturity Date,no,35,2.50%,0.00%,5.68
Weighted Average Life Tables,142,"Class M-2B, M-2BR, M-2BS, M-2BT, M-2BU, M-2BI, M-2RB*, M-2SB*, M-2TB* and M-2UB*",M-2BT,,To Early Redemption Date,yes,0,2.50%,0.00%,2.74
Weighted Average Life Tables,142,"Class M-2B, M-2BR, M-2BS, M-2BT, M-2BU, M-2BI, M-2RB*, M-2SB*, M-2TB* and M-2UB*",M-2BT,,To Early Redemption Date,yes,5,2.50%,0.00%,2.96
Weighted Average Life Tables,142,"Class M-2B, M-2BR, M-2BS, M-2BT, M-2BU, M-2BI, M-2RB*, M-2SB*, M-2TB* and M-2UB*",M-2BT,,To Early Redemption Date,yes,10,2.50%,0.00%,3.26
Weighted Average Life Tables,142,"Class M-2B, M-2BR, M-2BS, M-2BT, M-2BU, M-2BI, M-2RB*, M-2SB*, M-2TB* and M-2UB*",M-2BT,,To Early Redemption Date,yes,15,2.50%,0.00%,3.67
Weighted Average Life Tables,142,"Class M-2B, M-2BR, M-2BS, M-2BT, M-2BU, M-2BI, M-2RB*, M-2SB*, M-2TB* and M-2UB*",M-2BT,,To Early Redemption Date,yes,25,2.50%,0.00%,5.00
Weighted Average Life Tables,142,"Class M-2B, M-2BR, M-2BS, M-2BT, M-2BU, M-2BI, M-2RB*, M-2SB*, M-2TB* and M-2UB*",M-2BT,,To Early Redemption Date,yes,35,2.50%,0.00%,4.86
Weighted Average Life Tables,142,"Class M-2B, M-2BR, M-2BS, M-2BT, M-2BU, M-2BI, M-2RB*, M-2SB*, M-2TB* and M-2UB*",M-2BU,,To Scheduled Maturity Date,no,0,2.50%,0.00%,2.74
Weighted Average Life Tables,142,"Class M-2B, M-2BR, M-2BS, M-2BT, M-2BU, M-2BI, M-2RB*, M-2SB*, M-2TB* and M-2UB*",M-2BU,,To Scheduled Maturity Date,no,5,2.50%,0.00%,2.96
Weighted Average Life Tables,142,"Class M-2B, M-2BR, M-2BS, M-2BT, M-2BU, M-2BI, M-2RB*, M-2SB*, M-2TB* and M-2UB*",M-2BU,,To Scheduled Maturity Date,no,10,2.50%,0.00%,3.26
Weighted Average Life Tables,142,"Class M-2B, M-2BR, M-2BS, M-2BT, M-2BU, M-2BI, M-2RB*, M-2SB*, M-2TB* and M-2UB*",M-2BU,,To Scheduled Maturity Date,no,15,2.50%,0.00%,3.67
Weighted Average Life Tables,142,"Class M-2B, M-2BR, M-2BS, M-2BT, M-2BU, M-2BI, M-2RB*, M-2SB*, M-2TB* and M-2UB*",M-2BU,,To Scheduled Maturity Date,no,25,2.50%,0.00%,5.79
Weighted Average Life Tables,142,"Class M-2B, M-2BR, M-2BS, M-2BT, M-2BU, M-2BI, M-2RB*, M-2SB*, M-2TB* and M-2UB*",M-2BU,,To Scheduled Maturity Date,no,35,2.50%,0.00%,5.68
Weighted Average Life Tables,142,"Class M-2B, M-2BR, M-2BS, M-2BT, M-2BU, M-2BI, M-2RB*, M-2SB*, M-2TB* and M-2UB*",M-2BU,,To Early Redemption Date,yes,0,2.50%,0.00%,2.74
Weighted Average Life Tables,142,"Class M-2B, M-2BR, M-2BS, M-2BT, M-2BU, M-2BI, M-2RB*, M-2SB*, M-2TB* and M-2UB*",M-2BU,,To Early Redemption Date,yes,5,2.50%,0.00%,2.96
Weighted Average Life Tables,142,"Class M-2B, M-2BR, M-2BS, M-2BT, M-2BU, M-2BI, M-2RB*, M-2SB*, M-2TB* and M-2UB*",M-2BU,,To Early Redemption Date,yes,10,2.50%,0.00%,3.26
Weighted Average Life Tables,142,"Class M-2B, M-2BR, M-2BS, M-2BT, M-2BU, M-2BI, M-2RB*, M-2SB*, M-2TB* and M-2UB*",M-2BU,,To Early Redemption Date,yes,15,2.50%,0.00%,3.67
Weighted Average Life Tables,142,"Class M-2B, M-2BR, M-2BS, M-2BT, M-2BU, M-2BI, M-2RB*, M-2SB*, M-2TB* and M-2UB*",M-2BU,,To Early Redemption Date,yes,25,2.50%,0.00%,5.00
Weighted Average Life Tables,142,"Class M-2B, M-2BR, M-2BS, M-2BT, M-2BU, M-2BI, M-2RB*, M-2SB*, M-2TB* and M-2UB*",M-2BU,,To Early Redemption Date,yes,35,2.50%,0.00%,4.86
Weighted Average Life Tables,142,"Class M-2B, M-2BR, M-2BS, M-2BT, M-2BU, M-2BI, M-2RB*, M-2SB*, M-2TB* and M-2UB*",M-2BI,,To Scheduled Maturity Date,no,0,2.50%,0.00%,2.74
Weighted Average Life Tables,142,"Class M-2B, M-2BR, M-2BS, M-2BT, M-2BU, M-2BI, M-2RB*, M-2SB*, M-2TB* and M-2UB*",M-2BI,,To Scheduled Maturity Date,no,5,2.50%,0.00%,2.96
Weighted Average Life Tables,142,"Class M-2B, M-2BR, M-2BS, M-2BT, M-2BU, M-2BI, M-2RB*, M-2SB*, M-2TB* and M-2UB*",M-2BI,,To Scheduled Maturity Date,no,10,2.50%,0.00%,3.26
Weighted Average Life Tables,142,"Class M-2B, M-2BR, M-2BS, M-2BT, M-2BU, M-2BI, M-2RB*, M-2SB*, M-2TB* and M-2UB*",M-2BI,,To Scheduled Maturity Date,no,15,2.50%,0.00%,3.67
Weighted Average Life Tables,142,"Class M-2B, M-2BR, M-2BS, M-2BT, M-2BU, M-2BI, M-2RB*, M-2SB*, M-2TB* and M-2UB*",M-2BI,,To Scheduled Maturity Date,no,25,2.50%,0.00%,5.79
Weighted Average Life Tables,142,"Class M-2B, M-2BR, M-2BS, M-2BT, M-2BU, M-2BI, M-2RB*, M-2SB*, M-2TB* and M-2UB*",M-2BI,,To Scheduled Maturity Date,no,35,2.50%,0.00%,5.68
Weighted Average Life Tables,142,"Class M-2B, M-2BR, M-2BS, M-2BT, M-2BU, M-2BI, M-2RB*, M-2SB*, M-2TB* and M-2UB*",M-2BI,,To Early Redemption Date,yes,0,2.50%,0.00%,2.74
Weighted Average Life Tables,142,"Class M-2B, M-2BR, M-2BS, M-2BT, M-2BU, M-2BI, M-2RB*, M-2SB*, M-2TB* and M-2UB*",M-2BI,,To Early Redemption Date,yes,5,2.50%,0.00%,2.96
Weighted Average Life Tables,142,"Class M-2B, M-2BR, M-2BS, M-2BT, M-2BU, M-2BI, M-2RB*, M-2SB*, M-2TB* and M-2UB*",M-2BI,,To Early Redemption Date,yes,10,2.50%,0.00%,3.26
Weighted Average Life Tables,142,"Class M-2B, M-2BR, M-2BS, M-2BT, M-2BU, M-2BI, M-2RB*, M-2SB*, M-2TB* and M-2UB*",M-2BI,,To Early Redemption Date,yes,15,2.50%,0.00%,3.67
Weighted Average Life Tables,142,"Class M-2B, M-2BR, M-2BS, M-2BT, M-2BU, M-2BI, M-2RB*, M-2SB*, M-2TB* and M-2UB*",M-2BI,,To Early Redemption Date,yes,25,2.50%,0.00%,5.00
Weighted Average Life Tables,142,"Class M-2B, M-2BR, M-2BS, M-2BT, M-2BU, M-2BI, M-2RB*, M-2SB*, M-2TB* and M-2UB*",M-2BI,,To Early Redemption Date,yes,35,2.50%,0.00%,4.86
Weighted Average Life Tables,142,"Class M-2B, M-2BR, M-2BS, M-2BT, M-2BU, M-2BI, M-2RB*, M-2SB*, M-2TB* and M-2UB*",M-2RB,*,To Scheduled Maturity Date,no,0,2.50%,0.00%,2.74
Weighted Average Life Tables,142,"Class M-2B, M-2BR, M-2BS, M-2BT, M-2BU, M-2BI, M-2RB*, M-2SB*, M-2TB* and M-2UB*",M-2RB,*,To Scheduled Maturity Date,no,5,2.50%,0.00%,2.96
Weighted Average Life Tables,142,"Class M-2B, M-2BR, M-2BS, M-2BT, M-2BU, M-2BI, M-2RB*, M-2SB*, M-2TB* and M-2UB*",M-2RB,*,To Scheduled Maturity Date,no,10,2.50%,0.00%,3.26
Weighted Average Life Tables,142,"Class M-2B, M-2BR, M-2BS, M-2BT, M-2BU, M-2BI, M-2RB*, M-2SB*, M-2TB* and M-2UB*",M-2RB,*,To Scheduled Maturity Date,no,15,2.50%,0.00%,3.67
Weighted Average Life Tables,142,"Class M-2B, M-2BR, M-2BS, M-2BT, M-2BU, M-2BI, M-2RB*, M-2SB*, M-2TB* and M-2UB*",M-2RB,*,To Scheduled Maturity Date,no,25,2.50%,0.00%,5.79
Weighted Average Life Tables,142,"Class M-2B, M-2BR, M-2BS, M-2BT, M-2BU, M-2BI, M-2RB*, M-2SB*, M-2TB* and M-2UB*",M-2RB,*,To Scheduled Maturity Date,no,35,2.50%,0.00%,5.68
Weighted Average Life Tables,142,"Class M-2B, M-2BR, M-2BS, M-2BT, M-2BU, M-2BI, M-2RB*, M-2SB*, M-2TB* and M-2UB*",M-2RB,*,To Early Redemption Date,yes,0,2.50%,0.00%,2.74
Weighted Average Life Tables,142,"Class M-2B, M-2BR, M-2BS, M-2BT, M-2BU, M-2BI, M-2RB*, M-2SB*, M-2TB* and M-2UB*",M-2RB,*,To Early Redemption Date,yes,5,2.50%,0.00%,2.96
Weighted Average Life Tables,142,"Class M-2B, M-2BR, M-2BS, M-2BT, M-2BU, M-2BI, M-2RB*, M-2SB*, M-2TB* and M-2UB*",M-2RB,*,To Early Redemption Date,yes,10,2.50%,0.00%,3.26
Weighted Average Life Tables,142,"Class M-2B, M-2BR, M-2BS, M-2BT, M-2BU, M-2BI, M-2RB*, M-2SB*, M-2TB* and M-2UB*",M-2RB,*,To Early Redemption Date,yes,15,2.50%,0.00%,3.67
Weighted Average Life Tables,142,"Class M-2B, M-2BR, M-2BS, M-2BT, M-2BU, M-2BI, M-2RB*, M-2SB*, M-2TB* and M-2UB*",M-2RB,*,To Early Redemption Date,yes,25,2.50%,0.00%,5.00
Weighted Average Life Tables,142,"Class M-2B, M-2BR, M-2BS, M-2BT, M-2BU, M-2BI, M-2RB*, M-2SB*, M-2TB* and M-2UB*",M-2RB,*,To Early Redemption Date,yes,35,2.50%,0.00%,4.86
Weighted Average Life Tables,142,"Class M-2B, M-2BR, M-2BS, M-2BT, M-2BU, M-2BI, M-2RB*, M-2SB*, M-2TB* and M-2UB*",M-2SB,*,To Scheduled Maturity Date,no,0,2.50%,0.00%,2.74
Weighted Average Life Tables,142,"Class M-2B, M-2BR, M-2BS, M-2BT, M-2BU, M-2BI, M-2RB*, M-2SB*, M-2TB* and M-2UB*",M-2SB,*,To Scheduled Maturity Date,no,5,2.50%,0.00%,2.96
Weighted Average Life Tables,142,"Class M-2B, M-2BR, M-2BS, M-2BT, M-2BU, M-2BI, M-2RB*, M-2SB*, M-2TB* and M-2UB*",M-2SB,*,To Scheduled Maturity Date,no,10,2.50%,0.00%,3.26
Weighted Average Life Tables,142,"Class M-2B, M-2BR, M-2BS, M-2BT, M-2BU, M-2BI, M-2RB*, M-2SB*, M-2TB* and M-2UB*",M-2SB,*,To Scheduled Maturity Date,no,15,2.50%,0.00%,3.67
Weighted Average Life Tables,142,"Class M-2B, M-2BR, M-2BS, M-2BT, M-2BU, M-2BI, M-2RB*, M-2SB*, M-2TB* and M-2UB*",M-2SB,*,To Scheduled Maturity Date,no,25,2.50%,0.00%,5.79
Weighted Average Life Tables,142,"Class M-2B, M-2BR, M-2BS, M-2BT, M-2BU, M-2BI, M-2RB*, M-2SB*, M-2TB* and M-2UB*",M-2SB,*,To Scheduled Maturity Date,no,35,2.50%,0.00%,5.68
Weighted Average Life Tables,142,"Class M-2B, M-2BR, M-2BS, M-2BT, M-2BU, M-2BI, M-2RB*, M-2SB*, M-2TB* and M-2UB*",M-2SB,*,To Early Redemption Date,yes,0,2.50%,0.00%,2.74
Weighted Average Life Tables,142,"Class M-2B, M-2BR, M-2BS, M-2BT, M-2BU, M-2BI, M-2RB*, M-2SB*, M-2TB* and M-2UB*",M-2SB,*,To Early Redemption Date,yes,5,2.50%,0.00%,2.96
Weighted Average Life Tables,142,"Class M-2B, M-2BR, M-2BS, M-2BT, M-2BU, M-2BI, M-2RB*, M-2SB*, M-2TB* and M-2UB*",M-2SB,*,To Early Redemption Date,yes,10,2.50%,0.00%,3.26
Weighted Average Life Tables,142,"Class M-2B, M-2BR, M-2BS, M-2BT, M-2BU, M-2BI, M-2RB*, M-2SB*, M-2TB* and M-2UB*",M-2SB,*,To Early Redemption Date,yes,15,2.50%,0.00%,3.67
Weighted Average Life Tables,142,"Class M-2B, M-2BR, M-2BS, M-2BT, M-2BU, M-2BI, M-2RB*, M-2SB*, M-2TB* and M-2UB*",M-2SB,*,To Early Redemption Date,yes,25,2.50%,0.00%,5.00
Weighted Average Life Tables,142,"Class M-2B, M-2BR, M-2BS, M-2BT, M-2BU, M-2BI, M-2RB*, M-2SB*, M-2TB* and M-2UB*",M-2SB,*,To Early Redemption Date,yes,35,2.50%,0.00%,4.86
Weighted Average Life Tables,142,"Class M-2B, M-2BR, M-2BS, M-2BT, M-2BU, M-2BI, M-2RB*, M-2SB*, M-2TB* and M-2UB*",M-2TB,*,To Scheduled Maturity Date,no,0,2.50%,0.00%,2.74
Weighted Average Life Tables,142,"Class M-2B, M-2BR, M-2BS, M-2BT, M-2BU, M-2BI, M-2RB*, M-2SB*, M-2TB* and M-2UB*",M-2TB,*,To Scheduled Maturity Date,no,5,2.50%,0.00%,2.96
Weighted Average Life Tables,142,"Class M-2B, M-2BR, M-2BS, M-2BT, M-2BU, M-2BI, M-2RB*, M-2SB*, M-2TB* and M-2UB*",M-2TB,*,To Scheduled Maturity Date,no,10,2.50%,0.00%,3.26
Weighted Average Life Tables,142,"Class M-2B, M-2BR, M-2BS, M-2BT, M-2BU, M-2BI, M-2RB*, M-2SB*, M-2TB* and M-2UB*",M-2TB,*,To Scheduled Maturity Date,no,15,2.50%,0.00%,3.67
Weighted Average Life Tables,142,"Class M-2B, M-2BR, M-2BS, M-2BT, M-2BU, M-2BI, M-2RB*, M-2SB*, M-2TB* and M-2UB*",M-2TB,*,To Scheduled Maturity Date,no,25,2.50%,0.00%,5.79
Weighted Average Life Tables,142,"Class M-2B, M-2BR, M-2BS, M-2BT, M-2BU, M-2BI, M-2RB*, M-2SB*, M-2TB* and M-2UB*",M-2TB,*,To Scheduled Maturity Date,no,35,2.50%,0.00%,5.68
Weighted Average Life Tables,142,"Class M-2B, M-2BR, M-2BS, M-2BT, M-2BU, M-2BI, M-2RB*, M-2SB*, M-2TB* and M-2UB*",M-2TB,*,To Early Redemption Date,yes,0,2.50%,0.00%,2.74
Weighted Average Life Tables,142,"Class M-2B, M-2BR, M-2BS, M-2BT, M-2BU, M-2BI, M-2RB*, M-2SB*, M-2TB* and M-2UB*",M-2TB,*,To Early Redemption Date,yes,5,2.50%,0.00%,2.96
Weighted Average Life Tables,142,"Class M-2B, M-2BR, M-2BS, M-2BT, M-2BU, M-2BI, M-2RB*, M-2SB*, M-2TB* and M-2UB*",M-2TB,*,To Early Redemption Date,yes,10,2.50%,0.00%,3.26
Weighted Average Life Tables,142,"Class M-2B, M-2BR, M-2BS, M-2BT, M-2BU, M-2BI, M-2RB*, M-2SB*, M-2TB* and M-2UB*",M-2TB,*,To Early Redemption Date,yes,15,2.50%,0.00%,3.67
Weighted Average Life Tables,142,"Class M-2B, M-2BR, M-2BS, M-2BT, M-2BU, M-2BI, M-2RB*, M-2SB*, M-2TB* and M-2UB*",M-2TB,*,To Early Redemption Date,yes,25,2.50%,0.00%,5.00
Weighted Average Life Tables,142,"Class M-2B, M-2BR, M-2BS, M-2BT, M-2BU, M-2BI, M-2RB*, M-2SB*, M-2TB* and M-2UB*",M-2TB,*,To Early Redemption Date,yes,35,2.50%,0.00%,4.86
Weighted Average Life Tables,142,"Class M-2B, M-2BR, M-2BS, M-2BT, M-2BU, M-2BI, M-2RB*, M-2SB*, M-2TB* and M-2UB*",M-2UB,*,To Scheduled Maturity Date,no,0,2.50%,0.00%,2.74
Weighted Average Life Tables,142,"Class M-2B, M-2BR, M-2BS, M-2BT, M-2BU, M-2BI, M-2RB*, M-2SB*, M-2TB* and M-2UB*",M-2UB,*,To Scheduled Maturity Date,no,5,2.50%,0.00%,2.96
Weighted Average Life Tables,142,"Class M-2B, M-2BR, M-2BS, M-2BT, M-2BU, M-2BI, M-2RB*, M-2SB*, M-2TB* and M-2UB*",M-2UB,*,To Scheduled Maturity Date,no,10,2.50%,0.00%,3.26
Weighted Average Life Tables,142,"Class M-2B, M-2BR, M-2BS, M-2BT, M-2BU, M-2BI, M-2RB*, M-2SB*, M-2TB* and M-2UB*",M-2UB,*,To Scheduled Maturity Date,no,15,2.50%,0.00%,3.67
Weighted Average Life Tables,142,"Class M-2B, M-2BR, M-2BS, M-2BT, M-2BU, M-2BI, M-2RB*, M-2SB*, M-2TB* and M-2UB*",M-2UB,*,To Scheduled Maturity Date,no,25,2.50%,0.00%,5.79
Weighted Average Life Tables,142,"Class M-2B, M-2BR, M-2BS, M-2BT, M-2BU, M-2BI, M-2RB*, M-2SB*, M-2TB* and M-2UB*",M-2UB,*,To Scheduled Maturity Date,no,35,2.50%,0.00%,5.68
Weighted Average Life Tables,142,"Class M-2B, M-2BR, M-2BS, M-2BT, M-2BU, M-2BI, M-2RB*, M-2SB*, M-2TB* and M-2UB*",M-2UB,*,To Early Redemption Date,yes,0,2.50%,0.00%,2.74
Weighted Average Life Tables,142,"Class M-2B, M-2BR, M-2BS, M-2BT, M-2BU, M-2BI, M-2RB*, M-2SB*, M-2TB* and M-2UB*",M-2UB,*,To Early Redemption Date,yes,5,2.50%,0.00%,2.96
Weighted Average Life Tables,142,"Class M-2B, M-2BR, M-2BS, M-2BT, M-2BU, M-2BI, M-2RB*, M-2SB*, M-2TB* and M-2UB*",M-2UB,*,To Early Redemption Date,yes,10,2.50%,0.00%,3.26
Weighted Average Life Tables,142,"Class M-2B, M-2BR, M-2BS, M-2BT, M-2BU, M-2BI, M-2RB*, M-2SB*, M-2TB* and M-2UB*",M-2UB,*,To Early Redemption Date,yes,15,2.50%,0.00%,3.67
Weighted Average Life Tables,142,"Class M-2B, M-2BR, M-2BS, M-2BT, M-2BU, M-2BI, M-2RB*, M-2SB*, M-2TB* and M-2UB*",M-2UB,*,To Early Redemption Date,yes,25,2.50%,0.00%,5.00
Weighted Average Life Tables,142,"Class M-2B, M-2BR, M-2BS, M-2BT, M-2BU, M-2BI, M-2RB*, M-2SB*, M-2TB* and M-2UB*",M-2UB,*,To Early Redemption Date,yes,35,2.50%,0.00%,4.86
Weighted Average Life Tables,142,"Class M-2B, M-2BR, M-2BS, M-2BT, M-2BU, M-2BI, M-2RB*, M-2SB*, M-2TB* and M-2UB*",M-2B,,To Scheduled Maturity Date,no,0,3.00%,0.00%,2.27
Weighted Average Life Tables,142,"Class M-2B, M-2BR, M-2BS, M-2BT, M-2BU, M-2BI, M-2RB*, M-2SB*, M-2TB* and M-2UB*",M-2B,,To Scheduled Maturity Date,no,5,3.00%,0.00%,2.42
Weighted Average Life Tables,142,"Class M-2B, M-2BR, M-2BS, M-2BT, M-2BU, M-2BI, M-2RB*, M-2SB*, M-2TB* and M-2UB*",M-2B,,To Scheduled Maturity Date,no,10,3.00%,0.00%,2.60
Weighted Average Life Tables,142,"Class M-2B, M-2BR, M-2BS, M-2BT, M-2BU, M-2BI, M-2RB*, M-2SB*, M-2TB* and M-2UB*",M-2B,,To Scheduled Maturity Date,no,15,3.00%,0.00%,2.85
Weighted Average Life Tables,142,"Class M-2B, M-2BR, M-2BS, M-2BT, M-2BU, M-2BI, M-2RB*, M-2SB*, M-2TB* and M-2UB*",M-2B,,To Scheduled Maturity Date,no,25,3.00%,0.00%,3.77
Weighted Average Life Tables,142,"Class M-2B, M-2BR, M-2BS, M-2BT, M-2BU, M-2BI, M-2RB*, M-2SB*, M-2TB* and M-2UB*",M-2B,,To Scheduled Maturity Date,no,35,3.00%,0.00%,8.72
Weighted Average Life Tables,142,"Class M-2B, M-2BR, M-2BS, M-2BT, M-2BU, M-2BI, M-2RB*, M-2SB*, M-2TB* and M-2UB*",M-2B,,To Early Redemption Date,yes,0,3.00%,0.00%,2.27
Weighted Average Life Tables,142,"Class M-2B, M-2BR, M-2BS, M-2BT, M-2BU, M-2BI, M-2RB*, M-2SB*, M-2TB* and M-2UB*",M-2B,,To Early Redemption Date,yes,5,3.00%,0.00%,2.42
Weighted Average Life Tables,142,"Class M-2B, M-2BR, M-2BS, M-2BT, M-2BU, M-2BI, M-2RB*, M-2SB*, M-2TB* and M-2UB*",M-2B,,To Early Redemption Date,yes,10,3.00%,0.00%,2.60
Weighted Average Life Tables,142,"Class M-2B, M-2BR, M-2BS, M-2BT, M-2BU, M-2BI, M-2RB*, M-2SB*, M-2TB* and M-2UB*",M-2B,,To Early Redemption Date,yes,15,3.00%,0.00%,2.85
Weighted Average Life Tables,142,"Class M-2B, M-2BR, M-2BS, M-2BT, M-2BU, M-2BI, M-2RB*, M-2SB*, M-2TB* and M-2UB*",M-2B,,To Early Redemption Date,yes,25,3.00%,0.00%,3.77
Weighted Average Life Tables,142,"Class M-2B, M-2BR, M-2BS, M-2BT, M-2BU, M-2BI, M-2RB*, M-2SB*, M-2TB* and M-2UB*",M-2B,,To Early Redemption Date,yes,35,3.00%,0.00%,4.86
Weighted Average Life Tables,142,"Class M-2B, M-2BR, M-2BS, M-2BT, M-2BU, M-2BI, M-2RB*, M-2SB*, M-2TB* and M-2UB*",M-2BR,,To Scheduled Maturity Date,no,0,3.00%,0.00%,2.27
Weighted Average Life Tables,142,"Class M-2B, M-2BR, M-2BS, M-2BT, M-2BU, M-2BI, M-2RB*, M-2SB*, M-2TB* and M-2UB*",M-2BR,,To Scheduled Maturity Date,no,5,3.00%,0.00%,2.42
Weighted Average Life Tables,142,"Class M-2B, M-2BR, M-2BS, M-2BT, M-2BU, M-2BI, M-2RB*, M-2SB*, M-2TB* and M-2UB*",M-2BR,,To Scheduled Maturity Date,no,10,3.00%,0.00%,2.60
Weighted Average Life Tables,142,"Class M-2B, M-2BR, M-2BS, M-2BT, M-2BU, M-2BI, M-2RB*, M-2SB*, M-2TB* and M-2UB*",M-2BR,,To Scheduled Maturity Date,no,15,3.00%,0.00%,2.85
Weighted Average Life Tables,142,"Class M-2B, M-2BR, M-2BS, M-2BT, M-2BU, M-2BI, M-2RB*, M-2SB*, M-2TB* and M-2UB*",M-2BR,,To Scheduled Maturity Date,no,25,3.00%,0.00%,3.77
Weighted Average Life Tables,142,"Class M-2B, M-2BR, M-2BS, M-2BT, M-2BU, M-2BI, M-2RB*, M-2SB*, M-2TB* and M-2UB*",M-2BR,,To Scheduled Maturity Date,no,35,3.00%,0.00%,8.72
Weighted Average Life Tables,142,"Class M-2B, M-2BR, M-2BS, M-2BT, M-2BU, M-2BI, M-2RB*, M-2SB*, M-2TB* and M-2UB*",M-2BR,,To Early Redemption Date,yes,0,3.00%,0.00%,2.27
Weighted Average Life Tables,142,"Class M-2B, M-2BR, M-2BS, M-2BT, M-2BU, M-2BI, M-2RB*, M-2SB*, M-2TB* and M-2UB*",M-2BR,,To Early Redemption Date,yes,5,3.00%,0.00%,2.42
Weighted Average Life Tables,142,"Class M-2B, M-2BR, M-2BS, M-2BT, M-2BU, M-2BI, M-2RB*, M-2SB*, M-2TB* and M-2UB*",M-2BR,,To Early Redemption Date,yes,10,3.00%,0.00%,2.60
Weighted Average Life Tables,142,"Class M-2B, M-2BR, M-2BS, M-2BT, M-2BU, M-2BI, M-2RB*, M-2SB*, M-2TB* and M-2UB*",M-2BR,,To Early Redemption Date,yes,15,3.00%,0.00%,2.85
Weighted Average Life Tables,142,"Class M-2B, M-2BR, M-2BS, M-2BT, M-2BU, M-2BI, M-2RB*, M-2SB*, M-2TB* and M-2UB*",M-2BR,,To Early Redemption Date,yes,25,3.00%,0.00%,3.77
Weighted Average Life Tables,142,"Class M-2B, M-2BR, M-2BS, M-2BT, M-2BU, M-2BI, M-2RB*, M-2SB*, M-2TB* and M-2UB*",M-2BR,,To Early Redemption Date,yes,35,3.00%,0.00%,4.86
Weighted Average Life Tables,142,"Class M-2B, M-2BR, M-2BS, M-2BT, M-2BU, M-2BI, M-2RB*, M-2SB*, M-2TB* and M-2UB*",M-2BS,,To Scheduled Maturity Date,no,0,3.00%,0.00%,2.27
Weighted Average Life Tables,142,"Class M-2B, M-2BR, M-2BS, M-2BT, M-2BU, M-2BI, M-2RB*, M-2SB*, M-2TB* and M-2UB*",M-2BS,,To Scheduled Maturity Date,no,5,3.00%,0.00%,2.42
Weighted Average Life Tables,142,"Class M-2B, M-2BR, M-2BS, M-2BT, M-2BU, M-2BI, M-2RB*, M-2SB*, M-2TB* and M-2UB*",M-2BS,,To Scheduled Maturity Date,no,10,3.00%,0.00%,2.60
Weighted Average Life Tables,142,"Class M-2B, M-2BR, M-2BS, M-2BT, M-2BU, M-2BI, M-2RB*, M-2SB*, M-2TB* and M-2UB*",M-2BS,,To Scheduled Maturity Date,no,15,3.00%,0.00%,2.85
Weighted Average Life Tables,142,"Class M-2B, M-2BR, M-2BS, M-2BT, M-2BU, M-2BI, M-2RB*, M-2SB*, M-2TB* and M-2UB*",M-2BS,,To Scheduled Maturity Date,no,25,3.00%,0.00%,3.77
Weighted Average Life Tables,142,"Class M-2B, M-2BR, M-2BS, M-2BT, M-2BU, M-2BI, M-2RB*, M-2SB*, M-2TB* and M-2UB*",M-2BS,,To Scheduled Maturity Date,no,35,3.00%,0.00%,8.72
Weighted Average Life Tables,142,"Class M-2B, M-2BR, M-2BS, M-2BT, M-2BU, M-2BI, M-2RB*, M-2SB*, M-2TB* and M-2UB*",M-2BS,,To Early Redemption Date,yes,0,3.00%,0.00%,2.27
Weighted Average Life Tables,142,"Class M-2B, M-2BR, M-2BS, M-2BT, M-2BU, M-2BI, M-2RB*, M-2SB*, M-2TB* and M-2UB*",M-2BS,,To Early Redemption Date,yes,5,3.00%,0.00%,2.42
Weighted Average Life Tables,142,"Class M-2B, M-2BR, M-2BS, M-2BT, M-2BU, M-2BI, M-2RB*, M-2SB*, M-2TB* and M-2UB*",M-2BS,,To Early Redemption Date,yes,10,3.00%,0.00%,2.60
Weighted Average Life Tables,142,"Class M-2B, M-2BR, M-2BS, M-2BT, M-2BU, M-2BI, M-2RB*, M-2SB*, M-2TB* and M-2UB*",M-2BS,,To Early Redemption Date,yes,15,3.00%,0.00%,2.85
Weighted Average Life Tables,142,"Class M-2B, M-2BR, M-2BS, M-2BT, M-2BU, M-2BI, M-2RB*, M-2SB*, M-2TB* and M-2UB*",M-2BS,,To Early Redemption Date,yes,25,3.00%,0.00%,3.77
Weighted Average Life Tables,142,"Class M-2B, M-2BR, M-2BS, M-2BT, M-2BU, M-2BI, M-2RB*, M-2SB*, M-2TB* and M-2UB*",M-2BS,,To Early Redemption Date,yes,35,3.00%,0.00%,4.86
Weighted Average Life Tables,142,"Class M-2B, M-2BR, M-2BS, M-2BT, M-2BU, M-2BI, M-2RB*, M-2SB*, M-2TB* and M-2UB*",M-2BT,,To Scheduled Maturity Date,no,0,3.00%,0.00%,2.27
Weighted Average Life Tables,142,"Class M-2B, M-2BR, M-2BS, M-2BT, M-2BU, M-2BI, M-2RB*, M-2SB*, M-2TB* and M-2UB*",M-2BT,,To Scheduled Maturity Date,no,5,3.00%,0.00%,2.42
Weighted Average Life Tables,142,"Class M-2B, M-2BR, M-2BS, M-2BT, M-2BU, M-2BI, M-2RB*, M-2SB*, M-2TB* and M-2UB*",M-2BT,,To Scheduled Maturity Date,no,10,3.00%,0.00%,2.60
Weighted Average Life Tables,142,"Class M-2B, M-2BR, M-2BS, M-2BT, M-2BU, M-2BI, M-2RB*, M-2SB*, M-2TB* and M-2UB*",M-2BT,,To Scheduled Maturity Date,no,15,3.00%,0.00%,2.85
Weighted Average Life Tables,142,"Class M-2B, M-2BR, M-2BS, M-2BT, M-2BU, M-2BI, M-2RB*, M-2SB*, M-2TB* and M-2UB*",M-2BT,,To Scheduled Maturity Date,no,25,3.00%,0.00%,3.77
Weighted Average Life Tables,142,"Class M-2B, M-2BR, M-2BS, M-2BT, M-2BU, M-2BI, M-2RB*, M-2SB*, M-2TB* and M-2UB*",M-2BT,,To Scheduled Maturity Date,no,35,3.00%,0.00%,8.72
Weighted Average Life Tables,142,"Class M-2B, M-2BR, M-2BS, M-2BT, M-2BU, M-2BI, M-2RB*, M-2SB*, M-2TB* and M-2UB*",M-2BT,,To Early Redemption Date,yes,0,3.00%,0.00%,2.27
Weighted Average Life Tables,142,"Class M-2B, M-2BR, M-2BS, M-2BT, M-2BU, M-2BI, M-2RB*, M-2SB*, M-2TB* and M-2UB*",M-2BT,,To Early Redemption Date,yes,5,3.00%,0.00%,2.42
Weighted Average Life Tables,142,"Class M-2B, M-2BR, M-2BS, M-2BT, M-2BU, M-2BI, M-2RB*, M-2SB*, M-2TB* and M-2UB*",M-2BT,,To Early Redemption Date,yes,10,3.00%,0.00%,2.60
Weighted Average Life Tables,142,"Class M-2B, M-2BR, M-2BS, M-2BT, M-2BU, M-2BI, M-2RB*, M-2SB*, M-2TB* and M-2UB*",M-2BT,,To Early Redemption Date,yes,15,3.00%,0.00%,2.85
Weighted Average Life Tables,142,"Class M-2B, M-2BR, M-2BS, M-2BT, M-2BU, M-2BI, M-2RB*, M-2SB*, M-2TB* and M-2UB*",M-2BT,,To Early Redemption Date,yes,25,3.00%,0.00%,3.77
Weighted Average Life Tables,142,"Class M-2B, M-2BR, M-2BS, M-2BT, M-2BU, M-2BI, M-2RB*, M-2SB*, M-2TB* and M-2UB*",M-2BT,,To Early Redemption Date,yes,35,3.00%,0.00%,4.86
Weighted Average Life Tables,142,"Class M-2B, M-2BR, M-2BS, M-2BT, M-2BU, M-2BI, M-2RB*, M-2SB*, M-2TB* and M-2UB*",M-2BU,,To Scheduled Maturity Date,no,0,3.00%,0.00%,2.27
Weighted Average Life Tables,142,"Class M-2B, M-2BR, M-2BS, M-2BT, M-2BU, M-2BI, M-2RB*, M-2SB*, M-2TB* and M-2UB*",M-2BU,,To Scheduled Maturity Date,no,5,3.00%,0.00%,2.42
Weighted Average Life Tables,142,"Class M-2B, M-2BR, M-2BS, M-2BT, M-2BU, M-2BI, M-2RB*, M-2SB*, M-2TB* and M-2UB*",M-2BU,,To Scheduled Maturity Date,no,10,3.00%,0.00%,2.60
Weighted Average Life Tables,142,"Class M-2B, M-2BR, M-2BS, M-2BT, M-2BU, M-2BI, M-2RB*, M-2SB*, M-2TB* and M-2UB*",M-2BU,,To Scheduled Maturity Date,no,15,3.00%,0.00%,2.85
Weighted Average Life Tables,142,"Class M-2B, M-2BR, M-2BS, M-2BT, M-2BU, M-2BI, M-2RB*, M-2SB*, M-2TB* and M-2UB*",M-2BU,,To Scheduled Maturity Date,no,25,3.00%,0.00%,3.77
Weighted Average Life Tables,142,"Class M-2B, M-2BR, M-2BS, M-2BT, M-2BU, M-2BI, M-2RB*, M-2SB*, M-2TB* and M-2UB*",M-2BU,,To Scheduled Maturity Date,no,35,3.00%,0.00%,8.72
Weighted Average Life Tables,142,"Class M-2B, M-2BR, M-2BS, M-2BT, M-2BU, M-2BI, M-2RB*, M-2SB*, M-2TB* and M-2UB*",M-2BU,,To Early Redemption Date,yes,0,3.00%,0.00%,2.27
Weighted Average Life Tables,142,"Class M-2B, M-2BR, M-2BS, M-2BT, M-2BU, M-2BI, M-2RB*, M-2SB*, M-2TB* and M-2UB*",M-2BU,,To Early Redemption Date,yes,5,3.00%,0.00%,2.42
Weighted Average Life Tables,142,"Class M-2B, M-2BR, M-2BS, M-2BT, M-2BU, M-2BI, M-2RB*, M-2SB*, M-2TB* and M-2UB*",M-2BU,,To Early Redemption Date,yes,10,3.00%,0.00%,2.60
Weighted Average Life Tables,142,"Class M-2B, M-2BR, M-2BS, M-2BT, M-2BU, M-2BI, M-2RB*, M-2SB*, M-2TB* and M-2UB*",M-2BU,,To Early Redemption Date,yes,15,3.00%,0.00%,2.85
Weighted Average Life Tables,142,"Class M-2B, M-2BR, M-2BS, M-2BT, M-2BU, M-2BI, M-2RB*, M-2SB*, M-2TB* and M-2UB*",M-2BU,,To Early Redemption Date,yes,25,3.00%,0.00%,3.77
Weighted Average Life Tables,142,"Class M-2B, M-2BR, M-2BS, M-2BT, M-2BU, M-2BI, M-2RB*, M-2SB*, M-2TB* and M-2UB*",M-2BU,,To Early Redemption Date,yes,35,3.00%,0.00%,4.86
Weighted Average Life Tables,142,"Class M-2B, M-2BR, M-2BS, M-2BT, M-2BU, M-2BI, M-2RB*, M-2SB*, M-2TB* and M-2UB*",M-2BI,,To Scheduled Maturity Date,no,0,3.00%,0.00%,2.27
Weighted Average Life Tables,142,"Class M-2B, M-2BR, M-2BS, M-2BT, M-2BU, M-2BI, M-2RB*, M-2SB*, M-2TB* and M-2UB*",M-2BI,,To Scheduled Maturity Date,no,5,3.00%,0.00%,2.42
Weighted Average Life Tables,142,"Class M-2B, M-2BR, M-2BS, M-2BT, M-2BU, M-2BI, M-2RB*, M-2SB*, M-2TB* and M-2UB*",M-2BI,,To Scheduled Maturity Date,no,10,3.00%,0.00%,2.60
Weighted Average Life Tables,142,"Class M-2B, M-2BR, M-2BS, M-2BT, M-2BU, M-2BI, M-2RB*, M-2SB*, M-2TB* and M-2UB*",M-2BI,,To Scheduled Maturity Date,no,15,3.00%,0.00%,2.85
Weighted Average Life Tables,142,"Class M-2B, M-2BR, M-2BS, M-2BT, M-2BU, M-2BI, M-2RB*, M-2SB*, M-2TB* and M-2UB*",M-2BI,,To Scheduled Maturity Date,no,25,3.00%,0.00%,3.77
Weighted Average Life Tables,142,"Class M-2B, M-2BR, M-2BS, M-2BT, M-2BU, M-2BI, M-2RB*, M-2SB*, M-2TB* and M-2UB*",M-2BI,,To Scheduled Maturity Date,no,35,3.00%,0.00%,8.72
Weighted Average Life Tables,142,"Class M-2B, M-2BR, M-2BS, M-2BT, M-2BU, M-2BI, M-2RB*, M-2SB*, M-2TB* and M-2UB*",M-2BI,,To Early Redemption Date,yes,0,3.00%,0.00%,2.27
Weighted Average Life Tables,142,"Class M-2B, M-2BR, M-2BS, M-2BT, M-2BU, M-2BI, M-2RB*, M-2SB*, M-2TB* and M-2UB*",M-2BI,,To Early Redemption Date,yes,5,3.00%,0.00%,2.42
Weighted Average Life Tables,142,"Class M-2B, M-2BR, M-2BS, M-2BT, M-2BU, M-2BI, M-2RB*, M-2SB*, M-2TB* and M-2UB*",M-2BI,,To Early Redemption Date,yes,10,3.00%,0.00%,2.60
Weighted Average Life Tables,142,"Class M-2B, M-2BR, M-2BS, M-2BT, M-2BU, M-2BI, M-2RB*, M-2SB*, M-2TB* and M-2UB*",M-2BI,,To Early Redemption Date,yes,15,3.00%,0.00%,2.85
Weighted Average Life Tables,142,"Class M-2B, M-2BR, M-2BS, M-2BT, M-2BU, M-2BI, M-2RB*, M-2SB*, M-2TB* and M-2UB*",M-2BI,,To Early Redemption Date,yes,25,3.00%,0.00%,3.77
Weighted Average Life Tables,142,"Class M-2B, M-2BR, M-2BS, M-2BT, M-2BU, M-2BI, M-2RB*, M-2SB*, M-2TB* and M-2UB*",M-2BI,,To Early Redemption Date,yes,35,3.00%,0.00%,4.86
Weighted Average Life Tables,142,"Class M-2B, M-2BR, M-2BS, M-2BT, M-2BU, M-2BI, M-2RB*, M-2SB*, M-2TB* and M-2UB*",M-2RB,*,To Scheduled Maturity Date,no,0,3.00%,0.00%,2.27
Weighted Average Life Tables,142,"Class M-2B, M-2BR, M-2BS, M-2BT, M-2BU, M-2BI, M-2RB*, M-2SB*, M-2TB* and M-2UB*",M-2RB,*,To Scheduled Maturity Date,no,5,3.00%,0.00%,2.42
Weighted Average Life Tables,142,"Class M-2B, M-2BR, M-2BS, M-2BT, M-2BU, M-2BI, M-2RB*, M-2SB*, M-2TB* and M-2UB*",M-2RB,*,To Scheduled Maturity Date,no,10,3.00%,0.00%,2.60
Weighted Average Life Tables,142,"Class M-2B, M-2BR, M-2BS, M-2BT, M-2BU, M-2BI, M-2RB*, M-2SB*, M-2TB* and M-2UB*",M-2RB,*,To Scheduled Maturity Date,no,15,3.00%,0.00%,2.85
Weighted Average Life Tables,142,"Class M-2B, M-2BR, M-2BS, M-2BT, M-2BU, M-2BI, M-2RB*, M-2SB*, M-2TB* and M-2UB*",M-2RB,*,To Scheduled Maturity Date,no,25,3.00%,0.00%,3.77
Weighted Average Life Tables,142,"Class M-2B, M-2BR, M-2BS, M-2BT, M-2BU, M-2BI, M-2RB*, M-2SB*, M-2TB* and M-2UB*",M-2RB,*,To Scheduled Maturity Date,no,35,3.00%,0.00%,8.72
Weighted Average Life Tables,142,"Class M-2B, M-2BR, M-2BS, M-2BT, M-2BU, M-2BI, M-2RB*, M-2SB*, M-2TB* and M-2UB*",M-2RB,*,To Early Redemption Date,yes,0,3.00%,0.00%,2.27
Weighted Average Life Tables,142,"Class M-2B, M-2BR, M-2BS, M-2BT, M-2BU, M-2BI, M-2RB*, M-2SB*, M-2TB* and M-2UB*",M-2RB,*,To Early Redemption Date,yes,5,3.00%,0.00%,2.42
Weighted Average Life Tables,142,"Class M-2B, M-2BR, M-2BS, M-2BT, M-2BU, M-2BI, M-2RB*, M-2SB*, M-2TB* and M-2UB*",M-2RB,*,To Early Redemption Date,yes,10,3.00%,0.00%,2.60
Weighted Average Life Tables,142,"Class M-2B, M-2BR, M-2BS, M-2BT, M-2BU, M-2BI, M-2RB*, M-2SB*, M-2TB* and M-2UB*",M-2RB,*,To Early Redemption Date,yes,15,3.00%,0.00%,2.85
Weighted Average Life Tables,142,"Class M-2B, M-2BR, M-2BS, M-2BT, M-2BU, M-2BI, M-2RB*, M-2SB*, M-2TB* and M-2UB*",M-2RB,*,To Early Redemption Date,yes,25,3.00%,0.00%,3.77
Weighted Average Life Tables,142,"Class M-2B, M-2BR, M-2BS, M-2BT, M-2BU, M-2BI, M-2RB*, M-2SB*, M-2TB* and M-2UB*",M-2RB,*,To Early Redemption Date,yes,35,3.00%,0.00%,4.86
Weighted Average Life Tables,142,"Class M-2B, M-2BR, M-2BS, M-2BT, M-2BU, M-2BI, M-2RB*, M-2SB*, M-2TB* and M-2UB*",M-2SB,*,To Scheduled Maturity Date,no,0,3.00%,0.00%,2.27
Weighted Average Life Tables,142,"Class M-2B, M-2BR, M-2BS, M-2BT, M-2BU, M-2BI, M-2RB*, M-2SB*, M-2TB* and M-2UB*",M-2SB,*,To Scheduled Maturity Date,no,5,3.00%,0.00%,2.42
Weighted Average Life Tables,142,"Class M-2B, M-2BR, M-2BS, M-2BT, M-2BU, M-2BI, M-2RB*, M-2SB*, M-2TB* and M-2UB*",M-2SB,*,To Scheduled Maturity Date,no,10,3.00%,0.00%,2.60
Weighted Average Life Tables,142,"Class M-2B, M-2BR, M-2BS, M-2BT, M-2BU, M-2BI, M-2RB*, M-2SB*, M-2TB* and M-2UB*",M-2SB,*,To Scheduled Maturity Date,no,15,3.00%,0.00%,2.85
Weighted Average Life Tables,142,"Class M-2B, M-2BR, M-2BS, M-2BT, M-2BU, M-2BI, M-2RB*, M-2SB*, M-2TB* and M-2UB*",M-2SB,*,To Scheduled Maturity Date,no,25,3.00%,0.00%,3.77
Weighted Average Life Tables,142,"Class M-2B, M-2BR, M-2BS, M-2BT, M-2BU, M-2BI, M-2RB*, M-2SB*, M-2TB* and M-2UB*",M-2SB,*,To Scheduled Maturity Date,no,35,3.00%,0.00%,8.72
Weighted Average Life Tables,142,"Class M-2B, M-2BR, M-2BS, M-2BT, M-2BU, M-2BI, M-2RB*, M-2SB*, M-2TB* and M-2UB*",M-2SB,*,To Early Redemption Date,yes,0,3.00%,0.00%,2.27
Weighted Average Life Tables,142,"Class M-2B, M-2BR, M-2BS, M-2BT, M-2BU, M-2BI, M-2RB*, M-2SB*, M-2TB* and M-2UB*",M-2SB,*,To Early Redemption Date,yes,5,3.00%,0.00%,2.42
Weighted Average Life Tables,142,"Class M-2B, M-2BR, M-2BS, M-2BT, M-2BU, M-2BI, M-2RB*, M-2SB*, M-2TB* and M-2UB*",M-2SB,*,To Early Redemption Date,yes,10,3.00%,0.00%,2.60
Weighted Average Life Tables,142,"Class M-2B, M-2BR, M-2BS, M-2BT, M-2BU, M-2BI, M-2RB*, M-2SB*, M-2TB* and M-2UB*",M-2SB,*,To Early Redemption Date,yes,15,3.00%,0.00%,2.85
Weighted Average Life Tables,142,"Class M-2B, M-2BR, M-2BS, M-2BT, M-2BU, M-2BI, M-2RB*, M-2SB*, M-2TB* and M-2UB*",M-2SB,*,To Early Redemption Date,yes,25,3.00%,0.00%,3.77
Weighted Average Life Tables,142,"Class M-2B, M-2BR, M-2BS, M-2BT, M-2BU, M-2BI, M-2RB*, M-2SB*, M-2TB* and M-2UB*",M-2SB,*,To Early Redemption Date,yes,35,3.00%,0.00%,4.86
Weighted Average Life Tables,142,"Class M-2B, M-2BR, M-2BS, M-2BT, M-2BU, M-2BI, M-2RB*, M-2SB*, M-2TB* and M-2UB*",M-2TB,*,To Scheduled Maturity Date,no,0,3.00%,0.00%,2.27
Weighted Average Life Tables,142,"Class M-2B, M-2BR, M-2BS, M-2BT, M-2BU, M-2BI, M-2RB*, M-2SB*, M-2TB* and M-2UB*",M-2TB,*,To Scheduled Maturity Date,no,5,3.00%,0.00%,2.42
Weighted Average Life Tables,142,"Class M-2B, M-2BR, M-2BS, M-2BT, M-2BU, M-2BI, M-2RB*, M-2SB*, M-2TB* and M-2UB*",M-2TB,*,To Scheduled Maturity Date,no,10,3.00%,0.00%,2.60
Weighted Average Life Tables,142,"Class M-2B, M-2BR, M-2BS, M-2BT, M-2BU, M-2BI, M-2RB*, M-2SB*, M-2TB* and M-2UB*",M-2TB,*,To Scheduled Maturity Date,no,15,3.00%,0.00%,2.85
Weighted Average Life Tables,142,"Class M-2B, M-2BR, M-2BS, M-2BT, M-2BU, M-2BI, M-2RB*, M-2SB*, M-2TB* and M-2UB*",M-2TB,*,To Scheduled Maturity Date,no,25,3.00%,0.00%,3.77
Weighted Average Life Tables,142,"Class M-2B, M-2BR, M-2BS, M-2BT, M-2BU, M-2BI, M-2RB*, M-2SB*, M-2TB* and M-2UB*",M-2TB,*,To Scheduled Maturity Date,no,35,3.00%,0.00%,8.72
Weighted Average Life Tables,142,"Class M-2B, M-2BR, M-2BS, M-2BT, M-2BU, M-2BI, M-2RB*, M-2SB*, M-2TB* and M-2UB*",M-2TB,*,To Early Redemption Date,yes,0,3.00%,0.00%,2.27
Weighted Average Life Tables,142,"Class M-2B, M-2BR, M-2BS, M-2BT, M-2BU, M-2BI, M-2RB*, M-2SB*, M-2TB* and M-2UB*",M-2TB,*,To Early Redemption Date,yes,5,3.00%,0.00%,2.42
Weighted Average Life Tables,142,"Class M-2B, M-2BR, M-2BS, M-2BT, M-2BU, M-2BI, M-2RB*, M-2SB*, M-2TB* and M-2UB*",M-2TB,*,To Early Redemption Date,yes,10,3.00%,0.00%,2.60
Weighted Average Life Tables,142,"Class M-2B, M-2BR, M-2BS, M-2BT, M-2BU, M-2BI, M-2RB*, M-2SB*, M-2TB* and M-2UB*",M-2TB,*,To Early Redemption Date,yes,15,3.00%,0.00%,2.85
Weighted Average Life Tables,142,"Class M-2B, M-2BR, M-2BS, M-2BT, M-2BU, M-2BI, M-2RB*, M-2SB*, M-2TB* and M-2UB*",M-2TB,*,To Early Redemption Date,yes,25,3.00%,0.00%,3.77
Weighted Average Life Tables,142,"Class M-2B, M-2BR, M-2BS, M-2BT, M-2BU, M-2BI, M-2RB*, M-2SB*, M-2TB* and M-2UB*",M-2TB,*,To Early Redemption Date,yes,35,3.00%,0.00%,4.86
Weighted Average Life Tables,142,"Class M-2B, M-2BR, M-2BS, M-2BT, M-2BU, M-2BI, M-2RB*, M-2SB*, M-2TB* and M-2UB*",M-2UB,*,To Scheduled Maturity Date,no,0,3.00%,0.00%,2.27
Weighted Average Life Tables,142,"Class M-2B, M-2BR, M-2BS, M-2BT, M-2BU, M-2BI, M-2RB*, M-2SB*, M-2TB* and M-2UB*",M-2UB,*,To Scheduled Maturity Date,no,5,3.00%,0.00%,2.42
Weighted Average Life Tables,142,"Class M-2B, M-2BR, M-2BS, M-2BT, M-2BU, M-2BI, M-2RB*, M-2SB*, M-2TB* and M-2UB*",M-2UB,*,To Scheduled Maturity Date,no,10,3.00%,0.00%,2.60
Weighted Average Life Tables,142,"Class M-2B, M-2BR, M-2BS, M-2BT, M-2BU, M-2BI, M-2RB*, M-2SB*, M-2TB* and M-2UB*",M-2UB,*,To Scheduled Maturity Date,no,15,3.00%,0.00%,2.85
Weighted Average Life Tables,142,"Class M-2B, M-2BR, M-2BS, M-2BT, M-2BU, M-2BI, M-2RB*, M-2SB*, M-2TB* and M-2UB*",M-2UB,*,To Scheduled Maturity Date,no,25,3.00%,0.00%,3.77
Weighted Average Life Tables,142,"Class M-2B, M-2BR, M-2BS, M-2BT, M-2BU, M-2BI, M-2RB*, M-2SB*, M-2TB* and M-2UB*",M-2UB,*,To Scheduled Maturity Date,no,35,3.00%,0.00%,8.72
Weighted Average Life Tables,142,"Class M-2B, M-2BR, M-2BS, M-2BT, M-2BU, M-2BI, M-2RB*, M-2SB*, M-2TB* and M-2UB*",M-2UB,*,To Early Redemption Date,yes,0,3.00%,0.00%,2.27
Weighted Average Life Tables,142,"Class M-2B, M-2BR, M-2BS, M-2BT, M-2BU, M-2BI, M-2RB*, M-2SB*, M-2TB* and M-2UB*",M-2UB,*,To Early Redemption Date,yes,5,3.00%,0.00%,2.42
Weighted Average Life Tables,142,"Class M-2B, M-2BR, M-2BS, M-2BT, M-2BU, M-2BI, M-2RB*, M-2SB*, M-2TB* and M-2UB*",M-2UB,*,To Early Redemption Date,yes,10,3.00%,0.00%,2.60
Weighted Average Life Tables,142,"Class M-2B, M-2BR, M-2BS, M-2BT, M-2BU, M-2BI, M-2RB*, M-2SB*, M-2TB* and M-2UB*",M-2UB,*,To Early Redemption Date,yes,15,3.00%,0.00%,2.85
Weighted Average Life Tables,142,"Class M-2B, M-2BR, M-2BS, M-2BT, M-2BU, M-2BI, M-2RB*, M-2SB*, M-2TB* and M-2UB*",M-2UB,*,To Early Redemption Date,yes,25,3.00%,0.00%,3.77
Weighted Average Life Tables,142,"Class M-2B, M-2BR, M-2BS, M-2BT, M-2BU, M-2BI, M-2RB*, M-2SB*, M-2TB* and M-2UB*",M-2UB,*,To Early Redemption Date,yes,35,3.00%,0.00%,4.86
Weighted Average Life Tables,142,"Class M-2B, M-2BR, M-2BS, M-2BT, M-2BU, M-2BI, M-2RB*, M-2SB*, M-2TB* and M-2UB*",M-2B,,To Scheduled Maturity Date,no,0,5.00%,0.00%,1.34
Weighted Average Life Tables,142,"Class M-2B, M-2BR, M-2BS, M-2BT, M-2BU, M-2BI, M-2RB*, M-2SB*, M-2TB* and M-2UB*",M-2B,,To Scheduled Maturity Date,no,5,5.00%,0.00%,1.38
Weighted Average Life Tables,142,"Class M-2B, M-2BR, M-2BS, M-2BT, M-2BU, M-2BI, M-2RB*, M-2SB*, M-2TB* and M-2UB*",M-2B,,To Scheduled Maturity Date,no,10,5.00%,0.00%,1.44
Weighted Average Life Tables,142,"Class M-2B, M-2BR, M-2BS, M-2BT, M-2BU, M-2BI, M-2RB*, M-2SB*, M-2TB* and M-2UB*",M-2B,,To Scheduled Maturity Date,no,15,5.00%,0.00%,1.50
Weighted Average Life Tables,142,"Class M-2B, M-2BR, M-2BS, M-2BT, M-2BU, M-2BI, M-2RB*, M-2SB*, M-2TB* and M-2UB*",M-2B,,To Scheduled Maturity Date,no,25,5.00%,0.00%,1.68
Weighted Average Life Tables,142,"Class M-2B, M-2BR, M-2BS, M-2BT, M-2BU, M-2BI, M-2RB*, M-2SB*, M-2TB* and M-2UB*",M-2B,,To Scheduled Maturity Date,no,35,5.00%,0.00%,1.99
Weighted Average Life Tables,142,"Class M-2B, M-2BR, M-2BS, M-2BT, M-2BU, M-2BI, M-2RB*, M-2SB*, M-2TB* and M-2UB*",M-2B,,To Early Redemption Date,yes,0,5.00%,0.00%,1.34
Weighted Average Life Tables,142,"Class M-2B, M-2BR, M-2BS, M-2BT, M-2BU, M-2BI, M-2RB*, M-2SB*, M-2TB* and M-2UB*",M-2B,,To Early Redemption Date,yes,5,5.00%,0.00%,1.38
Weighted Average Life Tables,142,"Class M-2B, M-2BR, M-2BS, M-2BT, M-2BU, M-2BI, M-2RB*, M-2SB*, M-2TB* and M-2UB*",M-2B,,To Early Redemption Date,yes,10,5.00%,0.00%,1.44
Weighted Average Life Tables,142,"Class M-2B, M-2BR, M-2BS, M-2BT, M-2BU, M-2BI, M-2RB*, M-2SB*, M-2TB* and M-2UB*",M-2B,,To Early Redemption Date,yes,15,5.00%,0.00%,1.50
Weighted Average Life Tables,142,"Class M-2B, M-2BR, M-2BS, M-2BT, M-2BU, M-2BI, M-2RB*, M-2SB*, M-2TB* and M-2UB*",M-2B,,To Early Redemption Date,yes,25,5.00%,0.00%,1.68
Weighted Average Life Tables,142,"Class M-2B, M-2BR, M-2BS, M-2BT, M-2BU, M-2BI, M-2RB*, M-2SB*, M-2TB* and M-2UB*",M-2B,,To Early Redemption Date,yes,35,5.00%,0.00%,1.99
Weighted Average Life Tables,142,"Class M-2B, M-2BR, M-2BS, M-2BT, M-2BU, M-2BI, M-2RB*, M-2SB*, M-2TB* and M-2UB*",M-2BR,,To Scheduled Maturity Date,no,0,5.00%,0.00%,1.34
Weighted Average Life Tables,142,"Class M-2B, M-2BR, M-2BS, M-2BT, M-2BU, M-2BI, M-2RB*, M-2SB*, M-2TB* and M-2UB*",M-2BR,,To Scheduled Maturity Date,no,5,5.00%,0.00%,1.38
Weighted Average Life Tables,142,"Class M-2B, M-2BR, M-2BS, M-2BT, M-2BU, M-2BI, M-2RB*, M-2SB*, M-2TB* and M-2UB*",M-2BR,,To Scheduled Maturity Date,no,10,5.00%,0.00%,1.44
Weighted Average Life Tables,142,"Class M-2B, M-2BR, M-2BS, M-2BT, M-2BU, M-2BI, M-2RB*, M-2SB*, M-2TB* and M-2UB*",M-2BR,,To Scheduled Maturity Date,no,15,5.00%,0.00%,1.50
Weighted Average Life Tables,142,"Class M-2B, M-2BR, M-2BS, M-2BT, M-2BU, M-2BI, M-2RB*, M-2SB*, M-2TB* and M-2UB*",M-2BR,,To Scheduled Maturity Date,no,25,5.00%,0.00%,1.68
Weighted Average Life Tables,142,"Class M-2B, M-2BR, M-2BS, M-2BT, M-2BU, M-2BI, M-2RB*, M-2SB*, M-2TB* and M-2UB*",M-2BR,,To Scheduled Maturity Date,no,35,5.00%,0.00%,1.99
Weighted Average Life Tables,142,"Class M-2B, M-2BR, M-2BS, M-2BT, M-2BU, M-2BI, M-2RB*, M-2SB*, M-2TB* and M-2UB*",M-2BR,,To Early Redemption Date,yes,0,5.00%,0.00%,1.34
Weighted Average Life Tables,142,"Class M-2B, M-2BR, M-2BS, M-2BT, M-2BU, M-2BI, M-2RB*, M-2SB*, M-2TB* and M-2UB*",M-2BR,,To Early Redemption Date,yes,5,5.00%,0.00%,1.38
Weighted Average Life Tables,142,"Class M-2B, M-2BR, M-2BS, M-2BT, M-2BU, M-2BI, M-2RB*, M-2SB*, M-2TB* and M-2UB*",M-2BR,,To Early Redemption Date,yes,10,5.00%,0.00%,1.44
Weighted Average Life Tables,142,"Class M-2B, M-2BR, M-2BS, M-2BT, M-2BU, M-2BI, M-2RB*, M-2SB*, M-2TB* and M-2UB*",M-2BR,,To Early Redemption Date,yes,15,5.00%,0.00%,1.50
Weighted Average Life Tables,142,"Class M-2B, M-2BR, M-2BS, M-2BT, M-2BU, M-2BI, M-2RB*, M-2SB*, M-2TB* and M-2UB*",M-2BR,,To Early Redemption Date,yes,25,5.00%,0.00%,1.68
Weighted Average Life Tables,142,"Class M-2B, M-2BR, M-2BS, M-2BT, M-2BU, M-2BI, M-2RB*, M-2SB*, M-2TB* and M-2UB*",M-2BR,,To Early Redemption Date,yes,35,5.00%,0.00%,1.99
Weighted Average Life Tables,142,"Class M-2B, M-2BR, M-2BS, M-2BT, M-2BU, M-2BI, M-2RB*, M-2SB*, M-2TB* and M-2UB*",M-2BS,,To Scheduled Maturity Date,no,0,5.00%,0.00%,1.34
Weighted Average Life Tables,142,"Class M-2B, M-2BR, M-2BS, M-2BT, M-2BU, M-2BI, M-2RB*, M-2SB*, M-2TB* and M-2UB*",M-2BS,,To Scheduled Maturity Date,no,5,5.00%,0.00%,1.38
Weighted Average Life Tables,142,"Class M-2B, M-2BR, M-2BS, M-2BT, M-2BU, M-2BI, M-2RB*, M-2SB*, M-2TB* and M-2UB*",M-2BS,,To Scheduled Maturity Date,no,10,5.00%,0.00%,1.44
Weighted Average Life Tables,142,"Class M-2B, M-2BR, M-2BS, M-2BT, M-2BU, M-2BI, M-2RB*, M-2SB*, M-2TB* and M-2UB*",M-2BS,,To Scheduled Maturity Date,no,15,5.00%,0.00%,1.50
Weighted Average Life Tables,142,"Class M-2B, M-2BR, M-2BS, M-2BT, M-2BU, M-2BI, M-2RB*, M-2SB*, M-2TB* and M-2UB*",M-2BS,,To Scheduled Maturity Date,no,25,5.00%,0.00%,1.68
Weighted Average Life Tables,142,"Class M-2B, M-2BR, M-2BS, M-2BT, M-2BU, M-2BI, M-2RB*, M-2SB*, M-2TB* and M-2UB*",M-2BS,,To Scheduled Maturity Date,no,35,5.00%,0.00%,1.99
Weighted Average Life Tables,142,"Class M-2B, M-2BR, M-2BS, M-2BT, M-2BU, M-2BI, M-2RB*, M-2SB*, M-2TB* and M-2UB*",M-2BS,,To Early Redemption Date,yes,0,5.00%,0.00%,1.34
Weighted Average Life Tables,142,"Class M-2B, M-2BR, M-2BS, M-2BT, M-2BU, M-2BI, M-2RB*, M-2SB*, M-2TB* and M-2UB*",M-2BS,,To Early Redemption Date,yes,5,5.00%,0.00%,1.38
Weighted Average Life Tables,142,"Class M-2B, M-2BR, M-2BS, M-2BT, M-2BU, M-2BI, M-2RB*, M-2SB*, M-2TB* and M-2UB*",M-2BS,,To Early Redemption Date,yes,10,5.00%,0.00%,1.44
Weighted Average Life Tables,142,"Class M-2B, M-2BR, M-2BS, M-2BT, M-2BU, M-2BI, M-2RB*, M-2SB*, M-2TB* and M-2UB*",M-2BS,,To Early Redemption Date,yes,15,5.00%,0.00%,1.50
Weighted Average Life Tables,142,"Class M-2B, M-2BR, M-2BS, M-2BT, M-2BU, M-2BI, M-2RB*, M-2SB*, M-2TB* and M-2UB*",M-2BS,,To Early Redemption Date,yes,25,5.00%,0.00%,1.68
Weighted Average Life Tables,142,"Class M-2B, M-2BR, M-2BS, M-2BT, M-2BU, M-2BI, M-2RB*, M-2SB*, M-2TB* and M-2UB*",M-2BS,,To Early Redemption Date,yes,35,5.00%,0.00%,1.99
Weighted Average Life Tables,142,"Class M-2B, M-2BR, M-2BS, M-2BT, M-2BU, M-2BI, M-2RB*, M-2SB*, M-2TB* and M-2UB*",M-2BT,,To Scheduled Maturity Date,no,0,5.00%,0.00%,1.34
Weighted Average Life Tables,142,"Class M-2B, M-2BR, M-2BS, M-2BT, M-2BU, M-2BI, M-2RB*, M-2SB*, M-2TB* and M-2UB*",M-2BT,,To Scheduled Maturity Date,no,5,5.00%,0.00%,1.38
Weighted Average Life Tables,142,"Class M-2B, M-2BR, M-2BS, M-2BT, M-2BU, M-2BI, M-2RB*, M-2SB*, M-2TB* and M-2UB*",M-2BT,,To Scheduled Maturity Date,no,10,5.00%,0.00%,1.44
Weighted Average Life Tables,142,"Class M-2B, M-2BR, M-2BS, M-2BT, M-2BU, M-2BI, M-2RB*, M-2SB*, M-2TB* and M-2UB*",M-2BT,,To Scheduled Maturity Date,no,15,5.00%,0.00%,1.50
Weighted Average Life Tables,142,"Class M-2B, M-2BR, M-2BS, M-2BT, M-2BU, M-2BI, M-2RB*, M-2SB*, M-2TB* and M-2UB*",M-2BT,,To Scheduled Maturity Date,no,25,5.00%,0.00%,1.68
Weighted Average Life Tables,142,"Class M-2B, M-2BR, M-2BS, M-2BT, M-2BU, M-2BI, M-2RB*, M-2SB*, M-2TB* and M-2UB*",M-2BT,,To Scheduled Maturity Date,no,35,5.00%,0.00%,1.99
Weighted Average Life Tables,142,"Class M-2B, M-2BR, M-2BS, M-2BT, M-2BU, M-2BI, M-2RB*, M-2SB*, M-2TB* and M-2UB*",M-2BT,,To Early Redemption Date,yes,0,5.00%,0.00%,1.34
Weighted Average Life Tables,142,"Class M-2B, M-2BR, M-2BS, M-2BT, M-2BU, M-2BI, M-2RB*, M-2SB*, M-2TB* and M-2UB*",M-2BT,,To Early Redemption Date,yes,5,5.00%,0.00%,1.38
Weighted Average Life Tables,142,"Class M-2B, M-2BR, M-2BS, M-2BT, M-2BU, M-2BI, M-2RB*, M-2SB*, M-2TB* and M-2UB*",M-2BT,,To Early Redemption Date,yes,10,5.00%,0.00%,1.44
Weighted Average Life Tables,142,"Class M-2B, M-2BR, M-2BS, M-2BT, M-2BU, M-2BI, M-2RB*, M-2SB*, M-2TB* and M-2UB*",M-2BT,,To Early Redemption Date,yes,15,5.00%,0.00%,1.50
Weighted Average Life Tables,142,"Class M-2B, M-2BR, M-2BS, M-2BT, M-2BU, M-2BI, M-2RB*, M-2SB*, M-2TB* and M-2UB*",M-2BT,,To Early Redemption Date,yes,25,5.00%,0.00%,1.68
Weighted Average Life Tables,142,"Class M-2B, M-2BR, M-2BS, M-2BT, M-2BU, M-2BI, M-2RB*, M-2SB*, M-2TB* and M-2UB*",M-2BT,,To Early Redemption Date,yes,35,5.00%,0.00%,1.99
Weighted Average Life Tables,142,"Class M-2B, M-2BR, M-2BS, M-2BT, M-2BU, M-2BI, M-2RB*, M-2SB*, M-2TB* and M-2UB*",M-2BU,,To Scheduled Maturity Date,no,0,5.00%,0.00%,1.34
Weighted Average Life Tables,142,"Class M-2B, M-2BR, M-2BS, M-2BT, M-2BU, M-2BI, M-2RB*, M-2SB*, M-2TB* and M-2UB*",M-2BU,,To Scheduled Maturity Date,no,5,5.00%,0.00%,1.38
Weighted Average Life Tables,142,"Class M-2B, M-2BR, M-2BS, M-2BT, M-2BU, M-2BI, M-2RB*, M-2SB*, M-2TB* and M-2UB*",M-2BU,,To Scheduled Maturity Date,no,10,5.00%,0.00%,1.44
Weighted Average Life Tables,142,"Class M-2B, M-2BR, M-2BS, M-2BT, M-2BU, M-2BI, M-2RB*, M-2SB*, M-2TB* and M-2UB*",M-2BU,,To Scheduled Maturity Date,no,15,5.00%,0.00%,1.50
Weighted Average Life Tables,142,"Class M-2B, M-2BR, M-2BS, M-2BT, M-2BU, M-2BI, M-2RB*, M-2SB*, M-2TB* and M-2UB*",M-2BU,,To Scheduled Maturity Date,no,25,5.00%,0.00%,1.68
Weighted Average Life Tables,142,"Class M-2B, M-2BR, M-2BS, M-2BT, M-2BU, M-2BI, M-2RB*, M-2SB*, M-2TB* and M-2UB*",M-2BU,,To Scheduled Maturity Date,no,35,5.00%,0.00%,1.99
Weighted Average Life Tables,142,"Class M-2B, M-2BR, M-2BS, M-2BT, M-2BU, M-2BI, M-2RB*, M-2SB*, M-2TB* and M-2UB*",M-2BU,,To Early Redemption Date,yes,0,5.00%,0.00%,1.34
Weighted Average Life Tables,142,"Class M-2B, M-2BR, M-2BS, M-2BT, M-2BU, M-2BI, M-2RB*, M-2SB*, M-2TB* and M-2UB*",M-2BU,,To Early Redemption Date,yes,5,5.00%,0.00%,1.38
Weighted Average Life Tables,142,"Class M-2B, M-2BR, M-2BS, M-2BT, M-2BU, M-2BI, M-2RB*, M-2SB*, M-2TB* and M-2UB*",M-2BU,,To Early Redemption Date,yes,10,5.00%,0.00%,1.44
Weighted Average Life Tables,142,"Class M-2B, M-2BR, M-2BS, M-2BT, M-2BU, M-2BI, M-2RB*, M-2SB*, M-2TB* and M-2UB*",M-2BU,,To Early Redemption Date,yes,15,5.00%,0.00%,1.50
Weighted Average Life Tables,142,"Class M-2B, M-2BR, M-2BS, M-2BT, M-2BU, M-2BI, M-2RB*, M-2SB*, M-2TB* and M-2UB*",M-2BU,,To Early Redemption Date,yes,25,5.00%,0.00%,1.68
Weighted Average Life Tables,142,"Class M-2B, M-2BR, M-2BS, M-2BT, M-2BU, M-2BI, M-2RB*, M-2SB*, M-2TB* and M-2UB*",M-2BU,,To Early Redemption Date,yes,35,5.00%,0.00%,1.99
Weighted Average Life Tables,142,"Class M-2B, M-2BR, M-2BS, M-2BT, M-2BU, M-2BI, M-2RB*, M-2SB*, M-2TB* and M-2UB*",M-2BI,,To Scheduled Maturity Date,no,0,5.00%,0.00%,1.34
Weighted Average Life Tables,142,"Class M-2B, M-2BR, M-2BS, M-2BT, M-2BU, M-2BI, M-2RB*, M-2SB*, M-2TB* and M-2UB*",M-2BI,,To Scheduled Maturity Date,no,5,5.00%,0.00%,1.38
Weighted Average Life Tables,142,"Class M-2B, M-2BR, M-2BS, M-2BT, M-2BU, M-2BI, M-2RB*, M-2SB*, M-2TB* and M-2UB*",M-2BI,,To Scheduled Maturity Date,no,10,5.00%,0.00%,1.44
Weighted Average Life Tables,142,"Class M-2B, M-2BR, M-2BS, M-2BT, M-2BU, M-2BI, M-2RB*, M-2SB*, M-2TB* and M-2UB*",M-2BI,,To Scheduled Maturity Date,no,15,5.00%,0.00%,1.50
Weighted Average Life Tables,142,"Class M-2B, M-2BR, M-2BS, M-2BT, M-2BU, M-2BI, M-2RB*, M-2SB*, M-2TB* and M-2UB*",M-2BI,,To Scheduled Maturity Date,no,25,5.00%,0.00%,1.68
Weighted Average Life Tables,142,"Class M-2B, M-2BR, M-2BS, M-2BT, M-2BU, M-2BI, M-2RB*, M-2SB*, M-2TB* and M-2UB*",M-2BI,,To Scheduled Maturity Date,no,35,5.00%,0.00%,1.99
Weighted Average Life Tables,142,"Class M-2B, M-2BR, M-2BS, M-2BT, M-2BU, M-2BI, M-2RB*, M-2SB*, M-2TB* and M-2UB*",M-2BI,,To Early Redemption Date,yes,0,5.00%,0.00%,1.34
Weighted Average Life Tables,142,"Class M-2B, M-2BR, M-2BS, M-2BT, M-2BU, M-2BI, M-2RB*, M-2SB*, M-2TB* and M-2UB*",M-2BI,,To Early Redemption Date,yes,5,5.00%,0.00%,1.38
Weighted Average Life Tables,142,"Class M-2B, M-2BR, M-2BS, M-2BT, M-2BU, M-2BI, M-2RB*, M-2SB*, M-2TB* and M-2UB*",M-2BI,,To Early Redemption Date,yes,10,5.00%,0.00%,1.44
Weighted Average Life Tables,142,"Class M-2B, M-2BR, M-2BS, M-2BT, M-2BU, M-2BI, M-2RB*, M-2SB*, M-2TB* and M-2UB*",M-2BI,,To Early Redemption Date,yes,15,5.00%,0.00%,1.50
Weighted Average Life Tables,142,"Class M-2B, M-2BR, M-2BS, M-2BT, M-2BU, M-2BI, M-2RB*, M-2SB*, M-2TB* and M-2UB*",M-2BI,,To Early Redemption Date,yes,25,5.00%,0.00%,1.68
Weighted Average Life Tables,142,"Class M-2B, M-2BR, M-2BS, M-2BT, M-2BU, M-2BI, M-2RB*, M-2SB*, M-2TB* and M-2UB*",M-2BI,,To Early Redemption Date,yes,35,5.00%,0.00%,1.99
Weighted Average Life Tables,142,"Class M-2B, M-2BR, M-2BS, M-2BT, M-2BU, M-2BI, M-2RB*, M-2SB*, M-2TB* and M-2UB*",M-2RB,*,To Scheduled Maturity Date,no,0,5.00%,0.00%,1.34
Weighted Average Life Tables,142,"Class M-2B, M-2BR, M-2BS, M-2BT, M-2BU, M-2BI, M-2RB*, M-2SB*, M-2TB* and M-2UB*",M-2RB,*,To Scheduled Maturity Date,no,5,5.00%,0.00%,1.38
Weighted Average Life Tables,142,"Class M-2B, M-2BR, M-2BS, M-2BT, M-2BU, M-2BI, M-2RB*, M-2SB*, M-2TB* and M-2UB*",M-2RB,*,To Scheduled Maturity Date,no,10,5.00%,0.00%,1.44
Weighted Average Life Tables,142,"Class M-2B, M-2BR, M-2BS, M-2BT, M-2BU, M-2BI, M-2RB*, M-2SB*, M-2TB* and M-2UB*",M-2RB,*,To Scheduled Maturity Date,no,15,5.00%,0.00%,1.50
Weighted Average Life Tables,142,"Class M-2B, M-2BR, M-2BS, M-2BT, M-2BU, M-2BI, M-2RB*, M-2SB*, M-2TB* and M-2UB*",M-2RB,*,To Scheduled Maturity Date,no,25,5.00%,0.00%,1.68
Weighted Average Life Tables,142,"Class M-2B, M-2BR, M-2BS, M-2BT, M-2BU, M-2BI, M-2RB*, M-2SB*, M-2TB* and M-2UB*",M-2RB,*,To Scheduled Maturity Date,no,35,5.00%,0.00%,1.99
Weighted Average Life Tables,142,"Class M-2B, M-2BR, M-2BS, M-2BT, M-2BU, M-2BI, M-2RB*, M-2SB*, M-2TB* and M-2UB*",M-2RB,*,To Early Redemption Date,yes,0,5.00%,0.00%,1.34
Weighted Average Life Tables,142,"Class M-2B, M-2BR, M-2BS, M-2BT, M-2BU, M-2BI, M-2RB*, M-2SB*, M-2TB* and M-2UB*",M-2RB,*,To Early Redemption Date,yes,5,5.00%,0.00%,1.38
Weighted Average Life Tables,142,"Class M-2B, M-2BR, M-2BS, M-2BT, M-2BU, M-2BI, M-2RB*, M-2SB*, M-2TB* and M-2UB*",M-2RB,*,To Early Redemption Date,yes,10,5.00%,0.00%,1.44
Weighted Average Life Tables,142,"Class M-2B, M-2BR, M-2BS, M-2BT, M-2BU, M-2BI, M-2RB*, M-2SB*, M-2TB* and M-2UB*",M-2RB,*,To Early Redemption Date,yes,15,5.00%,0.00%,1.50
Weighted Average Life Tables,142,"Class M-2B, M-2BR, M-2BS, M-2BT, M-2BU, M-2BI, M-2RB*, M-2SB*, M-2TB* and M-2UB*",M-2RB,*,To Early Redemption Date,yes,25,5.00%,0.00%,1.68
Weighted Average Life Tables,142,"Class M-2B, M-2BR, M-2BS, M-2BT, M-2BU, M-2BI, M-2RB*, M-2SB*, M-2TB* and M-2UB*",M-2RB,*,To Early Redemption Date,yes,35,5.00%,0.00%,1.99
Weighted Average Life Tables,142,"Class M-2B, M-2BR, M-2BS, M-2BT, M-2BU, M-2BI, M-2RB*, M-2SB*, M-2TB* and M-2UB*",M-2SB,*,To Scheduled Maturity Date,no,0,5.00%,0.00%,1.34
Weighted Average Life Tables,142,"Class M-2B, M-2BR, M-2BS, M-2BT, M-2BU, M-2BI, M-2RB*, M-2SB*, M-2TB* and M-2UB*",M-2SB,*,To Scheduled Maturity Date,no,5,5.00%,0.00%,1.38
Weighted Average Life Tables,142,"Class M-2B, M-2BR, M-2BS, M-2BT, M-2BU, M-2BI, M-2RB*, M-2SB*, M-2TB* and M-2UB*",M-2SB,*,To Scheduled Maturity Date,no,10,5.00%,0.00%,1.44
Weighted Average Life Tables,142,"Class M-2B, M-2BR, M-2BS, M-2BT, M-2BU, M-2BI, M-2RB*, M-2SB*, M-2TB* and M-2UB*",M-2SB,*,To Scheduled Maturity Date,no,15,5.00%,0.00%,1.50
Weighted Average Life Tables,142,"Class M-2B, M-2BR, M-2BS, M-2BT, M-2BU, M-2BI, M-2RB*, M-2SB*, M-2TB* and M-2UB*",M-2SB,*,To Scheduled Maturity Date,no,25,5.00%,0.00%,1.68
Weighted Average Life Tables,142,"Class M-2B, M-2BR, M-2BS, M-2BT, M-2BU, M-2BI, M-2RB*, M-2SB*, M-2TB* and M-2UB*",M-2SB,*,To Scheduled Maturity Date,no,35,5.00%,0.00%,1.99
Weighted Average Life Tables,142,"Class M-2B, M-2BR, M-2BS, M-2BT, M-2BU, M-2BI, M-2RB*, M-2SB*, M-2TB* and M-2UB*",M-2SB,*,To Early Redemption Date,yes,0,5.00%,0.00%,1.34
Weighted Average Life Tables,142,"Class M-2B, M-2BR, M-2BS, M-2BT, M-2BU, M-2BI, M-2RB*, M-2SB*, M-2TB* and M-2UB*",M-2SB,*,To Early Redemption Date,yes,5,5.00%,0.00%,1.38
Weighted Average Life Tables,142,"Class M-2B, M-2BR, M-2BS, M-2BT, M-2BU, M-2BI, M-2RB*, M-2SB*, M-2TB* and M-2UB*",M-2SB,*,To Early Redemption Date,yes,10,5.00%,0.00%,1.44
Weighted Average Life Tables,142,"Class M-2B, M-2BR, M-2BS, M-2BT, M-2BU, M-2BI, M-2RB*, M-2SB*, M-2TB* and M-2UB*",M-2SB,*,To Early Redemption Date,yes,15,5.00%,0.00%,1.50
Weighted Average Life Tables,142,"Class M-2B, M-2BR, M-2BS, M-2BT, M-2BU, M-2BI, M-2RB*, M-2SB*, M-2TB* and M-2UB*",M-2SB,*,To Early Redemption Date,yes,25,5.00%,0.00%,1.68
Weighted Average Life Tables,142,"Class M-2B, M-2BR, M-2BS, M-2BT, M-2BU, M-2BI, M-2RB*, M-2SB*, M-2TB* and M-2UB*",M-2SB,*,To Early Redemption Date,yes,35,5.00%,0.00%,1.99
Weighted Average Life Tables,142,"Class M-2B, M-2BR, M-2BS, M-2BT, M-2BU, M-2BI, M-2RB*, M-2SB*, M-2TB* and M-2UB*",M-2TB,*,To Scheduled Maturity Date,no,0,5.00%,0.00%,1.34
Weighted Average Life Tables,142,"Class M-2B, M-2BR, M-2BS, M-2BT, M-2BU, M-2BI, M-2RB*, M-2SB*, M-2TB* and M-2UB*",M-2TB,*,To Scheduled Maturity Date,no,5,5.00%,0.00%,1.38
Weighted Average Life Tables,142,"Class M-2B, M-2BR, M-2BS, M-2BT, M-2BU, M-2BI, M-2RB*, M-2SB*, M-2TB* and M-2UB*",M-2TB,*,To Scheduled Maturity Date,no,10,5.00%,0.00%,1.44
Weighted Average Life Tables,142,"Class M-2B, M-2BR, M-2BS, M-2BT, M-2BU, M-2BI, M-2RB*, M-2SB*, M-2TB* and M-2UB*",M-2TB,*,To Scheduled Maturity Date,no,15,5.00%,0.00%,1.50
Weighted Average Life Tables,142,"Class M-2B, M-2BR, M-2BS, M-2BT, M-2BU, M-2BI, M-2RB*, M-2SB*, M-2TB* and M-2UB*",M-2TB,*,To Scheduled Maturity Date,no,25,5.00%,0.00%,1.68
Weighted Average Life Tables,142,"Class M-2B, M-2BR, M-2BS, M-2BT, M-2BU, M-2BI, M-2RB*, M-2SB*, M-2TB* and M-2UB*",M-2TB,*,To Scheduled Maturity Date,no,35,5.00%,0.00%,1.99
Weighted Average Life Tables,142,"Class M-2B, M-2BR, M-2BS, M-2BT, M-2BU, M-2BI, M-2RB*, M-2SB*, M-2TB* and M-2UB*",M-2TB,*,To Early Redemption Date,yes,0,5.00%,0.00%,1.34
Weighted Average Life Tables,142,"Class M-2B, M-2BR, M-2BS, M-2BT, M-2BU, M-2BI, M-2RB*, M-2SB*, M-2TB* and M-2UB*",M-2TB,*,To Early Redemption Date,yes,5,5.00%,0.00%,1.38
Weighted Average Life Tables,142,"Class M-2B, M-2BR, M-2BS, M-2BT, M-2BU, M-2BI, M-2RB*, M-2SB*, M-2TB* and M-2UB*",M-2TB,*,To Early Redemption Date,yes,10,5.00%,0.00%,1.44
Weighted Average Life Tables,142,"Class M-2B, M-2BR, M-2BS, M-2BT, M-2BU, M-2BI, M-2RB*, M-2SB*, M-2TB* and M-2UB*",M-2TB,*,To Early Redemption Date,yes,15,5.00%,0.00%,1.50
Weighted Average Life Tables,142,"Class M-2B, M-2BR, M-2BS, M-2BT, M-2BU, M-2BI, M-2RB*, M-2SB*, M-2TB* and M-2UB*",M-2TB,*,To Early Redemption Date,yes,25,5.00%,0.00%,1.68
Weighted Average Life Tables,142,"Class M-2B, M-2BR, M-2BS, M-2BT, M-2BU, M-2BI, M-2RB*, M-2SB*, M-2TB* and M-2UB*",M-2TB,*,To Early Redemption Date,yes,35,5.00%,0.00%,1.99
Weighted Average Life Tables,142,"Class M-2B, M-2BR, M-2BS, M-2BT, M-2BU, M-2BI, M-2RB*, M-2SB*, M-2TB* and M-2UB*",M-2UB,*,To Scheduled Maturity Date,no,0,5.00%,0.00%,1.34
Weighted Average Life Tables,142,"Class M-2B, M-2BR, M-2BS, M-2BT, M-2BU, M-2BI, M-2RB*, M-2SB*, M-2TB* and M-2UB*",M-2UB,*,To Scheduled Maturity Date,no,5,5.00%,0.00%,1.38
Weighted Average Life Tables,142,"Class M-2B, M-2BR, M-2BS, M-2BT, M-2BU, M-2BI, M-2RB*, M-2SB*, M-2TB* and M-2UB*",M-2UB,*,To Scheduled Maturity Date,no,10,5.00%,0.00%,1.44
Weighted Average Life Tables,142,"Class M-2B, M-2BR, M-2BS, M-2BT, M-2BU, M-2BI, M-2RB*, M-2SB*, M-2TB* and M-2UB*",M-2UB,*,To Scheduled Maturity Date,no,15,5.00%,0.00%,1.50
Weighted Average Life Tables,142,"Class M-2B, M-2BR, M-2BS, M-2BT, M-2BU, M-2BI, M-2RB*, M-2SB*, M-2TB* and M-2UB*",M-2UB,*,To Scheduled Maturity Date,no,25,5.00%,0.00%,1.68
Weighted Average Life Tables,142,"Class M-2B, M-2BR, M-2BS, M-2BT, M-2BU, M-2BI, M-2RB*, M-2SB*, M-2TB* and M-2UB*",M-2UB,*,To Scheduled Maturity Date,no,35,5.00%,0.00%,1.99
Weighted Average Life Tables,142,"Class M-2B, M-2BR, M-2BS, M-2BT, M-2BU, M-2BI, M-2RB*, M-2SB*, M-2TB* and M-2UB*",M-2UB,*,To Early Redemption Date,yes,0,5.00%,0.00%,1.34
Weighted Average Life Tables,142,"Class M-2B, M-2BR, M-2BS, M-2BT, M-2BU, M-2BI, M-2RB*, M-2SB*, M-2TB* and M-2UB*",M-2UB,*,To Early Redemption Date,yes,5,5.00%,0.00%,1.38
Weighted Average Life Tables,142,"Class M-2B, M-2BR, M-2BS, M-2BT, M-2BU, M-2BI, M-2RB*, M-2SB*, M-2TB* and M-2UB*",M-2UB,*,To Early Redemption Date,yes,10,5.00%,0.00%,1.44
Weighted Average Life Tables,142,"Class M-2B, M-2BR, M-2BS, M-2BT, M-2BU, M-2BI, M-2RB*, M-2SB*, M-2TB* and M-2UB*",M-2UB,*,To Early Redemption Date,yes,15,5.00%,0.00%,1.50
Weighted Average Life Tables,142,"Class M-2B, M-2BR, M-2BS, M-2BT, M-2BU, M-2BI, M-2RB*, M-2SB*, M-2TB* and M-2UB*",M-2UB,*,To Early Redemption Date,yes,25,5.00%,0.00%,1.68
Weighted Average Life Tables,142,"Class M-2B, M-2BR, M-2BS, M-2BT, M-2BU, M-2BI, M-2RB*, M-2SB*, M-2TB* and M-2UB*",M-2UB,*,To Early Redemption Date,yes,35,5.00%,0.00%,1.99
Weighted Average Life Tables,142,"Class M-2B, M-2BR, M-2BS, M-2BT, M-2BU, M-2BI, M-2RB*, M-2SB*, M-2TB* and M-2UB*",M-2B,,To Scheduled Maturity Date,no,0,0.00%,0.01%,20.02
Weighted Average Life Tables,142,"Class M-2B, M-2BR, M-2BS, M-2BT, M-2BU, M-2BI, M-2RB*, M-2SB*, M-2TB* and M-2UB*",M-2B,,To Scheduled Maturity Date,no,5,0.00%,0.01%,9.38
Weighted Average Life Tables,142,"Class M-2B, M-2BR, M-2BS, M-2BT, M-2BU, M-2BI, M-2RB*, M-2SB*, M-2TB* and M-2UB*",M-2B,,To Scheduled Maturity Date,no,10,0.00%,0.01%,5.17
Weighted Average Life Tables,142,"Class M-2B, M-2BR, M-2BS, M-2BT, M-2BU, M-2BI, M-2RB*, M-2SB*, M-2TB* and M-2UB*",M-2B,,To Scheduled Maturity Date,no,15,0.00%,0.01%,3.46
Weighted Average Life Tables,142,"Class M-2B, M-2BR, M-2BS, M-2BT, M-2BU, M-2BI, M-2RB*, M-2SB*, M-2TB* and M-2UB*",M-2B,,To Scheduled Maturity Date,no,25,0.00%,0.01%,2.05
Weighted Average Life Tables,142,"Class M-2B, M-2BR, M-2BS, M-2BT, M-2BU, M-2BI, M-2RB*, M-2SB*, M-2TB* and M-2UB*",M-2B,,To Scheduled Maturity Date,no,35,0.00%,0.01%,1.40
Weighted Average Life Tables,142,"Class M-2B, M-2BR, M-2BS, M-2BT, M-2BU, M-2BI, M-2RB*, M-2SB*, M-2TB* and M-2UB*",M-2B,,To Early Redemption Date,yes,0,0.00%,0.01%,5.02
Weighted Average Life Tables,142,"Class M-2B, M-2BR, M-2BS, M-2BT, M-2BU, M-2BI, M-2RB*, M-2SB*, M-2TB* and M-2UB*",M-2B,,To Early Redemption Date,yes,5,0.00%,0.01%,5.02
Weighted Average Life Tables,142,"Class M-2B, M-2BR, M-2BS, M-2BT, M-2BU, M-2BI, M-2RB*, M-2SB*, M-2TB* and M-2UB*",M-2B,,To Early Redemption Date,yes,10,0.00%,0.01%,4.94
Weighted Average Life Tables,142,"Class M-2B, M-2BR, M-2BS, M-2BT, M-2BU, M-2BI, M-2RB*, M-2SB*, M-2TB* and M-2UB*",M-2B,,To Early Redemption Date,yes,15,0.00%,0.01%,3.46
Weighted Average Life Tables,142,"Class M-2B, M-2BR, M-2BS, M-2BT, M-2BU, M-2BI, M-2RB*, M-2SB*, M-2TB* and M-2UB*",M-2B,,To Early Redemption Date,yes,25,0.00%,0.01%,2.05
Weighted Average Life Tables,142,"Class M-2B, M-2BR, M-2BS, M-2BT, M-2BU, M-2BI, M-2RB*, M-2SB*, M-2TB* and M-2UB*",M-2B,,To Early Redemption Date,yes,35,0.00%,0.01%,1.40
Weighted Average Life Tables,142,"Class M-2B, M-2BR, M-2BS, M-2BT, M-2BU, M-2BI, M-2RB*, M-2SB*, M-2TB* and M-2UB*",M-2BR,,To Scheduled Maturity Date,no,0,0.00%,0.01%,20.02
Weighted Average Life Tables,142,"Class M-2B, M-2BR, M-2BS, M-2BT, M-2BU, M-2BI, M-2RB*, M-2SB*, M-2TB* and M-2UB*",M-2BR,,To Scheduled Maturity Date,no,5,0.00%,0.01%,9.38
Weighted Average Life Tables,142,"Class M-2B, M-2BR, M-2BS, M-2BT, M-2BU, M-2BI, M-2RB*, M-2SB*, M-2TB* and M-2UB*",M-2BR,,To Scheduled Maturity Date,no,10,0.00%,0.01%,5.17
Weighted Average Life Tables,142,"Class M-2B, M-2BR, M-2BS, M-2BT, M-2BU, M-2BI, M-2RB*, M-2SB*, M-2TB* and M-2UB*",M-2BR,,To Scheduled Maturity Date,no,15,0.00%,0.01%,3.46
Weighted Average Life Tables,142,"Class M-2B, M-2BR, M-2BS, M-2BT, M-2BU, M-2BI, M-2RB*, M-2SB*, M-2TB* and M-2UB*",M-2BR,,To Scheduled Maturity Date,no,25,0.00%,0.01%,2.05
Weighted Average Life Tables,142,"Class M-2B, M-2BR, M-2BS, M-2BT, M-2BU, M-2BI, M-2RB*, M-2SB*, M-2TB* and M-2UB*",M-2BR,,To Scheduled Maturity Date,no,35,0.00%,0.01%,1.40
Weighted Average Life Tables,142,"Class M-2B, M-2BR, M-2BS, M-2BT, M-2BU, M-2BI, M-2RB*, M-2SB*, M-2TB* and M-2UB*",M-2BR,,To Early Redemption Date,yes,0,0.00%,0.01%,5.02
Weighted Average Life Tables,142,"Class M-2B, M-2BR, M-2BS, M-2BT, M-2BU, M-2BI, M-2RB*, M-2SB*, M-2TB* and M-2UB*",M-2BR,,To Early Redemption Date,yes,5,0.00%,0.01%,5.02
Weighted Average Life Tables,142,"Class M-2B, M-2BR, M-2BS, M-2BT, M-2BU, M-2BI, M-2RB*, M-2SB*, M-2TB* and M-2UB*",M-2BR,,To Early Redemption Date,yes,10,0.00%,0.01%,4.94
Weighted Average Life Tables,142,"Class M-2B, M-2BR, M-2BS, M-2BT, M-2BU, M-2BI, M-2RB*, M-2SB*, M-2TB* and M-2UB*",M-2BR,,To Early Redemption Date,yes,15,0.00%,0.01%,3.46
Weighted Average Life Tables,142,"Class M-2B, M-2BR, M-2BS, M-2BT, M-2BU, M-2BI, M-2RB*, M-2SB*, M-2TB* and M-2UB*",M-2BR,,To Early Redemption Date,yes,25,0.00%,0.01%,2.05
Weighted Average Life Tables,142,"Class M-2B, M-2BR, M-2BS, M-2BT, M-2BU, M-2BI, M-2RB*, M-2SB*, M-2TB* and M-2UB*",M-2BR,,To Early Redemption Date,yes,35,0.00%,0.01%,1.40
Weighted Average Life Tables,142,"Class M-2B, M-2BR, M-2BS, M-2BT, M-2BU, M-2BI, M-2RB*, M-2SB*, M-2TB* and M-2UB*",M-2BS,,To Scheduled Maturity Date,no,0,0.00%,0.01%,20.02
Weighted Average Life Tables,142,"Class M-2B, M-2BR, M-2BS, M-2BT, M-2BU, M-2BI, M-2RB*, M-2SB*, M-2TB* and M-2UB*",M-2BS,,To Scheduled Maturity Date,no,5,0.00%,0.01%,9.38
Weighted Average Life Tables,142,"Class M-2B, M-2BR, M-2BS, M-2BT, M-2BU, M-2BI, M-2RB*, M-2SB*, M-2TB* and M-2UB*",M-2BS,,To Scheduled Maturity Date,no,10,0.00%,0.01%,5.17
Weighted Average Life Tables,142,"Class M-2B, M-2BR, M-2BS, M-2BT, M-2BU, M-2BI, M-2RB*, M-2SB*, M-2TB* and M-2UB*",M-2BS,,To Scheduled Maturity Date,no,15,0.00%,0.01%,3.46
Weighted Average Life Tables,142,"Class M-2B, M-2BR, M-2BS, M-2BT, M-2BU, M-2BI, M-2RB*, M-2SB*, M-2TB* and M-2UB*",M-2BS,,To Scheduled Maturity Date,no,25,0.00%,0.01%,2.05
Weighted Average Life Tables,142,"Class M-2B, M-2BR, M-2BS, M-2BT, M-2BU, M-2BI, M-2RB*, M-2SB*, M-2TB* and M-2UB*",M-2BS,,To Scheduled Maturity Date,no,35,0.00%,0.01%,1.40
Weighted Average Life Tables,142,"Class M-2B, M-2BR, M-2BS, M-2BT, M-2BU, M-2BI, M-2RB*, M-2SB*, M-2TB* and M-2UB*",M-2BS,,To Early Redemption Date,yes,0,0.00%,0.01%,5.02
Weighted Average Life Tables,142,"Class M-2B, M-2BR, M-2BS, M-2BT, M-2BU, M-2BI, M-2RB*, M-2SB*, M-2TB* and M-2UB*",M-2BS,,To Early Redemption Date,yes,5,0.00%,0.01%,5.02
Weighted Average Life Tables,142,"Class M-2B, M-2BR, M-2BS, M-2BT, M-2BU, M-2BI, M-2RB*, M-2SB*, M-2TB* and M-2UB*",M-2BS,,To Early Redemption Date,yes,10,0.00%,0.01%,4.94
Weighted Average Life Tables,142,"Class M-2B, M-2BR, M-2BS, M-2BT, M-2BU, M-2BI, M-2RB*, M-2SB*, M-2TB* and M-2UB*",M-2BS,,To Early Redemption Date,yes,15,0.00%,0.01%,3.46
Weighted Average Life Tables,142,"Class M-2B, M-2BR, M-2BS, M-2BT, M-2BU, M-2BI, M-2RB*, M-2SB*, M-2TB* and M-2UB*",M-2BS,,To Early Redemption Date,yes,25,0.00%,0.01%,2.05
Weighted Average Life Tables,142,"Class M-2B, M-2BR, M-2BS, M-2BT, M-2BU, M-2BI, M-2RB*, M-2SB*, M-2TB* and M-2UB*",M-2BS,,To Early Redemption Date,yes,35,0.00%,0.01%,1.40
Weighted Average Life Tables,142,"Class M-2B, M-2BR, M-2BS, M-2BT, M-2BU, M-2BI, M-2RB*, M-2SB*, M-2TB* and M-2UB*",M-2BT,,To Scheduled Maturity Date,no,0,0.00%,0.01%,20.02
Weighted Average Life Tables,142,"Class M-2B, M-2BR, M-2BS, M-2BT, M-2BU, M-2BI, M-2RB*, M-2SB*, M-2TB* and M-2UB*",M-2BT,,To Scheduled Maturity Date,no,5,0.00%,0.01%,9.38
Weighted Average Life Tables,142,"Class M-2B, M-2BR, M-2BS, M-2BT, M-2BU, M-2BI, M-2RB*, M-2SB*, M-2TB* and M-2UB*",M-2BT,,To Scheduled Maturity Date,no,10,0.00%,0.01%,5.17
Weighted Average Life Tables,142,"Class M-2B, M-2BR, M-2BS, M-2BT, M-2BU, M-2BI, M-2RB*, M-2SB*, M-2TB* and M-2UB*",M-2BT,,To Scheduled Maturity Date,no,15,0.00%,0.01%,3.46
Weighted Average Life Tables,142,"Class M-2B, M-2BR, M-2BS, M-2BT, M-2BU, M-2BI, M-2RB*, M-2SB*, M-2TB* and M-2UB*",M-2BT,,To Scheduled Maturity Date,no,25,0.00%,0.01%,2.05
Weighted Average Life Tables,142,"Class M-2B, M-2BR, M-2BS, M-2BT, M-2BU, M-2BI, M-2RB*, M-2SB*, M-2TB* and M-2UB*",M-2BT,,To Scheduled Maturity Date,no,35,0.00%,0.01%,1.40
Weighted Average Life Tables,142,"Class M-2B, M-2BR, M-2BS, M-2BT, M-2BU, M-2BI, M-2RB*, M-2SB*, M-2TB* and M-2UB*",M-2BT,,To Early Redemption Date,yes,0,0.00%,0.01%,5.02
Weighted Average Life Tables,142,"Class M-2B, M-2BR, M-2BS, M-2BT, M-2BU, M-2BI, M-2RB*, M-2SB*, M-2TB* and M-2UB*",M-2BT,,To Early Redemption Date,yes,5,0.00%,0.01%,5.02
Weighted Average Life Tables,142,"Class M-2B, M-2BR, M-2BS, M-2BT, M-2BU, M-2BI, M-2RB*, M-2SB*, M-2TB* and M-2UB*",M-2BT,,To Early Redemption Date,yes,10,0.00%,0.01%,4.94
Weighted Average Life Tables,142,"Class M-2B, M-2BR, M-2BS, M-2BT, M-2BU, M-2BI, M-2RB*, M-2SB*, M-2TB* and M-2UB*",M-2BT,,To Early Redemption Date,yes,15,0.00%,0.01%,3.46
Weighted Average Life Tables,142,"Class M-2B, M-2BR, M-2BS, M-2BT, M-2BU, M-2BI, M-2RB*, M-2SB*, M-2TB* and M-2UB*",M-2BT,,To Early Redemption Date,yes,25,0.00%,0.01%,2.05
Weighted Average Life Tables,142,"Class M-2B, M-2BR, M-2BS, M-2BT, M-2BU, M-2BI, M-2RB*, M-2SB*, M-2TB* and M-2UB*",M-2BT,,To Early Redemption Date,yes,35,0.00%,0.01%,1.40
Weighted Average Life Tables,142,"Class M-2B, M-2BR, M-2BS, M-2BT, M-2BU, M-2BI, M-2RB*, M-2SB*, M-2TB* and M-2UB*",M-2BU,,To Scheduled Maturity Date,no,0,0.00%,0.01%,20.02
Weighted Average Life Tables,142,"Class M-2B, M-2BR, M-2BS, M-2BT, M-2BU, M-2BI, M-2RB*, M-2SB*, M-2TB* and M-2UB*",M-2BU,,To Scheduled Maturity Date,no,5,0.00%,0.01%,9.38
Weighted Average Life Tables,142,"Class M-2B, M-2BR, M-2BS, M-2BT, M-2BU, M-2BI, M-2RB*, M-2SB*, M-2TB* and M-2UB*",M-2BU,,To Scheduled Maturity Date,no,10,0.00%,0.01%,5.17
Weighted Average Life Tables,142,"Class M-2B, M-2BR, M-2BS, M-2BT, M-2BU, M-2BI, M-2RB*, M-2SB*, M-2TB* and M-2UB*",M-2BU,,To Scheduled Maturity Date,no,15,0.00%,0.01%,3.46
Weighted Average Life Tables,142,"Class M-2B, M-2BR, M-2BS, M-2BT, M-2BU, M-2BI, M-2RB*, M-2SB*, M-2TB* and M-2UB*",M-2BU,,To Scheduled Maturity Date,no,25,0.00%,0.01%,2.05
Weighted Average Life Tables,142,"Class M-2B, M-2BR, M-2BS, M-2BT, M-2BU, M-2BI, M-2RB*, M-2SB*, M-2TB* and M-2UB*",M-2BU,,To Scheduled Maturity Date,no,35,0.00%,0.01%,1.40
Weighted Average Life Tables,142,"Class M-2B, M-2BR, M-2BS, M-2BT, M-2BU, M-2BI, M-2RB*, M-2SB*, M-2TB* and M-2UB*",M-2BU,,To Early Redemption Date,yes,0,0.00%,0.01%,5.02
Weighted Average Life Tables,142,"Class M-2B, M-2BR, M-2BS, M-2BT, M-2BU, M-2BI, M-2RB*, M-2SB*, M-2TB* and M-2UB*",M-2BU,,To Early Redemption Date,yes,5,0.00%,0.01%,5.02
Weighted Average Life Tables,142,"Class M-2B, M-2BR, M-2BS, M-2BT, M-2BU, M-2BI, M-2RB*, M-2SB*, M-2TB* and M-2UB*",M-2BU,,To Early Redemption Date,yes,10,0.00%,0.01%,4.94
Weighted Average Life Tables,142,"Class M-2B, M-2BR, M-2BS, M-2BT, M-2BU, M-2BI, M-2RB*, M-2SB*, M-2TB* and M-2UB*",M-2BU,,To Early Redemption Date,yes,15,0.00%,0.01%,3.46
Weighted Average Life Tables,142,"Class M-2B, M-2BR, M-2BS, M-2BT, M-2BU, M-2BI, M-2RB*, M-2SB*, M-2TB* and M-2UB*",M-2BU,,To Early Redemption Date,yes,25,0.00%,0.01%,2.05
Weighted Average Life Tables,142,"Class M-2B, M-2BR, M-2BS, M-2BT, M-2BU, M-2BI, M-2RB*, M-2SB*, M-2TB* and M-2UB*",M-2BU,,To Early Redemption Date,yes,35,0.00%,0.01%,1.40
Weighted Average Life Tables,142,"Class M-2B, M-2BR, M-2BS, M-2BT, M-2BU, M-2BI, M-2RB*, M-2SB*, M-2TB* and M-2UB*",M-2BI,,To Scheduled Maturity Date,no,0,0.00%,0.01%,20.02
Weighted Average Life Tables,142,"Class M-2B, M-2BR, M-2BS, M-2BT, M-2BU, M-2BI, M-2RB*, M-2SB*, M-2TB* and M-2UB*",M-2BI,,To Scheduled Maturity Date,no,5,0.00%,0.01%,9.38
Weighted Average Life Tables,142,"Class M-2B, M-2BR, M-2BS, M-2BT, M-2BU, M-2BI, M-2RB*, M-2SB*, M-2TB* and M-2UB*",M-2BI,,To Scheduled Maturity Date,no,10,0.00%,0.01%,5.17
Weighted Average Life Tables,142,"Class M-2B, M-2BR, M-2BS, M-2BT, M-2BU, M-2BI, M-2RB*, M-2SB*, M-2TB* and M-2UB*",M-2BI,,To Scheduled Maturity Date,no,15,0.00%,0.01%,3.46
Weighted Average Life Tables,142,"Class M-2B, M-2BR, M-2BS, M-2BT, M-2BU, M-2BI, M-2RB*, M-2SB*, M-2TB* and M-2UB*",M-2BI,,To Scheduled Maturity Date,no,25,0.00%,0.01%,2.05
Weighted Average Life Tables,142,"Class M-2B, M-2BR, M-2BS, M-2BT, M-2BU, M-2BI, M-2RB*, M-2SB*, M-2TB* and M-2UB*",M-2BI,,To Scheduled Maturity Date,no,35,0.00%,0.01%,1.40
Weighted Average Life Tables,142,"Class M-2B, M-2BR, M-2BS, M-2BT, M-2BU, M-2BI, M-2RB*, M-2SB*, M-2TB* and M-2UB*",M-2BI,,To Early Redemption Date,yes,0,0.00%,0.01%,5.02
Weighted Average Life Tables,142,"Class M-2B, M-2BR, M-2BS, M-2BT, M-2BU, M-2BI, M-2RB*, M-2SB*, M-2TB* and M-2UB*",M-2BI,,To Early Redemption Date,yes,5,0.00%,0.01%,5.02
Weighted Average Life Tables,142,"Class M-2B, M-2BR, M-2BS, M-2BT, M-2BU, M-2BI, M-2RB*, M-2SB*, M-2TB* and M-2UB*",M-2BI,,To Early Redemption Date,yes,10,0.00%,0.01%,4.94
Weighted Average Life Tables,142,"Class M-2B, M-2BR, M-2BS, M-2BT, M-2BU, M-2BI, M-2RB*, M-2SB*, M-2TB* and M-2UB*",M-2BI,,To Early Redemption Date,yes,15,0.00%,0.01%,3.46
Weighted Average Life Tables,142,"Class M-2B, M-2BR, M-2BS, M-2BT, M-2BU, M-2BI, M-2RB*, M-2SB*, M-2TB* and M-2UB*",M-2BI,,To Early Redemption Date,yes,25,0.00%,0.01%,2.05
Weighted Average Life Tables,142,"Class M-2B, M-2BR, M-2BS, M-2BT, M-2BU, M-2BI, M-2RB*, M-2SB*, M-2TB* and M-2UB*",M-2BI,,To Early Redemption Date,yes,35,0.00%,0.01%,1.40
Weighted Average Life Tables,142,"Class M-2B, M-2BR, M-2BS, M-2BT, M-2BU, M-2BI, M-2RB*, M-2SB*, M-2TB* and M-2UB*",M-2RB,*,To Scheduled Maturity Date,no,0,0.00%,0.01%,20.02
Weighted Average Life Tables,142,"Class M-2B, M-2BR, M-2BS, M-2BT, M-2BU, M-2BI, M-2RB*, M-2SB*, M-2TB* and M-2UB*",M-2RB,*,To Scheduled Maturity Date,no,5,0.00%,0.01%,9.38
Weighted Average Life Tables,142,"Class M-2B, M-2BR, M-2BS, M-2BT, M-2BU, M-2BI, M-2RB*, M-2SB*, M-2TB* and M-2UB*",M-2RB,*,To Scheduled Maturity Date,no,10,0.00%,0.01%,5.17
Weighted Average Life Tables,142,"Class M-2B, M-2BR, M-2BS, M-2BT, M-2BU, M-2BI, M-2RB*, M-2SB*, M-2TB* and M-2UB*",M-2RB,*,To Scheduled Maturity Date,no,15,0.00%,0.01%,3.46
Weighted Average Life Tables,142,"Class M-2B, M-2BR, M-2BS, M-2BT, M-2BU, M-2BI, M-2RB*, M-2SB*, M-2TB* and M-2UB*",M-2RB,*,To Scheduled Maturity Date,no,25,0.00%,0.01%,2.05
Weighted Average Life Tables,142,"Class M-2B, M-2BR, M-2BS, M-2BT, M-2BU, M-2BI, M-2RB*, M-2SB*, M-2TB* and M-2UB*",M-2RB,*,To Scheduled Maturity Date,no,35,0.00%,0.01%,1.40
Weighted Average Life Tables,142,"Class M-2B, M-2BR, M-2BS, M-2BT, M-2BU, M-2BI, M-2RB*, M-2SB*, M-2TB* and M-2UB*",M-2RB,*,To Early Redemption Date,yes,0,0.00%,0.01%,5.02
Weighted Average Life Tables,142,"Class M-2B, M-2BR, M-2BS, M-2BT, M-2BU, M-2BI, M-2RB*, M-2SB*, M-2TB* and M-2UB*",M-2RB,*,To Early Redemption Date,yes,5,0.00%,0.01%,5.02
Weighted Average Life Tables,142,"Class M-2B, M-2BR, M-2BS, M-2BT, M-2BU, M-2BI, M-2RB*, M-2SB*, M-2TB* and M-2UB*",M-2RB,*,To Early Redemption Date,yes,10,0.00%,0.01%,4.94
Weighted Average Life Tables,142,"Class M-2B, M-2BR, M-2BS, M-2BT, M-2BU, M-2BI, M-2RB*, M-2SB*, M-2TB* and M-2UB*",M-2RB,*,To Early Redemption Date,yes,15,0.00%,0.01%,3.46
Weighted Average Life Tables,142,"Class M-2B, M-2BR, M-2BS, M-2BT, M-2BU, M-2BI, M-2RB*, M-2SB*, M-2TB* and M-2UB*",M-2RB,*,To Early Redemption Date,yes,25,0.00%,0.01%,2.05
Weighted Average Life Tables,142,"Class M-2B, M-2BR, M-2BS, M-2BT, M-2BU, M-2BI, M-2RB*, M-2SB*, M-2TB* and M-2UB*",M-2RB,*,To Early Redemption Date,yes,35,0.00%,0.01%,1.40
Weighted Average Life Tables,142,"Class M-2B, M-2BR, M-2BS, M-2BT, M-2BU, M-2BI, M-2RB*, M-2SB*, M-2TB* and M-2UB*",M-2SB,*,To Scheduled Maturity Date,no,0,0.00%,0.01%,20.02
Weighted Average Life Tables,142,"Class M-2B, M-2BR, M-2BS, M-2BT, M-2BU, M-2BI, M-2RB*, M-2SB*, M-2TB* and M-2UB*",M-2SB,*,To Scheduled Maturity Date,no,5,0.00%,0.01%,9.38
Weighted Average Life Tables,142,"Class M-2B, M-2BR, M-2BS, M-2BT, M-2BU, M-2BI, M-2RB*, M-2SB*, M-2TB* and M-2UB*",M-2SB,*,To Scheduled Maturity Date,no,10,0.00%,0.01%,5.17
Weighted Average Life Tables,142,"Class M-2B, M-2BR, M-2BS, M-2BT, M-2BU, M-2BI, M-2RB*, M-2SB*, M-2TB* and M-2UB*",M-2SB,*,To Scheduled Maturity Date,no,15,0.00%,0.01%,3.46
Weighted Average Life Tables,142,"Class M-2B, M-2BR, M-2BS, M-2BT, M-2BU, M-2BI, M-2RB*, M-2SB*, M-2TB* and M-2UB*",M-2SB,*,To Scheduled Maturity Date,no,25,0.00%,0.01%,2.05
Weighted Average Life Tables,142,"Class M-2B, M-2BR, M-2BS, M-2BT, M-2BU, M-2BI, M-2RB*, M-2SB*, M-2TB* and M-2UB*",M-2SB,*,To Scheduled Maturity Date,no,35,0.00%,0.01%,1.40
Weighted Average Life Tables,142,"Class M-2B, M-2BR, M-2BS, M-2BT, M-2BU, M-2BI, M-2RB*, M-2SB*, M-2TB* and M-2UB*",M-2SB,*,To Early Redemption Date,yes,0,0.00%,0.01%,5.02
Weighted Average Life Tables,142,"Class M-2B, M-2BR, M-2BS, M-2BT, M-2BU, M-2BI, M-2RB*, M-2SB*, M-2TB* and M-2UB*",M-2SB,*,To Early Redemption Date,yes,5,0.00%,0.01%,5.02
Weighted Average Life Tables,142,"Class M-2B, M-2BR, M-2BS, M-2BT, M-2BU, M-2BI, M-2RB*, M-2SB*, M-2TB* and M-2UB*",M-2SB,*,To Early Redemption Date,yes,10,0.00%,0.01%,4.94
Weighted Average Life Tables,142,"Class M-2B, M-2BR, M-2BS, M-2BT, M-2BU, M-2BI, M-2RB*, M-2SB*, M-2TB* and M-2UB*",M-2SB,*,To Early Redemption Date,yes,15,0.00%,0.01%,3.46
Weighted Average Life Tables,142,"Class M-2B, M-2BR, M-2BS, M-2BT, M-2BU, M-2BI, M-2RB*, M-2SB*, M-2TB* and M-2UB*",M-2SB,*,To Early Redemption Date,yes,25,0.00%,0.01%,2.05
Weighted Average Life Tables,142,"Class M-2B, M-2BR, M-2BS, M-2BT, M-2BU, M-2BI, M-2RB*, M-2SB*, M-2TB* and M-2UB*",M-2SB,*,To Early Redemption Date,yes,35,0.00%,0.01%,1.40
Weighted Average Life Tables,142,"Class M-2B, M-2BR, M-2BS, M-2BT, M-2BU, M-2BI, M-2RB*, M-2SB*, M-2TB* and M-2UB*",M-2TB,*,To Scheduled Maturity Date,no,0,0.00%,0.01%,20.02
Weighted Average Life Tables,142,"Class M-2B, M-2BR, M-2BS, M-2BT, M-2BU, M-2BI, M-2RB*, M-2SB*, M-2TB* and M-2UB*",M-2TB,*,To Scheduled Maturity Date,no,5,0.00%,0.01%,9.38
Weighted Average Life Tables,142,"Class M-2B, M-2BR, M-2BS, M-2BT, M-2BU, M-2BI, M-2RB*, M-2SB*, M-2TB* and M-2UB*",M-2TB,*,To Scheduled Maturity Date,no,10,0.00%,0.01%,5.17
Weighted Average Life Tables,142,"Class M-2B, M-2BR, M-2BS, M-2BT, M-2BU, M-2BI, M-2RB*, M-2SB*, M-2TB* and M-2UB*",M-2TB,*,To Scheduled Maturity Date,no,15,0.00%,0.01%,3.46
Weighted Average Life Tables,142,"Class M-2B, M-2BR, M-2BS, M-2BT, M-2BU, M-2BI, M-2RB*, M-2SB*, M-2TB* and M-2UB*",M-2TB,*,To Scheduled Maturity Date,no,25,0.00%,0.01%,2.05
Weighted Average Life Tables,142,"Class M-2B, M-2BR, M-2BS, M-2BT, M-2BU, M-2BI, M-2RB*, M-2SB*, M-2TB* and M-2UB*",M-2TB,*,To Scheduled Maturity Date,no,35,0.00%,0.01%,1.40
Weighted Average Life Tables,142,"Class M-2B, M-2BR, M-2BS, M-2BT, M-2BU, M-2BI, M-2RB*, M-2SB*, M-2TB* and M-2UB*",M-2TB,*,To Early Redemption Date,yes,0,0.00%,0.01%,5.02
Weighted Average Life Tables,142,"Class M-2B, M-2BR, M-2BS, M-2BT, M-2BU, M-2BI, M-2RB*, M-2SB*, M-2TB* and M-2UB*",M-2TB,*,To Early Redemption Date,yes,5,0.00%,0.01%,5.02
Weighted Average Life Tables,142,"Class M-2B, M-2BR, M-2BS, M-2BT, M-2BU, M-2BI, M-2RB*, M-2SB*, M-2TB* and M-2UB*",M-2TB,*,To Early Redemption Date,yes,10,0.00%,0.01%,4.94
Weighted Average Life Tables,142,"Class M-2B, M-2BR, M-2BS, M-2BT, M-2BU, M-2BI, M-2RB*, M-2SB*, M-2TB* and M-2UB*",M-2TB,*,To Early Redemption Date,yes,15,0.00%,0.01%,3.46
Weighted Average Life Tables,142,"Class M-2B, M-2BR, M-2BS, M-2BT, M-2BU, M-2BI, M-2RB*, M-2SB*, M-2TB* and M-2UB*",M-2TB,*,To Early Redemption Date,yes,25,0.00%,0.01%,2.05
Weighted Average Life Tables,142,"Class M-2B, M-2BR, M-2BS, M-2BT, M-2BU, M-2BI, M-2RB*, M-2SB*, M-2TB* and M-2UB*",M-2TB,*,To Early Redemption Date,yes,35,0.00%,0.01%,1.40
Weighted Average Life Tables,142,"Class M-2B, M-2BR, M-2BS, M-2BT, M-2BU, M-2BI, M-2RB*, M-2SB*, M-2TB* and M-2UB*",M-2UB,*,To Scheduled Maturity Date,no,0,0.00%,0.01%,20.02
Weighted Average Life Tables,142,"Class M-2B, M-2BR, M-2BS, M-2BT, M-2BU, M-2BI, M-2RB*, M-2SB*, M-2TB* and M-2UB*",M-2UB,*,To Scheduled Maturity Date,no,5,0.00%,0.01%,9.38
Weighted Average Life Tables,142,"Class M-2B, M-2BR, M-2BS, M-2BT, M-2BU, M-2BI, M-2RB*, M-2SB*, M-2TB* and M-2UB*",M-2UB,*,To Scheduled Maturity Date,no,10,0.00%,0.01%,5.17
Weighted Average Life Tables,142,"Class M-2B, M-2BR, M-2BS, M-2BT, M-2BU, M-2BI, M-2RB*, M-2SB*, M-2TB* and M-2UB*",M-2UB,*,To Scheduled Maturity Date,no,15,0.00%,0.01%,3.46
Weighted Average Life Tables,142,"Class M-2B, M-2BR, M-2BS, M-2BT, M-2BU, M-2BI, M-2RB*, M-2SB*, M-2TB* and M-2UB*",M-2UB,*,To Scheduled Maturity Date,no,25,0.00%,0.01%,2.05
Weighted Average Life Tables,142,"Class M-2B, M-2BR, M-2BS, M-2BT, M-2BU, M-2BI, M-2RB*, M-2SB*, M-2TB* and M-2UB*",M-2UB,*,To Scheduled Maturity Date,no,35,0.00%,0.01%,1.40
Weighted Average Life Tables,142,"Class M-2B, M-2BR, M-2BS, M-2BT, M-2BU, M-2BI, M-2RB*, M-2SB*, M-2TB* and M-2UB*",M-2UB,*,To Early Redemption Date,yes,0,0.00%,0.01%,5.02
Weighted Average Life Tables,142,"Class M-2B, M-2BR, M-2BS, M-2BT, M-2BU, M-2BI, M-2RB*, M-2SB*, M-2TB* and M-2UB*",M-2UB,*,To Early Redemption Date,yes,5,0.00%,0.01%,5.02
Weighted Average Life Tables,142,"Class M-2B, M-2BR, M-2BS, M-2BT, M-2BU, M-2BI, M-2RB*, M-2SB*, M-2TB* and M-2UB*",M-2UB,*,To Early Redemption Date,yes,10,0.00%,0.01%,4.94
Weighted Average Life Tables,142,"Class M-2B, M-2BR, M-2BS, M-2BT, M-2BU, M-2BI, M-2RB*, M-2SB*, M-2TB* and M-2UB*",M-2UB,*,To Early Redemption Date,yes,15,0.00%,0.01%,3.46
Weighted Average Life Tables,142,"Class M-2B, M-2BR, M-2BS, M-2BT, M-2BU, M-2BI, M-2RB*, M-2SB*, M-2TB* and M-2UB*",M-2UB,*,To Early Redemption Date,yes,25,0.00%,0.01%,2.05
Weighted Average Life Tables,142,"Class M-2B, M-2BR, M-2BS, M-2BT, M-2BU, M-2BI, M-2RB*, M-2SB*, M-2TB* and M-2UB*",M-2UB,*,To Early Redemption Date,yes,35,0.00%,0.01%,1.40
Weighted Average Life Tables,142,"Class M-2B, M-2BR, M-2BS, M-2BT, M-2BU, M-2BI, M-2RB*, M-2SB*, M-2TB* and M-2UB*",M-2B,,To Scheduled Maturity Date,no,0,0.50%,0.03%,14.32
Weighted Average Life Tables,142,"Class M-2B, M-2BR, M-2BS, M-2BT, M-2BU, M-2BI, M-2RB*, M-2SB*, M-2TB* and M-2UB*",M-2B,,To Scheduled Maturity Date,no,5,0.50%,0.03%,20.02
Weighted Average Life Tables,142,"Class M-2B, M-2BR, M-2BS, M-2BT, M-2BU, M-2BI, M-2RB*, M-2SB*, M-2TB* and M-2UB*",M-2B,,To Scheduled Maturity Date,no,10,0.50%,0.03%,9.91
Weighted Average Life Tables,142,"Class M-2B, M-2BR, M-2BS, M-2BT, M-2BU, M-2BI, M-2RB*, M-2SB*, M-2TB* and M-2UB*",M-2B,,To Scheduled Maturity Date,no,15,0.50%,0.03%,6.19
Weighted Average Life Tables,142,"Class M-2B, M-2BR, M-2BS, M-2BT, M-2BU, M-2BI, M-2RB*, M-2SB*, M-2TB* and M-2UB*",M-2B,,To Scheduled Maturity Date,no,25,0.50%,0.03%,3.33
Weighted Average Life Tables,142,"Class M-2B, M-2BR, M-2BS, M-2BT, M-2BU, M-2BI, M-2RB*, M-2SB*, M-2TB* and M-2UB*",M-2B,,To Scheduled Maturity Date,no,35,0.50%,0.03%,2.09
Weighted Average Life Tables,142,"Class M-2B, M-2BR, M-2BS, M-2BT, M-2BU, M-2BI, M-2RB*, M-2SB*, M-2TB* and M-2UB*",M-2B,,To Early Redemption Date,yes,0,0.50%,0.03%,5.02
Weighted Average Life Tables,142,"Class M-2B, M-2BR, M-2BS, M-2BT, M-2BU, M-2BI, M-2RB*, M-2SB*, M-2TB* and M-2UB*",M-2B,,To Early Redemption Date,yes,5,0.50%,0.03%,5.02
Weighted Average Life Tables,142,"Class M-2B, M-2BR, M-2BS, M-2BT, M-2BU, M-2BI, M-2RB*, M-2SB*, M-2TB* and M-2UB*",M-2B,,To Early Redemption Date,yes,10,0.50%,0.03%,5.02
Weighted Average Life Tables,142,"Class M-2B, M-2BR, M-2BS, M-2BT, M-2BU, M-2BI, M-2RB*, M-2SB*, M-2TB* and M-2UB*",M-2B,,To Early Redemption Date,yes,15,0.50%,0.03%,5.02
Weighted Average Life Tables,142,"Class M-2B, M-2BR, M-2BS, M-2BT, M-2BU, M-2BI, M-2RB*, M-2SB*, M-2TB* and M-2UB*",M-2B,,To Early Redemption Date,yes,25,0.50%,0.03%,3.33
Weighted Average Life Tables,142,"Class M-2B, M-2BR, M-2BS, M-2BT, M-2BU, M-2BI, M-2RB*, M-2SB*, M-2TB* and M-2UB*",M-2B,,To Early Redemption Date,yes,35,0.50%,0.03%,2.09
Weighted Average Life Tables,142,"Class M-2B, M-2BR, M-2BS, M-2BT, M-2BU, M-2BI, M-2RB*, M-2SB*, M-2TB* and M-2UB*",M-2BR,,To Scheduled Maturity Date,no,0,0.50%,0.03%,14.32
Weighted Average Life Tables,142,"Class M-2B, M-2BR, M-2BS, M-2BT, M-2BU, M-2BI, M-2RB*, M-2SB*, M-2TB* and M-2UB*",M-2BR,,To Scheduled Maturity Date,no,5,0.50%,0.03%,20.02
Weighted Average Life Tables,142,"Class M-2B, M-2BR, M-2BS, M-2BT, M-2BU, M-2BI, M-2RB*, M-2SB*, M-2TB* and M-2UB*",M-2BR,,To Scheduled Maturity Date,no,10,0.50%,0.03%,9.91
Weighted Average Life Tables,142,"Class M-2B, M-2BR, M-2BS, M-2BT, M-2BU, M-2BI, M-2RB*, M-2SB*, M-2TB* and M-2UB*",M-2BR,,To Scheduled Maturity Date,no,15,0.50%,0.03%,6.19
Weighted Average Life Tables,142,"Class M-2B, M-2BR, M-2BS, M-2BT, M-2BU, M-2BI, M-2RB*, M-2SB*, M-2TB* and M-2UB*",M-2BR,,To Scheduled Maturity Date,no,25,0.50%,0.03%,3.33
Weighted Average Life Tables,142,"Class M-2B, M-2BR, M-2BS, M-2BT, M-2BU, M-2BI, M-2RB*, M-2SB*, M-2TB* and M-2UB*",M-2BR,,To Scheduled Maturity Date,no,35,0.50%,0.03%,2.09
Weighted Average Life Tables,142,"Class M-2B, M-2BR, M-2BS, M-2BT, M-2BU, M-2BI, M-2RB*, M-2SB*, M-2TB* and M-2UB*",M-2BR,,To Early Redemption Date,yes,0,0.50%,0.03%,5.02
Weighted Average Life Tables,142,"Class M-2B, M-2BR, M-2BS, M-2BT, M-2BU, M-2BI, M-2RB*, M-2SB*, M-2TB* and M-2UB*",M-2BR,,To Early Redemption Date,yes,5,0.50%,0.03%,5.02
Weighted Average Life Tables,142,"Class M-2B, M-2BR, M-2BS, M-2BT, M-2BU, M-2BI, M-2RB*, M-2SB*, M-2TB* and M-2UB*",M-2BR,,To Early Redemption Date,yes,10,0.50%,0.03%,5.02
Weighted Average Life Tables,142,"Class M-2B, M-2BR, M-2BS, M-2BT, M-2BU, M-2BI, M-2RB*, M-2SB*, M-2TB* and M-2UB*",M-2BR,,To Early Redemption Date,yes,15,0.50%,0.03%,5.02
Weighted Average Life Tables,142,"Class M-2B, M-2BR, M-2BS, M-2BT, M-2BU, M-2BI, M-2RB*, M-2SB*, M-2TB* and M-2UB*",M-2BR,,To Early Redemption Date,yes,25,0.50%,0.03%,3.33
Weighted Average Life Tables,142,"Class M-2B, M-2BR, M-2BS, M-2BT, M-2BU, M-2BI, M-2RB*, M-2SB*, M-2TB* and M-2UB*",M-2BR,,To Early Redemption Date,yes,35,0.50%,0.03%,2.09
Weighted Average Life Tables,142,"Class M-2B, M-2BR, M-2BS, M-2BT, M-2BU, M-2BI, M-2RB*, M-2SB*, M-2TB* and M-2UB*",M-2BS,,To Scheduled Maturity Date,no,0,0.50%,0.03%,14.32
Weighted Average Life Tables,142,"Class M-2B, M-2BR, M-2BS, M-2BT, M-2BU, M-2BI, M-2RB*, M-2SB*, M-2TB* and M-2UB*",M-2BS,,To Scheduled Maturity Date,no,5,0.50%,0.03%,20.02
Weighted Average Life Tables,142,"Class M-2B, M-2BR, M-2BS, M-2BT, M-2BU, M-2BI, M-2RB*, M-2SB*, M-2TB* and M-2UB*",M-2BS,,To Scheduled Maturity Date,no,10,0.50%,0.03%,9.91
Weighted Average Life Tables,142,"Class M-2B, M-2BR, M-2BS, M-2BT, M-2BU, M-2BI, M-2RB*, M-2SB*, M-2TB* and M-2UB*",M-2BS,,To Scheduled Maturity Date,no,15,0.50%,0.03%,6.19
Weighted Average Life Tables,142,"Class M-2B, M-2BR, M-2BS, M-2BT, M-2BU, M-2BI, M-2RB*, M-2SB*, M-2TB* and M-2UB*",M-2BS,,To Scheduled Maturity Date,no,25,0.50%,0.03%,3.33
Weighted Average Life Tables,142,"Class M-2B, M-2BR, M-2BS, M-2BT, M-2BU, M-2BI, M-2RB*, M-2SB*, M-2TB* and M-2UB*",M-2BS,,To Scheduled Maturity Date,no,35,0.50%,0.03%,2.09
Weighted Average Life Tables,142,"Class M-2B, M-2BR, M-2BS, M-2BT, M-2BU, M-2BI, M-2RB*, M-2SB*, M-2TB* and M-2UB*",M-2BS,,To Early Redemption Date,yes,0,0.50%,0.03%,5.02
Weighted Average Life Tables,142,"Class M-2B, M-2BR, M-2BS, M-2BT, M-2BU, M-2BI, M-2RB*, M-2SB*, M-2TB* and M-2UB*",M-2BS,,To Early Redemption Date,yes,5,0.50%,0.03%,5.02
Weighted Average Life Tables,142,"Class M-2B, M-2BR, M-2BS, M-2BT, M-2BU, M-2BI, M-2RB*, M-2SB*, M-2TB* and M-2UB*",M-2BS,,To Early Redemption Date,yes,10,0.50%,0.03%,5.02
Weighted Average Life Tables,142,"Class M-2B, M-2BR, M-2BS, M-2BT, M-2BU, M-2BI, M-2RB*, M-2SB*, M-2TB* and M-2UB*",M-2BS,,To Early Redemption Date,yes,15,0.50%,0.03%,5.02
Weighted Average Life Tables,142,"Class M-2B, M-2BR, M-2BS, M-2BT, M-2BU, M-2BI, M-2RB*, M-2SB*, M-2TB* and M-2UB*",M-2BS,,To Early Redemption Date,yes,25,0.50%,0.03%,3.33
Weighted Average Life Tables,142,"Class M-2B, M-2BR, M-2BS, M-2BT, M-2BU, M-2BI, M-2RB*, M-2SB*, M-2TB* and M-2UB*",M-2BS,,To Early Redemption Date,yes,35,0.50%,0.03%,2.09
Weighted Average Life Tables,142,"Class M-2B, M-2BR, M-2BS, M-2BT, M-2BU, M-2BI, M-2RB*, M-2SB*, M-2TB* and M-2UB*",M-2BT,,To Scheduled Maturity Date,no,0,0.50%,0.03%,14.32
Weighted Average Life Tables,142,"Class M-2B, M-2BR, M-2BS, M-2BT, M-2BU, M-2BI, M-2RB*, M-2SB*, M-2TB* and M-2UB*",M-2BT,,To Scheduled Maturity Date,no,5,0.50%,0.03%,20.02
Weighted Average Life Tables,142,"Class M-2B, M-2BR, M-2BS, M-2BT, M-2BU, M-2BI, M-2RB*, M-2SB*, M-2TB* and M-2UB*",M-2BT,,To Scheduled Maturity Date,no,10,0.50%,0.03%,9.91
Weighted Average Life Tables,142,"Class M-2B, M-2BR, M-2BS, M-2BT, M-2BU, M-2BI, M-2RB*, M-2SB*, M-2TB* and M-2UB*",M-2BT,,To Scheduled Maturity Date,no,15,0.50%,0.03%,6.19
Weighted Average Life Tables,142,"Class M-2B, M-2BR, M-2BS, M-2BT, M-2BU, M-2BI, M-2RB*, M-2SB*, M-2TB* and M-2UB*",M-2BT,,To Scheduled Maturity Date,no,25,0.50%,0.03%,3.33
Weighted Average Life Tables,142,"Class M-2B, M-2BR, M-2BS, M-2BT, M-2BU, M-2BI, M-2RB*, M-2SB*, M-2TB* and M-2UB*",M-2BT,,To Scheduled Maturity Date,no,35,0.50%,0.03%,2.09
Weighted Average Life Tables,142,"Class M-2B, M-2BR, M-2BS, M-2BT, M-2BU, M-2BI, M-2RB*, M-2SB*, M-2TB* and M-2UB*",M-2BT,,To Early Redemption Date,yes,0,0.50%,0.03%,5.02
Weighted Average Life Tables,142,"Class M-2B, M-2BR, M-2BS, M-2BT, M-2BU, M-2BI, M-2RB*, M-2SB*, M-2TB* and M-2UB*",M-2BT,,To Early Redemption Date,yes,5,0.50%,0.03%,5.02
Weighted Average Life Tables,142,"Class M-2B, M-2BR, M-2BS, M-2BT, M-2BU, M-2BI, M-2RB*, M-2SB*, M-2TB* and M-2UB*",M-2BT,,To Early Redemption Date,yes,10,0.50%,0.03%,5.02
Weighted Average Life Tables,142,"Class M-2B, M-2BR, M-2BS, M-2BT, M-2BU, M-2BI, M-2RB*, M-2SB*, M-2TB* and M-2UB*",M-2BT,,To Early Redemption Date,yes,15,0.50%,0.03%,5.02
Weighted Average Life Tables,142,"Class M-2B, M-2BR, M-2BS, M-2BT, M-2BU, M-2BI, M-2RB*, M-2SB*, M-2TB* and M-2UB*",M-2BT,,To Early Redemption Date,yes,25,0.50%,0.03%,3.33
Weighted Average Life Tables,142,"Class M-2B, M-2BR, M-2BS, M-2BT, M-2BU, M-2BI, M-2RB*, M-2SB*, M-2TB* and M-2UB*",M-2BT,,To Early Redemption Date,yes,35,0.50%,0.03%,2.09
Weighted Average Life Tables,142,"Class M-2B, M-2BR, M-2BS, M-2BT, M-2BU, M-2BI, M-2RB*, M-2SB*, M-2TB* and M-2UB*",M-2BU,,To Scheduled Maturity Date,no,0,0.50%,0.03%,14.32
Weighted Average Life Tables,142,"Class M-2B, M-2BR, M-2BS, M-2BT, M-2BU, M-2BI, M-2RB*, M-2SB*, M-2TB* and M-2UB*",M-2BU,,To Scheduled Maturity Date,no,5,0.50%,0.03%,20.02
Weighted Average Life Tables,142,"Class M-2B, M-2BR, M-2BS, M-2BT, M-2BU, M-2BI, M-2RB*, M-2SB*, M-2TB* and M-2UB*",M-2BU,,To Scheduled Maturity Date,no,10,0.50%,0.03%,9.91
Weighted Average Life Tables,142,"Class M-2B, M-2BR, M-2BS, M-2BT, M-2BU, M-2BI, M-2RB*, M-2SB*, M-2TB* and M-2UB*",M-2BU,,To Scheduled Maturity Date,no,15,0.50%,0.03%,6.19
Weighted Average Life Tables,142,"Class M-2B, M-2BR, M-2BS, M-2BT, M-2BU, M-2BI, M-2RB*, M-2SB*, M-2TB* and M-2UB*",M-2BU,,To Scheduled Maturity Date,no,25,0.50%,0.03%,3.33
Weighted Average Life Tables,142,"Class M-2B, M-2BR, M-2BS, M-2BT, M-2BU, M-2BI, M-2RB*, M-2SB*, M-2TB* and M-2UB*",M-2BU,,To Scheduled Maturity Date,no,35,0.50%,0.03%,2.09
Weighted Average Life Tables,142,"Class M-2B, M-2BR, M-2BS, M-2BT, M-2BU, M-2BI, M-2RB*, M-2SB*, M-2TB* and M-2UB*",M-2BU,,To Early Redemption Date,yes,0,0.50%,0.03%,5.02
Weighted Average Life Tables,142,"Class M-2B, M-2BR, M-2BS, M-2BT, M-2BU, M-2BI, M-2RB*, M-2SB*, M-2TB* and M-2UB*",M-2BU,,To Early Redemption Date,yes,5,0.50%,0.03%,5.02
Weighted Average Life Tables,142,"Class M-2B, M-2BR, M-2BS, M-2BT, M-2BU, M-2BI, M-2RB*, M-2SB*, M-2TB* and M-2UB*",M-2BU,,To Early Redemption Date,yes,10,0.50%,0.03%,5.02
Weighted Average Life Tables,142,"Class M-2B, M-2BR, M-2BS, M-2BT, M-2BU, M-2BI, M-2RB*, M-2SB*, M-2TB* and M-2UB*",M-2BU,,To Early Redemption Date,yes,15,0.50%,0.03%,5.02
Weighted Average Life Tables,142,"Class M-2B, M-2BR, M-2BS, M-2BT, M-2BU, M-2BI, M-2RB*, M-2SB*, M-2TB* and M-2UB*",M-2BU,,To Early Redemption Date,yes,25,0.50%,0.03%,3.33
Weighted Average Life Tables,142,"Class M-2B, M-2BR, M-2BS, M-2BT, M-2BU, M-2BI, M-2RB*, M-2SB*, M-2TB* and M-2UB*",M-2BU,,To Early Redemption Date,yes,35,0.50%,0.03%,2.09
Weighted Average Life Tables,142,"Class M-2B, M-2BR, M-2BS, M-2BT, M-2BU, M-2BI, M-2RB*, M-2SB*, M-2TB* and M-2UB*",M-2BI,,To Scheduled Maturity Date,no,0,0.50%,0.03%,14.32
Weighted Average Life Tables,142,"Class M-2B, M-2BR, M-2BS, M-2BT, M-2BU, M-2BI, M-2RB*, M-2SB*, M-2TB* and M-2UB*",M-2BI,,To Scheduled Maturity Date,no,5,0.50%,0.03%,20.02
Weighted Average Life Tables,142,"Class M-2B, M-2BR, M-2BS, M-2BT, M-2BU, M-2BI, M-2RB*, M-2SB*, M-2TB* and M-2UB*",M-2BI,,To Scheduled Maturity Date,no,10,0.50%,0.03%,9.91
Weighted Average Life Tables,142,"Class M-2B, M-2BR, M-2BS, M-2BT, M-2BU, M-2BI, M-2RB*, M-2SB*, M-2TB* and M-2UB*",M-2BI,,To Scheduled Maturity Date,no,15,0.50%,0.03%,6.19
Weighted Average Life Tables,142,"Class M-2B, M-2BR, M-2BS, M-2BT, M-2BU, M-2BI, M-2RB*, M-2SB*, M-2TB* and M-2UB*",M-2BI,,To Scheduled Maturity Date,no,25,0.50%,0.03%,3.33
Weighted Average Life Tables,142,"Class M-2B, M-2BR, M-2BS, M-2BT, M-2BU, M-2BI, M-2RB*, M-2SB*, M-2TB* and M-2UB*",M-2BI,,To Scheduled Maturity Date,no,35,0.50%,0.03%,2.09
Weighted Average Life Tables,142,"Class M-2B, M-2BR, M-2BS, M-2BT, M-2BU, M-2BI, M-2RB*, M-2SB*, M-2TB* and M-2UB*",M-2BI,,To Early Redemption Date,yes,0,0.50%,0.03%,5.02
Weighted Average Life Tables,142,"Class M-2B, M-2BR, M-2BS, M-2BT, M-2BU, M-2BI, M-2RB*, M-2SB*, M-2TB* and M-2UB*",M-2BI,,To Early Redemption Date,yes,5,0.50%,0.03%,5.02
Weighted Average Life Tables,142,"Class M-2B, M-2BR, M-2BS, M-2BT, M-2BU, M-2BI, M-2RB*, M-2SB*, M-2TB* and M-2UB*",M-2BI,,To Early Redemption Date,yes,10,0.50%,0.03%,5.02
Weighted Average Life Tables,142,"Class M-2B, M-2BR, M-2BS, M-2BT, M-2BU, M-2BI, M-2RB*, M-2SB*, M-2TB* and M-2UB*",M-2BI,,To Early Redemption Date,yes,15,0.50%,0.03%,5.02
Weighted Average Life Tables,142,"Class M-2B, M-2BR, M-2BS, M-2BT, M-2BU, M-2BI, M-2RB*, M-2SB*, M-2TB* and M-2UB*",M-2BI,,To Early Redemption Date,yes,25,0.50%,0.03%,3.33
Weighted Average Life Tables,142,"Class M-2B, M-2BR, M-2BS, M-2BT, M-2BU, M-2BI, M-2RB*, M-2SB*, M-2TB* and M-2UB*",M-2BI,,To Early Redemption Date,yes,35,0.50%,0.03%,2.09
Weighted Average Life Tables,142,"Class M-2B, M-2BR, M-2BS, M-2BT, M-2BU, M-2BI, M-2RB*, M-2SB*, M-2TB* and M-2UB*",M-2RB,*,To Scheduled Maturity Date,no,0,0.50%,0.03%,14.32
Weighted Average Life Tables,142,"Class M-2B, M-2BR, M-2BS, M-2BT, M-2BU, M-2BI, M-2RB*, M-2SB*, M-2TB* and M-2UB*",M-2RB,*,To Scheduled Maturity Date,no,5,0.50%,0.03%,20.02
Weighted Average Life Tables,142,"Class M-2B, M-2BR, M-2BS, M-2BT, M-2BU, M-2BI, M-2RB*, M-2SB*, M-2TB* and M-2UB*",M-2RB,*,To Scheduled Maturity Date,no,10,0.50%,0.03%,9.91
Weighted Average Life Tables,142,"Class M-2B, M-2BR, M-2BS, M-2BT, M-2BU, M-2BI, M-2RB*, M-2SB*, M-2TB* and M-2UB*",M-2RB,*,To Scheduled Maturity Date,no,15,0.50%,0.03%,6.19
Weighted Average Life Tables,142,"Class M-2B, M-2BR, M-2BS, M-2BT, M-2BU, M-2BI, M-2RB*, M-2SB*, M-2TB* and M-2UB*",M-2RB,*,To Scheduled Maturity Date,no,25,0.50%,0.03%,3.33
Weighted Average Life Tables,142,"Class M-2B, M-2BR, M-2BS, M-2BT, M-2BU, M-2BI, M-2RB*, M-2SB*, M-2TB* and M-2UB*",M-2RB,*,To Scheduled Maturity Date,no,35,0.50%,0.03%,2.09
Weighted Average Life Tables,142,"Class M-2B, M-2BR, M-2BS, M-2BT, M-2BU, M-2BI, M-2RB*, M-2SB*, M-2TB* and M-2UB*",M-2RB,*,To Early Redemption Date,yes,0,0.50%,0.03%,5.02
Weighted Average Life Tables,142,"Class M-2B, M-2BR, M-2BS, M-2BT, M-2BU, M-2BI, M-2RB*, M-2SB*, M-2TB* and M-2UB*",M-2RB,*,To Early Redemption Date,yes,5,0.50%,0.03%,5.02
Weighted Average Life Tables,142,"Class M-2B, M-2BR, M-2BS, M-2BT, M-2BU, M-2BI, M-2RB*, M-2SB*, M-2TB* and M-2UB*",M-2RB,*,To Early Redemption Date,yes,10,0.50%,0.03%,5.02
Weighted Average Life Tables,142,"Class M-2B, M-2BR, M-2BS, M-2BT, M-2BU, M-2BI, M-2RB*, M-2SB*, M-2TB* and M-2UB*",M-2RB,*,To Early Redemption Date,yes,15,0.50%,0.03%,5.02
Weighted Average Life Tables,142,"Class M-2B, M-2BR, M-2BS, M-2BT, M-2BU, M-2BI, M-2RB*, M-2SB*, M-2TB* and M-2UB*",M-2RB,*,To Early Redemption Date,yes,25,0.50%,0.03%,3.33
Weighted Average Life Tables,142,"Class M-2B, M-2BR, M-2BS, M-2BT, M-2BU, M-2BI, M-2RB*, M-2SB*, M-2TB* and M-2UB*",M-2RB,*,To Early Redemption Date,yes,35,0.50%,0.03%,2.09
Weighted Average Life Tables,142,"Class M-2B, M-2BR, M-2BS, M-2BT, M-2BU, M-2BI, M-2RB*, M-2SB*, M-2TB* and M-2UB*",M-2SB,*,To Scheduled Maturity Date,no,0,0.50%,0.03%,14.32
Weighted Average Life Tables,142,"Class M-2B, M-2BR, M-2BS, M-2BT, M-2BU, M-2BI, M-2RB*, M-2SB*, M-2TB* and M-2UB*",M-2SB,*,To Scheduled Maturity Date,no,5,0.50%,0.03%,20.02
Weighted Average Life Tables,142,"Class M-2B, M-2BR, M-2BS, M-2BT, M-2BU, M-2BI, M-2RB*, M-2SB*, M-2TB* and M-2UB*",M-2SB,*,To Scheduled Maturity Date,no,10,0.50%,0.03%,9.91
Weighted Average Life Tables,142,"Class M-2B, M-2BR, M-2BS, M-2BT, M-2BU, M-2BI, M-2RB*, M-2SB*, M-2TB* and M-2UB*",M-2SB,*,To Scheduled Maturity Date,no,15,0.50%,0.03%,6.19
Weighted Average Life Tables,142,"Class M-2B, M-2BR, M-2BS, M-2BT, M-2BU, M-2BI, M-2RB*, M-2SB*, M-2TB* and M-2UB*",M-2SB,*,To Scheduled Maturity Date,no,25,0.50%,0.03%,3.33
Weighted Average Life Tables,142,"Class M-2B, M-2BR, M-2BS, M-2BT, M-2BU, M-2BI, M-2RB*, M-2SB*, M-2TB* and M-2UB*",M-2SB,*,To Scheduled Maturity Date,no,35,0.50%,0.03%,2.09
Weighted Average Life Tables,142,"Class M-2B, M-2BR, M-2BS, M-2BT, M-2BU, M-2BI, M-2RB*, M-2SB*, M-2TB* and M-2UB*",M-2SB,*,To Early Redemption Date,yes,0,0.50%,0.03%,5.02
Weighted Average Life Tables,142,"Class M-2B, M-2BR, M-2BS, M-2BT, M-2BU, M-2BI, M-2RB*, M-2SB*, M-2TB* and M-2UB*",M-2SB,*,To Early Redemption Date,yes,5,0.50%,0.03%,5.02
Weighted Average Life Tables,142,"Class M-2B, M-2BR, M-2BS, M-2BT, M-2BU, M-2BI, M-2RB*, M-2SB*, M-2TB* and M-2UB*",M-2SB,*,To Early Redemption Date,yes,10,0.50%,0.03%,5.02
Weighted Average Life Tables,142,"Class M-2B, M-2BR, M-2BS, M-2BT, M-2BU, M-2BI, M-2RB*, M-2SB*, M-2TB* and M-2UB*",M-2SB,*,To Early Redemption Date,yes,15,0.50%,0.03%,5.02
Weighted Average Life Tables,142,"Class M-2B, M-2BR, M-2BS, M-2BT, M-2BU, M-2BI, M-2RB*, M-2SB*, M-2TB* and M-2UB*",M-2SB,*,To Early Redemption Date,yes,25,0.50%,0.03%,3.33
Weighted Average Life Tables,142,"Class M-2B, M-2BR, M-2BS, M-2BT, M-2BU, M-2BI, M-2RB*, M-2SB*, M-2TB* and M-2UB*",M-2SB,*,To Early Redemption Date,yes,35,0.50%,0.03%,2.09
Weighted Average Life Tables,142,"Class M-2B, M-2BR, M-2BS, M-2BT, M-2BU, M-2BI, M-2RB*, M-2SB*, M-2TB* and M-2UB*",M-2TB,*,To Scheduled Maturity Date,no,0,0.50%,0.03%,14.32
Weighted Average Life Tables,142,"Class M-2B, M-2BR, M-2BS, M-2BT, M-2BU, M-2BI, M-2RB*, M-2SB*, M-2TB* and M-2UB*",M-2TB,*,To Scheduled Maturity Date,no,5,0.50%,0.03%,20.02
Weighted Average Life Tables,142,"Class M-2B, M-2BR, M-2BS, M-2BT, M-2BU, M-2BI, M-2RB*, M-2SB*, M-2TB* and M-2UB*",M-2TB,*,To Scheduled Maturity Date,no,10,0.50%,0.03%,9.91
Weighted Average Life Tables,142,"Class M-2B, M-2BR, M-2BS, M-2BT, M-2BU, M-2BI, M-2RB*, M-2SB*, M-2TB* and M-2UB*",M-2TB,*,To Scheduled Maturity Date,no,15,0.50%,0.03%,6.19
Weighted Average Life Tables,142,"Class M-2B, M-2BR, M-2BS, M-2BT, M-2BU, M-2BI, M-2RB*, M-2SB*, M-2TB* and M-2UB*",M-2TB,*,To Scheduled Maturity Date,no,25,0.50%,0.03%,3.33
Weighted Average Life Tables,142,"Class M-2B, M-2BR, M-2BS, M-2BT, M-2BU, M-2BI, M-2RB*, M-2SB*, M-2TB* and M-2UB*",M-2TB,*,To Scheduled Maturity Date,no,35,0.50%,0.03%,2.09
Weighted Average Life Tables,142,"Class M-2B, M-2BR, M-2BS, M-2BT, M-2BU, M-2BI, M-2RB*, M-2SB*, M-2TB* and M-2UB*",M-2TB,*,To Early Redemption Date,yes,0,0.50%,0.03%,5.02
Weighted Average Life Tables,142,"Class M-2B, M-2BR, M-2BS, M-2BT, M-2BU, M-2BI, M-2RB*, M-2SB*, M-2TB* and M-2UB*",M-2TB,*,To Early Redemption Date,yes,5,0.50%,0.03%,5.02
Weighted Average Life Tables,142,"Class M-2B, M-2BR, M-2BS, M-2BT, M-2BU, M-2BI, M-2RB*, M-2SB*, M-2TB* and M-2UB*",M-2TB,*,To Early Redemption Date,yes,10,0.50%,0.03%,5.02
Weighted Average Life Tables,142,"Class M-2B, M-2BR, M-2BS, M-2BT, M-2BU, M-2BI, M-2RB*, M-2SB*, M-2TB* and M-2UB*",M-2TB,*,To Early Redemption Date,yes,15,0.50%,0.03%,5.02
Weighted Average Life Tables,142,"Class M-2B, M-2BR, M-2BS, M-2BT, M-2BU, M-2BI, M-2RB*, M-2SB*, M-2TB* and M-2UB*",M-2TB,*,To Early Redemption Date,yes,25,0.50%,0.03%,3.33
Weighted Average Life Tables,142,"Class M-2B, M-2BR, M-2BS, M-2BT, M-2BU, M-2BI, M-2RB*, M-2SB*, M-2TB* and M-2UB*",M-2TB,*,To Early Redemption Date,yes,35,0.50%,0.03%,2.09
Weighted Average Life Tables,142,"Class M-2B, M-2BR, M-2BS, M-2BT, M-2BU, M-2BI, M-2RB*, M-2SB*, M-2TB* and M-2UB*",M-2UB,*,To Scheduled Maturity Date,no,0,0.50%,0.03%,14.32
Weighted Average Life Tables,142,"Class M-2B, M-2BR, M-2BS, M-2BT, M-2BU, M-2BI, M-2RB*, M-2SB*, M-2TB* and M-2UB*",M-2UB,*,To Scheduled Maturity Date,no,5,0.50%,0.03%,20.02
Weighted Average Life Tables,142,"Class M-2B, M-2BR, M-2BS, M-2BT, M-2BU, M-2BI, M-2RB*, M-2SB*, M-2TB* and M-2UB*",M-2UB,*,To Scheduled Maturity Date,no,10,0.50%,0.03%,9.91
Weighted Average Life Tables,142,"Class M-2B, M-2BR, M-2BS, M-2BT, M-2BU, M-2BI, M-2RB*, M-2SB*, M-2TB* and M-2UB*",M-2UB,*,To Scheduled Maturity Date,no,15,0.50%,0.03%,6.19
Weighted Average Life Tables,142,"Class M-2B, M-2BR, M-2BS, M-2BT, M-2BU, M-2BI, M-2RB*, M-2SB*, M-2TB* and M-2UB*",M-2UB,*,To Scheduled Maturity Date,no,25,0.50%,0.03%,3.33
Weighted Average Life Tables,142,"Class M-2B, M-2BR, M-2BS, M-2BT, M-2BU, M-2BI, M-2RB*, M-2SB*, M-2TB* and M-2UB*",M-2UB,*,To Scheduled Maturity Date,no,35,0.50%,0.03%,2.09
Weighted Average Life Tables,142,"Class M-2B, M-2BR, M-2BS, M-2BT, M-2BU, M-2BI, M-2RB*, M-2SB*, M-2TB* and M-2UB*",M-2UB,*,To Early Redemption Date,yes,0,0.50%,0.03%,5.02
Weighted Average Life Tables,142,"Class M-2B, M-2BR, M-2BS, M-2BT, M-2BU, M-2BI, M-2RB*, M-2SB*, M-2TB* and M-2UB*",M-2UB,*,To Early Redemption Date,yes,5,0.50%,0.03%,5.02
Weighted Average Life Tables,142,"Class M-2B, M-2BR, M-2BS, M-2BT, M-2BU, M-2BI, M-2RB*, M-2SB*, M-2TB* and M-2UB*",M-2UB,*,To Early Redemption Date,yes,10,0.50%,0.03%,5.02
Weighted Average Life Tables,142,"Class M-2B, M-2BR, M-2BS, M-2BT, M-2BU, M-2BI, M-2RB*, M-2SB*, M-2TB* and M-2UB*",M-2UB,*,To Early Redemption Date,yes,15,0.50%,0.03%,5.02
Weighted Average Life Tables,142,"Class M-2B, M-2BR, M-2BS, M-2BT, M-2BU, M-2BI, M-2RB*, M-2SB*, M-2TB* and M-2UB*",M-2UB,*,To Early Redemption Date,yes,25,0.50%,0.03%,3.33
Weighted Average Life Tables,142,"Class M-2B, M-2BR, M-2BS, M-2BT, M-2BU, M-2BI, M-2RB*, M-2SB*, M-2TB* and M-2UB*",M-2UB,*,To Early Redemption Date,yes,35,0.50%,0.03%,2.09
Weighted Average Life Tables,142,"Class M-2B, M-2BR, M-2BS, M-2BT, M-2BU, M-2BI, M-2RB*, M-2SB*, M-2TB* and M-2UB*",M-2B,,To Scheduled Maturity Date,no,0,1.00%,0.10%,5.41
Weighted Average Life Tables,142,"Class M-2B, M-2BR, M-2BS, M-2BT, M-2BU, M-2BI, M-2RB*, M-2SB*, M-2TB* and M-2UB*",M-2B,,To Scheduled Maturity Date,no,5,1.00%,0.10%,6.50
Weighted Average Life Tables,142,"Class M-2B, M-2BR, M-2BS, M-2BT, M-2BU, M-2BI, M-2RB*, M-2SB*, M-2TB* and M-2UB*",M-2B,,To Scheduled Maturity Date,no,10,1.00%,0.10%,8.82
Weighted Average Life Tables,142,"Class M-2B, M-2BR, M-2BS, M-2BT, M-2BU, M-2BI, M-2RB*, M-2SB*, M-2TB* and M-2UB*",M-2B,,To Scheduled Maturity Date,no,15,1.00%,0.10%,18.64
Weighted Average Life Tables,142,"Class M-2B, M-2BR, M-2BS, M-2BT, M-2BU, M-2BI, M-2RB*, M-2SB*, M-2TB* and M-2UB*",M-2B,,To Scheduled Maturity Date,no,25,1.00%,0.10%,6.76
Weighted Average Life Tables,142,"Class M-2B, M-2BR, M-2BS, M-2BT, M-2BU, M-2BI, M-2RB*, M-2SB*, M-2TB* and M-2UB*",M-2B,,To Scheduled Maturity Date,no,35,1.00%,0.10%,4.65
Weighted Average Life Tables,142,"Class M-2B, M-2BR, M-2BS, M-2BT, M-2BU, M-2BI, M-2RB*, M-2SB*, M-2TB* and M-2UB*",M-2B,,To Early Redemption Date,yes,0,1.00%,0.10%,5.02
Weighted Average Life Tables,142,"Class M-2B, M-2BR, M-2BS, M-2BT, M-2BU, M-2BI, M-2RB*, M-2SB*, M-2TB* and M-2UB*",M-2B,,To Early Redemption Date,yes,5,1.00%,0.10%,5.02
Weighted Average Life Tables,142,"Class M-2B, M-2BR, M-2BS, M-2BT, M-2BU, M-2BI, M-2RB*, M-2SB*, M-2TB* and M-2UB*",M-2B,,To Early Redemption Date,yes,10,1.00%,0.10%,5.02
Weighted Average Life Tables,142,"Class M-2B, M-2BR, M-2BS, M-2BT, M-2BU, M-2BI, M-2RB*, M-2SB*, M-2TB* and M-2UB*",M-2B,,To Early Redemption Date,yes,15,1.00%,0.10%,5.02
Weighted Average Life Tables,142,"Class M-2B, M-2BR, M-2BS, M-2BT, M-2BU, M-2BI, M-2RB*, M-2SB*, M-2TB* and M-2UB*",M-2B,,To Early Redemption Date,yes,25,1.00%,0.10%,5.02
Weighted Average Life Tables,142,"Class M-2B, M-2BR, M-2BS, M-2BT, M-2BU, M-2BI, M-2RB*, M-2SB*, M-2TB* and M-2UB*",M-2B,,To Early Redemption Date,yes,35,1.00%,0.10%,4.65
Weighted Average Life Tables,142,"Class M-2B, M-2BR, M-2BS, M-2BT, M-2BU, M-2BI, M-2RB*, M-2SB*, M-2TB* and M-2UB*",M-2BR,,To Scheduled Maturity Date,no,0,1.00%,0.10%,5.41
Weighted Average Life Tables,142,"Class M-2B, M-2BR, M-2BS, M-2BT, M-2BU, M-2BI, M-2RB*, M-2SB*, M-2TB* and M-2UB*",M-2BR,,To Scheduled Maturity Date,no,5,1.00%,0.10%,6.50
Weighted Average Life Tables,142,"Class M-2B, M-2BR, M-2BS, M-2BT, M-2BU, M-2BI, M-2RB*, M-2SB*, M-2TB* and M-2UB*",M-2BR,,To Scheduled Maturity Date,no,10,1.00%,0.10%,8.82
Weighted Average Life Tables,142,"Class M-2B, M-2BR, M-2BS, M-2BT, M-2BU, M-2BI, M-2RB*, M-2SB*, M-2TB* and M-2UB*",M-2BR,,To Scheduled Maturity Date,no,15,1.00%,0.10%,18.64
Weighted Average Life Tables,142,"Class M-2B, M-2BR, M-2BS, M-2BT, M-2BU, M-2BI, M-2RB*, M-2SB*, M-2TB* and M-2UB*",M-2BR,,To Scheduled Maturity Date,no,25,1.00%,0.10%,6.76
Weighted Average Life Tables,142,"Class M-2B, M-2BR, M-2BS, M-2BT, M-2BU, M-2BI, M-2RB*, M-2SB*, M-2TB* and M-2UB*",M-2BR,,To Scheduled Maturity Date,no,35,1.00%,0.10%,4.65
Weighted Average Life Tables,142,"Class M-2B, M-2BR, M-2BS, M-2BT, M-2BU, M-2BI, M-2RB*, M-2SB*, M-2TB* and M-2UB*",M-2BR,,To Early Redemption Date,yes,0,1.00%,0.10%,5.02
Weighted Average Life Tables,142,"Class M-2B, M-2BR, M-2BS, M-2BT, M-2BU, M-2BI, M-2RB*, M-2SB*, M-2TB* and M-2UB*",M-2BR,,To Early Redemption Date,yes,5,1.00%,0.10%,5.02
Weighted Average Life Tables,142,"Class M-2B, M-2BR, M-2BS, M-2BT, M-2BU, M-2BI, M-2RB*, M-2SB*, M-2TB* and M-2UB*",M-2BR,,To Early Redemption Date,yes,10,1.00%,0.10%,5.02
Weighted Average Life Tables,142,"Class M-2B, M-2BR, M-2BS, M-2BT, M-2BU, M-2BI, M-2RB*, M-2SB*, M-2TB* and M-2UB*",M-2BR,,To Early Redemption Date,yes,15,1.00%,0.10%,5.02
Weighted Average Life Tables,142,"Class M-2B, M-2BR, M-2BS, M-2BT, M-2BU, M-2BI, M-2RB*, M-2SB*, M-2TB* and M-2UB*",M-2BR,,To Early Redemption Date,yes,25,1.00%,0.10%,5.02
Weighted Average Life Tables,142,"Class M-2B, M-2BR, M-2BS, M-2BT, M-2BU, M-2BI, M-2RB*, M-2SB*, M-2TB* and M-2UB*",M-2BR,,To Early Redemption Date,yes,35,1.00%,0.10%,4.65
Weighted Average Life Tables,142,"Class M-2B, M-2BR, M-2BS, M-2BT, M-2BU, M-2BI, M-2RB*, M-2SB*, M-2TB* and M-2UB*",M-2BS,,To Scheduled Maturity Date,no,0,1.00%,0.10%,5.41
Weighted Average Life Tables,142,"Class M-2B, M-2BR, M-2BS, M-2BT, M-2BU, M-2BI, M-2RB*, M-2SB*, M-2TB* and M-2UB*",M-2BS,,To Scheduled Maturity Date,no,5,1.00%,0.10%,6.50
Weighted Average Life Tables,142,"Class M-2B, M-2BR, M-2BS, M-2BT, M-2BU, M-2BI, M-2RB*, M-2SB*, M-2TB* and M-2UB*",M-2BS,,To Scheduled Maturity Date,no,10,1.00%,0.10%,8.82
Weighted Average Life Tables,142,"Class M-2B, M-2BR, M-2BS, M-2BT, M-2BU, M-2BI, M-2RB*, M-2SB*, M-2TB* and M-2UB*",M-2BS,,To Scheduled Maturity Date,no,15,1.00%,0.10%,18.64
Weighted Average Life Tables,142,"Class M-2B, M-2BR, M-2BS, M-2BT, M-2BU, M-2BI, M-2RB*, M-2SB*, M-2TB* and M-2UB*",M-2BS,,To Scheduled Maturity Date,no,25,1.00%,0.10%,6.76
Weighted Average Life Tables,142,"Class M-2B, M-2BR, M-2BS, M-2BT, M-2BU, M-2BI, M-2RB*, M-2SB*, M-2TB* and M-2UB*",M-2BS,,To Scheduled Maturity Date,no,35,1.00%,0.10%,4.65
Weighted Average Life Tables,142,"Class M-2B, M-2BR, M-2BS, M-2BT, M-2BU, M-2BI, M-2RB*, M-2SB*, M-2TB* and M-2UB*",M-2BS,,To Early Redemption Date,yes,0,1.00%,0.10%,5.02
Weighted Average Life Tables,142,"Class M-2B, M-2BR, M-2BS, M-2BT, M-2BU, M-2BI, M-2RB*, M-2SB*, M-2TB* and M-2UB*",M-2BS,,To Early Redemption Date,yes,5,1.00%,0.10%,5.02
Weighted Average Life Tables,142,"Class M-2B, M-2BR, M-2BS, M-2BT, M-2BU, M-2BI, M-2RB*, M-2SB*, M-2TB* and M-2UB*",M-2BS,,To Early Redemption Date,yes,10,1.00%,0.10%,5.02
Weighted Average Life Tables,142,"Class M-2B, M-2BR, M-2BS, M-2BT, M-2BU, M-2BI, M-2RB*, M-2SB*, M-2TB* and M-2UB*",M-2BS,,To Early Redemption Date,yes,15,1.00%,0.10%,5.02
Weighted Average Life Tables,142,"Class M-2B, M-2BR, M-2BS, M-2BT, M-2BU, M-2BI, M-2RB*, M-2SB*, M-2TB* and M-2UB*",M-2BS,,To Early Redemption Date,yes,25,1.00%,0.10%,5.02
Weighted Average Life Tables,142,"Class M-2B, M-2BR, M-2BS, M-2BT, M-2BU, M-2BI, M-2RB*, M-2SB*, M-2TB* and M-2UB*",M-2BS,,To Early Redemption Date,yes,35,1.00%,0.10%,4.65
Weighted Average Life Tables,142,"Class M-2B, M-2BR, M-2BS, M-2BT, M-2BU, M-2BI, M-2RB*, M-2SB*, M-2TB* and M-2UB*",M-2BT,,To Scheduled Maturity Date,no,0,1.00%,0.10%,5.41
Weighted Average Life Tables,142,"Class M-2B, M-2BR, M-2BS, M-2BT, M-2BU, M-2BI, M-2RB*, M-2SB*, M-2TB* and M-2UB*",M-2BT,,To Scheduled Maturity Date,no,5,1.00%,0.10%,6.50
Weighted Average Life Tables,142,"Class M-2B, M-2BR, M-2BS, M-2BT, M-2BU, M-2BI, M-2RB*, M-2SB*, M-2TB* and M-2UB*",M-2BT,,To Scheduled Maturity Date,no,10,1.00%,0.10%,8.82
Weighted Average Life Tables,142,"Class M-2B, M-2BR, M-2BS, M-2BT, M-2BU, M-2BI, M-2RB*, M-2SB*, M-2TB* and M-2UB*",M-2BT,,To Scheduled Maturity Date,no,15,1.00%,0.10%,18.64
Weighted Average Life Tables,142,"Class M-2B, M-2BR, M-2BS, M-2BT, M-2BU, M-2BI, M-2RB*, M-2SB*, M-2TB* and M-2UB*",M-2BT,,To Scheduled Maturity Date,no,25,1.00%,0.10%,6.76
Weighted Average Life Tables,142,"Class M-2B, M-2BR, M-2BS, M-2BT, M-2BU, M-2BI, M-2RB*, M-2SB*, M-2TB* and M-2UB*",M-2BT,,To Scheduled Maturity Date,no,35,1.00%,0.10%,4.65
Weighted Average Life Tables,142,"Class M-2B, M-2BR, M-2BS, M-2BT, M-2BU, M-2BI, M-2RB*, M-2SB*, M-2TB* and M-2UB*",M-2BT,,To Early Redemption Date,yes,0,1.00%,0.10%,5.02
Weighted Average Life Tables,142,"Class M-2B, M-2BR, M-2BS, M-2BT, M-2BU, M-2BI, M-2RB*, M-2SB*, M-2TB* and M-2UB*",M-2BT,,To Early Redemption Date,yes,5,1.00%,0.10%,5.02
Weighted Average Life Tables,142,"Class M-2B, M-2BR, M-2BS, M-2BT, M-2BU, M-2BI, M-2RB*, M-2SB*, M-2TB* and M-2UB*",M-2BT,,To Early Redemption Date,yes,10,1.00%,0.10%,5.02
Weighted Average Life Tables,142,"Class M-2B, M-2BR, M-2BS, M-2BT, M-2BU, M-2BI, M-2RB*, M-2SB*, M-2TB* and M-2UB*",M-2BT,,To Early Redemption Date,yes,15,1.00%,0.10%,5.02
Weighted Average Life Tables,142,"Class M-2B, M-2BR, M-2BS, M-2BT, M-2BU, M-2BI, M-2RB*, M-2SB*, M-2TB* and M-2UB*",M-2BT,,To Early Redemption Date,yes,25,1.00%,0.10%,5.02
Weighted Average Life Tables,142,"Class M-2B, M-2BR, M-2BS, M-2BT, M-2BU, M-2BI, M-2RB*, M-2SB*, M-2TB* and M-2UB*",M-2BT,,To Early Redemption Date,yes,35,1.00%,0.10%,4.65
Weighted Average Life Tables,142,"Class M-2B, M-2BR, M-2BS, M-2BT, M-2BU, M-2BI, M-2RB*, M-2SB*, M-2TB* and M-2UB*",M-2BU,,To Scheduled Maturity Date,no,0,1.00%,0.10%,5.41
Weighted Average Life Tables,142,"Class M-2B, M-2BR, M-2BS, M-2BT, M-2BU, M-2BI, M-2RB*, M-2SB*, M-2TB* and M-2UB*",M-2BU,,To Scheduled Maturity Date,no,5,1.00%,0.10%,6.50
Weighted Average Life Tables,142,"Class M-2B, M-2BR, M-2BS, M-2BT, M-2BU, M-2BI, M-2RB*, M-2SB*, M-2TB* and M-2UB*",M-2BU,,To Scheduled Maturity Date,no,10,1.00%,0.10%,8.82
Weighted Average Life Tables,142,"Class M-2B, M-2BR, M-2BS, M-2BT, M-2BU, M-2BI, M-2RB*, M-2SB*, M-2TB* and M-2UB*",M-2BU,,To Scheduled Maturity Date,no,15,1.00%,0.10%,18.64
Weighted Average Life Tables,142,"Class M-2B, M-2BR, M-2BS, M-2BT, M-2BU, M-2BI, M-2RB*, M-2SB*, M-2TB* and M-2UB*",M-2BU,,To Scheduled Maturity Date,no,25,1.00%,0.10%,6.76
Weighted Average Life Tables,142,"Class M-2B, M-2BR, M-2BS, M-2BT, M-2BU, M-2BI, M-2RB*, M-2SB*, M-2TB* and M-2UB*",M-2BU,,To Scheduled Maturity Date,no,35,1.00%,0.10%,4.65
Weighted Average Life Tables,142,"Class M-2B, M-2BR, M-2BS, M-2BT, M-2BU, M-2BI, M-2RB*, M-2SB*, M-2TB* and M-2UB*",M-2BU,,To Early Redemption Date,yes,0,1.00%,0.10%,5.02
Weighted Average Life Tables,142,"Class M-2B, M-2BR, M-2BS, M-2BT, M-2BU, M-2BI, M-2RB*, M-2SB*, M-2TB* and M-2UB*",M-2BU,,To Early Redemption Date,yes,5,1.00%,0.10%,5.02
Weighted Average Life Tables,142,"Class M-2B, M-2BR, M-2BS, M-2BT, M-2BU, M-2BI, M-2RB*, M-2SB*, M-2TB* and M-2UB*",M-2BU,,To Early Redemption Date,yes,10,1.00%,0.10%,5.02
Weighted Average Life Tables,142,"Class M-2B, M-2BR, M-2BS, M-2BT, M-2BU, M-2BI, M-2RB*, M-2SB*, M-2TB* and M-2UB*",M-2BU,,To Early Redemption Date,yes,15,1.00%,0.10%,5.02
Weighted Average Life Tables,142,"Class M-2B, M-2BR, M-2BS, M-2BT, M-2BU, M-2BI, M-2RB*, M-2SB*, M-2TB* and M-2UB*",M-2BU,,To Early Redemption Date,yes,25,1.00%,0.10%,5.02
Weighted Average Life Tables,142,"Class M-2B, M-2BR, M-2BS, M-2BT, M-2BU, M-2BI, M-2RB*, M-2SB*, M-2TB* and M-2UB*",M-2BU,,To Early Redemption Date,yes,35,1.00%,0.10%,4.65
Weighted Average Life Tables,142,"Class M-2B, M-2BR, M-2BS, M-2BT, M-2BU, M-2BI, M-2RB*, M-2SB*, M-2TB* and M-2UB*",M-2BI,,To Scheduled Maturity Date,no,0,1.00%,0.10%,5.41
Weighted Average Life Tables,142,"Class M-2B, M-2BR, M-2BS, M-2BT, M-2BU, M-2BI, M-2RB*, M-2SB*, M-2TB* and M-2UB*",M-2BI,,To Scheduled Maturity Date,no,5,1.00%,0.10%,6.50
Weighted Average Life Tables,142,"Class M-2B, M-2BR, M-2BS, M-2BT, M-2BU, M-2BI, M-2RB*, M-2SB*, M-2TB* and M-2UB*",M-2BI,,To Scheduled Maturity Date,no,10,1.00%,0.10%,8.82
Weighted Average Life Tables,142,"Class M-2B, M-2BR, M-2BS, M-2BT, M-2BU, M-2BI, M-2RB*, M-2SB*, M-2TB* and M-2UB*",M-2BI,,To Scheduled Maturity Date,no,15,1.00%,0.10%,18.64
Weighted Average Life Tables,142,"Class M-2B, M-2BR, M-2BS, M-2BT, M-2BU, M-2BI, M-2RB*, M-2SB*, M-2TB* and M-2UB*",M-2BI,,To Scheduled Maturity Date,no,25,1.00%,0.10%,6.76
Weighted Average Life Tables,142,"Class M-2B, M-2BR, M-2BS, M-2BT, M-2BU, M-2BI, M-2RB*, M-2SB*, M-2TB* and M-2UB*",M-2BI,,To Scheduled Maturity Date,no,35,1.00%,0.10%,4.65
Weighted Average Life Tables,142,"Class M-2B, M-2BR, M-2BS, M-2BT, M-2BU, M-2BI, M-2RB*, M-2SB*, M-2TB* and M-2UB*",M-2BI,,To Early Redemption Date,yes,0,1.00%,0.10%,5.02
Weighted Average Life Tables,142,"Class M-2B, M-2BR, M-2BS, M-2BT, M-2BU, M-2BI, M-2RB*, M-2SB*, M-2TB* and M-2UB*",M-2BI,,To Early Redemption Date,yes,5,1.00%,0.10%,5.02
Weighted Average Life Tables,142,"Class M-2B, M-2BR, M-2BS, M-2BT, M-2BU, M-2BI, M-2RB*, M-2SB*, M-2TB* and M-2UB*",M-2BI,,To Early Redemption Date,yes,10,1.00%,0.10%,5.02
Weighted Average Life Tables,142,"Class M-2B, M-2BR, M-2BS, M-2BT, M-2BU, M-2BI, M-2RB*, M-2SB*, M-2TB* and M-2UB*",M-2BI,,To Early Redemption Date,yes,15,1.00%,0.10%,5.02
Weighted Average Life Tables,142,"Class M-2B, M-2BR, M-2BS, M-2BT, M-2BU, M-2BI, M-2RB*, M-2SB*, M-2TB* and M-2UB*",M-2BI,,To Early Redemption Date,yes,25,1.00%,0.10%,5.02
Weighted Average Life Tables,142,"Class M-2B, M-2BR, M-2BS, M-2BT, M-2BU, M-2BI, M-2RB*, M-2SB*, M-2TB* and M-2UB*",M-2BI,,To Early Redemption Date,yes,35,1.00%,0.10%,4.65
Weighted Average Life Tables,142,"Class M-2B, M-2BR, M-2BS, M-2BT, M-2BU, M-2BI, M-2RB*, M-2SB*, M-2TB* and M-2UB*",M-2RB,*,To Scheduled Maturity Date,no,0,1.00%,0.10%,5.41
Weighted Average Life Tables,142,"Class M-2B, M-2BR, M-2BS, M-2BT, M-2BU, M-2BI, M-2RB*, M-2SB*, M-2TB* and M-2UB*",M-2RB,*,To Scheduled Maturity Date,no,5,1.00%,0.10%,6.50
Weighted Average Life Tables,142,"Class M-2B, M-2BR, M-2BS, M-2BT, M-2BU, M-2BI, M-2RB*, M-2SB*, M-2TB* and M-2UB*",M-2RB,*,To Scheduled Maturity Date,no,10,1.00%,0.10%,8.82
Weighted Average Life Tables,142,"Class M-2B, M-2BR, M-2BS, M-2BT, M-2BU, M-2BI, M-2RB*, M-2SB*, M-2TB* and M-2UB*",M-2RB,*,To Scheduled Maturity Date,no,15,1.00%,0.10%,18.64
Weighted Average Life Tables,142,"Class M-2B, M-2BR, M-2BS, M-2BT, M-2BU, M-2BI, M-2RB*, M-2SB*, M-2TB* and M-2UB*",M-2RB,*,To Scheduled Maturity Date,no,25,1.00%,0.10%,6.76
Weighted Average Life Tables,142,"Class M-2B, M-2BR, M-2BS, M-2BT, M-2BU, M-2BI, M-2RB*, M-2SB*, M-2TB* and M-2UB*",M-2RB,*,To Scheduled Maturity Date,no,35,1.00%,0.10%,4.65
Weighted Average Life Tables,142,"Class M-2B, M-2BR, M-2BS, M-2BT, M-2BU, M-2BI, M-2RB*, M-2SB*, M-2TB* and M-2UB*",M-2RB,*,To Early Redemption Date,yes,0,1.00%,0.10%,5.02
Weighted Average Life Tables,142,"Class M-2B, M-2BR, M-2BS, M-2BT, M-2BU, M-2BI, M-2RB*, M-2SB*, M-2TB* and M-2UB*",M-2RB,*,To Early Redemption Date,yes,5,1.00%,0.10%,5.02
Weighted Average Life Tables,142,"Class M-2B, M-2BR, M-2BS, M-2BT, M-2BU, M-2BI, M-2RB*, M-2SB*, M-2TB* and M-2UB*",M-2RB,*,To Early Redemption Date,yes,10,1.00%,0.10%,5.02
Weighted Average Life Tables,142,"Class M-2B, M-2BR, M-2BS, M-2BT, M-2BU, M-2BI, M-2RB*, M-2SB*, M-2TB* and M-2UB*",M-2RB,*,To Early Redemption Date,yes,15,1.00%,0.10%,5.02
Weighted Average Life Tables,142,"Class M-2B, M-2BR, M-2BS, M-2BT, M-2BU, M-2BI, M-2RB*, M-2SB*, M-2TB* and M-2UB*",M-2RB,*,To Early Redemption Date,yes,25,1.00%,0.10%,5.02
Weighted Average Life Tables,142,"Class M-2B, M-2BR, M-2BS, M-2BT, M-2BU, M-2BI, M-2RB*, M-2SB*, M-2TB* and M-2UB*",M-2RB,*,To Early Redemption Date,yes,35,1.00%,0.10%,4.65
Weighted Average Life Tables,142,"Class M-2B, M-2BR, M-2BS, M-2BT, M-2BU, M-2BI, M-2RB*, M-2SB*, M-2TB* and M-2UB*",M-2SB,*,To Scheduled Maturity Date,no,0,1.00%,0.10%,5.41
Weighted Average Life Tables,142,"Class M-2B, M-2BR, M-2BS, M-2BT, M-2BU, M-2BI, M-2RB*, M-2SB*, M-2TB* and M-2UB*",M-2SB,*,To Scheduled Maturity Date,no,5,1.00%,0.10%,6.50
Weighted Average Life Tables,142,"Class M-2B, M-2BR, M-2BS, M-2BT, M-2BU, M-2BI, M-2RB*, M-2SB*, M-2TB* and M-2UB*",M-2SB,*,To Scheduled Maturity Date,no,10,1.00%,0.10%,8.82
Weighted Average Life Tables,142,"Class M-2B, M-2BR, M-2BS, M-2BT, M-2BU, M-2BI, M-2RB*, M-2SB*, M-2TB* and M-2UB*",M-2SB,*,To Scheduled Maturity Date,no,15,1.00%,0.10%,18.64
Weighted Average Life Tables,142,"Class M-2B, M-2BR, M-2BS, M-2BT, M-2BU, M-2BI, M-2RB*, M-2SB*, M-2TB* and M-2UB*",M-2SB,*,To Scheduled Maturity Date,no,25,1.00%,0.10%,6.76
Weighted Average Life Tables,142,"Class M-2B, M-2BR, M-2BS, M-2BT, M-2BU, M-2BI, M-2RB*, M-2SB*, M-2TB* and M-2UB*",M-2SB,*,To Scheduled Maturity Date,no,35,1.00%,0.10%,4.65
Weighted Average Life Tables,142,"Class M-2B, M-2BR, M-2BS, M-2BT, M-2BU, M-2BI, M-2RB*, M-2SB*, M-2TB* and M-2UB*",M-2SB,*,To Early Redemption Date,yes,0,1.00%,0.10%,5.02
Weighted Average Life Tables,142,"Class M-2B, M-2BR, M-2BS, M-2BT, M-2BU, M-2BI, M-2RB*, M-2SB*, M-2TB* and M-2UB*",M-2SB,*,To Early Redemption Date,yes,5,1.00%,0.10%,5.02
Weighted Average Life Tables,142,"Class M-2B, M-2BR, M-2BS, M-2BT, M-2BU, M-2BI, M-2RB*, M-2SB*, M-2TB* and M-2UB*",M-2SB,*,To Early Redemption Date,yes,10,1.00%,0.10%,5.02
Weighted Average Life Tables,142,"Class M-2B, M-2BR, M-2BS, M-2BT, M-2BU, M-2BI, M-2RB*, M-2SB*, M-2TB* and M-2UB*",M-2SB,*,To Early Redemption Date,yes,15,1.00%,0.10%,5.02
Weighted Average Life Tables,142,"Class M-2B, M-2BR, M-2BS, M-2BT, M-2BU, M-2BI, M-2RB*, M-2SB*, M-2TB* and M-2UB*",M-2SB,*,To Early Redemption Date,yes,25,1.00%,0.10%,5.02
Weighted Average Life Tables,142,"Class M-2B, M-2BR, M-2BS, M-2BT, M-2BU, M-2BI, M-2RB*, M-2SB*, M-2TB* and M-2UB*",M-2SB,*,To Early Redemption Date,yes,35,1.00%,0.10%,4.65
Weighted Average Life Tables,142,"Class M-2B, M-2BR, M-2BS, M-2BT, M-2BU, M-2BI, M-2RB*, M-2SB*, M-2TB* and M-2UB*",M-2TB,*,To Scheduled Maturity Date,no,0,1.00%,0.10%,5.41
Weighted Average Life Tables,142,"Class M-2B, M-2BR, M-2BS, M-2BT, M-2BU, M-2BI, M-2RB*, M-2SB*, M-2TB* and M-2UB*",M-2TB,*,To Scheduled Maturity Date,no,5,1.00%,0.10%,6.50
Weighted Average Life Tables,142,"Class M-2B, M-2BR, M-2BS, M-2BT, M-2BU, M-2BI, M-2RB*, M-2SB*, M-2TB* and M-2UB*",M-2TB,*,To Scheduled Maturity Date,no,10,1.00%,0.10%,8.82
Weighted Average Life Tables,142,"Class M-2B, M-2BR, M-2BS, M-2BT, M-2BU, M-2BI, M-2RB*, M-2SB*, M-2TB* and M-2UB*",M-2TB,*,To Scheduled Maturity Date,no,15,1.00%,0.10%,18.64
Weighted Average Life Tables,142,"Class M-2B, M-2BR, M-2BS, M-2BT, M-2BU, M-2BI, M-2RB*, M-2SB*, M-2TB* and M-2UB*",M-2TB,*,To Scheduled Maturity Date,no,25,1.00%,0.10%,6.76
Weighted Average Life Tables,142,"Class M-2B, M-2BR, M-2BS, M-2BT, M-2BU, M-2BI, M-2RB*, M-2SB*, M-2TB* and M-2UB*",M-2TB,*,To Scheduled Maturity Date,no,35,1.00%,0.10%,4.65
Weighted Average Life Tables,142,"Class M-2B, M-2BR, M-2BS, M-2BT, M-2BU, M-2BI, M-2RB*, M-2SB*, M-2TB* and M-2UB*",M-2TB,*,To Early Redemption Date,yes,0,1.00%,0.10%,5.02
Weighted Average Life Tables,142,"Class M-2B, M-2BR, M-2BS, M-2BT, M-2BU, M-2BI, M-2RB*, M-2SB*, M-2TB* and M-2UB*",M-2TB,*,To Early Redemption Date,yes,5,1.00%,0.10%,5.02
Weighted Average Life Tables,142,"Class M-2B, M-2BR, M-2BS, M-2BT, M-2BU, M-2BI, M-2RB*, M-2SB*, M-2TB* and M-2UB*",M-2TB,*,To Early Redemption Date,yes,10,1.00%,0.10%,5.02
Weighted Average Life Tables,142,"Class M-2B, M-2BR, M-2BS, M-2BT, M-2BU, M-2BI, M-2RB*, M-2SB*, M-2TB* and M-2UB*",M-2TB,*,To Early Redemption Date,yes,15,1.00%,0.10%,5.02
Weighted Average Life Tables,142,"Class M-2B, M-2BR, M-2BS, M-2BT, M-2BU, M-2BI, M-2RB*, M-2SB*, M-2TB* and M-2UB*",M-2TB,*,To Early Redemption Date,yes,25,1.00%,0.10%,5.02
Weighted Average Life Tables,142,"Class M-2B, M-2BR, M-2BS, M-2BT, M-2BU, M-2BI, M-2RB*, M-2SB*, M-2TB* and M-2UB*",M-2TB,*,To Early Redemption Date,yes,35,1.00%,0.10%,4.65
Weighted Average Life Tables,142,"Class M-2B, M-2BR, M-2BS, M-2BT, M-2BU, M-2BI, M-2RB*, M-2SB*, M-2TB* and M-2UB*",M-2UB,*,To Scheduled Maturity Date,no,0,1.00%,0.10%,5.41
Weighted Average Life Tables,142,"Class M-2B, M-2BR, M-2BS, M-2BT, M-2BU, M-2BI, M-2RB*, M-2SB*, M-2TB* and M-2UB*",M-2UB,*,To Scheduled Maturity Date,no,5,1.00%,0.10%,6.50
Weighted Average Life Tables,142,"Class M-2B, M-2BR, M-2BS, M-2BT, M-2BU, M-2BI, M-2RB*, M-2SB*, M-2TB* and M-2UB*",M-2UB,*,To Scheduled Maturity Date,no,10,1.00%,0.10%,8.82
Weighted Average Life Tables,142,"Class M-2B, M-2BR, M-2BS, M-2BT, M-2BU, M-2BI, M-2RB*, M-2SB*, M-2TB* and M-2UB*",M-2UB,*,To Scheduled Maturity Date,no,15,1.00%,0.10%,18.64
Weighted Average Life Tables,142,"Class M-2B, M-2BR, M-2BS, M-2BT, M-2BU, M-2BI, M-2RB*, M-2SB*, M-2TB* and M-2UB*",M-2UB,*,To Scheduled Maturity Date,no,25,1.00%,0.10%,6.76
Weighted Average Life Tables,142,"Class M-2B, M-2BR, M-2BS, M-2BT, M-2BU, M-2BI, M-2RB*, M-2SB*, M-2TB* and M-2UB*",M-2UB,*,To Scheduled Maturity Date,no,35,1.00%,0.10%,4.65
Weighted Average Life Tables,142,"Class M-2B, M-2BR, M-2BS, M-2BT, M-2BU, M-2BI, M-2RB*, M-2SB*, M-2TB* and M-2UB*",M-2UB,*,To Early Redemption Date,yes,0,1.00%,0.10%,5.02
Weighted Average Life Tables,142,"Class M-2B, M-2BR, M-2BS, M-2BT, M-2BU, M-2BI, M-2RB*, M-2SB*, M-2TB* and M-2UB*",M-2UB,*,To Early Redemption Date,yes,5,1.00%,0.10%,5.02
Weighted Average Life Tables,142,"Class M-2B, M-2BR, M-2BS, M-2BT, M-2BU, M-2BI, M-2RB*, M-2SB*, M-2TB* and M-2UB*",M-2UB,*,To Early Redemption Date,yes,10,1.00%,0.10%,5.02
Weighted Average Life Tables,142,"Class M-2B, M-2BR, M-2BS, M-2BT, M-2BU, M-2BI, M-2RB*, M-2SB*, M-2TB* and M-2UB*",M-2UB,*,To Early Redemption Date,yes,15,1.00%,0.10%,5.02
Weighted Average Life Tables,142,"Class M-2B, M-2BR, M-2BS, M-2BT, M-2BU, M-2BI, M-2RB*, M-2SB*, M-2TB* and M-2UB*",M-2UB,*,To Early Redemption Date,yes,25,1.00%,0.10%,5.02
Weighted Average Life Tables,142,"Class M-2B, M-2BR, M-2BS, M-2BT, M-2BU, M-2BI, M-2RB*, M-2SB*, M-2TB* and M-2UB*",M-2UB,*,To Early Redemption Date,yes,35,1.00%,0.10%,4.65
Weighted Average Life Tables,142,"Class B-1, B-1R, B-1S, B-1T, B-1U and B-1I",B-1,,To Scheduled Maturity Date,no,0,0.00%,0.00%,20.02
Weighted Average Life Tables,142,"Class B-1, B-1R, B-1S, B-1T, B-1U and B-1I",B-1,,To Scheduled Maturity Date,no,5,0.00%,0.00%,12.22
Weighted Average Life Tables,142,"Class B-1, B-1R, B-1S, B-1T, B-1U and B-1I",B-1,,To Scheduled Maturity Date,no,10,0.00%,0.00%,7.16
Weighted Average Life Tables,142,"Class B-1, B-1R, B-1S, B-1T, B-1U and B-1I",B-1,,To Scheduled Maturity Date,no,15,0.00%,0.00%,4.89
Weighted Average Life Tables,142,"Class B-1, B-1R, B-1S, B-1T, B-1U and B-1I",B-1,,To Scheduled Maturity Date,no,25,0.00%,0.00%,2.86
Weighted Average Life Tables,142,"Class B-1, B-1R, B-1S, B-1T, B-1U and B-1I",B-1,,To Scheduled Maturity Date,no,35,0.00%,0.00%,1.93
Weighted Average Life Tables,142,"Class B-1, B-1R, B-1S, B-1T, B-1U and B-1I",B-1,,To Early Redemption Date,yes,0,0.00%,0.00%,5.02
Weighted Average Life Tables,142,"Class B-1, B-1R, B-1S, B-1T, B-1U and B-1I",B-1,,To Early Redemption Date,yes,5,0.00%,0.00%,5.02
Weighted Average Life Tables,142,"Class B-1, B-1R, B-1S, B-1T, B-1U and B-1I",B-1,,To Early Redemption Date,yes,10,0.00%,0.00%,5.02
Weighted Average Life Tables,142,"Class B-1, B-1R, B-1S, B-1T, B-1U and B-1I",B-1,,To Early Redemption Date,yes,15,0.00%,0.00%,4.64
Weighted Average Life Tables,142,"Class B-1, B-1R, B-1S, B-1T, B-1U and B-1I",B-1,,To Early Redemption Date,yes,25,0.00%,0.00%,2.86
Weighted Average Life Tables,142,"Class B-1, B-1R, B-1S, B-1T, B-1U and B-1I",B-1,,To Early Redemption Date,yes,35,0.00%,0.00%,1.93
Weighted Average Life Tables,142,"Class B-1, B-1R, B-1S, B-1T, B-1U and B-1I",B-1R,,To Scheduled Maturity Date,no,0,0.00%,0.00%,20.02
Weighted Average Life Tables,142,"Class B-1, B-1R, B-1S, B-1T, B-1U and B-1I",B-1R,,To Scheduled Maturity Date,no,5,0.00%,0.00%,12.22
Weighted Average Life Tables,142,"Class B-1, B-1R, B-1S, B-1T, B-1U and B-1I",B-1R,,To Scheduled Maturity Date,no,10,0.00%,0.00%,7.16
Weighted Average Life Tables,142,"Class B-1, B-1R, B-1S, B-1T, B-1U and B-1I",B-1R,,To Scheduled Maturity Date,no,15,0.00%,0.00%,4.89
Weighted Average Life Tables,142,"Class B-1, B-1R, B-1S, B-1T, B-1U and B-1I",B-1R,,To Scheduled Maturity Date,no,25,0.00%,0.00%,2.86
Weighted Average Life Tables,142,"Class B-1, B-1R, B-1S, B-1T, B-1U and B-1I",B-1R,,To Scheduled Maturity Date,no,35,0.00%,0.00%,1.93
Weighted Average Life Tables,142,"Class B-1, B-1R, B-1S, B-1T, B-1U and B-1I",B-1R,,To Early Redemption Date,yes,0,0.00%,0.00%,5.02
Weighted Average Life Tables,142,"Class B-1, B-1R, B-1S, B-1T, B-1U and B-1I",B-1R,,To Early Redemption Date,yes,5,0.00%,0.00%,5.02
Weighted Average Life Tables,142,"Class B-1, B-1R, B-1S, B-1T, B-1U and B-1I",B-1R,,To Early Redemption Date,yes,10,0.00%,0.00%,5.02
Weighted Average Life Tables,142,"Class B-1, B-1R, B-1S, B-1T, B-1U and B-1I",B-1R,,To Early Redemption Date,yes,15,0.00%,0.00%,4.64
Weighted Average Life Tables,142,"Class B-1, B-1R, B-1S, B-1T, B-1U and B-1I",B-1R,,To Early Redemption Date,yes,25,0.00%,0.00%,2.86
Weighted Average Life Tables,142,"Class B-1, B-1R, B-1S, B-1T, B-1U and B-1I",B-1R,,To Early Redemption Date,yes,35,0.00%,0.00%,1.93
Weighted Average Life Tables,142,"Class B-1, B-1R, B-1S, B-1T, B-1U and B-1I",B-1S,,To Scheduled Maturity Date,no,0,0.00%,0.00%,20.02
Weighted Average Life Tables,142,"Class B-1, B-1R, B-1S, B-1T, B-1U and B-1I",B-1S,,To Scheduled Maturity Date,no,5,0.00%,0.00%,12.22
Weighted Average Life Tables,142,"Class B-1, B-1R, B-1S, B-1T, B-1U and B-1I",B-1S,,To Scheduled Maturity Date,no,10,0.00%,0.00%,7.16
Weighted Average Life Tables,142,"Class B-1, B-1R, B-1S, B-1T, B-1U and B-1I",B-1S,,To Scheduled Maturity Date,no,15,0.00%,0.00%,4.89
Weighted Average Life Tables,142,"Class B-1, B-1R, B-1S, B-1T, B-1U and B-1I",B-1S,,To Scheduled Maturity Date,no,25,0.00%,0.00%,2.86
Weighted Average Life Tables,142,"Class B-1, B-1R, B-1S, B-1T, B-1U and B-1I",B-1S,,To Scheduled Maturity Date,no,35,0.00%,0.00%,1.93
Weighted Average Life Tables,142,"Class B-1, B-1R, B-1S, B-1T, B-1U and B-1I",B-1S,,To Early Redemption Date,yes,0,0.00%,0.00%,5.02
Weighted Average Life Tables,142,"Class B-1, B-1R, B-1S, B-1T, B-1U and B-1I",B-1S,,To Early Redemption Date,yes,5,0.00%,0.00%,5.02
Weighted Average Life Tables,142,"Class B-1, B-1R, B-1S, B-1T, B-1U and B-1I",B-1S,,To Early Redemption Date,yes,10,0.00%,0.00%,5.02
Weighted Average Life Tables,142,"Class B-1, B-1R, B-1S, B-1T, B-1U and B-1I",B-1S,,To Early Redemption Date,yes,15,0.00%,0.00%,4.64
Weighted Average Life Tables,142,"Class B-1, B-1R, B-1S, B-1T, B-1U and B-1I",B-1S,,To Early Redemption Date,yes,25,0.00%,0.00%,2.86
Weighted Average Life Tables,142,"Class B-1, B-1R, B-1S, B-1T, B-1U and B-1I",B-1S,,To Early Redemption Date,yes,35,0.00%,0.00%,1.93
Weighted Average Life Tables,142,"Class B-1, B-1R, B-1S, B-1T, B-1U and B-1I",B-1T,,To Scheduled Maturity Date,no,0,0.00%,0.00%,20.02
Weighted Average Life Tables,142,"Class B-1, B-1R, B-1S, B-1T, B-1U and B-1I",B-1T,,To Scheduled Maturity Date,no,5,0.00%,0.00%,12.22
Weighted Average Life Tables,142,"Class B-1, B-1R, B-1S, B-1T, B-1U and B-1I",B-1T,,To Scheduled Maturity Date,no,10,0.00%,0.00%,7.16
Weighted Average Life Tables,142,"Class B-1, B-1R, B-1S, B-1T, B-1U and B-1I",B-1T,,To Scheduled Maturity Date,no,15,0.00%,0.00%,4.89
Weighted Average Life Tables,142,"Class B-1, B-1R, B-1S, B-1T, B-1U and B-1I",B-1T,,To Scheduled Maturity Date,no,25,0.00%,0.00%,2.86
Weighted Average Life Tables,142,"Class B-1, B-1R, B-1S, B-1T, B-1U and B-1I",B-1T,,To Scheduled Maturity Date,no,35,0.00%,0.00%,1.93
Weighted Average Life Tables,142,"Class B-1, B-1R, B-1S, B-1T, B-1U and B-1I",B-1T,,To Early Redemption Date,yes,0,0.00%,0.00%,5.02
Weighted Average Life Tables,142,"Class B-1, B-1R, B-1S, B-1T, B-1U and B-1I",B-1T,,To Early Redemption Date,yes,5,0.00%,0.00%,5.02
Weighted Average Life Tables,142,"Class B-1, B-1R, B-1S, B-1T, B-1U and B-1I",B-1T,,To Early Redemption Date,yes,10,0.00%,0.00%,5.02
Weighted Average Life Tables,142,"Class B-1, B-1R, B-1S, B-1T, B-1U and B-1I",B-1T,,To Early Redemption Date,yes,15,0.00%,0.00%,4.64
Weighted Average Life Tables,142,"Class B-1, B-1R, B-1S, B-1T, B-1U and B-1I",B-1T,,To Early Redemption Date,yes,25,0.00%,0.00%,2.86
Weighted Average Life Tables,142,"Class B-1, B-1R, B-1S, B-1T, B-1U and B-1I",B-1T,,To Early Redemption Date,yes,35,0.00%,0.00%,1.93
Weighted Average Life Tables,142,"Class B-1, B-1R, B-1S, B-1T, B-1U and B-1I",B-1U,,To Scheduled Maturity Date,no,0,0.00%,0.00%,20.02
Weighted Average Life Tables,142,"Class B-1, B-1R, B-1S, B-1T, B-1U and B-1I",B-1U,,To Scheduled Maturity Date,no,5,0.00%,0.00%,12.22
Weighted Average Life Tables,142,"Class B-1, B-1R, B-1S, B-1T, B-1U and B-1I",B-1U,,To Scheduled Maturity Date,no,10,0.00%,0.00%,7.16
Weighted Average Life Tables,142,"Class B-1, B-1R, B-1S, B-1T, B-1U and B-1I",B-1U,,To Scheduled Maturity Date,no,15,0.00%,0.00%,4.89
Weighted Average Life Tables,142,"Class B-1, B-1R, B-1S, B-1T, B-1U and B-1I",B-1U,,To Scheduled Maturity Date,no,25,0.00%,0.00%,2.86
Weighted Average Life Tables,142,"Class B-1, B-1R, B-1S, B-1T, B-1U and B-1I",B-1U,,To Scheduled Maturity Date,no,35,0.00%,0.00%,1.93
Weighted Average Life Tables,142,"Class B-1, B-1R, B-1S, B-1T, B-1U and B-1I",B-1U,,To Early Redemption Date,yes,0,0.00%,0.00%,5.02
Weighted Average Life Tables,142,"Class B-1, B-1R, B-1S, B-1T, B-1U and B-1I",B-1U,,To Early Redemption Date,yes,5,0.00%,0.00%,5.02
Weighted Average Life Tables,142,"Class B-1, B-1R, B-1S, B-1T, B-1U and B-1I",B-1U,,To Early Redemption Date,yes,10,0.00%,0.00%,5.02
Weighted Average Life Tables,142,"Class B-1, B-1R, B-1S, B-1T, B-1U and B-1I",B-1U,,To Early Redemption Date,yes,15,0.00%,0.00%,4.64
Weighted Average Life Tables,142,"Class B-1, B-1R, B-1S, B-1T, B-1U and B-1I",B-1U,,To Early Redemption Date,yes,25,0.00%,0.00%,2.86
Weighted Average Life Tables,142,"Class B-1, B-1R, B-1S, B-1T, B-1U and B-1I",B-1U,,To Early Redemption Date,yes,35,0.00%,0.00%,1.93
Weighted Average Life Tables,142,"Class B-1, B-1R, B-1S, B-1T, B-1U and B-1I",B-1I,,To Scheduled Maturity Date,no,0,0.00%,0.00%,20.02
Weighted Average Life Tables,142,"Class B-1, B-1R, B-1S, B-1T, B-1U and B-1I",B-1I,,To Scheduled Maturity Date,no,5,0.00%,0.00%,12.22
Weighted Average Life Tables,142,"Class B-1, B-1R, B-1S, B-1T, B-1U and B-1I",B-1I,,To Scheduled Maturity Date,no,10,0.00%,0.00%,7.16
Weighted Average Life Tables,142,"Class B-1, B-1R, B-1S, B-1T, B-1U and B-1I",B-1I,,To Scheduled Maturity Date,no,15,0.00%,0.00%,4.89
Weighted Average Life Tables,142,"Class B-1, B-1R, B-1S, B-1T, B-1U and B-1I",B-1I,,To Scheduled Maturity Date,no,25,0.00%,0.00%,2.86
Weighted Average Life Tables,142,"Class B-1, B-1R, B-1S, B-1T, B-1U and B-1I",B-1I,,To Scheduled Maturity Date,no,35,0.00%,0.00%,1.93
Weighted Average Life Tables,142,"Class B-1, B-1R, B-1S, B-1T, B-1U and B-1I",B-1I,,To Early Redemption Date,yes,0,0.00%,0.00%,5.02
Weighted Average Life Tables,142,"Class B-1, B-1R, B-1S, B-1T, B-1U and B-1I",B-1I,,To Early Redemption Date,yes,5,0.00%,0.00%,5.02
Weighted Average Life Tables,142,"Class B-1, B-1R, B-1S, B-1T, B-1U and B-1I",B-1I,,To Early Redemption Date,yes,10,0.00%,0.00%,5.02
Weighted Average Life Tables,142,"Class B-1, B-1R, B-1S, B-1T, B-1U and B-1I",B-1I,,To Early Redemption Date,yes,15,0.00%,0.00%,4.64
Weighted Average Life Tables,142,"Class B-1, B-1R, B-1S, B-1T, B-1U and B-1I",B-1I,,To Early Redemption Date,yes,25,0.00%,0.00%,2.86
Weighted Average Life Tables,142,"Class B-1, B-1R, B-1S, B-1T, B-1U and B-1I",B-1I,,To Early Redemption Date,yes,35,0.00%,0.00%,1.93
Weighted Average Life Tables,142,"Class B-1, B-1R, B-1S, B-1T, B-1U and B-1I",B-1,,To Scheduled Maturity Date,no,0,0.25%,0.00%,20.02
Weighted Average Life Tables,142,"Class B-1, B-1R, B-1S, B-1T, B-1U and B-1I",B-1,,To Scheduled Maturity Date,no,5,0.25%,0.00%,18.40
Weighted Average Life Tables,142,"Class B-1, B-1R, B-1S, B-1T, B-1U and B-1I",B-1,,To Scheduled Maturity Date,no,10,0.25%,0.00%,9.65
Weighted Average Life Tables,142,"Class B-1, B-1R, B-1S, B-1T, B-1U and B-1I",B-1,,To Scheduled Maturity Date,no,15,0.25%,0.00%,5.99
Weighted Average Life Tables,142,"Class B-1, B-1R, B-1S, B-1T, B-1U and B-1I",B-1,,To Scheduled Maturity Date,no,25,0.25%,0.00%,3.23
Weighted Average Life Tables,142,"Class B-1, B-1R, B-1S, B-1T, B-1U and B-1I",B-1,,To Scheduled Maturity Date,no,35,0.25%,0.00%,2.12
Weighted Average Life Tables,142,"Class B-1, B-1R, B-1S, B-1T, B-1U and B-1I",B-1,,To Early Redemption Date,yes,0,0.25%,0.00%,5.02
Weighted Average Life Tables,142,"Class B-1, B-1R, B-1S, B-1T, B-1U and B-1I",B-1,,To Early Redemption Date,yes,5,0.25%,0.00%,5.02
Weighted Average Life Tables,142,"Class B-1, B-1R, B-1S, B-1T, B-1U and B-1I",B-1,,To Early Redemption Date,yes,10,0.25%,0.00%,5.02
Weighted Average Life Tables,142,"Class B-1, B-1R, B-1S, B-1T, B-1U and B-1I",B-1,,To Early Redemption Date,yes,15,0.25%,0.00%,4.97
Weighted Average Life Tables,142,"Class B-1, B-1R, B-1S, B-1T, B-1U and B-1I",B-1,,To Early Redemption Date,yes,25,0.25%,0.00%,3.23
Weighted Average Life Tables,142,"Class B-1, B-1R, B-1S, B-1T, B-1U and B-1I",B-1,,To Early Redemption Date,yes,35,0.25%,0.00%,2.12
Weighted Average Life Tables,142,"Class B-1, B-1R, B-1S, B-1T, B-1U and B-1I",B-1R,,To Scheduled Maturity Date,no,0,0.25%,0.00%,20.02
Weighted Average Life Tables,142,"Class B-1, B-1R, B-1S, B-1T, B-1U and B-1I",B-1R,,To Scheduled Maturity Date,no,5,0.25%,0.00%,18.40
Weighted Average Life Tables,142,"Class B-1, B-1R, B-1S, B-1T, B-1U and B-1I",B-1R,,To Scheduled Maturity Date,no,10,0.25%,0.00%,9.65
Weighted Average Life Tables,142,"Class B-1, B-1R, B-1S, B-1T, B-1U and B-1I",B-1R,,To Scheduled Maturity Date,no,15,0.25%,0.00%,5.99
Weighted Average Life Tables,142,"Class B-1, B-1R, B-1S, B-1T, B-1U and B-1I",B-1R,,To Scheduled Maturity Date,no,25,0.25%,0.00%,3.23
Weighted Average Life Tables,142,"Class B-1, B-1R, B-1S, B-1T, B-1U and B-1I",B-1R,,To Scheduled Maturity Date,no,35,0.25%,0.00%,2.12
Weighted Average Life Tables,142,"Class B-1, B-1R, B-1S, B-1T, B-1U and B-1I",B-1R,,To Early Redemption Date,yes,0,0.25%,0.00%,5.02
Weighted Average Life Tables,142,"Class B-1, B-1R, B-1S, B-1T, B-1U and B-1I",B-1R,,To Early Redemption Date,yes,5,0.25%,0.00%,5.02
Weighted Average Life Tables,142,"Class B-1, B-1R, B-1S, B-1T, B-1U and B-1I",B-1R,,To Early Redemption Date,yes,10,0.25%,0.00%,5.02
Weighted Average Life Tables,142,"Class B-1, B-1R, B-1S, B-1T, B-1U and B-1I",B-1R,,To Early Redemption Date,yes,15,0.25%,0.00%,4.97
Weighted Average Life Tables,142,"Class B-1, B-1R, B-1S, B-1T, B-1U and B-1I",B-1R,,To Early Redemption Date,yes,25,0.25%,0.00%,3.23
Weighted Average Life Tables,142,"Class B-1, B-1R, B-1S, B-1T, B-1U and B-1I",B-1R,,To Early Redemption Date,yes,35,0.25%,0.00%,2.12
Weighted Average Life Tables,142,"Class B-1, B-1R, B-1S, B-1T, B-1U and B-1I",B-1S,,To Scheduled Maturity Date,no,0,0.25%,0.00%,20.02
Weighted Average Life Tables,142,"Class B-1, B-1R, B-1S, B-1T, B-1U and B-1I",B-1S,,To Scheduled Maturity Date,no,5,0.25%,0.00%,18.40
Weighted Average Life Tables,142,"Class B-1, B-1R, B-1S, B-1T, B-1U and B-1I",B-1S,,To Scheduled Maturity Date,no,10,0.25%,0.00%,9.65
Weighted Average Life Tables,142,"Class B-1, B-1R, B-1S, B-1T, B-1U and B-1I",B-1S,,To Scheduled Maturity Date,no,15,0.25%,0.00%,5.99
Weighted Average Life Tables,142,"Class B-1, B-1R, B-1S, B-1T, B-1U and B-1I",B-1S,,To Scheduled Maturity Date,no,25,0.25%,0.00%,3.23
Weighted Average Life Tables,142,"Class B-1, B-1R, B-1S, B-1T, B-1U and B-1I",B-1S,,To Scheduled Maturity Date,no,35,0.25%,0.00%,2.12
Weighted Average Life Tables,142,"Class B-1, B-1R, B-1S, B-1T, B-1U and B-1I",B-1S,,To Early Redemption Date,yes,0,0.25%,0.00%,5.02
Weighted Average Life Tables,142,"Class B-1, B-1R, B-1S, B-1T, B-1U and B-1I",B-1S,,To Early Redemption Date,yes,5,0.25%,0.00%,5.02
Weighted Average Life Tables,142,"Class B-1, B-1R, B-1S, B-1T, B-1U and B-1I",B-1S,,To Early Redemption Date,yes,10,0.25%,0.00%,5.02
Weighted Average Life Tables,142,"Class B-1, B-1R, B-1S, B-1T, B-1U and B-1I",B-1S,,To Early Redemption Date,yes,15,0.25%,0.00%,4.97
Weighted Average Life Tables,142,"Class B-1, B-1R, B-1S, B-1T, B-1U and B-1I",B-1S,,To Early Redemption Date,yes,25,0.25%,0.00%,3.23
Weighted Average Life Tables,142,"Class B-1, B-1R, B-1S, B-1T, B-1U and B-1I",B-1S,,To Early Redemption Date,yes,35,0.25%,0.00%,2.12
Weighted Average Life Tables,142,"Class B-1, B-1R, B-1S, B-1T, B-1U and B-1I",B-1T,,To Scheduled Maturity Date,no,0,0.25%,0.00%,20.02
Weighted Average Life Tables,142,"Class B-1, B-1R, B-1S, B-1T, B-1U and B-1I",B-1T,,To Scheduled Maturity Date,no,5,0.25%,0.00%,18.40
Weighted Average Life Tables,142,"Class B-1, B-1R, B-1S, B-1T, B-1U and B-1I",B-1T,,To Scheduled Maturity Date,no,10,0.25%,0.00%,9.65
Weighted Average Life Tables,142,"Class B-1, B-1R, B-1S, B-1T, B-1U and B-1I",B-1T,,To Scheduled Maturity Date,no,15,0.25%,0.00%,5.99
Weighted Average Life Tables,142,"Class B-1, B-1R, B-1S, B-1T, B-1U and B-1I",B-1T,,To Scheduled Maturity Date,no,25,0.25%,0.00%,3.23
Weighted Average Life Tables,142,"Class B-1, B-1R, B-1S, B-1T, B-1U and B-1I",B-1T,,To Scheduled Maturity Date,no,35,0.25%,0.00%,2.12
Weighted Average Life Tables,142,"Class B-1, B-1R, B-1S, B-1T, B-1U and B-1I",B-1T,,To Early Redemption Date,yes,0,0.25%,0.00%,5.02
Weighted Average Life Tables,142,"Class B-1, B-1R, B-1S, B-1T, B-1U and B-1I",B-1T,,To Early Redemption Date,yes,5,0.25%,0.00%,5.02
Weighted Average Life Tables,142,"Class B-1, B-1R, B-1S, B-1T, B-1U and B-1I",B-1T,,To Early Redemption Date,yes,10,0.25%,0.00%,5.02
Weighted Average Life Tables,142,"Class B-1, B-1R, B-1S, B-1T, B-1U and B-1I",B-1T,,To Early Redemption Date,yes,15,0.25%,0.00%,4.97
Weighted Average Life Tables,142,"Class B-1, B-1R, B-1S, B-1T, B-1U and B-1I",B-1T,,To Early Redemption Date,yes,25,0.25%,0.00%,3.23
Weighted Average Life Tables,142,"Class B-1, B-1R, B-1S, B-1T, B-1U and B-1I",B-1T,,To Early Redemption Date,yes,35,0.25%,0.00%,2.12
Weighted Average Life Tables,142,"Class B-1, B-1R, B-1S, B-1T, B-1U and B-1I",B-1U,,To Scheduled Maturity Date,no,0,0.25%,0.00%,20.02
Weighted Average Life Tables,142,"Class B-1, B-1R, B-1S, B-1T, B-1U and B-1I",B-1U,,To Scheduled Maturity Date,no,5,0.25%,0.00%,18.40
Weighted Average Life Tables,142,"Class B-1, B-1R, B-1S, B-1T, B-1U and B-1I",B-1U,,To Scheduled Maturity Date,no,10,0.25%,0.00%,9.65
Weighted Average Life Tables,142,"Class B-1, B-1R, B-1S, B-1T, B-1U and B-1I",B-1U,,To Scheduled Maturity Date,no,15,0.25%,0.00%,5.99
Weighted Average Life Tables,142,"Class B-1, B-1R, B-1S, B-1T, B-1U and B-1I",B-1U,,To Scheduled Maturity Date,no,25,0.25%,0.00%,3.23
Weighted Average Life Tables,142,"Class B-1, B-1R, B-1S, B-1T, B-1U and B-1I",B-1U,,To Scheduled Maturity Date,no,35,0.25%,0.00%,2.12
Weighted Average Life Tables,142,"Class B-1, B-1R, B-1S, B-1T, B-1U and B-1I",B-1U,,To Early Redemption Date,yes,0,0.25%,0.00%,5.02
Weighted Average Life Tables,142,"Class B-1, B-1R, B-1S, B-1T, B-1U and B-1I",B-1U,,To Early Redemption Date,yes,5,0.25%,0.00%,5.02
Weighted Average Life Tables,142,"Class B-1, B-1R, B-1S, B-1T, B-1U and B-1I",B-1U,,To Early Redemption Date,yes,10,0.25%,0.00%,5.02
Weighted Average Life Tables,142,"Class B-1, B-1R, B-1S, B-1T, B-1U and B-1I",B-1U,,To Early Redemption Date,yes,15,0.25%,0.00%,4.97
Weighted Average Life Tables,142,"Class B-1, B-1R, B-1S, B-1T, B-1U and B-1I",B-1U,,To Early Redemption Date,yes,25,0.25%,0.00%,3.23
Weighted Average Life Tables,142,"Class B-1, B-1R, B-1S, B-1T, B-1U and B-1I",B-1U,,To Early Redemption Date,yes,35,0.25%,0.00%,2.12
Weighted Average Life Tables,142,"Class B-1, B-1R, B-1S, B-1T, B-1U and B-1I",B-1I,,To Scheduled Maturity Date,no,0,0.25%,0.00%,20.02
Weighted Average Life Tables,142,"Class B-1, B-1R, B-1S, B-1T, B-1U and B-1I",B-1I,,To Scheduled Maturity Date,no,5,0.25%,0.00%,18.40
Weighted Average Life Tables,142,"Class B-1, B-1R, B-1S, B-1T, B-1U and B-1I",B-1I,,To Scheduled Maturity Date,no,10,0.25%,0.00%,9.65
Weighted Average Life Tables,142,"Class B-1, B-1R, B-1S, B-1T, B-1U and B-1I",B-1I,,To Scheduled Maturity Date,no,15,0.25%,0.00%,5.99
Weighted Average Life Tables,142,"Class B-1, B-1R, B-1S, B-1T, B-1U and B-1I",B-1I,,To Scheduled Maturity Date,no,25,0.25%,0.00%,3.23
Weighted Average Life Tables,142,"Class B-1, B-1R, B-1S, B-1T, B-1U and B-1I",B-1I,,To Scheduled Maturity Date,no,35,0.25%,0.00%,2.12
Weighted Average Life Tables,142,"Class B-1, B-1R, B-1S, B-1T, B-1U and B-1I",B-1I,,To Early Redemption Date,yes,0,0.25%,0.00%,5.02
Weighted Average Life Tables,142,"Class B-1, B-1R, B-1S, B-1T, B-1U and B-1I",B-1I,,To Early Redemption Date,yes,5,0.25%,0.00%,5.02
Weighted Average Life Tables,142,"Class B-1, B-1R, B-1S, B-1T, B-1U and B-1I",B-1I,,To Early Redemption Date,yes,10,0.25%,0.00%,5.02
Weighted Average Life Tables,142,"Class B-1, B-1R, B-1S, B-1T, B-1U and B-1I",B-1I,,To Early Redemption Date,yes,15,0.25%,0.00%,4.97
Weighted Average Life Tables,142,"Class B-1, B-1R, B-1S, B-1T, B-1U and B-1I",B-1I,,To Early Redemption Date,yes,25,0.25%,0.00%,3.23
Weighted Average Life Tables,142,"Class B-1, B-1R, B-1S, B-1T, B-1U and B-1I",B-1I,,To Early Redemption Date,yes,35,0.25%,0.00%,2.12
Weighted Average Life Tables,142,"Class B-1, B-1R, B-1S, B-1T, B-1U and B-1I",B-1,,To Scheduled Maturity Date,no,0,0.50%,0.00%,11.41
Weighted Average Life Tables,142,"Class B-1, B-1R, B-1S, B-1T, B-1U and B-1I",B-1,,To Scheduled Maturity Date,no,5,0.50%,0.00%,17.47
Weighted Average Life Tables,142,"Class B-1, B-1R, B-1S, B-1T, B-1U and B-1I",B-1,,To Scheduled Maturity Date,no,10,0.50%,0.00%,15.08
Weighted Average Life Tables,142,"Class B-1, B-1R, B-1S, B-1T, B-1U and B-1I",B-1,,To Scheduled Maturity Date,no,15,0.50%,0.00%,7.76
Weighted Average Life Tables,142,"Class B-1, B-1R, B-1S, B-1T, B-1U and B-1I",B-1,,To Scheduled Maturity Date,no,25,0.50%,0.00%,3.68
Weighted Average Life Tables,142,"Class B-1, B-1R, B-1S, B-1T, B-1U and B-1I",B-1,,To Scheduled Maturity Date,no,35,0.50%,0.00%,2.32
Weighted Average Life Tables,142,"Class B-1, B-1R, B-1S, B-1T, B-1U and B-1I",B-1,,To Early Redemption Date,yes,0,0.50%,0.00%,5.02
Weighted Average Life Tables,142,"Class B-1, B-1R, B-1S, B-1T, B-1U and B-1I",B-1,,To Early Redemption Date,yes,5,0.50%,0.00%,5.02
Weighted Average Life Tables,142,"Class B-1, B-1R, B-1S, B-1T, B-1U and B-1I",B-1,,To Early Redemption Date,yes,10,0.50%,0.00%,5.02
Weighted Average Life Tables,142,"Class B-1, B-1R, B-1S, B-1T, B-1U and B-1I",B-1,,To Early Redemption Date,yes,15,0.50%,0.00%,5.02
Weighted Average Life Tables,142,"Class B-1, B-1R, B-1S, B-1T, B-1U and B-1I",B-1,,To Early Redemption Date,yes,25,0.50%,0.00%,3.68
Weighted Average Life Tables,142,"Class B-1, B-1R, B-1S, B-1T, B-1U and B-1I",B-1,,To Early Redemption Date,yes,35,0.50%,0.00%,2.32
Weighted Average Life Tables,142,"Class B-1, B-1R, B-1S, B-1T, B-1U and B-1I",B-1R,,To Scheduled Maturity Date,no,0,0.50%,0.00%,11.41
Weighted Average Life Tables,142,"Class B-1, B-1R, B-1S, B-1T, B-1U and B-1I",B-1R,,To Scheduled Maturity Date,no,5,0.50%,0.00%,17.47
Weighted Average Life Tables,142,"Class B-1, B-1R, B-1S, B-1T, B-1U and B-1I",B-1R,,To Scheduled Maturity Date,no,10,0.50%,0.00%,15.08
Weighted Average Life Tables,142,"Class B-1, B-1R, B-1S, B-1T, B-1U and B-1I",B-1R,,To Scheduled Maturity Date,no,15,0.50%,0.00%,7.76
Weighted Average Life Tables,142,"Class B-1, B-1R, B-1S, B-1T, B-1U and B-1I",B-1R,,To Scheduled Maturity Date,no,25,0.50%,0.00%,3.68
Weighted Average Life Tables,142,"Class B-1, B-1R, B-1S, B-1T, B-1U and B-1I",B-1R,,To Scheduled Maturity Date,no,35,0.50%,0.00%,2.32
Weighted Average Life Tables,142,"Class B-1, B-1R, B-1S, B-1T, B-1U and B-1I",B-1R,,To Early Redemption Date,yes,0,0.50%,0.00%,5.02
Weighted Average Life Tables,142,"Class B-1, B-1R, B-1S, B-1T, B-1U and B-1I",B-1R,,To Early Redemption Date,yes,5,0.50%,0.00%,5.02
Weighted Average Life Tables,142,"Class B-1, B-1R, B-1S, B-1T, B-1U and B-1I",B-1R,,To Early Redemption Date,yes,10,0.50%,0.00%,5.02
Weighted Average Life Tables,142,"Class B-1, B-1R, B-1S, B-1T, B-1U and B-1I",B-1R,,To Early Redemption Date,yes,15,0.50%,0.00%,5.02
Weighted Average Life Tables,142,"Class B-1, B-1R, B-1S, B-1T, B-1U and B-1I",B-1R,,To Early Redemption Date,yes,25,0.50%,0.00%,3.68
Weighted Average Life Tables,142,"Class B-1, B-1R, B-1S, B-1T, B-1U and B-1I",B-1R,,To Early Redemption Date,yes,35,0.50%,0.00%,2.32
Weighted Average Life Tables,142,"Class B-1, B-1R, B-1S, B-1T, B-1U and B-1I",B-1S,,To Scheduled Maturity Date,no,0,0.50%,0.00%,11.41
Weighted Average Life Tables,142,"Class B-1, B-1R, B-1S, B-1T, B-1U and B-1I",B-1S,,To Scheduled Maturity Date,no,5,0.50%,0.00%,17.47
Weighted Average Life Tables,142,"Class B-1, B-1R, B-1S, B-1T, B-1U and B-1I",B-1S,,To Scheduled Maturity Date,no,10,0.50%,0.00%,15.08
Weighted Average Life Tables,142,"Class B-1, B-1R, B-1S, B-1T, B-1U and B-1I",B-1S,,To Scheduled Maturity Date,no,15,0.50%,0.00%,7.76
Weighted Average Life Tables,142,"Class B-1, B-1R, B-1S, B-1T, B-1U and B-1I",B-1S,,To Scheduled Maturity Date,no,25,0.50%,0.00%,3.68
Weighted Average Life Tables,142,"Class B-1, B-1R, B-1S, B-1T, B-1U and B-1I",B-1S,,To Scheduled Maturity Date,no,35,0.50%,0.00%,2.32
Weighted Average Life Tables,142,"Class B-1, B-1R, B-1S, B-1T, B-1U and B-1I",B-1S,,To Early Redemption Date,yes,0,0.50%,0.00%,5.02
Weighted Average Life Tables,142,"Class B-1, B-1R, B-1S, B-1T, B-1U and B-1I",B-1S,,To Early Redemption Date,yes,5,0.50%,0.00%,5.02
Weighted Average Life Tables,142,"Class B-1, B-1R, B-1S, B-1T, B-1U and B-1I",B-1S,,To Early Redemption Date,yes,10,0.50%,0.00%,5.02
Weighted Average Life Tables,142,"Class B-1, B-1R, B-1S, B-1T, B-1U and B-1I",B-1S,,To Early Redemption Date,yes,15,0.50%,0.00%,5.02
Weighted Average Life Tables,142,"Class B-1, B-1R, B-1S, B-1T, B-1U and B-1I",B-1S,,To Early Redemption Date,yes,25,0.50%,0.00%,3.68
Weighted Average Life Tables,142,"Class B-1, B-1R, B-1S, B-1T, B-1U and B-1I",B-1S,,To Early Redemption Date,yes,35,0.50%,0.00%,2.32
Weighted Average Life Tables,142,"Class B-1, B-1R, B-1S, B-1T, B-1U and B-1I",B-1T,,To Scheduled Maturity Date,no,0,0.50%,0.00%,11.41
Weighted Average Life Tables,142,"Class B-1, B-1R, B-1S, B-1T, B-1U and B-1I",B-1T,,To Scheduled Maturity Date,no,5,0.50%,0.00%,17.47
Weighted Average Life Tables,142,"Class B-1, B-1R, B-1S, B-1T, B-1U and B-1I",B-1T,,To Scheduled Maturity Date,no,10,0.50%,0.00%,15.08
Weighted Average Life Tables,142,"Class B-1, B-1R, B-1S, B-1T, B-1U and B-1I",B-1T,,To Scheduled Maturity Date,no,15,0.50%,0.00%,7.76
Weighted Average Life Tables,142,"Class B-1, B-1R, B-1S, B-1T, B-1U and B-1I",B-1T,,To Scheduled Maturity Date,no,25,0.50%,0.00%,3.68
Weighted Average Life Tables,142,"Class B-1, B-1R, B-1S, B-1T, B-1U and B-1I",B-1T,,To Scheduled Maturity Date,no,35,0.50%,0.00%,2.32
Weighted Average Life Tables,142,"Class B-1, B-1R, B-1S, B-1T, B-1U and B-1I",B-1T,,To Early Redemption Date,yes,0,0.50%,0.00%,5.02
Weighted Average Life Tables,142,"Class B-1, B-1R, B-1S, B-1T, B-1U and B-1I",B-1T,,To Early Redemption Date,yes,5,0.50%,0.00%,5.02
Weighted Average Life Tables,142,"Class B-1, B-1R, B-1S, B-1T, B-1U and B-1I",B-1T,,To Early Redemption Date,yes,10,0.50%,0.00%,5.02
Weighted Average Life Tables,142,"Class B-1, B-1R, B-1S, B-1T, B-1U and B-1I",B-1T,,To Early Redemption Date,yes,15,0.50%,0.00%,5.02
Weighted Average Life Tables,142,"Class B-1, B-1R, B-1S, B-1T, B-1U and B-1I",B-1T,,To Early Redemption Date,yes,25,0.50%,0.00%,3.68
Weighted Average Life Tables,142,"Class B-1, B-1R, B-1S, B-1T, B-1U and B-1I",B-1T,,To Early Redemption Date,yes,35,0.50%,0.00%,2.32
Weighted Average Life Tables,142,"Class B-1, B-1R, B-1S, B-1T, B-1U and B-1I",B-1U,,To Scheduled Maturity Date,no,0,0.50%,0.00%,11.41
Weighted Average Life Tables,142,"Class B-1, B-1R, B-1S, B-1T, B-1U and B-1I",B-1U,,To Scheduled Maturity Date,no,5,0.50%,0.00%,17.47
Weighted Average Life Tables,142,"Class B-1, B-1R, B-1S, B-1T, B-1U and B-1I",B-1U,,To Scheduled Maturity Date,no,10,0.50%,0.00%,15.08
Weighted Average Life Tables,142,"Class B-1, B-1R, B-1S, B-1T, B-1U and B-1I",B-1U,,To Scheduled Maturity Date,no,15,0.50%,0.00%,7.76
Weighted Average Life Tables,142,"Class B-1, B-1R, B-1S, B-1T, B-1U and B-1I",B-1U,,To Scheduled Maturity Date,no,25,0.50%,0.00%,3.68
Weighted Average Life Tables,142,"Class B-1, B-1R, B-1S, B-1T, B-1U and B-1I",B-1U,,To Scheduled Maturity Date,no,35,0.50%,0.00%,2.32
Weighted Average Life Tables,142,"Class B-1, B-1R, B-1S, B-1T, B-1U and B-1I",B-1U,,To Early Redemption Date,yes,0,0.50%,0.00%,5.02
Weighted Average Life Tables,142,"Class B-1, B-1R, B-1S, B-1T, B-1U and B-1I",B-1U,,To Early Redemption Date,yes,5,0.50%,0.00%,5.02
Weighted Average Life Tables,142,"Class B-1, B-1R, B-1S, B-1T, B-1U and B-1I",B-1U,,To Early Redemption Date,yes,10,0.50%,0.00%,5.02
Weighted Average Life Tables,142,"Class B-1, B-1R, B-1S, B-1T, B-1U and B-1I",B-1U,,To Early Redemption Date,yes,15,0.50%,0.00%,5.02
Weighted Average Life Tables,142,"Class B-1, B-1R, B-1S, B-1T, B-1U and B-1I",B-1U,,To Early Redemption Date,yes,25,0.50%,0.00%,3.68
Weighted Average Life Tables,142,"Class B-1, B-1R, B-1S, B-1T, B-1U and B-1I",B-1U,,To Early Redemption Date,yes,35,0.50%,0.00%,2.32
Weighted Average Life Tables,142,"Class B-1, B-1R, B-1S, B-1T, B-1U and B-1I",B-1I,,To Scheduled Maturity Date,no,0,0.50%,0.00%,11.41
Weighted Average Life Tables,142,"Class B-1, B-1R, B-1S, B-1T, B-1U and B-1I",B-1I,,To Scheduled Maturity Date,no,5,0.50%,0.00%,17.47
Weighted Average Life Tables,142,"Class B-1, B-1R, B-1S, B-1T, B-1U and B-1I",B-1I,,To Scheduled Maturity Date,no,10,0.50%,0.00%,15.08
Weighted Average Life Tables,142,"Class B-1, B-1R, B-1S, B-1T, B-1U and B-1I",B-1I,,To Scheduled Maturity Date,no,15,0.50%,0.00%,7.76
Weighted Average Life Tables,142,"Class B-1, B-1R, B-1S, B-1T, B-1U and B-1I",B-1I,,To Scheduled Maturity Date,no,25,0.50%,0.00%,3.68
Weighted Average Life Tables,142,"Class B-1, B-1R, B-1S, B-1T, B-1U and B-1I",B-1I,,To Scheduled Maturity Date,no,35,0.50%,0.00%,2.32
Weighted Average Life Tables,142,"Class B-1, B-1R, B-1S, B-1T, B-1U and B-1I",B-1I,,To Early Redemption Date,yes,0,0.50%,0.00%,5.02
Weighted Average Life Tables,142,"Class B-1, B-1R, B-1S, B-1T, B-1U and B-1I",B-1I,,To Early Redemption Date,yes,5,0.50%,0.00%,5.02
Weighted Average Life Tables,142,"Class B-1, B-1R, B-1S, B-1T, B-1U and B-1I",B-1I,,To Early Redemption Date,yes,10,0.50%,0.00%,5.02
Weighted Average Life Tables,142,"Class B-1, B-1R, B-1S, B-1T, B-1U and B-1I",B-1I,,To Early Redemption Date,yes,15,0.50%,0.00%,5.02
Weighted Average Life Tables,142,"Class B-1, B-1R, B-1S, B-1T, B-1U and B-1I",B-1I,,To Early Redemption Date,yes,25,0.50%,0.00%,3.68
Weighted Average Life Tables,142,"Class B-1, B-1R, B-1S, B-1T, B-1U and B-1I",B-1I,,To Early Redemption Date,yes,35,0.50%,0.00%,2.32
Weighted Average Life Tables,142,"Class B-1, B-1R, B-1S, B-1T, B-1U and B-1I",B-1,,To Scheduled Maturity Date,no,0,1.00%,0.00%,5.38
Weighted Average Life Tables,142,"Class B-1, B-1R, B-1S, B-1T, B-1U and B-1I",B-1,,To Scheduled Maturity Date,no,5,1.00%,0.00%,6.37
Weighted Average Life Tables,142,"Class B-1, B-1R, B-1S, B-1T, B-1U and B-1I",B-1,,To Scheduled Maturity Date,no,10,1.00%,0.00%,8.39
Weighted Average Life Tables,142,"Class B-1, B-1R, B-1S, B-1T, B-1U and B-1I",B-1,,To Scheduled Maturity Date,no,15,1.00%,0.00%,13.96
Weighted Average Life Tables,142,"Class B-1, B-1R, B-1S, B-1T, B-1U and B-1I",B-1,,To Scheduled Maturity Date,no,25,1.00%,0.00%,8.81
Weighted Average Life Tables,142,"Class B-1, B-1R, B-1S, B-1T, B-1U and B-1I",B-1,,To Scheduled Maturity Date,no,35,1.00%,0.00%,5.69
Weighted Average Life Tables,142,"Class B-1, B-1R, B-1S, B-1T, B-1U and B-1I",B-1,,To Early Redemption Date,yes,0,1.00%,0.00%,4.86
Weighted Average Life Tables,142,"Class B-1, B-1R, B-1S, B-1T, B-1U and B-1I",B-1,,To Early Redemption Date,yes,5,1.00%,0.00%,5.00
Weighted Average Life Tables,142,"Class B-1, B-1R, B-1S, B-1T, B-1U and B-1I",B-1,,To Early Redemption Date,yes,10,1.00%,0.00%,5.02
Weighted Average Life Tables,142,"Class B-1, B-1R, B-1S, B-1T, B-1U and B-1I",B-1,,To Early Redemption Date,yes,15,1.00%,0.00%,5.02
Weighted Average Life Tables,142,"Class B-1, B-1R, B-1S, B-1T, B-1U and B-1I",B-1,,To Early Redemption Date,yes,25,1.00%,0.00%,5.02
Weighted Average Life Tables,142,"Class B-1, B-1R, B-1S, B-1T, B-1U and B-1I",B-1,,To Early Redemption Date,yes,35,1.00%,0.00%,5.00
Weighted Average Life Tables,142,"Class B-1, B-1R, B-1S, B-1T, B-1U and B-1I",B-1R,,To Scheduled Maturity Date,no,0,1.00%,0.00%,5.38
Weighted Average Life Tables,142,"Class B-1, B-1R, B-1S, B-1T, B-1U and B-1I",B-1R,,To Scheduled Maturity Date,no,5,1.00%,0.00%,6.37
Weighted Average Life Tables,142,"Class B-1, B-1R, B-1S, B-1T, B-1U and B-1I",B-1R,,To Scheduled Maturity Date,no,10,1.00%,0.00%,8.39
Weighted Average Life Tables,142,"Class B-1, B-1R, B-1S, B-1T, B-1U and B-1I",B-1R,,To Scheduled Maturity Date,no,15,1.00%,0.00%,13.96
Weighted Average Life Tables,142,"Class B-1, B-1R, B-1S, B-1T, B-1U and B-1I",B-1R,,To Scheduled Maturity Date,no,25,1.00%,0.00%,8.81
Weighted Average Life Tables,142,"Class B-1, B-1R, B-1S, B-1T, B-1U and B-1I",B-1R,,To Scheduled Maturity Date,no,35,1.00%,0.00%,5.69
Weighted Average Life Tables,142,"Class B-1, B-1R, B-1S, B-1T, B-1U and B-1I",B-1R,,To Early Redemption Date,yes,0,1.00%,0.00%,4.86
Weighted Average Life Tables,142,"Class B-1, B-1R, B-1S, B-1T, B-1U and B-1I",B-1R,,To Early Redemption Date,yes,5,1.00%,0.00%,5.00
Weighted Average Life Tables,142,"Class B-1, B-1R, B-1S, B-1T, B-1U and B-1I",B-1R,,To Early Redemption Date,yes,10,1.00%,0.00%,5.02
Weighted Average Life Tables,142,"Class B-1, B-1R, B-1S, B-1T, B-1U and B-1I",B-1R,,To Early Redemption Date,yes,15,1.00%,0.00%,5.02
Weighted Average Life Tables,142,"Class B-1, B-1R, B-1S, B-1T, B-1U and B-1I",B-1R,,To Early Redemption Date,yes,25,1.00%,0.00%,5.02
Weighted Average Life Tables,142,"Class B-1, B-1R, B-1S, B-1T, B-1U and B-1I",B-1R,,To Early Redemption Date,yes,35,1.00%,0.00%,5.00
Weighted Average Life Tables,142,"Class B-1, B-1R, B-1S, B-1T, B-1U and B-1I",B-1S,,To Scheduled Maturity Date,no,0,1.00%,0.00%,5.38
Weighted Average Life Tables,142,"Class B-1, B-1R, B-1S, B-1T, B-1U and B-1I",B-1S,,To Scheduled Maturity Date,no,5,1.00%,0.00%,6.37
Weighted Average Life Tables,142,"Class B-1, B-1R, B-1S, B-1T, B-1U and B-1I",B-1S,,To Scheduled Maturity Date,no,10,1.00%,0.00%,8.39
Weighted Average Life Tables,142,"Class B-1, B-1R, B-1S, B-1T, B-1U and B-1I",B-1S,,To Scheduled Maturity Date,no,15,1.00%,0.00%,13.96
Weighted Average Life Tables,142,"Class B-1, B-1R, B-1S, B-1T, B-1U and B-1I",B-1S,,To Scheduled Maturity Date,no,25,1.00%,0.00%,8.81
Weighted Average Life Tables,142,"Class B-1, B-1R, B-1S, B-1T, B-1U and B-1I",B-1S,,To Scheduled Maturity Date,no,35,1.00%,0.00%,5.69
Weighted Average Life Tables,142,"Class B-1, B-1R, B-1S, B-1T, B-1U and B-1I",B-1S,,To Early Redemption Date,yes,0,1.00%,0.00%,4.86
Weighted Average Life Tables,142,"Class B-1, B-1R, B-1S, B-1T, B-1U and B-1I",B-1S,,To Early Redemption Date,yes,5,1.00%,0.00%,5.00
Weighted Average Life Tables,142,"Class B-1, B-1R, B-1S, B-1T, B-1U and B-1I",B-1S,,To Early Redemption Date,yes,10,1.00%,0.00%,5.02
Weighted Average Life Tables,142,"Class B-1, B-1R, B-1S, B-1T, B-1U and B-1I",B-1S,,To Early Redemption Date,yes,15,1.00%,0.00%,5.02
Weighted Average Life Tables,142,"Class B-1, B-1R, B-1S, B-1T, B-1U and B-1I",B-1S,,To Early Redemption Date,yes,25,1.00%,0.00%,5.02
Weighted Average Life Tables,142,"Class B-1, B-1R, B-1S, B-1T, B-1U and B-1I",B-1S,,To Early Redemption Date,yes,35,1.00%,0.00%,5.00
Weighted Average Life Tables,142,"Class B-1, B-1R, B-1S, B-1T, B-1U and B-1I",B-1T,,To Scheduled Maturity Date,no,0,1.00%,0.00%,5.38
Weighted Average Life Tables,142,"Class B-1, B-1R, B-1S, B-1T, B-1U and B-1I",B-1T,,To Scheduled Maturity Date,no,5,1.00%,0.00%,6.37
Weighted Average Life Tables,142,"Class B-1, B-1R, B-1S, B-1T, B-1U and B-1I",B-1T,,To Scheduled Maturity Date,no,10,1.00%,0.00%,8.39
Weighted Average Life Tables,142,"Class B-1, B-1R, B-1S, B-1T, B-1U and B-1I",B-1T,,To Scheduled Maturity Date,no,15,1.00%,0.00%,13.96
Weighted Average Life Tables,142,"Class B-1, B-1R, B-1S, B-1T, B-1U and B-1I",B-1T,,To Scheduled Maturity Date,no,25,1.00%,0.00%,8.81
Weighted Average Life Tables,142,"Class B-1, B-1R, B-1S, B-1T, B-1U and B-1I",B-1T,,To Scheduled Maturity Date,no,35,1.00%,0.00%,5.69
Weighted Average Life Tables,142,"Class B-1, B-1R, B-1S, B-1T, B-1U and B-1I",B-1T,,To Early Redemption Date,yes,0,1.00%,0.00%,4.86
Weighted Average Life Tables,142,"Class B-1, B-1R, B-1S, B-1T, B-1U and B-1I",B-1T,,To Early Redemption Date,yes,5,1.00%,0.00%,5.00
Weighted Average Life Tables,142,"Class B-1, B-1R, B-1S, B-1T, B-1U and B-1I",B-1T,,To Early Redemption Date,yes,10,1.00%,0.00%,5.02
Weighted Average Life Tables,142,"Class B-1, B-1R, B-1S, B-1T, B-1U and B-1I",B-1T,,To Early Redemption Date,yes,15,1.00%,0.00%,5.02
Weighted Average Life Tables,142,"Class B-1, B-1R, B-1S, B-1T, B-1U and B-1I",B-1T,,To Early Redemption Date,yes,25,1.00%,0.00%,5.02
Weighted Average Life Tables,142,"Class B-1, B-1R, B-1S, B-1T, B-1U and B-1I",B-1T,,To Early Redemption Date,yes,35,1.00%,0.00%,5.00
Weighted Average Life Tables,142,"Class B-1, B-1R, B-1S, B-1T, B-1U and B-1I",B-1U,,To Scheduled Maturity Date,no,0,1.00%,0.00%,5.38
Weighted Average Life Tables,142,"Class B-1, B-1R, B-1S, B-1T, B-1U and B-1I",B-1U,,To Scheduled Maturity Date,no,5,1.00%,0.00%,6.37
Weighted Average Life Tables,142,"Class B-1, B-1R, B-1S, B-1T, B-1U and B-1I",B-1U,,To Scheduled Maturity Date,no,10,1.00%,0.00%,8.39
Weighted Average Life Tables,142,"Class B-1, B-1R, B-1S, B-1T, B-1U and B-1I",B-1U,,To Scheduled Maturity Date,no,15,1.00%,0.00%,13.96
Weighted Average Life Tables,142,"Class B-1, B-1R, B-1S, B-1T, B-1U and B-1I",B-1U,,To Scheduled Maturity Date,no,25,1.00%,0.00%,8.81
Weighted Average Life Tables,142,"Class B-1, B-1R, B-1S, B-1T, B-1U and B-1I",B-1U,,To Scheduled Maturity Date,no,35,1.00%,0.00%,5.69
Weighted Average Life Tables,142,"Class B-1, B-1R, B-1S, B-1T, B-1U and B-1I",B-1U,,To Early Redemption Date,yes,0,1.00%,0.00%,4.86
Weighted Average Life Tables,142,"Class B-1, B-1R, B-1S, B-1T, B-1U and B-1I",B-1U,,To Early Redemption Date,yes,5,1.00%,0.00%,5.00
Weighted Average Life Tables,142,"Class B-1, B-1R, B-1S, B-1T, B-1U and B-1I",B-1U,,To Early Redemption Date,yes,10,1.00%,0.00%,5.02
Weighted Average Life Tables,142,"Class B-1, B-1R, B-1S, B-1T, B-1U and B-1I",B-1U,,To Early Redemption Date,yes,15,1.00%,0.00%,5.02
Weighted Average Life Tables,142,"Class B-1, B-1R, B-1S, B-1T, B-1U and B-1I",B-1U,,To Early Redemption Date,yes,25,1.00%,0.00%,5.02
Weighted Average Life Tables,142,"Class B-1, B-1R, B-1S, B-1T, B-1U and B-1I",B-1U,,To Early Redemption Date,yes,35,1.00%,0.00%,5.00
Weighted Average Life Tables,142,"Class B-1, B-1R, B-1S, B-1T, B-1U and B-1I",B-1I,,To Scheduled Maturity Date,no,0,1.00%,0.00%,5.38
Weighted Average Life Tables,142,"Class B-1, B-1R, B-1S, B-1T, B-1U and B-1I",B-1I,,To Scheduled Maturity Date,no,5,1.00%,0.00%,6.37
Weighted Average Life Tables,142,"Class B-1, B-1R, B-1S, B-1T, B-1U and B-1I",B-1I,,To Scheduled Maturity Date,no,10,1.00%,0.00%,8.39
Weighted Average Life Tables,142,"Class B-1, B-1R, B-1S, B-1T, B-1U and B-1I",B-1I,,To Scheduled Maturity Date,no,15,1.00%,0.00%,13.96
Weighted Average Life Tables,142,"Class B-1, B-1R, B-1S, B-1T, B-1U and B-1I",B-1I,,To Scheduled Maturity Date,no,25,1.00%,0.00%,8.81
Weighted Average Life Tables,142,"Class B-1, B-1R, B-1S, B-1T, B-1U and B-1I",B-1I,,To Scheduled Maturity Date,no,35,1.00%,0.00%,5.69
Weighted Average Life Tables,142,"Class B-1, B-1R, B-1S, B-1T, B-1U and B-1I",B-1I,,To Early Redemption Date,yes,0,1.00%,0.00%,4.86
Weighted Average Life Tables,142,"Class B-1, B-1R, B-1S, B-1T, B-1U and B-1I",B-1I,,To Early Redemption Date,yes,5,1.00%,0.00%,5.00
Weighted Average Life Tables,142,"Class B-1, B-1R, B-1S, B-1T, B-1U and B-1I",B-1I,,To Early Redemption Date,yes,10,1.00%,0.00%,5.02
Weighted Average Life Tables,142,"Class B-1, B-1R, B-1S, B-1T, B-1U and B-1I",B-1I,,To Early Redemption Date,yes,15,1.00%,0.00%,5.02
Weighted Average Life Tables,142,"Class B-1, B-1R, B-1S, B-1T, B-1U and B-1I",B-1I,,To Early Redemption Date,yes,25,1.00%,0.00%,5.02
Weighted Average Life Tables,142,"Class B-1, B-1R, B-1S, B-1T, B-1U and B-1I",B-1I,,To Early Redemption Date,yes,35,1.00%,0.00%,5.00
Weighted Average Life Tables,142,"Class B-1, B-1R, B-1S, B-1T, B-1U and B-1I",B-1,,To Scheduled Maturity Date,no,0,1.50%,0.00%,3.52
Weighted Average Life Tables,142,"Class B-1, B-1R, B-1S, B-1T, B-1U and B-1I",B-1,,To Scheduled Maturity Date,no,5,1.50%,0.00%,3.90
Weighted Average Life Tables,142,"Class B-1, B-1R, B-1S, B-1T, B-1U and B-1I",B-1,,To Scheduled Maturity Date,no,10,1.50%,0.00%,4.47
Weighted Average Life Tables,142,"Class B-1, B-1R, B-1S, B-1T, B-1U and B-1I",B-1,,To Scheduled Maturity Date,no,15,1.50%,0.00%,5.45
Weighted Average Life Tables,142,"Class B-1, B-1R, B-1S, B-1T, B-1U and B-1I",B-1,,To Scheduled Maturity Date,no,25,1.50%,0.00%,9.90
Weighted Average Life Tables,142,"Class B-1, B-1R, B-1S, B-1T, B-1U and B-1I",B-1,,To Scheduled Maturity Date,no,35,1.50%,0.00%,6.76
Weighted Average Life Tables,142,"Class B-1, B-1R, B-1S, B-1T, B-1U and B-1I",B-1,,To Early Redemption Date,yes,0,1.50%,0.00%,3.52
Weighted Average Life Tables,142,"Class B-1, B-1R, B-1S, B-1T, B-1U and B-1I",B-1,,To Early Redemption Date,yes,5,1.50%,0.00%,3.90
Weighted Average Life Tables,142,"Class B-1, B-1R, B-1S, B-1T, B-1U and B-1I",B-1,,To Early Redemption Date,yes,10,1.50%,0.00%,4.35
Weighted Average Life Tables,142,"Class B-1, B-1R, B-1S, B-1T, B-1U and B-1I",B-1,,To Early Redemption Date,yes,15,1.50%,0.00%,4.71
Weighted Average Life Tables,142,"Class B-1, B-1R, B-1S, B-1T, B-1U and B-1I",B-1,,To Early Redemption Date,yes,25,1.50%,0.00%,5.02
Weighted Average Life Tables,142,"Class B-1, B-1R, B-1S, B-1T, B-1U and B-1I",B-1,,To Early Redemption Date,yes,35,1.50%,0.00%,5.02
Weighted Average Life Tables,142,"Class B-1, B-1R, B-1S, B-1T, B-1U and B-1I",B-1R,,To Scheduled Maturity Date,no,0,1.50%,0.00%,3.52
Weighted Average Life Tables,142,"Class B-1, B-1R, B-1S, B-1T, B-1U and B-1I",B-1R,,To Scheduled Maturity Date,no,5,1.50%,0.00%,3.90
Weighted Average Life Tables,142,"Class B-1, B-1R, B-1S, B-1T, B-1U and B-1I",B-1R,,To Scheduled Maturity Date,no,10,1.50%,0.00%,4.47
Weighted Average Life Tables,142,"Class B-1, B-1R, B-1S, B-1T, B-1U and B-1I",B-1R,,To Scheduled Maturity Date,no,15,1.50%,0.00%,5.45
Weighted Average Life Tables,142,"Class B-1, B-1R, B-1S, B-1T, B-1U and B-1I",B-1R,,To Scheduled Maturity Date,no,25,1.50%,0.00%,9.90
Weighted Average Life Tables,142,"Class B-1, B-1R, B-1S, B-1T, B-1U and B-1I",B-1R,,To Scheduled Maturity Date,no,35,1.50%,0.00%,6.76
Weighted Average Life Tables,142,"Class B-1, B-1R, B-1S, B-1T, B-1U and B-1I",B-1R,,To Early Redemption Date,yes,0,1.50%,0.00%,3.52
Weighted Average Life Tables,142,"Class B-1, B-1R, B-1S, B-1T, B-1U and B-1I",B-1R,,To Early Redemption Date,yes,5,1.50%,0.00%,3.90
Weighted Average Life Tables,142,"Class B-1, B-1R, B-1S, B-1T, B-1U and B-1I",B-1R,,To Early Redemption Date,yes,10,1.50%,0.00%,4.35
Weighted Average Life Tables,142,"Class B-1, B-1R, B-1S, B-1T, B-1U and B-1I",B-1R,,To Early Redemption Date,yes,15,1.50%,0.00%,4.71
Weighted Average Life Tables,142,"Class B-1, B-1R, B-1S, B-1T, B-1U and B-1I",B-1R,,To Early Redemption Date,yes,25,1.50%,0.00%,5.02
Weighted Average Life Tables,142,"Class B-1, B-1R, B-1S, B-1T, B-1U and B-1I",B-1R,,To Early Redemption Date,yes,35,1.50%,0.00%,5.02
Weighted Average Life Tables,142,"Class B-1, B-1R, B-1S, B-1T, B-1U and B-1I",B-1S,,To Scheduled Maturity Date,no,0,1.50%,0.00%,3.52
Weighted Average Life Tables,142,"Class B-1, B-1R, B-1S, B-1T, B-1U and B-1I",B-1S,,To Scheduled Maturity Date,no,5,1.50%,0.00%,3.90
Weighted Average Life Tables,142,"Class B-1, B-1R, B-1S, B-1T, B-1U and B-1I",B-1S,,To Scheduled Maturity Date,no,10,1.50%,0.00%,4.47
Weighted Average Life Tables,142,"Class B-1, B-1R, B-1S, B-1T, B-1U and B-1I",B-1S,,To Scheduled Maturity Date,no,15,1.50%,0.00%,5.45
Weighted Average Life Tables,142,"Class B-1, B-1R, B-1S, B-1T, B-1U and B-1I",B-1S,,To Scheduled Maturity Date,no,25,1.50%,0.00%,9.90
Weighted Average Life Tables,142,"Class B-1, B-1R, B-1S, B-1T, B-1U and B-1I",B-1S,,To Scheduled Maturity Date,no,35,1.50%,0.00%,6.76
Weighted Average Life Tables,142,"Class B-1, B-1R, B-1S, B-1T, B-1U and B-1I",B-1S,,To Early Redemption Date,yes,0,1.50%,0.00%,3.52
Weighted Average Life Tables,142,"Class B-1, B-1R, B-1S, B-1T, B-1U and B-1I",B-1S,,To Early Redemption Date,yes,5,1.50%,0.00%,3.90
Weighted Average Life Tables,142,"Class B-1, B-1R, B-1S, B-1T, B-1U and B-1I",B-1S,,To Early Redemption Date,yes,10,1.50%,0.00%,4.35
Weighted Average Life Tables,142,"Class B-1, B-1R, B-1S, B-1T, B-1U and B-1I",B-1S,,To Early Redemption Date,yes,15,1.50%,0.00%,4.71
Weighted Average Life Tables,142,"Class B-1, B-1R, B-1S, B-1T, B-1U and B-1I",B-1S,,To Early Redemption Date,yes,25,1.50%,0.00%,5.02
Weighted Average Life Tables,142,"Class B-1, B-1R, B-1S, B-1T, B-1U and B-1I",B-1S,,To Early Redemption Date,yes,35,1.50%,0.00%,5.02
Weighted Average Life Tables,142,"Class B-1, B-1R, B-1S, B-1T, B-1U and B-1I",B-1T,,To Scheduled Maturity Date,no,0,1.50%,0.00%,3.52
Weighted Average Life Tables,142,"Class B-1, B-1R, B-1S, B-1T, B-1U and B-1I",B-1T,,To Scheduled Maturity Date,no,5,1.50%,0.00%,3.90
Weighted Average Life Tables,142,"Class B-1, B-1R, B-1S, B-1T, B-1U and B-1I",B-1T,,To Scheduled Maturity Date,no,10,1.50%,0.00%,4.47
Weighted Average Life Tables,142,"Class B-1, B-1R, B-1S, B-1T, B-1U and B-1I",B-1T,,To Scheduled Maturity Date,no,15,1.50%,0.00%,5.45
Weighted Average Life Tables,142,"Class B-1, B-1R, B-1S, B-1T, B-1U and B-1I",B-1T,,To Scheduled Maturity Date,no,25,1.50%,0.00%,9.90
Weighted Average Life Tables,142,"Class B-1, B-1R, B-1S, B-1T, B-1U and B-1I",B-1T,,To Scheduled Maturity Date,no,35,1.50%,0.00%,6.76
Weighted Average Life Tables,142,"Class B-1, B-1R, B-1S, B-1T, B-1U and B-1I",B-1T,,To Early Redemption Date,yes,0,1.50%,0.00%,3.52
Weighted Average Life Tables,142,"Class B-1, B-1R, B-1S, B-1T, B-1U and B-1I",B-1T,,To Early Redemption Date,yes,5,1.50%,0.00%,3.90
Weighted Average Life Tables,142,"Class B-1, B-1R, B-1S, B-1T, B-1U and B-1I",B-1T,,To Early Redemption Date,yes,10,1.50%,0.00%,4.35
Weighted Average Life Tables,142,"Class B-1, B-1R, B-1S, B-1T, B-1U and B-1I",B-1T,,To Early Redemption Date,yes,15,1.50%,0.00%,4.71
Weighted Average Life Tables,142,"Class B-1, B-1R, B-1S, B-1T, B-1U and B-1I",B-1T,,To Early Redemption Date,yes,25,1.50%,0.00%,5.02
Weighted Average Life Tables,142,"Class B-1, B-1R, B-1S, B-1T, B-1U and B-1I",B-1T,,To Early Redemption Date,yes,35,1.50%,0.00%,5.02
Weighted Average Life Tables,142,"Class B-1, B-1R, B-1S, B-1T, B-1U and B-1I",B-1U,,To Scheduled Maturity Date,no,0,1.50%,0.00%,3.52
Weighted Average Life Tables,142,"Class B-1, B-1R, B-1S, B-1T, B-1U and B-1I",B-1U,,To Scheduled Maturity Date,no,5,1.50%,0.00%,3.90
Weighted Average Life Tables,142,"Class B-1, B-1R, B-1S, B-1T, B-1U and B-1I",B-1U,,To Scheduled Maturity Date,no,10,1.50%,0.00%,4.47
Weighted Average Life Tables,142,"Class B-1, B-1R, B-1S, B-1T, B-1U and B-1I",B-1U,,To Scheduled Maturity Date,no,15,1.50%,0.00%,5.45
Weighted Average Life Tables,142,"Class B-1, B-1R, B-1S, B-1T, B-1U and B-1I",B-1U,,To Scheduled Maturity Date,no,25,1.50%,0.00%,9.90
Weighted Average Life Tables,142,"Class B-1, B-1R, B-1S, B-1T, B-1U and B-1I",B-1U,,To Scheduled Maturity Date,no,35,1.50%,0.00%,6.76
Weighted Average Life Tables,142,"Class B-1, B-1R, B-1S, B-1T, B-1U and B-1I",B-1U,,To Early Redemption Date,yes,0,1.50%,0.00%,3.52
Weighted Average Life Tables,142,"Class B-1, B-1R, B-1S, B-1T, B-1U and B-1I",B-1U,,To Early Redemption Date,yes,5,1.50%,0.00%,3.90
Weighted Average Life Tables,142,"Class B-1, B-1R, B-1S, B-1T, B-1U and B-1I",B-1U,,To Early Redemption Date,yes,10,1.50%,0.00%,4.35
Weighted Average Life Tables,142,"Class B-1, B-1R, B-1S, B-1T, B-1U and B-1I",B-1U,,To Early Redemption Date,yes,15,1.50%,0.00%,4.71
Weighted Average Life Tables,142,"Class B-1, B-1R, B-1S, B-1T, B-1U and B-1I",B-1U,,To Early Redemption Date,yes,25,1.50%,0.00%,5.02
Weighted Average Life Tables,142,"Class B-1, B-1R, B-1S, B-1T, B-1U and B-1I",B-1U,,To Early Redemption Date,yes,35,1.50%,0.00%,5.02
Weighted Average Life Tables,142,"Class B-1, B-1R, B-1S, B-1T, B-1U and B-1I",B-1I,,To Scheduled Maturity Date,no,0,1.50%,0.00%,3.52
Weighted Average Life Tables,142,"Class B-1, B-1R, B-1S, B-1T, B-1U and B-1I",B-1I,,To Scheduled Maturity Date,no,5,1.50%,0.00%,3.90
Weighted Average Life Tables,142,"Class B-1, B-1R, B-1S, B-1T, B-1U and B-1I",B-1I,,To Scheduled Maturity Date,no,10,1.50%,0.00%,4.47
Weighted Average Life Tables,142,"Class B-1, B-1R, B-1S, B-1T, B-1U and B-1I",B-1I,,To Scheduled Maturity Date,no,15,1.50%,0.00%,5.45
Weighted Average Life Tables,142,"Class B-1, B-1R, B-1S, B-1T, B-1U and B-1I",B-1I,,To Scheduled Maturity Date,no,25,1.50%,0.00%,9.90
Weighted Average Life Tables,142,"Class B-1, B-1R, B-1S, B-1T, B-1U and B-1I",B-1I,,To Scheduled Maturity Date,no,35,1.50%,0.00%,6.76
Weighted Average Life Tables,142,"Class B-1, B-1R, B-1S, B-1T, B-1U and B-1I",B-1I,,To Early Redemption Date,yes,0,1.50%,0.00%,3.52
Weighted Average Life Tables,142,"Class B-1, B-1R, B-1S, B-1T, B-1U and B-1I",B-1I,,To Early Redemption Date,yes,5,1.50%,0.00%,3.90
Weighted Average Life Tables,142,"Class B-1, B-1R, B-1S, B-1T, B-1U and B-1I",B-1I,,To Early Redemption Date,yes,10,1.50%,0.00%,4.35
Weighted Average Life Tables,142,"Class B-1, B-1R, B-1S, B-1T, B-1U and B-1I",B-1I,,To Early Redemption Date,yes,15,1.50%,0.00%,4.71
Weighted Average Life Tables,142,"Class B-1, B-1R, B-1S, B-1T, B-1U and B-1I",B-1I,,To Early Redemption Date,yes,25,1.50%,0.00%,5.02
Weighted Average Life Tables,142,"Class B-1, B-1R, B-1S, B-1T, B-1U and B-1I",B-1I,,To Early Redemption Date,yes,35,1.50%,0.00%,5.02
Weighted Average Life Tables,142,"Class B-1, B-1R, B-1S, B-1T, B-1U and B-1I",B-1,,To Scheduled Maturity Date,no,0,2.50%,0.00%,2.07
Weighted Average Life Tables,142,"Class B-1, B-1R, B-1S, B-1T, B-1U and B-1I",B-1,,To Scheduled Maturity Date,no,5,2.50%,0.00%,2.20
Weighted Average Life Tables,142,"Class B-1, B-1R, B-1S, B-1T, B-1U and B-1I",B-1,,To Scheduled Maturity Date,no,10,2.50%,0.00%,2.35
Weighted Average Life Tables,142,"Class B-1, B-1R, B-1S, B-1T, B-1U and B-1I",B-1,,To Scheduled Maturity Date,no,15,2.50%,0.00%,2.55
Weighted Average Life Tables,142,"Class B-1, B-1R, B-1S, B-1T, B-1U and B-1I",B-1,,To Scheduled Maturity Date,no,25,2.50%,0.00%,3.27
Weighted Average Life Tables,142,"Class B-1, B-1R, B-1S, B-1T, B-1U and B-1I",B-1,,To Scheduled Maturity Date,no,35,2.50%,0.00%,6.11
Weighted Average Life Tables,142,"Class B-1, B-1R, B-1S, B-1T, B-1U and B-1I",B-1,,To Early Redemption Date,yes,0,2.50%,0.00%,2.07
Weighted Average Life Tables,142,"Class B-1, B-1R, B-1S, B-1T, B-1U and B-1I",B-1,,To Early Redemption Date,yes,5,2.50%,0.00%,2.20
Weighted Average Life Tables,142,"Class B-1, B-1R, B-1S, B-1T, B-1U and B-1I",B-1,,To Early Redemption Date,yes,10,2.50%,0.00%,2.35
Weighted Average Life Tables,142,"Class B-1, B-1R, B-1S, B-1T, B-1U and B-1I",B-1,,To Early Redemption Date,yes,15,2.50%,0.00%,2.55
Weighted Average Life Tables,142,"Class B-1, B-1R, B-1S, B-1T, B-1U and B-1I",B-1,,To Early Redemption Date,yes,25,2.50%,0.00%,3.27
Weighted Average Life Tables,142,"Class B-1, B-1R, B-1S, B-1T, B-1U and B-1I",B-1,,To Early Redemption Date,yes,35,2.50%,0.00%,4.33
Weighted Average Life Tables,142,"Class B-1, B-1R, B-1S, B-1T, B-1U and B-1I",B-1R,,To Scheduled Maturity Date,no,0,2.50%,0.00%,2.07
Weighted Average Life Tables,142,"Class B-1, B-1R, B-1S, B-1T, B-1U and B-1I",B-1R,,To Scheduled Maturity Date,no,5,2.50%,0.00%,2.20
Weighted Average Life Tables,142,"Class B-1, B-1R, B-1S, B-1T, B-1U and B-1I",B-1R,,To Scheduled Maturity Date,no,10,2.50%,0.00%,2.35
Weighted Average Life Tables,142,"Class B-1, B-1R, B-1S, B-1T, B-1U and B-1I",B-1R,,To Scheduled Maturity Date,no,15,2.50%,0.00%,2.55
Weighted Average Life Tables,142,"Class B-1, B-1R, B-1S, B-1T, B-1U and B-1I",B-1R,,To Scheduled Maturity Date,no,25,2.50%,0.00%,3.27
Weighted Average Life Tables,142,"Class B-1, B-1R, B-1S, B-1T, B-1U and B-1I",B-1R,,To Scheduled Maturity Date,no,35,2.50%,0.00%,6.11
Weighted Average Life Tables,142,"Class B-1, B-1R, B-1S, B-1T, B-1U and B-1I",B-1R,,To Early Redemption Date,yes,0,2.50%,0.00%,2.07
Weighted Average Life Tables,142,"Class B-1, B-1R, B-1S, B-1T, B-1U and B-1I",B-1R,,To Early Redemption Date,yes,5,2.50%,0.00%,2.20
Weighted Average Life Tables,142,"Class B-1, B-1R, B-1S, B-1T, B-1U and B-1I",B-1R,,To Early Redemption Date,yes,10,2.50%,0.00%,2.35
Weighted Average Life Tables,142,"Class B-1, B-1R, B-1S, B-1T, B-1U and B-1I",B-1R,,To Early Redemption Date,yes,15,2.50%,0.00%,2.55
Weighted Average Life Tables,142,"Class B-1, B-1R, B-1S, B-1T, B-1U and B-1I",B-1R,,To Early Redemption Date,yes,25,2.50%,0.00%,3.27
Weighted Average Life Tables,142,"Class B-1, B-1R, B-1S, B-1T, B-1U and B-1I",B-1R,,To Early Redemption Date,yes,35,2.50%,0.00%,4.33
Weighted Average Life Tables,142,"Class B-1, B-1R, B-1S, B-1T, B-1U and B-1I",B-1S,,To Scheduled Maturity Date,no,0,2.50%,0.00%,2.07
Weighted Average Life Tables,142,"Class B-1, B-1R, B-1S, B-1T, B-1U and B-1I",B-1S,,To Scheduled Maturity Date,no,5,2.50%,0.00%,2.20
Weighted Average Life Tables,142,"Class B-1, B-1R, B-1S, B-1T, B-1U and B-1I",B-1S,,To Scheduled Maturity Date,no,10,2.50%,0.00%,2.35
Weighted Average Life Tables,142,"Class B-1, B-1R, B-1S, B-1T, B-1U and B-1I",B-1S,,To Scheduled Maturity Date,no,15,2.50%,0.00%,2.55
Weighted Average Life Tables,142,"Class B-1, B-1R, B-1S, B-1T, B-1U and B-1I",B-1S,,To Scheduled Maturity Date,no,25,2.50%,0.00%,3.27
Weighted Average Life Tables,142,"Class B-1, B-1R, B-1S, B-1T, B-1U and B-1I",B-1S,,To Scheduled Maturity Date,no,35,2.50%,0.00%,6.11
Weighted Average Life Tables,142,"Class B-1, B-1R, B-1S, B-1T, B-1U and B-1I",B-1S,,To Early Redemption Date,yes,0,2.50%,0.00%,2.07
Weighted Average Life Tables,142,"Class B-1, B-1R, B-1S, B-1T, B-1U and B-1I",B-1S,,To Early Redemption Date,yes,5,2.50%,0.00%,2.20
Weighted Average Life Tables,142,"Class B-1, B-1R, B-1S, B-1T, B-1U and B-1I",B-1S,,To Early Redemption Date,yes,10,2.50%,0.00%,2.35
Weighted Average Life Tables,142,"Class B-1, B-1R, B-1S, B-1T, B-1U and B-1I",B-1S,,To Early Redemption Date,yes,15,2.50%,0.00%,2.55
Weighted Average Life Tables,142,"Class B-1, B-1R, B-1S, B-1T, B-1U and B-1I",B-1S,,To Early Redemption Date,yes,25,2.50%,0.00%,3.27
Weighted Average Life Tables,142,"Class B-1, B-1R, B-1S, B-1T, B-1U and B-1I",B-1S,,To Early Redemption Date,yes,35,2.50%,0.00%,4.33
Weighted Average Life Tables,142,"Class B-1, B-1R, B-1S, B-1T, B-1U and B-1I",B-1T,,To Scheduled Maturity Date,no,0,2.50%,0.00%,2.07
Weighted Average Life Tables,142,"Class B-1, B-1R, B-1S, B-1T, B-1U and B-1I",B-1T,,To Scheduled Maturity Date,no,5,2.50%,0.00%,2.20
Weighted Average Life Tables,142,"Class B-1, B-1R, B-1S, B-1T, B-1U and B-1I",B-1T,,To Scheduled Maturity Date,no,10,2.50%,0.00%,2.35
Weighted Average Life Tables,142,"Class B-1, B-1R, B-1S, B-1T, B-1U and B-1I",B-1T,,To Scheduled Maturity Date,no,15,2.50%,0.00%,2.55
Weighted Average Life Tables,142,"Class B-1, B-1R, B-1S, B-1T, B-1U and B-1I",B-1T,,To Scheduled Maturity Date,no,25,2.50%,0.00%,3.27
Weighted Average Life Tables,142,"Class B-1, B-1R, B-1S, B-1T, B-1U and B-1I",B-1T,,To Scheduled Maturity Date,no,35,2.50%,0.00%,6.11
Weighted Average Life Tables,142,"Class B-1, B-1R, B-1S, B-1T, B-1U and B-1I",B-1T,,To Early Redemption Date,yes,0,2.50%,0.00%,2.07
Weighted Average Life Tables,142,"Class B-1, B-1R, B-1S, B-1T, B-1U and B-1I",B-1T,,To Early Redemption Date,yes,5,2.50%,0.00%,2.20
Weighted Average Life Tables,142,"Class B-1, B-1R, B-1S, B-1T, B-1U and B-1I",B-1T,,To Early Redemption Date,yes,10,2.50%,0.00%,2.35
Weighted Average Life Tables,142,"Class B-1, B-1R, B-1S, B-1T, B-1U and B-1I",B-1T,,To Early Redemption Date,yes,15,2.50%,0.00%,2.55
Weighted Average Life Tables,142,"Class B-1, B-1R, B-1S, B-1T, B-1U and B-1I",B-1T,,To Early Redemption Date,yes,25,2.50%,0.00%,3.27
Weighted Average Life Tables,142,"Class B-1, B-1R, B-1S, B-1T, B-1U and B-1I",B-1T,,To Early Redemption Date,yes,35,2.50%,0.00%,4.33
Weighted Average Life Tables,142,"Class B-1, B-1R, B-1S, B-1T, B-1U and B-1I",B-1U,,To Scheduled Maturity Date,no,0,2.50%,0.00%,2.07
Weighted Average Life Tables,142,"Class B-1, B-1R, B-1S, B-1T, B-1U and B-1I",B-1U,,To Scheduled Maturity Date,no,5,2.50%,0.00%,2.20
Weighted Average Life Tables,142,"Class B-1, B-1R, B-1S, B-1T, B-1U and B-1I",B-1U,,To Scheduled Maturity Date,no,10,2.50%,0.00%,2.35
Weighted Average Life Tables,142,"Class B-1, B-1R, B-1S, B-1T, B-1U and B-1I",B-1U,,To Scheduled Maturity Date,no,15,2.50%,0.00%,2.55
Weighted Average Life Tables,142,"Class B-1, B-1R, B-1S, B-1T, B-1U and B-1I",B-1U,,To Scheduled Maturity Date,no,25,2.50%,0.00%,3.27
Weighted Average Life Tables,142,"Class B-1, B-1R, B-1S, B-1T, B-1U and B-1I",B-1U,,To Scheduled Maturity Date,no,35,2.50%,0.00%,6.11
Weighted Average Life Tables,142,"Class B-1, B-1R, B-1S, B-1T, B-1U and B-1I",B-1U,,To Early Redemption Date,yes,0,2.50%,0.00%,2.07
Weighted Average Life Tables,142,"Class B-1, B-1R, B-1S, B-1T, B-1U and B-1I",B-1U,,To Early Redemption Date,yes,5,2.50%,0.00%,2.20
Weighted Average Life Tables,142,"Class B-1, B-1R, B-1S, B-1T, B-1U and B-1I",B-1U,,To Early Redemption Date,yes,10,2.50%,0.00%,2.35
Weighted Average Life Tables,142,"Class B-1, B-1R, B-1S, B-1T, B-1U and B-1I",B-1U,,To Early Redemption Date,yes,15,2.50%,0.00%,2.55
Weighted Average Life Tables,142,"Class B-1, B-1R, B-1S, B-1T, B-1U and B-1I",B-1U,,To Early Redemption Date,yes,25,2.50%,0.00%,3.27
Weighted Average Life Tables,142,"Class B-1, B-1R, B-1S, B-1T, B-1U and B-1I",B-1U,,To Early Redemption Date,yes,35,2.50%,0.00%,4.33
Weighted Average Life Tables,142,"Class B-1, B-1R, B-1S, B-1T, B-1U and B-1I",B-1I,,To Scheduled Maturity Date,no,0,2.50%,0.00%,2.07
Weighted Average Life Tables,142,"Class B-1, B-1R, B-1S, B-1T, B-1U and B-1I",B-1I,,To Scheduled Maturity Date,no,5,2.50%,0.00%,2.20
Weighted Average Life Tables,142,"Class B-1, B-1R, B-1S, B-1T, B-1U and B-1I",B-1I,,To Scheduled Maturity Date,no,10,2.50%,0.00%,2.35
Weighted Average Life Tables,142,"Class B-1, B-1R, B-1S, B-1T, B-1U and B-1I",B-1I,,To Scheduled Maturity Date,no,15,2.50%,0.00%,2.55
Weighted Average Life Tables,142,"Class B-1, B-1R, B-1S, B-1T, B-1U and B-1I",B-1I,,To Scheduled Maturity Date,no,25,2.50%,0.00%,3.27
Weighted Average Life Tables,142,"Class B-1, B-1R, B-1S, B-1T, B-1U and B-1I",B-1I,,To Scheduled Maturity Date,no,35,2.50%,0.00%,6.11
Weighted Average Life Tables,142,"Class B-1, B-1R, B-1S, B-1T, B-1U and B-1I",B-1I,,To Early Redemption Date,yes,0,2.50%,0.00%,2.07
Weighted Average Life Tables,142,"Class B-1, B-1R, B-1S, B-1T, B-1U and B-1I",B-1I,,To Early Redemption Date,yes,5,2.50%,0.00%,2.20
Weighted Average Life Tables,142,"Class B-1, B-1R, B-1S, B-1T, B-1U and B-1I",B-1I,,To Early Redemption Date,yes,10,2.50%,0.00%,2.35
Weighted Average Life Tables,142,"Class B-1, B-1R, B-1S, B-1T, B-1U and B-1I",B-1I,,To Early Redemption Date,yes,15,2.50%,0.00%,2.55
Weighted Average Life Tables,142,"Class B-1, B-1R, B-1S, B-1T, B-1U and B-1I",B-1I,,To Early Redemption Date,yes,25,2.50%,0.00%,3.27
Weighted Average Life Tables,142,"Class B-1, B-1R, B-1S, B-1T, B-1U and B-1I",B-1I,,To Early Redemption Date,yes,35,2.50%,0.00%,4.33
Weighted Average Life Tables,142,"Class B-1, B-1R, B-1S, B-1T, B-1U and B-1I",B-1,,To Scheduled Maturity Date,no,0,3.00%,0.00%,1.72
Weighted Average Life Tables,142,"Class B-1, B-1R, B-1S, B-1T, B-1U and B-1I",B-1,,To Scheduled Maturity Date,no,5,3.00%,0.00%,1.80
Weighted Average Life Tables,142,"Class B-1, B-1R, B-1S, B-1T, B-1U and B-1I",B-1,,To Scheduled Maturity Date,no,10,3.00%,0.00%,1.90
Weighted Average Life Tables,142,"Class B-1, B-1R, B-1S, B-1T, B-1U and B-1I",B-1,,To Scheduled Maturity Date,no,15,3.00%,0.00%,2.02
Weighted Average Life Tables,142,"Class B-1, B-1R, B-1S, B-1T, B-1U and B-1I",B-1,,To Scheduled Maturity Date,no,25,3.00%,0.00%,2.41
Weighted Average Life Tables,142,"Class B-1, B-1R, B-1S, B-1T, B-1U and B-1I",B-1,,To Scheduled Maturity Date,no,35,3.00%,0.00%,3.43
Weighted Average Life Tables,142,"Class B-1, B-1R, B-1S, B-1T, B-1U and B-1I",B-1,,To Early Redemption Date,yes,0,3.00%,0.00%,1.72
Weighted Average Life Tables,142,"Class B-1, B-1R, B-1S, B-1T, B-1U and B-1I",B-1,,To Early Redemption Date,yes,5,3.00%,0.00%,1.80
Weighted Average Life Tables,142,"Class B-1, B-1R, B-1S, B-1T, B-1U and B-1I",B-1,,To Early Redemption Date,yes,10,3.00%,0.00%,1.90
Weighted Average Life Tables,142,"Class B-1, B-1R, B-1S, B-1T, B-1U and B-1I",B-1,,To Early Redemption Date,yes,15,3.00%,0.00%,2.02
Weighted Average Life Tables,142,"Class B-1, B-1R, B-1S, B-1T, B-1U and B-1I",B-1,,To Early Redemption Date,yes,25,3.00%,0.00%,2.41
Weighted Average Life Tables,142,"Class B-1, B-1R, B-1S, B-1T, B-1U and B-1I",B-1,,To Early Redemption Date,yes,35,3.00%,0.00%,3.34
Weighted Average Life Tables,142,"Class B-1, B-1R, B-1S, B-1T, B-1U and B-1I",B-1R,,To Scheduled Maturity Date,no,0,3.00%,0.00%,1.72
Weighted Average Life Tables,142,"Class B-1, B-1R, B-1S, B-1T, B-1U and B-1I",B-1R,,To Scheduled Maturity Date,no,5,3.00%,0.00%,1.80
Weighted Average Life Tables,142,"Class B-1, B-1R, B-1S, B-1T, B-1U and B-1I",B-1R,,To Scheduled Maturity Date,no,10,3.00%,0.00%,1.90
Weighted Average Life Tables,142,"Class B-1, B-1R, B-1S, B-1T, B-1U and B-1I",B-1R,,To Scheduled Maturity Date,no,15,3.00%,0.00%,2.02
Weighted Average Life Tables,142,"Class B-1, B-1R, B-1S, B-1T, B-1U and B-1I",B-1R,,To Scheduled Maturity Date,no,25,3.00%,0.00%,2.41
Weighted Average Life Tables,142,"Class B-1, B-1R, B-1S, B-1T, B-1U and B-1I",B-1R,,To Scheduled Maturity Date,no,35,3.00%,0.00%,3.43
Weighted Average Life Tables,142,"Class B-1, B-1R, B-1S, B-1T, B-1U and B-1I",B-1R,,To Early Redemption Date,yes,0,3.00%,0.00%,1.72
Weighted Average Life Tables,142,"Class B-1, B-1R, B-1S, B-1T, B-1U and B-1I",B-1R,,To Early Redemption Date,yes,5,3.00%,0.00%,1.80
Weighted Average Life Tables,142,"Class B-1, B-1R, B-1S, B-1T, B-1U and B-1I",B-1R,,To Early Redemption Date,yes,10,3.00%,0.00%,1.90
Weighted Average Life Tables,142,"Class B-1, B-1R, B-1S, B-1T, B-1U and B-1I",B-1R,,To Early Redemption Date,yes,15,3.00%,0.00%,2.02
Weighted Average Life Tables,142,"Class B-1, B-1R, B-1S, B-1T, B-1U and B-1I",B-1R,,To Early Redemption Date,yes,25,3.00%,0.00%,2.41
Weighted Average Life Tables,142,"Class B-1, B-1R, B-1S, B-1T, B-1U and B-1I",B-1R,,To Early Redemption Date,yes,35,3.00%,0.00%,3.34
Weighted Average Life Tables,142,"Class B-1, B-1R, B-1S, B-1T, B-1U and B-1I",B-1S,,To Scheduled Maturity Date,no,0,3.00%,0.00%,1.72
Weighted Average Life Tables,142,"Class B-1, B-1R, B-1S, B-1T, B-1U and B-1I",B-1S,,To Scheduled Maturity Date,no,5,3.00%,0.00%,1.80
Weighted Average Life Tables,142,"Class B-1, B-1R, B-1S, B-1T, B-1U and B-1I",B-1S,,To Scheduled Maturity Date,no,10,3.00%,0.00%,1.90
Weighted Average Life Tables,142,"Class B-1, B-1R, B-1S, B-1T, B-1U and B-1I",B-1S,,To Scheduled Maturity Date,no,15,3.00%,0.00%,2.02
Weighted Average Life Tables,142,"Class B-1, B-1R, B-1S, B-1T, B-1U and B-1I",B-1S,,To Scheduled Maturity Date,no,25,3.00%,0.00%,2.41
Weighted Average Life Tables,142,"Class B-1, B-1R, B-1S, B-1T, B-1U and B-1I",B-1S,,To Scheduled Maturity Date,no,35,3.00%,0.00%,3.43
Weighted Average Life Tables,142,"Class B-1, B-1R, B-1S, B-1T, B-1U and B-1I",B-1S,,To Early Redemption Date,yes,0,3.00%,0.00%,1.72
Weighted Average Life Tables,142,"Class B-1, B-1R, B-1S, B-1T, B-1U and B-1I",B-1S,,To Early Redemption Date,yes,5,3.00%,0.00%,1.80
Weighted Average Life Tables,142,"Class B-1, B-1R, B-1S, B-1T, B-1U and B-1I",B-1S,,To Early Redemption Date,yes,10,3.00%,0.00%,1.90
Weighted Average Life Tables,142,"Class B-1, B-1R, B-1S, B-1T, B-1U and B-1I",B-1S,,To Early Redemption Date,yes,15,3.00%,0.00%,2.02
Weighted Average Life Tables,142,"Class B-1, B-1R, B-1S, B-1T, B-1U and B-1I",B-1S,,To Early Redemption Date,yes,25,3.00%,0.00%,2.41
Weighted Average Life Tables,142,"Class B-1, B-1R, B-1S, B-1T, B-1U and B-1I",B-1S,,To Early Redemption Date,yes,35,3.00%,0.00%,3.34
Weighted Average Life Tables,142,"Class B-1, B-1R, B-1S, B-1T, B-1U and B-1I",B-1T,,To Scheduled Maturity Date,no,0,3.00%,0.00%,1.72
Weighted Average Life Tables,142,"Class B-1, B-1R, B-1S, B-1T, B-1U and B-1I",B-1T,,To Scheduled Maturity Date,no,5,3.00%,0.00%,1.80
Weighted Average Life Tables,142,"Class B-1, B-1R, B-1S, B-1T, B-1U and B-1I",B-1T,,To Scheduled Maturity Date,no,10,3.00%,0.00%,1.90
Weighted Average Life Tables,142,"Class B-1, B-1R, B-1S, B-1T, B-1U and B-1I",B-1T,,To Scheduled Maturity Date,no,15,3.00%,0.00%,2.02
Weighted Average Life Tables,142,"Class B-1, B-1R, B-1S, B-1T, B-1U and B-1I",B-1T,,To Scheduled Maturity Date,no,25,3.00%,0.00%,2.41
Weighted Average Life Tables,142,"Class B-1, B-1R, B-1S, B-1T, B-1U and B-1I",B-1T,,To Scheduled Maturity Date,no,35,3.00%,0.00%,3.43
Weighted Average Life Tables,142,"Class B-1, B-1R, B-1S, B-1T, B-1U and B-1I",B-1T,,To Early Redemption Date,yes,0,3.00%,0.00%,1.72
Weighted Average Life Tables,142,"Class B-1, B-1R, B-1S, B-1T, B-1U and B-1I",B-1T,,To Early Redemption Date,yes,5,3.00%,0.00%,1.80
Weighted Average Life Tables,142,"Class B-1, B-1R, B-1S, B-1T, B-1U and B-1I",B-1T,,To Early Redemption Date,yes,10,3.00%,0.00%,1.90
Weighted Average Life Tables,142,"Class B-1, B-1R, B-1S, B-1T, B-1U and B-1I",B-1T,,To Early Redemption Date,yes,15,3.00%,0.00%,2.02
Weighted Average Life Tables,142,"Class B-1, B-1R, B-1S, B-1T, B-1U and B-1I",B-1T,,To Early Redemption Date,yes,25,3.00%,0.00%,2.41
Weighted Average Life Tables,142,"Class B-1, B-1R, B-1S, B-1T, B-1U and B-1I",B-1T,,To Early Redemption Date,yes,35,3.00%,0.00%,3.34
Weighted Average Life Tables,142,"Class B-1, B-1R, B-1S, B-1T, B-1U and B-1I",B-1U,,To Scheduled Maturity Date,no,0,3.00%,0.00%,1.72
Weighted Average Life Tables,142,"Class B-1, B-1R, B-1S, B-1T, B-1U and B-1I",B-1U,,To Scheduled Maturity Date,no,5,3.00%,0.00%,1.80
Weighted Average Life Tables,142,"Class B-1, B-1R, B-1S, B-1T, B-1U and B-1I",B-1U,,To Scheduled Maturity Date,no,10,3.00%,0.00%,1.90
Weighted Average Life Tables,142,"Class B-1, B-1R, B-1S, B-1T, B-1U and B-1I",B-1U,,To Scheduled Maturity Date,no,15,3.00%,0.00%,2.02
Weighted Average Life Tables,142,"Class B-1, B-1R, B-1S, B-1T, B-1U and B-1I",B-1U,,To Scheduled Maturity Date,no,25,3.00%,0.00%,2.41
Weighted Average Life Tables,142,"Class B-1, B-1R, B-1S, B-1T, B-1U and B-1I",B-1U,,To Scheduled Maturity Date,no,35,3.00%,0.00%,3.43
Weighted Average Life Tables,142,"Class B-1, B-1R, B-1S, B-1T, B-1U and B-1I",B-1U,,To Early Redemption Date,yes,0,3.00%,0.00%,1.72
Weighted Average Life Tables,142,"Class B-1, B-1R, B-1S, B-1T, B-1U and B-1I",B-1U,,To Early Redemption Date,yes,5,3.00%,0.00%,1.80
Weighted Average Life Tables,142,"Class B-1, B-1R, B-1S, B-1T, B-1U and B-1I",B-1U,,To Early Redemption Date,yes,10,3.00%,0.00%,1.90
Weighted Average Life Tables,142,"Class B-1, B-1R, B-1S, B-1T, B-1U and B-1I",B-1U,,To Early Redemption Date,yes,15,3.00%,0.00%,2.02
Weighted Average Life Tables,142,"Class B-1, B-1R, B-1S, B-1T, B-1U and B-1I",B-1U,,To Early Redemption Date,yes,25,3.00%,0.00%,2.41
Weighted Average Life Tables,142,"Class B-1, B-1R, B-1S, B-1T, B-1U and B-1I",B-1U,,To Early Redemption Date,yes,35,3.00%,0.00%,3.34
Weighted Average Life Tables,142,"Class B-1, B-1R, B-1S, B-1T, B-1U and B-1I",B-1I,,To Scheduled Maturity Date,no,0,3.00%,0.00%,1.72
Weighted Average Life Tables,142,"Class B-1, B-1R, B-1S, B-1T, B-1U and B-1I",B-1I,,To Scheduled Maturity Date,no,5,3.00%,0.00%,1.80
Weighted Average Life Tables,142,"Class B-1, B-1R, B-1S, B-1T, B-1U and B-1I",B-1I,,To Scheduled Maturity Date,no,10,3.00%,0.00%,1.90
Weighted Average Life Tables,142,"Class B-1, B-1R, B-1S, B-1T, B-1U and B-1I",B-1I,,To Scheduled Maturity Date,no,15,3.00%,0.00%,2.02
Weighted Average Life Tables,142,"Class B-1, B-1R, B-1S, B-1T, B-1U and B-1I",B-1I,,To Scheduled Maturity Date,no,25,3.00%,0.00%,2.41
Weighted Average Life Tables,142,"Class B-1, B-1R, B-1S, B-1T, B-1U and B-1I",B-1I,,To Scheduled Maturity Date,no,35,3.00%,0.00%,3.43
Weighted Average Life Tables,142,"Class B-1, B-1R, B-1S, B-1T, B-1U and B-1I",B-1I,,To Early Redemption Date,yes,0,3.00%,0.00%,1.72
Weighted Average Life Tables,142,"Class B-1, B-1R, B-1S, B-1T, B-1U and B-1I",B-1I,,To Early Redemption Date,yes,5,3.00%,0.00%,1.80
Weighted Average Life Tables,142,"Class B-1, B-1R, B-1S, B-1T, B-1U and B-1I",B-1I,,To Early Redemption Date,yes,10,3.00%,0.00%,1.90
Weighted Average Life Tables,142,"Class B-1, B-1R, B-1S, B-1T, B-1U and B-1I",B-1I,,To Early Redemption Date,yes,15,3.00%,0.00%,2.02
Weighted Average Life Tables,142,"Class B-1, B-1R, B-1S, B-1T, B-1U and B-1I",B-1I,,To Early Redemption Date,yes,25,3.00%,0.00%,2.41
Weighted Average Life Tables,142,"Class B-1, B-1R, B-1S, B-1T, B-1U and B-1I",B-1I,,To Early Redemption Date,yes,35,3.00%,0.00%,3.34
Weighted Average Life Tables,142,"Class B-1, B-1R, B-1S, B-1T, B-1U and B-1I",B-1,,To Scheduled Maturity Date,no,0,5.00%,0.00%,1.01
Weighted Average Life Tables,142,"Class B-1, B-1R, B-1S, B-1T, B-1U and B-1I",B-1,,To Scheduled Maturity Date,no,5,5.00%,0.00%,1.03
Weighted Average Life Tables,142,"Class B-1, B-1R, B-1S, B-1T, B-1U and B-1I",B-1,,To Scheduled Maturity Date,no,10,5.00%,0.00%,1.07
Weighted Average Life Tables,142,"Class B-1, B-1R, B-1S, B-1T, B-1U and B-1I",B-1,,To Scheduled Maturity Date,no,15,5.00%,0.00%,1.10
Weighted Average Life Tables,142,"Class B-1, B-1R, B-1S, B-1T, B-1U and B-1I",B-1,,To Scheduled Maturity Date,no,25,5.00%,0.00%,1.19
Weighted Average Life Tables,142,"Class B-1, B-1R, B-1S, B-1T, B-1U and B-1I",B-1,,To Scheduled Maturity Date,no,35,5.00%,0.00%,1.33
Weighted Average Life Tables,142,"Class B-1, B-1R, B-1S, B-1T, B-1U and B-1I",B-1,,To Early Redemption Date,yes,0,5.00%,0.00%,1.01
Weighted Average Life Tables,142,"Class B-1, B-1R, B-1S, B-1T, B-1U and B-1I",B-1,,To Early Redemption Date,yes,5,5.00%,0.00%,1.03
Weighted Average Life Tables,142,"Class B-1, B-1R, B-1S, B-1T, B-1U and B-1I",B-1,,To Early Redemption Date,yes,10,5.00%,0.00%,1.07
Weighted Average Life Tables,142,"Class B-1, B-1R, B-1S, B-1T, B-1U and B-1I",B-1,,To Early Redemption Date,yes,15,5.00%,0.00%,1.10
Weighted Average Life Tables,142,"Class B-1, B-1R, B-1S, B-1T, B-1U and B-1I",B-1,,To Early Redemption Date,yes,25,5.00%,0.00%,1.19
Weighted Average Life Tables,142,"Class B-1, B-1R, B-1S, B-1T, B-1U and B-1I",B-1,,To Early Redemption Date,yes,35,5.00%,0.00%,1.33
Weighted Average Life Tables,142,"Class B-1, B-1R, B-1S, B-1T, B-1U and B-1I",B-1R,,To Scheduled Maturity Date,no,0,5.00%,0.00%,1.01
Weighted Average Life Tables,142,"Class B-1, B-1R, B-1S, B-1T, B-1U and B-1I",B-1R,,To Scheduled Maturity Date,no,5,5.00%,0.00%,1.03
Weighted Average Life Tables,142,"Class B-1, B-1R, B-1S, B-1T, B-1U and B-1I",B-1R,,To Scheduled Maturity Date,no,10,5.00%,0.00%,1.07
Weighted Average Life Tables,142,"Class B-1, B-1R, B-1S, B-1T, B-1U and B-1I",B-1R,,To Scheduled Maturity Date,no,15,5.00%,0.00%,1.10
Weighted Average Life Tables,142,"Class B-1, B-1R, B-1S, B-1T, B-1U and B-1I",B-1R,,To Scheduled Maturity Date,no,25,5.00%,0.00%,1.19
Weighted Average Life Tables,142,"Class B-1, B-1R, B-1S, B-1T, B-1U and B-1I",B-1R,,To Scheduled Maturity Date,no,35,5.00%,0.00%,1.33
Weighted Average Life Tables,142,"Class B-1, B-1R, B-1S, B-1T, B-1U and B-1I",B-1R,,To Early Redemption Date,yes,0,5.00%,0.00%,1.01
Weighted Average Life Tables,142,"Class B-1, B-1R, B-1S, B-1T, B-1U and B-1I",B-1R,,To Early Redemption Date,yes,5,5.00%,0.00%,1.03
Weighted Average Life Tables,142,"Class B-1, B-1R, B-1S, B-1T, B-1U and B-1I",B-1R,,To Early Redemption Date,yes,10,5.00%,0.00%,1.07
Weighted Average Life Tables,142,"Class B-1, B-1R, B-1S, B-1T, B-1U and B-1I",B-1R,,To Early Redemption Date,yes,15,5.00%,0.00%,1.10
Weighted Average Life Tables,142,"Class B-1, B-1R, B-1S, B-1T, B-1U and B-1I",B-1R,,To Early Redemption Date,yes,25,5.00%,0.00%,1.19
Weighted Average Life Tables,142,"Class B-1, B-1R, B-1S, B-1T, B-1U and B-1I",B-1R,,To Early Redemption Date,yes,35,5.00%,0.00%,1.33
Weighted Average Life Tables,142,"Class B-1, B-1R, B-1S, B-1T, B-1U and B-1I",B-1S,,To Scheduled Maturity Date,no,0,5.00%,0.00%,1.01
Weighted Average Life Tables,142,"Class B-1, B-1R, B-1S, B-1T, B-1U and B-1I",B-1S,,To Scheduled Maturity Date,no,5,5.00%,0.00%,1.03
Weighted Average Life Tables,142,"Class B-1, B-1R, B-1S, B-1T, B-1U and B-1I",B-1S,,To Scheduled Maturity Date,no,10,5.00%,0.00%,1.07
Weighted Average Life Tables,142,"Class B-1, B-1R, B-1S, B-1T, B-1U and B-1I",B-1S,,To Scheduled Maturity Date,no,15,5.00%,0.00%,1.10
Weighted Average Life Tables,142,"Class B-1, B-1R, B-1S, B-1T, B-1U and B-1I",B-1S,,To Scheduled Maturity Date,no,25,5.00%,0.00%,1.19
Weighted Average Life Tables,142,"Class B-1, B-1R, B-1S, B-1T, B-1U and B-1I",B-1S,,To Scheduled Maturity Date,no,35,5.00%,0.00%,1.33
Weighted Average Life Tables,142,"Class B-1, B-1R, B-1S, B-1T, B-1U and B-1I",B-1S,,To Early Redemption Date,yes,0,5.00%,0.00%,1.01
Weighted Average Life Tables,142,"Class B-1, B-1R, B-1S, B-1T, B-1U and B-1I",B-1S,,To Early Redemption Date,yes,5,5.00%,0.00%,1.03
Weighted Average Life Tables,142,"Class B-1, B-1R, B-1S, B-1T, B-1U and B-1I",B-1S,,To Early Redemption Date,yes,10,5.00%,0.00%,1.07
Weighted Average Life Tables,142,"Class B-1, B-1R, B-1S, B-1T, B-1U and B-1I",B-1S,,To Early Redemption Date,yes,15,5.00%,0.00%,1.10
Weighted Average Life Tables,142,"Class B-1, B-1R, B-1S, B-1T, B-1U and B-1I",B-1S,,To Early Redemption Date,yes,25,5.00%,0.00%,1.19
Weighted Average Life Tables,142,"Class B-1, B-1R, B-1S, B-1T, B-1U and B-1I",B-1S,,To Early Redemption Date,yes,35,5.00%,0.00%,1.33
Weighted Average Life Tables,142,"Class B-1, B-1R, B-1S, B-1T, B-1U and B-1I",B-1T,,To Scheduled Maturity Date,no,0,5.00%,0.00%,1.01
Weighted Average Life Tables,142,"Class B-1, B-1R, B-1S, B-1T, B-1U and B-1I",B-1T,,To Scheduled Maturity Date,no,5,5.00%,0.00%,1.03
Weighted Average Life Tables,142,"Class B-1, B-1R, B-1S, B-1T, B-1U and B-1I",B-1T,,To Scheduled Maturity Date,no,10,5.00%,0.00%,1.07
Weighted Average Life Tables,142,"Class B-1, B-1R, B-1S, B-1T, B-1U and B-1I",B-1T,,To Scheduled Maturity Date,no,15,5.00%,0.00%,1.10
Weighted Average Life Tables,142,"Class B-1, B-1R, B-1S, B-1T, B-1U and B-1I",B-1T,,To Scheduled Maturity Date,no,25,5.00%,0.00%,1.19
Weighted Average Life Tables,142,"Class B-1, B-1R, B-1S, B-1T, B-1U and B-1I",B-1T,,To Scheduled Maturity Date,no,35,5.00%,0.00%,1.33
Weighted Average Life Tables,142,"Class B-1, B-1R, B-1S, B-1T, B-1U and B-1I",B-1T,,To Early Redemption Date,yes,0,5.00%,0.00%,1.01
Weighted Average Life Tables,142,"Class B-1, B-1R, B-1S, B-1T, B-1U and B-1I",B-1T,,To Early Redemption Date,yes,5,5.00%,0.00%,1.03
Weighted Average Life Tables,142,"Class B-1, B-1R, B-1S, B-1T, B-1U and B-1I",B-1T,,To Early Redemption Date,yes,10,5.00%,0.00%,1.07
Weighted Average Life Tables,142,"Class B-1, B-1R, B-1S, B-1T, B-1U and B-1I",B-1T,,To Early Redemption Date,yes,15,5.00%,0.00%,1.10
Weighted Average Life Tables,142,"Class B-1, B-1R, B-1S, B-1T, B-1U and B-1I",B-1T,,To Early Redemption Date,yes,25,5.00%,0.00%,1.19
Weighted Average Life Tables,142,"Class B-1, B-1R, B-1S, B-1T, B-1U and B-1I",B-1T,,To Early Redemption Date,yes,35,5.00%,0.00%,1.33
Weighted Average Life Tables,142,"Class B-1, B-1R, B-1S, B-1T, B-1U and B-1I",B-1U,,To Scheduled Maturity Date,no,0,5.00%,0.00%,1.01
Weighted Average Life Tables,142,"Class B-1, B-1R, B-1S, B-1T, B-1U and B-1I",B-1U,,To Scheduled Maturity Date,no,5,5.00%,0.00%,1.03
Weighted Average Life Tables,142,"Class B-1, B-1R, B-1S, B-1T, B-1U and B-1I",B-1U,,To Scheduled Maturity Date,no,10,5.00%,0.00%,1.07
Weighted Average Life Tables,142,"Class B-1, B-1R, B-1S, B-1T, B-1U and B-1I",B-1U,,To Scheduled Maturity Date,no,15,5.00%,0.00%,1.10
Weighted Average Life Tables,142,"Class B-1, B-1R, B-1S, B-1T, B-1U and B-1I",B-1U,,To Scheduled Maturity Date,no,25,5.00%,0.00%,1.19
Weighted Average Life Tables,142,"Class B-1, B-1R, B-1S, B-1T, B-1U and B-1I",B-1U,,To Scheduled Maturity Date,no,35,5.00%,0.00%,1.33
Weighted Average Life Tables,142,"Class B-1, B-1R, B-1S, B-1T, B-1U and B-1I",B-1U,,To Early Redemption Date,yes,0,5.00%,0.00%,1.01
Weighted Average Life Tables,142,"Class B-1, B-1R, B-1S, B-1T, B-1U and B-1I",B-1U,,To Early Redemption Date,yes,5,5.00%,0.00%,1.03
Weighted Average Life Tables,142,"Class B-1, B-1R, B-1S, B-1T, B-1U and B-1I",B-1U,,To Early Redemption Date,yes,10,5.00%,0.00%,1.07
Weighted Average Life Tables,142,"Class B-1, B-1R, B-1S, B-1T, B-1U and B-1I",B-1U,,To Early Redemption Date,yes,15,5.00%,0.00%,1.10
Weighted Average Life Tables,142,"Class B-1, B-1R, B-1S, B-1T, B-1U and B-1I",B-1U,,To Early Redemption Date,yes,25,5.00%,0.00%,1.19
Weighted Average Life Tables,142,"Class B-1, B-1R, B-1S, B-1T, B-1U and B-1I",B-1U,,To Early Redemption Date,yes,35,5.00%,0.00%,1.33
Weighted Average Life Tables,142,"Class B-1, B-1R, B-1S, B-1T, B-1U and B-1I",B-1I,,To Scheduled Maturity Date,no,0,5.00%,0.00%,1.01
Weighted Average Life Tables,142,"Class B-1, B-1R, B-1S, B-1T, B-1U and B-1I",B-1I,,To Scheduled Maturity Date,no,5,5.00%,0.00%,1.03
Weighted Average Life Tables,142,"Class B-1, B-1R, B-1S, B-1T, B-1U and B-1I",B-1I,,To Scheduled Maturity Date,no,10,5.00%,0.00%,1.07
Weighted Average Life Tables,142,"Class B-1, B-1R, B-1S, B-1T, B-1U and B-1I",B-1I,,To Scheduled Maturity Date,no,15,5.00%,0.00%,1.10
Weighted Average Life Tables,142,"Class B-1, B-1R, B-1S, B-1T, B-1U and B-1I",B-1I,,To Scheduled Maturity Date,no,25,5.00%,0.00%,1.19
Weighted Average Life Tables,142,"Class B-1, B-1R, B-1S, B-1T, B-1U and B-1I",B-1I,,To Scheduled Maturity Date,no,35,5.00%,0.00%,1.33
Weighted Average Life Tables,142,"Class B-1, B-1R, B-1S, B-1T, B-1U and B-1I",B-1I,,To Early Redemption Date,yes,0,5.00%,0.00%,1.01
Weighted Average Life Tables,142,"Class B-1, B-1R, B-1S, B-1T, B-1U and B-1I",B-1I,,To Early Redemption Date,yes,5,5.00%,0.00%,1.03
Weighted Average Life Tables,142,"Class B-1, B-1R, B-1S, B-1T, B-1U and B-1I",B-1I,,To Early Redemption Date,yes,10,5.00%,0.00%,1.07
Weighted Average Life Tables,142,"Class B-1, B-1R, B-1S, B-1T, B-1U and B-1I",B-1I,,To Early Redemption Date,yes,15,5.00%,0.00%,1.10
Weighted Average Life Tables,142,"Class B-1, B-1R, B-1S, B-1T, B-1U and B-1I",B-1I,,To Early Redemption Date,yes,25,5.00%,0.00%,1.19
Weighted Average Life Tables,142,"Class B-1, B-1R, B-1S, B-1T, B-1U and B-1I",B-1I,,To Early Redemption Date,yes,35,5.00%,0.00%,1.33
Weighted Average Life Tables,142,"Class B-1, B-1R, B-1S, B-1T, B-1U and B-1I",B-1,,To Scheduled Maturity Date,no,0,0.00%,0.01%,20.02
Weighted Average Life Tables,142,"Class B-1, B-1R, B-1S, B-1T, B-1U and B-1I",B-1,,To Scheduled Maturity Date,no,5,0.00%,0.01%,13.10
Weighted Average Life Tables,142,"Class B-1, B-1R, B-1S, B-1T, B-1U and B-1I",B-1,,To Scheduled Maturity Date,no,10,0.00%,0.01%,7.53
Weighted Average Life Tables,142,"Class B-1, B-1R, B-1S, B-1T, B-1U and B-1I",B-1,,To Scheduled Maturity Date,no,15,0.00%,0.01%,5.09
Weighted Average Life Tables,142,"Class B-1, B-1R, B-1S, B-1T, B-1U and B-1I",B-1,,To Scheduled Maturity Date,no,25,0.00%,0.01%,2.96
Weighted Average Life Tables,142,"Class B-1, B-1R, B-1S, B-1T, B-1U and B-1I",B-1,,To Scheduled Maturity Date,no,35,0.00%,0.01%,2.02
Weighted Average Life Tables,142,"Class B-1, B-1R, B-1S, B-1T, B-1U and B-1I",B-1,,To Early Redemption Date,yes,0,0.00%,0.01%,5.02
Weighted Average Life Tables,142,"Class B-1, B-1R, B-1S, B-1T, B-1U and B-1I",B-1,,To Early Redemption Date,yes,5,0.00%,0.01%,5.02
Weighted Average Life Tables,142,"Class B-1, B-1R, B-1S, B-1T, B-1U and B-1I",B-1,,To Early Redemption Date,yes,10,0.00%,0.01%,5.02
Weighted Average Life Tables,142,"Class B-1, B-1R, B-1S, B-1T, B-1U and B-1I",B-1,,To Early Redemption Date,yes,15,0.00%,0.01%,4.74
Weighted Average Life Tables,142,"Class B-1, B-1R, B-1S, B-1T, B-1U and B-1I",B-1,,To Early Redemption Date,yes,25,0.00%,0.01%,2.96
Weighted Average Life Tables,142,"Class B-1, B-1R, B-1S, B-1T, B-1U and B-1I",B-1,,To Early Redemption Date,yes,35,0.00%,0.01%,2.02
Weighted Average Life Tables,142,"Class B-1, B-1R, B-1S, B-1T, B-1U and B-1I",B-1R,,To Scheduled Maturity Date,no,0,0.00%,0.01%,20.02
Weighted Average Life Tables,142,"Class B-1, B-1R, B-1S, B-1T, B-1U and B-1I",B-1R,,To Scheduled Maturity Date,no,5,0.00%,0.01%,13.10
Weighted Average Life Tables,142,"Class B-1, B-1R, B-1S, B-1T, B-1U and B-1I",B-1R,,To Scheduled Maturity Date,no,10,0.00%,0.01%,7.53
Weighted Average Life Tables,142,"Class B-1, B-1R, B-1S, B-1T, B-1U and B-1I",B-1R,,To Scheduled Maturity Date,no,15,0.00%,0.01%,5.09
Weighted Average Life Tables,142,"Class B-1, B-1R, B-1S, B-1T, B-1U and B-1I",B-1R,,To Scheduled Maturity Date,no,25,0.00%,0.01%,2.96
Weighted Average Life Tables,142,"Class B-1, B-1R, B-1S, B-1T, B-1U and B-1I",B-1R,,To Scheduled Maturity Date,no,35,0.00%,0.01%,2.02
Weighted Average Life Tables,142,"Class B-1, B-1R, B-1S, B-1T, B-1U and B-1I",B-1R,,To Early Redemption Date,yes,0,0.00%,0.01%,5.02
Weighted Average Life Tables,142,"Class B-1, B-1R, B-1S, B-1T, B-1U and B-1I",B-1R,,To Early Redemption Date,yes,5,0.00%,0.01%,5.02
Weighted Average Life Tables,142,"Class B-1, B-1R, B-1S, B-1T, B-1U and B-1I",B-1R,,To Early Redemption Date,yes,10,0.00%,0.01%,5.02
Weighted Average Life Tables,142,"Class B-1, B-1R, B-1S, B-1T, B-1U and B-1I",B-1R,,To Early Redemption Date,yes,15,0.00%,0.01%,4.74
Weighted Average Life Tables,142,"Class B-1, B-1R, B-1S, B-1T, B-1U and B-1I",B-1R,,To Early Redemption Date,yes,25,0.00%,0.01%,2.96
Weighted Average Life Tables,142,"Class B-1, B-1R, B-1S, B-1T, B-1U and B-1I",B-1R,,To Early Redemption Date,yes,35,0.00%,0.01%,2.02
Weighted Average Life Tables,142,"Class B-1, B-1R, B-1S, B-1T, B-1U and B-1I",B-1S,,To Scheduled Maturity Date,no,0,0.00%,0.01%,20.02
Weighted Average Life Tables,142,"Class B-1, B-1R, B-1S, B-1T, B-1U and B-1I",B-1S,,To Scheduled Maturity Date,no,5,0.00%,0.01%,13.10
Weighted Average Life Tables,142,"Class B-1, B-1R, B-1S, B-1T, B-1U and B-1I",B-1S,,To Scheduled Maturity Date,no,10,0.00%,0.01%,7.53
Weighted Average Life Tables,142,"Class B-1, B-1R, B-1S, B-1T, B-1U and B-1I",B-1S,,To Scheduled Maturity Date,no,15,0.00%,0.01%,5.09
Weighted Average Life Tables,142,"Class B-1, B-1R, B-1S, B-1T, B-1U and B-1I",B-1S,,To Scheduled Maturity Date,no,25,0.00%,0.01%,2.96
Weighted Average Life Tables,142,"Class B-1, B-1R, B-1S, B-1T, B-1U and B-1I",B-1S,,To Scheduled Maturity Date,no,35,0.00%,0.01%,2.02
Weighted Average Life Tables,142,"Class B-1, B-1R, B-1S, B-1T, B-1U and B-1I",B-1S,,To Early Redemption Date,yes,0,0.00%,0.01%,5.02
Weighted Average Life Tables,142,"Class B-1, B-1R, B-1S, B-1T, B-1U and B-1I",B-1S,,To Early Redemption Date,yes,5,0.00%,0.01%,5.02
Weighted Average Life Tables,142,"Class B-1, B-1R, B-1S, B-1T, B-1U and B-1I",B-1S,,To Early Redemption Date,yes,10,0.00%,0.01%,5.02
Weighted Average Life Tables,142,"Class B-1, B-1R, B-1S, B-1T, B-1U and B-1I",B-1S,,To Early Redemption Date,yes,15,0.00%,0.01%,4.74
Weighted Average Life Tables,142,"Class B-1, B-1R, B-1S, B-1T, B-1U and B-1I",B-1S,,To Early Redemption Date,yes,25,0.00%,0.01%,2.96
Weighted Average Life Tables,142,"Class B-1, B-1R, B-1S, B-1T, B-1U and B-1I",B-1S,,To Early Redemption Date,yes,35,0.00%,0.01%,2.02
Weighted Average Life Tables,142,"Class B-1, B-1R, B-1S, B-1T, B-1U and B-1I",B-1T,,To Scheduled Maturity Date,no,0,0.00%,0.01%,20.02
Weighted Average Life Tables,142,"Class B-1, B-1R, B-1S, B-1T, B-1U and B-1I",B-1T,,To Scheduled Maturity Date,no,5,0.00%,0.01%,13.10
Weighted Average Life Tables,142,"Class B-1, B-1R, B-1S, B-1T, B-1U and B-1I",B-1T,,To Scheduled Maturity Date,no,10,0.00%,0.01%,7.53
Weighted Average Life Tables,142,"Class B-1, B-1R, B-1S, B-1T, B-1U and B-1I",B-1T,,To Scheduled Maturity Date,no,15,0.00%,0.01%,5.09
Weighted Average Life Tables,142,"Class B-1, B-1R, B-1S, B-1T, B-1U and B-1I",B-1T,,To Scheduled Maturity Date,no,25,0.00%,0.01%,2.96
Weighted Average Life Tables,142,"Class B-1, B-1R, B-1S, B-1T, B-1U and B-1I",B-1T,,To Scheduled Maturity Date,no,35,0.00%,0.01%,2.02
Weighted Average Life Tables,142,"Class B-1, B-1R, B-1S, B-1T, B-1U and B-1I",B-1T,,To Early Redemption Date,yes,0,0.00%,0.01%,5.02
Weighted Average Life Tables,142,"Class B-1, B-1R, B-1S, B-1T, B-1U and B-1I",B-1T,,To Early Redemption Date,yes,5,0.00%,0.01%,5.02
Weighted Average Life Tables,142,"Class B-1, B-1R, B-1S, B-1T, B-1U and B-1I",B-1T,,To Early Redemption Date,yes,10,0.00%,0.01%,5.02
Weighted Average Life Tables,142,"Class B-1, B-1R, B-1S, B-1T, B-1U and B-1I",B-1T,,To Early Redemption Date,yes,15,0.00%,0.01%,4.74
Weighted Average Life Tables,142,"Class B-1, B-1R, B-1S, B-1T, B-1U and B-1I",B-1T,,To Early Redemption Date,yes,25,0.00%,0.01%,2.96
Weighted Average Life Tables,142,"Class B-1, B-1R, B-1S, B-1T, B-1U and B-1I",B-1T,,To Early Redemption Date,yes,35,0.00%,0.01%,2.02
Weighted Average Life Tables,142,"Class B-1, B-1R, B-1S, B-1T, B-1U and B-1I",B-1U,,To Scheduled Maturity Date,no,0,0.00%,0.01%,20.02
Weighted Average Life Tables,142,"Class B-1, B-1R, B-1S, B-1T, B-1U and B-1I",B-1U,,To Scheduled Maturity Date,no,5,0.00%,0.01%,13.10
Weighted Average Life Tables,142,"Class B-1, B-1R, B-1S, B-1T, B-1U and B-1I",B-1U,,To Scheduled Maturity Date,no,10,0.00%,0.01%,7.53
Weighted Average Life Tables,142,"Class B-1, B-1R, B-1S, B-1T, B-1U and B-1I",B-1U,,To Scheduled Maturity Date,no,15,0.00%,0.01%,5.09
Weighted Average Life Tables,142,"Class B-1, B-1R, B-1S, B-1T, B-1U and B-1I",B-1U,,To Scheduled Maturity Date,no,25,0.00%,0.01%,2.96
Weighted Average Life Tables,142,"Class B-1, B-1R, B-1S, B-1T, B-1U and B-1I",B-1U,,To Scheduled Maturity Date,no,35,0.00%,0.01%,2.02
Weighted Average Life Tables,142,"Class B-1, B-1R, B-1S, B-1T, B-1U and B-1I",B-1U,,To Early Redemption Date,yes,0,0.00%,0.01%,5.02
Weighted Average Life Tables,142,"Class B-1, B-1R, B-1S, B-1T, B-1U and B-1I",B-1U,,To Early Redemption Date,yes,5,0.00%,0.01%,5.02
Weighted Average Life Tables,142,"Class B-1, B-1R, B-1S, B-1T, B-1U and B-1I",B-1U,,To Early Redemption Date,yes,10,0.00%,0.01%,5.02
Weighted Average Life Tables,142,"Class B-1, B-1R, B-1S, B-1T, B-1U and B-1I",B-1U,,To Early Redemption Date,yes,15,0.00%,0.01%,4.74
Weighted Average Life Tables,142,"Class B-1, B-1R, B-1S, B-1T, B-1U and B-1I",B-1U,,To Early Redemption Date,yes,25,0.00%,0.01%,2.96
Weighted Average Life Tables,142,"Class B-1, B-1R, B-1S, B-1T, B-1U and B-1I",B-1U,,To Early Redemption Date,yes,35,0.00%,0.01%,2.02
Weighted Average Life Tables,142,"Class B-1, B-1R, B-1S, B-1T, B-1U and B-1I",B-1I,,To Scheduled Maturity Date,no,0,0.00%,0.01%,20.02
Weighted Average Life Tables,142,"Class B-1, B-1R, B-1S, B-1T, B-1U and B-1I",B-1I,,To Scheduled Maturity Date,no,5,0.00%,0.01%,13.10
Weighted Average Life Tables,142,"Class B-1, B-1R, B-1S, B-1T, B-1U and B-1I",B-1I,,To Scheduled Maturity Date,no,10,0.00%,0.01%,7.53
Weighted Average Life Tables,142,"Class B-1, B-1R, B-1S, B-1T, B-1U and B-1I",B-1I,,To Scheduled Maturity Date,no,15,0.00%,0.01%,5.09
Weighted Average Life Tables,142,"Class B-1, B-1R, B-1S, B-1T, B-1U and B-1I",B-1I,,To Scheduled Maturity Date,no,25,0.00%,0.01%,2.96
Weighted Average Life Tables,142,"Class B-1, B-1R, B-1S, B-1T, B-1U and B-1I",B-1I,,To Scheduled Maturity Date,no,35,0.00%,0.01%,2.02
Weighted Average Life Tables,142,"Class B-1, B-1R, B-1S, B-1T, B-1U and B-1I",B-1I,,To Early Redemption Date,yes,0,0.00%,0.01%,5.02
Weighted Average Life Tables,142,"Class B-1, B-1R, B-1S, B-1T, B-1U and B-1I",B-1I,,To Early Redemption Date,yes,5,0.00%,0.01%,5.02
Weighted Average Life Tables,142,"Class B-1, B-1R, B-1S, B-1T, B-1U and B-1I",B-1I,,To Early Redemption Date,yes,10,0.00%,0.01%,5.02
Weighted Average Life Tables,142,"Class B-1, B-1R, B-1S, B-1T, B-1U and B-1I",B-1I,,To Early Redemption Date,yes,15,0.00%,0.01%,4.74
Weighted Average Life Tables,142,"Class B-1, B-1R, B-1S, B-1T, B-1U and B-1I",B-1I,,To Early Redemption Date,yes,25,0.00%,0.01%,2.96
Weighted Average Life Tables,142,"Class B-1, B-1R, B-1S, B-1T, B-1U and B-1I",B-1I,,To Early Redemption Date,yes,35,0.00%,0.01%,2.02
Weighted Average Life Tables,142,"Class B-1, B-1R, B-1S, B-1T, B-1U and B-1I",B-1,,To Scheduled Maturity Date,no,0,0.50%,0.03%,10.50
Weighted Average Life Tables,142,"Class B-1, B-1R, B-1S, B-1T, B-1U and B-1I",B-1,,To Scheduled Maturity Date,no,5,0.50%,0.03%,16.43
Weighted Average Life Tables,142,"Class B-1, B-1R, B-1S, B-1T, B-1U and B-1I",B-1,,To Scheduled Maturity Date,no,10,0.50%,0.03%,15.90
Weighted Average Life Tables,142,"Class B-1, B-1R, B-1S, B-1T, B-1U and B-1I",B-1,,To Scheduled Maturity Date,no,15,0.50%,0.03%,8.75
Weighted Average Life Tables,142,"Class B-1, B-1R, B-1S, B-1T, B-1U and B-1I",B-1,,To Scheduled Maturity Date,no,25,0.50%,0.03%,4.52
Weighted Average Life Tables,142,"Class B-1, B-1R, B-1S, B-1T, B-1U and B-1I",B-1,,To Scheduled Maturity Date,no,35,0.50%,0.03%,2.89
Weighted Average Life Tables,142,"Class B-1, B-1R, B-1S, B-1T, B-1U and B-1I",B-1,,To Early Redemption Date,yes,0,0.50%,0.03%,5.02
Weighted Average Life Tables,142,"Class B-1, B-1R, B-1S, B-1T, B-1U and B-1I",B-1,,To Early Redemption Date,yes,5,0.50%,0.03%,5.02
Weighted Average Life Tables,142,"Class B-1, B-1R, B-1S, B-1T, B-1U and B-1I",B-1,,To Early Redemption Date,yes,10,0.50%,0.03%,5.02
Weighted Average Life Tables,142,"Class B-1, B-1R, B-1S, B-1T, B-1U and B-1I",B-1,,To Early Redemption Date,yes,15,0.50%,0.03%,5.02
Weighted Average Life Tables,142,"Class B-1, B-1R, B-1S, B-1T, B-1U and B-1I",B-1,,To Early Redemption Date,yes,25,0.50%,0.03%,4.45
Weighted Average Life Tables,142,"Class B-1, B-1R, B-1S, B-1T, B-1U and B-1I",B-1,,To Early Redemption Date,yes,35,0.50%,0.03%,2.89
Weighted Average Life Tables,142,"Class B-1, B-1R, B-1S, B-1T, B-1U and B-1I",B-1R,,To Scheduled Maturity Date,no,0,0.50%,0.03%,10.50
Weighted Average Life Tables,142,"Class B-1, B-1R, B-1S, B-1T, B-1U and B-1I",B-1R,,To Scheduled Maturity Date,no,5,0.50%,0.03%,16.43
Weighted Average Life Tables,142,"Class B-1, B-1R, B-1S, B-1T, B-1U and B-1I",B-1R,,To Scheduled Maturity Date,no,10,0.50%,0.03%,15.90
Weighted Average Life Tables,142,"Class B-1, B-1R, B-1S, B-1T, B-1U and B-1I",B-1R,,To Scheduled Maturity Date,no,15,0.50%,0.03%,8.75
Weighted Average Life Tables,142,"Class B-1, B-1R, B-1S, B-1T, B-1U and B-1I",B-1R,,To Scheduled Maturity Date,no,25,0.50%,0.03%,4.52
Weighted Average Life Tables,142,"Class B-1, B-1R, B-1S, B-1T, B-1U and B-1I",B-1R,,To Scheduled Maturity Date,no,35,0.50%,0.03%,2.89
Weighted Average Life Tables,142,"Class B-1, B-1R, B-1S, B-1T, B-1U and B-1I",B-1R,,To Early Redemption Date,yes,0,0.50%,0.03%,5.02
Weighted Average Life Tables,142,"Class B-1, B-1R, B-1S, B-1T, B-1U and B-1I",B-1R,,To Early Redemption Date,yes,5,0.50%,0.03%,5.02
Weighted Average Life Tables,142,"Class B-1, B-1R, B-1S, B-1T, B-1U and B-1I",B-1R,,To Early Redemption Date,yes,10,0.50%,0.03%,5.02
Weighted Average Life Tables,142,"Class B-1, B-1R, B-1S, B-1T, B-1U and B-1I",B-1R,,To Early Redemption Date,yes,15,0.50%,0.03%,5.02
Weighted Average Life Tables,142,"Class B-1, B-1R, B-1S, B-1T, B-1U and B-1I",B-1R,,To Early Redemption Date,yes,25,0.50%,0.03%,4.45
Weighted Average Life Tables,142,"Class B-1, B-1R, B-1S, B-1T, B-1U and B-1I",B-1R,,To Early Redemption Date,yes,35,0.50%,0.03%,2.89
Weighted Average Life Tables,142,"Class B-1, B-1R, B-1S, B-1T, B-1U and B-1I",B-1S,,To Scheduled Maturity Date,no,0,0.50%,0.03%,10.50
Weighted Average Life Tables,142,"Class B-1, B-1R, B-1S, B-1T, B-1U and B-1I",B-1S,,To Scheduled Maturity Date,no,5,0.50%,0.03%,16.43
Weighted Average Life Tables,142,"Class B-1, B-1R, B-1S, B-1T, B-1U and B-1I",B-1S,,To Scheduled Maturity Date,no,10,0.50%,0.03%,15.90
Weighted Average Life Tables,142,"Class B-1, B-1R, B-1S, B-1T, B-1U and B-1I",B-1S,,To Scheduled Maturity Date,no,15,0.50%,0.03%,8.75
Weighted Average Life Tables,142,"Class B-1, B-1R, B-1S, B-1T, B-1U and B-1I",B-1S,,To Scheduled Maturity Date,no,25,0.50%,0.03%,4.52
Weighted Average Life Tables,142,"Class B-1, B-1R, B-1S, B-1T, B-1U and B-1I",B-1S,,To Scheduled Maturity Date,no,35,0.50%,0.03%,2.89
Weighted Average Life Tables,142,"Class B-1, B-1R, B-1S, B-1T, B-1U and B-1I",B-1S,,To Early Redemption Date,yes,0,0.50%,0.03%,5.02
Weighted Average Life Tables,142,"Class B-1, B-1R, B-1S, B-1T, B-1U and B-1I",B-1S,,To Early Redemption Date,yes,5,0.50%,0.03%,5.02
Weighted Average Life Tables,142,"Class B-1, B-1R, B-1S, B-1T, B-1U and B-1I",B-1S,,To Early Redemption Date,yes,10,0.50%,0.03%,5.02
Weighted Average Life Tables,142,"Class B-1, B-1R, B-1S, B-1T, B-1U and B-1I",B-1S,,To Early Redemption Date,yes,15,0.50%,0.03%,5.02
Weighted Average Life Tables,142,"Class B-1, B-1R, B-1S, B-1T, B-1U and B-1I",B-1S,,To Early Redemption Date,yes,25,0.50%,0.03%,4.45
Weighted Average Life Tables,142,"Class B-1, B-1R, B-1S, B-1T, B-1U and B-1I",B-1S,,To Early Redemption Date,yes,35,0.50%,0.03%,2.89
Weighted Average Life Tables,142,"Class B-1, B-1R, B-1S, B-1T, B-1U and B-1I",B-1T,,To Scheduled Maturity Date,no,0,0.50%,0.03%,10.50
Weighted Average Life Tables,142,"Class B-1, B-1R, B-1S, B-1T, B-1U and B-1I",B-1T,,To Scheduled Maturity Date,no,5,0.50%,0.03%,16.43
Weighted Average Life Tables,142,"Class B-1, B-1R, B-1S, B-1T, B-1U and B-1I",B-1T,,To Scheduled Maturity Date,no,10,0.50%,0.03%,15.90
Weighted Average Life Tables,142,"Class B-1, B-1R, B-1S, B-1T, B-1U and B-1I",B-1T,,To Scheduled Maturity Date,no,15,0.50%,0.03%,8.75
Weighted Average Life Tables,142,"Class B-1, B-1R, B-1S, B-1T, B-1U and B-1I",B-1T,,To Scheduled Maturity Date,no,25,0.50%,0.03%,4.52
Weighted Average Life Tables,142,"Class B-1, B-1R, B-1S, B-1T, B-1U and B-1I",B-1T,,To Scheduled Maturity Date,no,35,0.50%,0.03%,2.89
Weighted Average Life Tables,142,"Class B-1, B-1R, B-1S, B-1T, B-1U and B-1I",B-1T,,To Early Redemption Date,yes,0,0.50%,0.03%,5.02
Weighted Average Life Tables,142,"Class B-1, B-1R, B-1S, B-1T, B-1U and B-1I",B-1T,,To Early Redemption Date,yes,5,0.50%,0.03%,5.02
Weighted Average Life Tables,142,"Class B-1, B-1R, B-1S, B-1T, B-1U and B-1I",B-1T,,To Early Redemption Date,yes,10,0.50%,0.03%,5.02
Weighted Average Life Tables,142,"Class B-1, B-1R, B-1S, B-1T, B-1U and B-1I",B-1T,,To Early Redemption Date,yes,15,0.50%,0.03%,5.02
Weighted Average Life Tables,142,"Class B-1, B-1R, B-1S, B-1T, B-1U and B-1I",B-1T,,To Early Redemption Date,yes,25,0.50%,0.03%,4.45
Weighted Average Life Tables,142,"Class B-1, B-1R, B-1S, B-1T, B-1U and B-1I",B-1T,,To Early Redemption Date,yes,35,0.50%,0.03%,2.89
Weighted Average Life Tables,142,"Class B-1, B-1R, B-1S, B-1T, B-1U and B-1I",B-1U,,To Scheduled Maturity Date,no,0,0.50%,0.03%,10.50
Weighted Average Life Tables,142,"Class B-1, B-1R, B-1S, B-1T, B-1U and B-1I",B-1U,,To Scheduled Maturity Date,no,5,0.50%,0.03%,16.43
Weighted Average Life Tables,142,"Class B-1, B-1R, B-1S, B-1T, B-1U and B-1I",B-1U,,To Scheduled Maturity Date,no,10,0.50%,0.03%,15.90
Weighted Average Life Tables,142,"Class B-1, B-1R, B-1S, B-1T, B-1U and B-1I",B-1U,,To Scheduled Maturity Date,no,15,0.50%,0.03%,8.75
Weighted Average Life Tables,142,"Class B-1, B-1R, B-1S, B-1T, B-1U and B-1I",B-1U,,To Scheduled Maturity Date,no,25,0.50%,0.03%,4.52
Weighted Average Life Tables,142,"Class B-1, B-1R, B-1S, B-1T, B-1U and B-1I",B-1U,,To Scheduled Maturity Date,no,35,0.50%,0.03%,2.89
Weighted Average Life Tables,142,"Class B-1, B-1R, B-1S, B-1T, B-1U and B-1I",B-1U,,To Early Redemption Date,yes,0,0.50%,0.03%,5.02
Weighted Average Life Tables,142,"Class B-1, B-1R, B-1S, B-1T, B-1U and B-1I",B-1U,,To Early Redemption Date,yes,5,0.50%,0.03%,5.02
Weighted Average Life Tables,142,"Class B-1, B-1R, B-1S, B-1T, B-1U and B-1I",B-1U,,To Early Redemption Date,yes,10,0.50%,0.03%,5.02
Weighted Average Life Tables,142,"Class B-1, B-1R, B-1S, B-1T, B-1U and B-1I",B-1U,,To Early Redemption Date,yes,15,0.50%,0.03%,5.02
Weighted Average Life Tables,142,"Class B-1, B-1R, B-1S, B-1T, B-1U and B-1I",B-1U,,To Early Redemption Date,yes,25,0.50%,0.03%,4.45
Weighted Average Life Tables,142,"Class B-1, B-1R, B-1S, B-1T, B-1U and B-1I",B-1U,,To Early Redemption Date,yes,35,0.50%,0.03%,2.89
Weighted Average Life Tables,142,"Class B-1, B-1R, B-1S, B-1T, B-1U and B-1I",B-1I,,To Scheduled Maturity Date,no,0,0.50%,0.03%,10.50
Weighted Average Life Tables,142,"Class B-1, B-1R, B-1S, B-1T, B-1U and B-1I",B-1I,,To Scheduled Maturity Date,no,5,0.50%,0.03%,16.43
Weighted Average Life Tables,142,"Class B-1, B-1R, B-1S, B-1T, B-1U and B-1I",B-1I,,To Scheduled Maturity Date,no,10,0.50%,0.03%,15.90
Weighted Average Life Tables,142,"Class B-1, B-1R, B-1S, B-1T, B-1U and B-1I",B-1I,,To Scheduled Maturity Date,no,15,0.50%,0.03%,8.75
Weighted Average Life Tables,142,"Class B-1, B-1R, B-1S, B-1T, B-1U and B-1I",B-1I,,To Scheduled Maturity Date,no,25,0.50%,0.03%,4.52
Weighted Average Life Tables,142,"Class B-1, B-1R, B-1S, B-1T, B-1U and B-1I",B-1I,,To Scheduled Maturity Date,no,35,0.50%,0.03%,2.89
Weighted Average Life Tables,142,"Class B-1, B-1R, B-1S, B-1T, B-1U and B-1I",B-1I,,To Early Redemption Date,yes,0,0.50%,0.03%,5.02
Weighted Average Life Tables,142,"Class B-1, B-1R, B-1S, B-1T, B-1U and B-1I",B-1I,,To Early Redemption Date,yes,5,0.50%,0.03%,5.02
Weighted Average Life Tables,142,"Class B-1, B-1R, B-1S, B-1T, B-1U and B-1I",B-1I,,To Early Redemption Date,yes,10,0.50%,0.03%,5.02
Weighted Average Life Tables,142,"Class B-1, B-1R, B-1S, B-1T, B-1U and B-1I",B-1I,,To Early Redemption Date,yes,15,0.50%,0.03%,5.02
Weighted Average Life Tables,142,"Class B-1, B-1R, B-1S, B-1T, B-1U and B-1I",B-1I,,To Early Redemption Date,yes,25,0.50%,0.03%,4.45
Weighted Average Life Tables,142,"Class B-1, B-1R, B-1S, B-1T, B-1U and B-1I",B-1I,,To Early Redemption Date,yes,35,0.50%,0.03%,2.89
Weighted Average Life Tables,142,"Class B-1, B-1R, B-1S, B-1T, B-1U and B-1I",B-1,,To Scheduled Maturity Date,no,0,1.00%,0.10%,4.12
Weighted Average Life Tables,142,"Class B-1, B-1R, B-1S, B-1T, B-1U and B-1I",B-1,,To Scheduled Maturity Date,no,5,1.00%,0.10%,4.72
Weighted Average Life Tables,142,"Class B-1, B-1R, B-1S, B-1T, B-1U and B-1I",B-1,,To Scheduled Maturity Date,no,10,1.00%,0.10%,5.72
Weighted Average Life Tables,142,"Class B-1, B-1R, B-1S, B-1T, B-1U and B-1I",B-1,,To Scheduled Maturity Date,no,15,1.00%,0.10%,8.95
Weighted Average Life Tables,142,"Class B-1, B-1R, B-1S, B-1T, B-1U and B-1I",B-1,,To Scheduled Maturity Date,no,25,1.00%,0.10%,9.37
Weighted Average Life Tables,142,"Class B-1, B-1R, B-1S, B-1T, B-1U and B-1I",B-1,,To Scheduled Maturity Date,no,35,1.00%,0.10%,5.87
Weighted Average Life Tables,142,"Class B-1, B-1R, B-1S, B-1T, B-1U and B-1I",B-1,,To Early Redemption Date,yes,0,1.00%,0.10%,4.12
Weighted Average Life Tables,142,"Class B-1, B-1R, B-1S, B-1T, B-1U and B-1I",B-1,,To Early Redemption Date,yes,5,1.00%,0.10%,4.55
Weighted Average Life Tables,142,"Class B-1, B-1R, B-1S, B-1T, B-1U and B-1I",B-1,,To Early Redemption Date,yes,10,1.00%,0.10%,4.86
Weighted Average Life Tables,142,"Class B-1, B-1R, B-1S, B-1T, B-1U and B-1I",B-1,,To Early Redemption Date,yes,15,1.00%,0.10%,5.02
Weighted Average Life Tables,142,"Class B-1, B-1R, B-1S, B-1T, B-1U and B-1I",B-1,,To Early Redemption Date,yes,25,1.00%,0.10%,5.02
Weighted Average Life Tables,142,"Class B-1, B-1R, B-1S, B-1T, B-1U and B-1I",B-1,,To Early Redemption Date,yes,35,1.00%,0.10%,5.02
Weighted Average Life Tables,142,"Class B-1, B-1R, B-1S, B-1T, B-1U and B-1I",B-1R,,To Scheduled Maturity Date,no,0,1.00%,0.10%,4.12
Weighted Average Life Tables,142,"Class B-1, B-1R, B-1S, B-1T, B-1U and B-1I",B-1R,,To Scheduled Maturity Date,no,5,1.00%,0.10%,4.72
Weighted Average Life Tables,142,"Class B-1, B-1R, B-1S, B-1T, B-1U and B-1I",B-1R,,To Scheduled Maturity Date,no,10,1.00%,0.10%,5.72
Weighted Average Life Tables,142,"Class B-1, B-1R, B-1S, B-1T, B-1U and B-1I",B-1R,,To Scheduled Maturity Date,no,15,1.00%,0.10%,8.95
Weighted Average Life Tables,142,"Class B-1, B-1R, B-1S, B-1T, B-1U and B-1I",B-1R,,To Scheduled Maturity Date,no,25,1.00%,0.10%,9.37
Weighted Average Life Tables,142,"Class B-1, B-1R, B-1S, B-1T, B-1U and B-1I",B-1R,,To Scheduled Maturity Date,no,35,1.00%,0.10%,5.87
Weighted Average Life Tables,142,"Class B-1, B-1R, B-1S, B-1T, B-1U and B-1I",B-1R,,To Early Redemption Date,yes,0,1.00%,0.10%,4.12
Weighted Average Life Tables,142,"Class B-1, B-1R, B-1S, B-1T, B-1U and B-1I",B-1R,,To Early Redemption Date,yes,5,1.00%,0.10%,4.55
Weighted Average Life Tables,142,"Class B-1, B-1R, B-1S, B-1T, B-1U and B-1I",B-1R,,To Early Redemption Date,yes,10,1.00%,0.10%,4.86
Weighted Average Life Tables,142,"Class B-1, B-1R, B-1S, B-1T, B-1U and B-1I",B-1R,,To Early Redemption Date,yes,15,1.00%,0.10%,5.02
Weighted Average Life Tables,142,"Class B-1, B-1R, B-1S, B-1T, B-1U and B-1I",B-1R,,To Early Redemption Date,yes,25,1.00%,0.10%,5.02
Weighted Average Life Tables,142,"Class B-1, B-1R, B-1S, B-1T, B-1U and B-1I",B-1R,,To Early Redemption Date,yes,35,1.00%,0.10%,5.02
Weighted Average Life Tables,142,"Class B-1, B-1R, B-1S, B-1T, B-1U and B-1I",B-1S,,To Scheduled Maturity Date,no,0,1.00%,0.10%,4.12
Weighted Average Life Tables,142,"Class B-1, B-1R, B-1S, B-1T, B-1U and B-1I",B-1S,,To Scheduled Maturity Date,no,5,1.00%,0.10%,4.72
Weighted Average Life Tables,142,"Class B-1, B-1R, B-1S, B-1T, B-1U and B-1I",B-1S,,To Scheduled Maturity Date,no,10,1.00%,0.10%,5.72
Weighted Average Life Tables,142,"Class B-1, B-1R, B-1S, B-1T, B-1U and B-1I",B-1S,,To Scheduled Maturity Date,no,15,1.00%,0.10%,8.95
Weighted Average Life Tables,142,"Class B-1, B-1R, B-1S, B-1T, B-1U and B-1I",B-1S,,To Scheduled Maturity Date,no,25,1.00%,0.10%,9.37
Weighted Average Life Tables,142,"Class B-1, B-1R, B-1S, B-1T, B-1U and B-1I",B-1S,,To Scheduled Maturity Date,no,35,1.00%,0.10%,5.87
Weighted Average Life Tables,142,"Class B-1, B-1R, B-1S, B-1T, B-1U and B-1I",B-1S,,To Early Redemption Date,yes,0,1.00%,0.10%,4.12
Weighted Average Life Tables,142,"Class B-1, B-1R, B-1S, B-1T, B-1U and B-1I",B-1S,,To Early Redemption Date,yes,5,1.00%,0.10%,4.55
Weighted Average Life Tables,142,"Class B-1, B-1R, B-1S, B-1T, B-1U and B-1I",B-1S,,To Early Redemption Date,yes,10,1.00%,0.10%,4.86
Weighted Average Life Tables,142,"Class B-1, B-1R, B-1S, B-1T, B-1U and B-1I",B-1S,,To Early Redemption Date,yes,15,1.00%,0.10%,5.02
Weighted Average Life Tables,142,"Class B-1, B-1R, B-1S, B-1T, B-1U and B-1I",B-1S,,To Early Redemption Date,yes,25,1.00%,0.10%,5.02
Weighted Average Life Tables,142,"Class B-1, B-1R, B-1S, B-1T, B-1U and B-1I",B-1S,,To Early Redemption Date,yes,35,1.00%,0.10%,5.02
Weighted Average Life Tables,142,"Class B-1, B-1R, B-1S, B-1T, B-1U and B-1I",B-1T,,To Scheduled Maturity Date,no,0,1.00%,0.10%,4.12
Weighted Average Life Tables,142,"Class B-1, B-1R, B-1S, B-1T, B-1U and B-1I",B-1T,,To Scheduled Maturity Date,no,5,1.00%,0.10%,4.72
Weighted Average Life Tables,142,"Class B-1, B-1R, B-1S, B-1T, B-1U and B-1I",B-1T,,To Scheduled Maturity Date,no,10,1.00%,0.10%,5.72
Weighted Average Life Tables,142,"Class B-1, B-1R, B-1S, B-1T, B-1U and B-1I",B-1T,,To Scheduled Maturity Date,no,15,1.00%,0.10%,8.95
Weighted Average Life Tables,142,"Class B-1, B-1R, B-1S, B-1T, B-1U and B-1I",B-1T,,To Scheduled Maturity Date,no,25,1.00%,0.10%,9.37
Weighted Average Life Tables,142,"Class B-1, B-1R, B-1S, B-1T, B-1U and B-1I",B-1T,,To Scheduled Maturity Date,no,35,1.00%,0.10%,5.87
Weighted Average Life Tables,142,"Class B-1, B-1R, B-1S, B-1T, B-1U and B-1I",B-1T,,To Early Redemption Date,yes,0,1.00%,0.10%,4.12
Weighted Average Life Tables,142,"Class B-1, B-1R, B-1S, B-1T, B-1U and B-1I",B-1T,,To Early Redemption Date,yes,5,1.00%,0.10%,4.55
Weighted Average Life Tables,142,"Class B-1, B-1R, B-1S, B-1T, B-1U and B-1I",B-1T,,To Early Redemption Date,yes,10,1.00%,0.10%,4.86
Weighted Average Life Tables,142,"Class B-1, B-1R, B-1S, B-1T, B-1U and B-1I",B-1T,,To Early Redemption Date,yes,15,1.00%,0.10%,5.02
Weighted Average Life Tables,142,"Class B-1, B-1R, B-1S, B-1T, B-1U and B-1I",B-1T,,To Early Redemption Date,yes,25,1.00%,0.10%,5.02
Weighted Average Life Tables,142,"Class B-1, B-1R, B-1S, B-1T, B-1U and B-1I",B-1T,,To Early Redemption Date,yes,35,1.00%,0.10%,5.02
Weighted Average Life Tables,142,"Class B-1, B-1R, B-1S, B-1T, B-1U and B-1I",B-1U,,To Scheduled Maturity Date,no,0,1.00%,0.10%,4.12
Weighted Average Life Tables,142,"Class B-1, B-1R, B-1S, B-1T, B-1U and B-1I",B-1U,,To Scheduled Maturity Date,no,5,1.00%,0.10%,4.72
Weighted Average Life Tables,142,"Class B-1, B-1R, B-1S, B-1T, B-1U and B-1I",B-1U,,To Scheduled Maturity Date,no,10,1.00%,0.10%,5.72
Weighted Average Life Tables,142,"Class B-1, B-1R, B-1S, B-1T, B-1U and B-1I",B-1U,,To Scheduled Maturity Date,no,15,1.00%,0.10%,8.95
Weighted Average Life Tables,142,"Class B-1, B-1R, B-1S, B-1T, B-1U and B-1I",B-1U,,To Scheduled Maturity Date,no,25,1.00%,0.10%,9.37
Weighted Average Life Tables,142,"Class B-1, B-1R, B-1S, B-1T, B-1U and B-1I",B-1U,,To Scheduled Maturity Date,no,35,1.00%,0.10%,5.87
Weighted Average Life Tables,142,"Class B-1, B-1R, B-1S, B-1T, B-1U and B-1I",B-1U,,To Early Redemption Date,yes,0,1.00%,0.10%,4.12
Weighted Average Life Tables,142,"Class B-1, B-1R, B-1S, B-1T, B-1U and B-1I",B-1U,,To Early Redemption Date,yes,5,1.00%,0.10%,4.55
Weighted Average Life Tables,142,"Class B-1, B-1R, B-1S, B-1T, B-1U and B-1I",B-1U,,To Early Redemption Date,yes,10,1.00%,0.10%,4.86
Weighted Average Life Tables,142,"Class B-1, B-1R, B-1S, B-1T, B-1U and B-1I",B-1U,,To Early Redemption Date,yes,15,1.00%,0.10%,5.02
Weighted Average Life Tables,142,"Class B-1, B-1R, B-1S, B-1T, B-1U and B-1I",B-1U,,To Early Redemption Date,yes,25,1.00%,0.10%,5.02
Weighted Average Life Tables,142,"Class B-1, B-1R, B-1S, B-1T, B-1U and B-1I",B-1U,,To Early Redemption Date,yes,35,1.00%,0.10%,5.02
Weighted Average Life Tables,142,"Class B-1, B-1R, B-1S, B-1T, B-1U and B-1I",B-1I,,To Scheduled Maturity Date,no,0,1.00%,0.10%,4.12
Weighted Average Life Tables,142,"Class B-1, B-1R, B-1S, B-1T, B-1U and B-1I",B-1I,,To Scheduled Maturity Date,no,5,1.00%,0.10%,4.72
Weighted Average Life Tables,142,"Class B-1, B-1R, B-1S, B-1T, B-1U and B-1I",B-1I,,To Scheduled Maturity Date,no,10,1.00%,0.10%,5.72
Weighted Average Life Tables,142,"Class B-1, B-1R, B-1S, B-1T, B-1U and B-1I",B-1I,,To Scheduled Maturity Date,no,15,1.00%,0.10%,8.95
Weighted Average Life Tables,142,"Class B-1, B-1R, B-1S, B-1T, B-1U and B-1I",B-1I,,To Scheduled Maturity Date,no,25,1.00%,0.10%,9.37
Weighted Average Life Tables,142,"Class B-1, B-1R, B-1S, B-1T, B-1U and B-1I",B-1I,,To Scheduled Maturity Date,no,35,1.00%,0.10%,5.87
Weighted Average Life Tables,142,"Class B-1, B-1R, B-1S, B-1T, B-1U and B-1I",B-1I,,To Early Redemption Date,yes,0,1.00%,0.10%,4.12
Weighted Average Life Tables,142,"Class B-1, B-1R, B-1S, B-1T, B-1U and B-1I",B-1I,,To Early Redemption Date,yes,5,1.00%,0.10%,4.55
Weighted Average Life Tables,142,"Class B-1, B-1R, B-1S, B-1T, B-1U and B-1I",B-1I,,To Early Redemption Date,yes,10,1.00%,0.10%,4.86
Weighted Average Life Tables,142,"Class B-1, B-1R, B-1S, B-1T, B-1U and B-1I",B-1I,,To Early Redemption Date,yes,15,1.00%,0.10%,5.02
Weighted Average Life Tables,142,"Class B-1, B-1R, B-1S, B-1T, B-1U and B-1I",B-1I,,To Early Redemption Date,yes,25,1.00%,0.10%,5.02
Weighted Average Life Tables,142,"Class B-1, B-1R, B-1S, B-1T, B-1U and B-1I",B-1I,,To Early Redemption Date,yes,35,1.00%,0.10%,5.02
Weighted Average Life Tables,142,"Class B-1A, B-1AR and B-1AI",B-1A,,To Scheduled Maturity Date,no,0,0.00%,0.00%,20.02
Weighted Average Life Tables,142,"Class B-1A, B-1AR and B-1AI",B-1A,,To Scheduled Maturity Date,no,5,0.00%,0.00%,10.90
Weighted Average Life Tables,142,"Class B-1A, B-1AR and B-1AI",B-1A,,To Scheduled Maturity Date,no,10,0.00%,0.00%,6.29
Weighted Average Life Tables,142,"Class B-1A, B-1AR and B-1AI",B-1A,,To Scheduled Maturity Date,no,15,0.00%,0.00%,4.28
Weighted Average Life Tables,142,"Class B-1A, B-1AR and B-1AI",B-1A,,To Scheduled Maturity Date,no,25,0.00%,0.00%,2.50
Weighted Average Life Tables,142,"Class B-1A, B-1AR and B-1AI",B-1A,,To Scheduled Maturity Date,no,35,0.00%,0.00%,1.69
Weighted Average Life Tables,142,"Class B-1A, B-1AR and B-1AI",B-1A,,To Early Redemption Date,yes,0,0.00%,0.00%,5.02
Weighted Average Life Tables,142,"Class B-1A, B-1AR and B-1AI",B-1A,,To Early Redemption Date,yes,5,0.00%,0.00%,5.02
Weighted Average Life Tables,142,"Class B-1A, B-1AR and B-1AI",B-1A,,To Early Redemption Date,yes,10,0.00%,0.00%,5.02
Weighted Average Life Tables,142,"Class B-1A, B-1AR and B-1AI",B-1A,,To Early Redemption Date,yes,15,0.00%,0.00%,4.28
Weighted Average Life Tables,142,"Class B-1A, B-1AR and B-1AI",B-1A,,To Early Redemption Date,yes,25,0.00%,0.00%,2.50
Weighted Average Life Tables,142,"Class B-1A, B-1AR and B-1AI",B-1A,,To Early Redemption Date,yes,35,0.00%,0.00%,1.69
Weighted Average Life Tables,142,"Class B-1A, B-1AR and B-1AI",B-1AR,,To Scheduled Maturity Date,no,0,0.00%,0.00%,20.02
Weighted Average Life Tables,142,"Class B-1A, B-1AR and B-1AI",B-1AR,,To Scheduled Maturity Date,no,5,0.00%,0.00%,10.90
Weighted Average Life Tables,142,"Class B-1A, B-1AR and B-1AI",B-1AR,,To Scheduled Maturity Date,no,10,0.00%,0.00%,6.29
Weighted Average Life Tables,142,"Class B-1A, B-1AR and B-1AI",B-1AR,,To Scheduled Maturity Date,no,15,0.00%,0.00%,4.28
Weighted Average Life Tables,142,"Class B-1A, B-1AR and B-1AI",B-1AR,,To Scheduled Maturity Date,no,25,0.00%,0.00%,2.50
Weighted Average Life Tables,142,"Class B-1A, B-1AR and B-1AI",B-1AR,,To Scheduled Maturity Date,no,35,0.00%,0.00%,1.69
Weighted Average Life Tables,142,"Class B-1A, B-1AR and B-1AI",B-1AR,,To Early Redemption Date,yes,0,0.00%,0.00%,5.02
Weighted Average Life Tables,142,"Class B-1A, B-1AR and B-1AI",B-1AR,,To Early Redemption Date,yes,5,0.00%,0.00%,5.02
Weighted Average Life Tables,142,"Class B-1A, B-1AR and B-1AI",B-1AR,,To Early Redemption Date,yes,10,0.00%,0.00%,5.02
Weighted Average Life Tables,142,"Class B-1A, B-1AR and B-1AI",B-1AR,,To Early Redemption Date,yes,15,0.00%,0.00%,4.28
Weighted Average Life Tables,142,"Class B-1A, B-1AR and B-1AI",B-1AR,,To Early Redemption Date,yes,25,0.00%,0.00%,2.50
Weighted Average Life Tables,142,"Class B-1A, B-1AR and B-1AI",B-1AR,,To Early Redemption Date,yes,35,0.00%,0.00%,1.69
Weighted Average Life Tables,142,"Class B-1A, B-1AR and B-1AI",B-1AI,,To Scheduled Maturity Date,no,0,0.00%,0.00%,20.02
Weighted Average Life Tables,142,"Class B-1A, B-1AR and B-1AI",B-1AI,,To Scheduled Maturity Date,no,5,0.00%,0.00%,10.90
Weighted Average Life Tables,142,"Class B-1A, B-1AR and B-1AI",B-1AI,,To Scheduled Maturity Date,no,10,0.00%,0.00%,6.29
Weighted Average Life Tables,142,"Class B-1A, B-1AR and B-1AI",B-1AI,,To Scheduled Maturity Date,no,15,0.00%,0.00%,4.28
Weighted Average Life Tables,142,"Class B-1A, B-1AR and B-1AI",B-1AI,,To Scheduled Maturity Date,no,25,0.00%,0.00%,2.50
Weighted Average Life Tables,142,"Class B-1A, B-1AR and B-1AI",B-1AI,,To Scheduled Maturity Date,no,35,0.00%,0.00%,1.69
Weighted Average Life Tables,142,"Class B-1A, B-1AR and B-1AI",B-1AI,,To Early Redemption Date,yes,0,0.00%,0.00%,5.02
Weighted Average Life Tables,142,"Class B-1A, B-1AR and B-1AI",B-1AI,,To Early Redemption Date,yes,5,0.00%,0.00%,5.02
Weighted Average Life Tables,142,"Class B-1A, B-1AR and B-1AI",B-1AI,,To Early Redemption Date,yes,10,0.00%,0.00%,5.02
Weighted Average Life Tables,142,"Class B-1A, B-1AR and B-1AI",B-1AI,,To Early Redemption Date,yes,15,0.00%,0.00%,4.28
Weighted Average Life Tables,142,"Class B-1A, B-1AR and B-1AI",B-1AI,,To Early Redemption Date,yes,25,0.00%,0.00%,2.50
Weighted Average Life Tables,142,"Class B-1A, B-1AR and B-1AI",B-1AI,,To Early Redemption Date,yes,35,0.00%,0.00%,1.69
Weighted Average Life Tables,142,"Class B-1A, B-1AR and B-1AI",B-1A,,To Scheduled Maturity Date,no,0,0.25%,0.00%,20.02
Weighted Average Life Tables,142,"Class B-1A, B-1AR and B-1AI",B-1A,,To Scheduled Maturity Date,no,5,0.25%,0.00%,16.90
Weighted Average Life Tables,142,"Class B-1A, B-1AR and B-1AI",B-1A,,To Scheduled Maturity Date,no,10,0.25%,0.00%,8.28
Weighted Average Life Tables,142,"Class B-1A, B-1AR and B-1AI",B-1A,,To Scheduled Maturity Date,no,15,0.25%,0.00%,5.16
Weighted Average Life Tables,142,"Class B-1A, B-1AR and B-1AI",B-1A,,To Scheduled Maturity Date,no,25,0.25%,0.00%,2.81
Weighted Average Life Tables,142,"Class B-1A, B-1AR and B-1AI",B-1A,,To Scheduled Maturity Date,no,35,0.25%,0.00%,1.82
Weighted Average Life Tables,142,"Class B-1A, B-1AR and B-1AI",B-1A,,To Early Redemption Date,yes,0,0.25%,0.00%,5.02
Weighted Average Life Tables,142,"Class B-1A, B-1AR and B-1AI",B-1A,,To Early Redemption Date,yes,5,0.25%,0.00%,5.02
Weighted Average Life Tables,142,"Class B-1A, B-1AR and B-1AI",B-1A,,To Early Redemption Date,yes,10,0.25%,0.00%,5.02
Weighted Average Life Tables,142,"Class B-1A, B-1AR and B-1AI",B-1A,,To Early Redemption Date,yes,15,0.25%,0.00%,4.91
Weighted Average Life Tables,142,"Class B-1A, B-1AR and B-1AI",B-1A,,To Early Redemption Date,yes,25,0.25%,0.00%,2.81
Weighted Average Life Tables,142,"Class B-1A, B-1AR and B-1AI",B-1A,,To Early Redemption Date,yes,35,0.25%,0.00%,1.82
Weighted Average Life Tables,142,"Class B-1A, B-1AR and B-1AI",B-1AR,,To Scheduled Maturity Date,no,0,0.25%,0.00%,20.02
Weighted Average Life Tables,142,"Class B-1A, B-1AR and B-1AI",B-1AR,,To Scheduled Maturity Date,no,5,0.25%,0.00%,16.90
Weighted Average Life Tables,142,"Class B-1A, B-1AR and B-1AI",B-1AR,,To Scheduled Maturity Date,no,10,0.25%,0.00%,8.28
Weighted Average Life Tables,142,"Class B-1A, B-1AR and B-1AI",B-1AR,,To Scheduled Maturity Date,no,15,0.25%,0.00%,5.16
Weighted Average Life Tables,142,"Class B-1A, B-1AR and B-1AI",B-1AR,,To Scheduled Maturity Date,no,25,0.25%,0.00%,2.81
Weighted Average Life Tables,142,"Class B-1A, B-1AR and B-1AI",B-1AR,,To Scheduled Maturity Date,no,35,0.25%,0.00%,1.82
Weighted Average Life Tables,142,"Class B-1A, B-1AR and B-1AI",B-1AR,,To Early Redemption Date,yes,0,0.25%,0.00%,5.02
Weighted Average Life Tables,142,"Class B-1A, B-1AR and B-1AI",B-1AR,,To Early Redemption Date,yes,5,0.25%,0.00%,5.02
Weighted Average Life Tables,142,"Class B-1A, B-1AR and B-1AI",B-1AR,,To Early Redemption Date,yes,10,0.25%,0.00%,5.02
Weighted Average Life Tables,142,"Class B-1A, B-1AR and B-1AI",B-1AR,,To Early Redemption Date,yes,15,0.25%,0.00%,4.91
Weighted Average Life Tables,142,"Class B-1A, B-1AR and B-1AI",B-1AR,,To Early Redemption Date,yes,25,0.25%,0.00%,2.81
Weighted Average Life Tables,142,"Class B-1A, B-1AR and B-1AI",B-1AR,,To Early Redemption Date,yes,35,0.25%,0.00%,1.82
Weighted Average Life Tables,142,"Class B-1A, B-1AR and B-1AI",B-1AI,,To Scheduled Maturity Date,no,0,0.25%,0.00%,20.02
Weighted Average Life Tables,142,"Class B-1A, B-1AR and B-1AI",B-1AI,,To Scheduled Maturity Date,no,5,0.25%,0.00%,16.90
Weighted Average Life Tables,142,"Class B-1A, B-1AR and B-1AI",B-1AI,,To Scheduled Maturity Date,no,10,0.25%,0.00%,8.28
Weighted Average Life Tables,142,"Class B-1A, B-1AR and B-1AI",B-1AI,,To Scheduled Maturity Date,no,15,0.25%,0.00%,5.16
Weighted Average Life Tables,142,"Class B-1A, B-1AR and B-1AI",B-1AI,,To Scheduled Maturity Date,no,25,0.25%,0.00%,2.81
Weighted Average Life Tables,142,"Class B-1A, B-1AR and B-1AI",B-1AI,,To Scheduled Maturity Date,no,35,0.25%,0.00%,1.82
Weighted Average Life Tables,142,"Class B-1A, B-1AR and B-1AI",B-1AI,,To Early Redemption Date,yes,0,0.25%,0.00%,5.02
Weighted Average Life Tables,142,"Class B-1A, B-1AR and B-1AI",B-1AI,,To Early Redemption Date,yes,5,0.25%,0.00%,5.02
Weighted Average Life Tables,142,"Class B-1A, B-1AR and B-1AI",B-1AI,,To Early Redemption Date,yes,10,0.25%,0.00%,5.02
Weighted Average Life Tables,142,"Class B-1A, B-1AR and B-1AI",B-1AI,,To Early Redemption Date,yes,15,0.25%,0.00%,4.91
Weighted Average Life Tables,142,"Class B-1A, B-1AR and B-1AI",B-1AI,,To Early Redemption Date,yes,25,0.25%,0.00%,2.81
Weighted Average Life Tables,142,"Class B-1A, B-1AR and B-1AI",B-1AI,,To Early Redemption Date,yes,35,0.25%,0.00%,1.82
Weighted Average Life Tables,142,"Class B-1A, B-1AR and B-1AI",B-1A,,To Scheduled Maturity Date,no,0,0.50%,0.00%,12.84
Weighted Average Life Tables,142,"Class B-1A, B-1AR and B-1AI",B-1A,,To Scheduled Maturity Date,no,5,0.50%,0.00%,19.98
Weighted Average Life Tables,142,"Class B-1A, B-1AR and B-1AI",B-1A,,To Scheduled Maturity Date,no,10,0.50%,0.00%,12.19
Weighted Average Life Tables,142,"Class B-1A, B-1AR and B-1AI",B-1A,,To Scheduled Maturity Date,no,15,0.50%,0.00%,6.47
Weighted Average Life Tables,142,"Class B-1A, B-1AR and B-1AI",B-1A,,To Scheduled Maturity Date,no,25,0.50%,0.00%,3.16
Weighted Average Life Tables,142,"Class B-1A, B-1AR and B-1AI",B-1A,,To Scheduled Maturity Date,no,35,0.50%,0.00%,2.03
Weighted Average Life Tables,142,"Class B-1A, B-1AR and B-1AI",B-1A,,To Early Redemption Date,yes,0,0.50%,0.00%,5.02
Weighted Average Life Tables,142,"Class B-1A, B-1AR and B-1AI",B-1A,,To Early Redemption Date,yes,5,0.50%,0.00%,5.02
Weighted Average Life Tables,142,"Class B-1A, B-1AR and B-1AI",B-1A,,To Early Redemption Date,yes,10,0.50%,0.00%,5.02
Weighted Average Life Tables,142,"Class B-1A, B-1AR and B-1AI",B-1A,,To Early Redemption Date,yes,15,0.50%,0.00%,5.02
Weighted Average Life Tables,142,"Class B-1A, B-1AR and B-1AI",B-1A,,To Early Redemption Date,yes,25,0.50%,0.00%,3.16
Weighted Average Life Tables,142,"Class B-1A, B-1AR and B-1AI",B-1A,,To Early Redemption Date,yes,35,0.50%,0.00%,2.03
Weighted Average Life Tables,142,"Class B-1A, B-1AR and B-1AI",B-1AR,,To Scheduled Maturity Date,no,0,0.50%,0.00%,12.84
Weighted Average Life Tables,142,"Class B-1A, B-1AR and B-1AI",B-1AR,,To Scheduled Maturity Date,no,5,0.50%,0.00%,19.98
Weighted Average Life Tables,142,"Class B-1A, B-1AR and B-1AI",B-1AR,,To Scheduled Maturity Date,no,10,0.50%,0.00%,12.19
Weighted Average Life Tables,142,"Class B-1A, B-1AR and B-1AI",B-1AR,,To Scheduled Maturity Date,no,15,0.50%,0.00%,6.47
Weighted Average Life Tables,142,"Class B-1A, B-1AR and B-1AI",B-1AR,,To Scheduled Maturity Date,no,25,0.50%,0.00%,3.16
Weighted Average Life Tables,142,"Class B-1A, B-1AR and B-1AI",B-1AR,,To Scheduled Maturity Date,no,35,0.50%,0.00%,2.03
Weighted Average Life Tables,142,"Class B-1A, B-1AR and B-1AI",B-1AR,,To Early Redemption Date,yes,0,0.50%,0.00%,5.02
Weighted Average Life Tables,142,"Class B-1A, B-1AR and B-1AI",B-1AR,,To Early Redemption Date,yes,5,0.50%,0.00%,5.02
Weighted Average Life Tables,142,"Class B-1A, B-1AR and B-1AI",B-1AR,,To Early Redemption Date,yes,10,0.50%,0.00%,5.02
Weighted Average Life Tables,142,"Class B-1A, B-1AR and B-1AI",B-1AR,,To Early Redemption Date,yes,15,0.50%,0.00%,5.02
Weighted Average Life Tables,142,"Class B-1A, B-1AR and B-1AI",B-1AR,,To Early Redemption Date,yes,25,0.50%,0.00%,3.16
Weighted Average Life Tables,142,"Class B-1A, B-1AR and B-1AI",B-1AR,,To Early Redemption Date,yes,35,0.50%,0.00%,2.03
Weighted Average Life Tables,142,"Class B-1A, B-1AR and B-1AI",B-1AI,,To Scheduled Maturity Date,no,0,0.50%,0.00%,12.84
Weighted Average Life Tables,142,"Class B-1A, B-1AR and B-1AI",B-1AI,,To Scheduled Maturity Date,no,5,0.50%,0.00%,19.98
Weighted Average Life Tables,142,"Class B-1A, B-1AR and B-1AI",B-1AI,,To Scheduled Maturity Date,no,10,0.50%,0.00%,12.19
Weighted Average Life Tables,142,"Class B-1A, B-1AR and B-1AI",B-1AI,,To Scheduled Maturity Date,no,15,0.50%,0.00%,6.47
Weighted Average Life Tables,142,"Class B-1A, B-1AR and B-1AI",B-1AI,,To Scheduled Maturity Date,no,25,0.50%,0.00%,3.16
Weighted Average Life Tables,142,"Class B-1A, B-1AR and B-1AI",B-1AI,,To Scheduled Maturity Date,no,35,0.50%,0.00%,2.03
Weighted Average Life Tables,142,"Class B-1A, B-1AR and B-1AI",B-1AI,,To Early Redemption Date,yes,0,0.50%,0.00%,5.02
Weighted Average Life Tables,142,"Class B-1A, B-1AR and B-1AI",B-1AI,,To Early Redemption Date,yes,5,0.50%,0.00%,5.02
Weighted Average Life Tables,142,"Class B-1A, B-1AR and B-1AI",B-1AI,,To Early Redemption Date,yes,10,0.50%,0.00%,5.02
Weighted Average Life Tables,142,"Class B-1A, B-1AR and B-1AI",B-1AI,,To Early Redemption Date,yes,15,0.50%,0.00%,5.02
Weighted Average Life Tables,142,"Class B-1A, B-1AR and B-1AI",B-1AI,,To Early Redemption Date,yes,25,0.50%,0.00%,3.16
Weighted Average Life Tables,142,"Class B-1A, B-1AR and B-1AI",B-1AI,,To Early Redemption Date,yes,35,0.50%,0.00%,2.03
Weighted Average Life Tables,142,"Class B-1A, B-1AR and B-1AI",B-1A,,To Scheduled Maturity Date,no,0,1.00%,0.00%,6.00
Weighted Average Life Tables,142,"Class B-1A, B-1AR and B-1AI",B-1A,,To Scheduled Maturity Date,no,5,1.00%,0.00%,7.26
Weighted Average Life Tables,142,"Class B-1A, B-1AR and B-1AI",B-1A,,To Scheduled Maturity Date,no,10,1.00%,0.00%,10.04
Weighted Average Life Tables,142,"Class B-1A, B-1AR and B-1AI",B-1A,,To Scheduled Maturity Date,no,15,1.00%,0.00%,17.70
Weighted Average Life Tables,142,"Class B-1A, B-1AR and B-1AI",B-1A,,To Scheduled Maturity Date,no,25,1.00%,0.00%,7.89
Weighted Average Life Tables,142,"Class B-1A, B-1AR and B-1AI",B-1A,,To Scheduled Maturity Date,no,35,1.00%,0.00%,5.25
Weighted Average Life Tables,142,"Class B-1A, B-1AR and B-1AI",B-1A,,To Early Redemption Date,yes,0,1.00%,0.00%,5.02
Weighted Average Life Tables,142,"Class B-1A, B-1AR and B-1AI",B-1A,,To Early Redemption Date,yes,5,1.00%,0.00%,5.02
Weighted Average Life Tables,142,"Class B-1A, B-1AR and B-1AI",B-1A,,To Early Redemption Date,yes,10,1.00%,0.00%,5.02
Weighted Average Life Tables,142,"Class B-1A, B-1AR and B-1AI",B-1A,,To Early Redemption Date,yes,15,1.00%,0.00%,5.02
Weighted Average Life Tables,142,"Class B-1A, B-1AR and B-1AI",B-1A,,To Early Redemption Date,yes,25,1.00%,0.00%,5.02
Weighted Average Life Tables,142,"Class B-1A, B-1AR and B-1AI",B-1A,,To Early Redemption Date,yes,35,1.00%,0.00%,4.97
Weighted Average Life Tables,142,"Class B-1A, B-1AR and B-1AI",B-1AR,,To Scheduled Maturity Date,no,0,1.00%,0.00%,6.00
Weighted Average Life Tables,142,"Class B-1A, B-1AR and B-1AI",B-1AR,,To Scheduled Maturity Date,no,5,1.00%,0.00%,7.26
Weighted Average Life Tables,142,"Class B-1A, B-1AR and B-1AI",B-1AR,,To Scheduled Maturity Date,no,10,1.00%,0.00%,10.04
Weighted Average Life Tables,142,"Class B-1A, B-1AR and B-1AI",B-1AR,,To Scheduled Maturity Date,no,15,1.00%,0.00%,17.70
Weighted Average Life Tables,142,"Class B-1A, B-1AR and B-1AI",B-1AR,,To Scheduled Maturity Date,no,25,1.00%,0.00%,7.89
Weighted Average Life Tables,142,"Class B-1A, B-1AR and B-1AI",B-1AR,,To Scheduled Maturity Date,no,35,1.00%,0.00%,5.25
Weighted Average Life Tables,142,"Class B-1A, B-1AR and B-1AI",B-1AR,,To Early Redemption Date,yes,0,1.00%,0.00%,5.02
Weighted Average Life Tables,142,"Class B-1A, B-1AR and B-1AI",B-1AR,,To Early Redemption Date,yes,5,1.00%,0.00%,5.02
Weighted Average Life Tables,142,"Class B-1A, B-1AR and B-1AI",B-1AR,,To Early Redemption Date,yes,10,1.00%,0.00%,5.02
Weighted Average Life Tables,142,"Class B-1A, B-1AR and B-1AI",B-1AR,,To Early Redemption Date,yes,15,1.00%,0.00%,5.02
Weighted Average Life Tables,142,"Class B-1A, B-1AR and B-1AI",B-1AR,,To Early Redemption Date,yes,25,1.00%,0.00%,5.02
Weighted Average Life Tables,142,"Class B-1A, B-1AR and B-1AI",B-1AR,,To Early Redemption Date,yes,35,1.00%,0.00%,4.97
Weighted Average Life Tables,142,"Class B-1A, B-1AR and B-1AI",B-1AI,,To Scheduled Maturity Date,no,0,1.00%,0.00%,6.00
Weighted Average Life Tables,142,"Class B-1A, B-1AR and B-1AI",B-1AI,,To Scheduled Maturity Date,no,5,1.00%,0.00%,7.26
Weighted Average Life Tables,142,"Class B-1A, B-1AR and B-1AI",B-1AI,,To Scheduled Maturity Date,no,10,1.00%,0.00%,10.04
Weighted Average Life Tables,142,"Class B-1A, B-1AR and B-1AI",B-1AI,,To Scheduled Maturity Date,no,15,1.00%,0.00%,17.70
Weighted Average Life Tables,142,"Class B-1A, B-1AR and B-1AI",B-1AI,,To Scheduled Maturity Date,no,25,1.00%,0.00%,7.89
Weighted Average Life Tables,142,"Class B-1A, B-1AR and B-1AI",B-1AI,,To Scheduled Maturity Date,no,35,1.00%,0.00%,5.25
Weighted Average Life Tables,142,"Class B-1A, B-1AR and B-1AI",B-1AI,,To Early Redemption Date,yes,0,1.00%,0.00%,5.02
Weighted Average Life Tables,142,"Class B-1A, B-1AR and B-1AI",B-1AI,,To Early Redemption Date,yes,5,1.00%,0.00%,5.02
Weighted Average Life Tables,142,"Class B-1A, B-1AR and B-1AI",B-1AI,,To Early Redemption Date,yes,10,1.00%,0.00%,5.02
Weighted Average Life Tables,142,"Class B-1A, B-1AR and B-1AI",B-1AI,,To Early Redemption Date,yes,15,1.00%,0.00%,5.02
Weighted Average Life Tables,142,"Class B-1A, B-1AR and B-1AI",B-1AI,,To Early Redemption Date,yes,25,1.00%,0.00%,5.02
Weighted Average Life Tables,142,"Class B-1A, B-1AR and B-1AI",B-1AI,,To Early Redemption Date,yes,35,1.00%,0.00%,4.97
Weighted Average Life Tables,142,"Class B-1A, B-1AR and B-1AI",B-1A,,To Scheduled Maturity Date,no,0,1.50%,0.00%,3.92
Weighted Average Life Tables,142,"Class B-1A, B-1AR and B-1AI",B-1A,,To Scheduled Maturity Date,no,5,1.50%,0.00%,4.40
Weighted Average Life Tables,142,"Class B-1A, B-1AR and B-1AI",B-1A,,To Scheduled Maturity Date,no,10,1.50%,0.00%,5.13
Weighted Average Life Tables,142,"Class B-1A, B-1AR and B-1AI",B-1A,,To Scheduled Maturity Date,no,15,1.50%,0.00%,6.48
Weighted Average Life Tables,142,"Class B-1A, B-1AR and B-1AI",B-1A,,To Scheduled Maturity Date,no,25,1.50%,0.00%,9.72
Weighted Average Life Tables,142,"Class B-1A, B-1AR and B-1AI",B-1A,,To Scheduled Maturity Date,no,35,1.50%,0.00%,5.65
Weighted Average Life Tables,142,"Class B-1A, B-1AR and B-1AI",B-1A,,To Early Redemption Date,yes,0,1.50%,0.00%,3.92
Weighted Average Life Tables,142,"Class B-1A, B-1AR and B-1AI",B-1A,,To Early Redemption Date,yes,5,1.50%,0.00%,4.40
Weighted Average Life Tables,142,"Class B-1A, B-1AR and B-1AI",B-1A,,To Early Redemption Date,yes,10,1.50%,0.00%,4.89
Weighted Average Life Tables,142,"Class B-1A, B-1AR and B-1AI",B-1A,,To Early Redemption Date,yes,15,1.50%,0.00%,5.02
Weighted Average Life Tables,142,"Class B-1A, B-1AR and B-1AI",B-1A,,To Early Redemption Date,yes,25,1.50%,0.00%,5.02
Weighted Average Life Tables,142,"Class B-1A, B-1AR and B-1AI",B-1A,,To Early Redemption Date,yes,35,1.50%,0.00%,5.02
Weighted Average Life Tables,142,"Class B-1A, B-1AR and B-1AI",B-1AR,,To Scheduled Maturity Date,no,0,1.50%,0.00%,3.92
Weighted Average Life Tables,142,"Class B-1A, B-1AR and B-1AI",B-1AR,,To Scheduled Maturity Date,no,5,1.50%,0.00%,4.40
Weighted Average Life Tables,142,"Class B-1A, B-1AR and B-1AI",B-1AR,,To Scheduled Maturity Date,no,10,1.50%,0.00%,5.13
Weighted Average Life Tables,142,"Class B-1A, B-1AR and B-1AI",B-1AR,,To Scheduled Maturity Date,no,15,1.50%,0.00%,6.48
Weighted Average Life Tables,142,"Class B-1A, B-1AR and B-1AI",B-1AR,,To Scheduled Maturity Date,no,25,1.50%,0.00%,9.72
Weighted Average Life Tables,142,"Class B-1A, B-1AR and B-1AI",B-1AR,,To Scheduled Maturity Date,no,35,1.50%,0.00%,5.65
Weighted Average Life Tables,142,"Class B-1A, B-1AR and B-1AI",B-1AR,,To Early Redemption Date,yes,0,1.50%,0.00%,3.92
Weighted Average Life Tables,142,"Class B-1A, B-1AR and B-1AI",B-1AR,,To Early Redemption Date,yes,5,1.50%,0.00%,4.40
Weighted Average Life Tables,142,"Class B-1A, B-1AR and B-1AI",B-1AR,,To Early Redemption Date,yes,10,1.50%,0.00%,4.89
Weighted Average Life Tables,142,"Class B-1A, B-1AR and B-1AI",B-1AR,,To Early Redemption Date,yes,15,1.50%,0.00%,5.02
Weighted Average Life Tables,142,"Class B-1A, B-1AR and B-1AI",B-1AR,,To Early Redemption Date,yes,25,1.50%,0.00%,5.02
Weighted Average Life Tables,142,"Class B-1A, B-1AR and B-1AI",B-1AR,,To Early Redemption Date,yes,35,1.50%,0.00%,5.02
Weighted Average Life Tables,142,"Class B-1A, B-1AR and B-1AI",B-1AI,,To Scheduled Maturity Date,no,0,1.50%,0.00%,3.92
Weighted Average Life Tables,142,"Class B-1A, B-1AR and B-1AI",B-1AI,,To Scheduled Maturity Date,no,5,1.50%,0.00%,4.40
Weighted Average Life Tables,142,"Class B-1A, B-1AR and B-1AI",B-1AI,,To Scheduled Maturity Date,no,10,1.50%,0.00%,5.13
Weighted Average Life Tables,142,"Class B-1A, B-1AR and B-1AI",B-1AI,,To Scheduled Maturity Date,no,15,1.50%,0.00%,6.48
Weighted Average Life Tables,142,"Class B-1A, B-1AR and B-1AI",B-1AI,,To Scheduled Maturity Date,no,25,1.50%,0.00%,9.72
Weighted Average Life Tables,142,"Class B-1A, B-1AR and B-1AI",B-1AI,,To Scheduled Maturity Date,no,35,1.50%,0.00%,5.65
Weighted Average Life Tables,142,"Class B-1A, B-1AR and B-1AI",B-1AI,,To Early Redemption Date,yes,0,1.50%,0.00%,3.92
Weighted Average Life Tables,142,"Class B-1A, B-1AR and B-1AI",B-1AI,,To Early Redemption Date,yes,5,1.50%,0.00%,4.40
Weighted Average Life Tables,142,"Class B-1A, B-1AR and B-1AI",B-1AI,,To Early Redemption Date,yes,10,1.50%,0.00%,4.89
Weighted Average Life Tables,142,"Class B-1A, B-1AR and B-1AI",B-1AI,,To Early Redemption Date,yes,15,1.50%,0.00%,5.02
Weighted Average Life Tables,142,"Class B-1A, B-1AR and B-1AI",B-1AI,,To Early Redemption Date,yes,25,1.50%,0.00%,5.02
Weighted Average Life Tables,142,"Class B-1A, B-1AR and B-1AI",B-1AI,,To Early Redemption Date,yes,35,1.50%,0.00%,5.02
Weighted Average Life Tables,142,"Class B-1A, B-1AR and B-1AI",B-1A,,To Scheduled Maturity Date,no,0,2.50%,0.00%,2.31
Weighted Average Life Tables,142,"Class B-1A, B-1AR and B-1AI",B-1A,,To Scheduled Maturity Date,no,5,2.50%,0.00%,2.46
Weighted Average Life Tables,142,"Class B-1A, B-1AR and B-1AI",B-1A,,To Scheduled Maturity Date,no,10,2.50%,0.00%,2.65
Weighted Average Life Tables,142,"Class B-1A, B-1AR and B-1AI",B-1A,,To Scheduled Maturity Date,no,15,2.50%,0.00%,2.91
Weighted Average Life Tables,142,"Class B-1A, B-1AR and B-1AI",B-1A,,To Scheduled Maturity Date,no,25,2.50%,0.00%,3.90
Weighted Average Life Tables,142,"Class B-1A, B-1AR and B-1AI",B-1A,,To Scheduled Maturity Date,no,35,2.50%,0.00%,8.36
Weighted Average Life Tables,142,"Class B-1A, B-1AR and B-1AI",B-1A,,To Early Redemption Date,yes,0,2.50%,0.00%,2.31
Weighted Average Life Tables,142,"Class B-1A, B-1AR and B-1AI",B-1A,,To Early Redemption Date,yes,5,2.50%,0.00%,2.46
Weighted Average Life Tables,142,"Class B-1A, B-1AR and B-1AI",B-1A,,To Early Redemption Date,yes,10,2.50%,0.00%,2.65
Weighted Average Life Tables,142,"Class B-1A, B-1AR and B-1AI",B-1A,,To Early Redemption Date,yes,15,2.50%,0.00%,2.91
Weighted Average Life Tables,142,"Class B-1A, B-1AR and B-1AI",B-1A,,To Early Redemption Date,yes,25,2.50%,0.00%,3.90
Weighted Average Life Tables,142,"Class B-1A, B-1AR and B-1AI",B-1A,,To Early Redemption Date,yes,35,2.50%,0.00%,4.86
Weighted Average Life Tables,142,"Class B-1A, B-1AR and B-1AI",B-1AR,,To Scheduled Maturity Date,no,0,2.50%,0.00%,2.31
Weighted Average Life Tables,142,"Class B-1A, B-1AR and B-1AI",B-1AR,,To Scheduled Maturity Date,no,5,2.50%,0.00%,2.46
Weighted Average Life Tables,142,"Class B-1A, B-1AR and B-1AI",B-1AR,,To Scheduled Maturity Date,no,10,2.50%,0.00%,2.65
Weighted Average Life Tables,142,"Class B-1A, B-1AR and B-1AI",B-1AR,,To Scheduled Maturity Date,no,15,2.50%,0.00%,2.91
Weighted Average Life Tables,142,"Class B-1A, B-1AR and B-1AI",B-1AR,,To Scheduled Maturity Date,no,25,2.50%,0.00%,3.90
Weighted Average Life Tables,142,"Class B-1A, B-1AR and B-1AI",B-1AR,,To Scheduled Maturity Date,no,35,2.50%,0.00%,8.36
Weighted Average Life Tables,142,"Class B-1A, B-1AR and B-1AI",B-1AR,,To Early Redemption Date,yes,0,2.50%,0.00%,2.31
Weighted Average Life Tables,142,"Class B-1A, B-1AR and B-1AI",B-1AR,,To Early Redemption Date,yes,5,2.50%,0.00%,2.46
Weighted Average Life Tables,142,"Class B-1A, B-1AR and B-1AI",B-1AR,,To Early Redemption Date,yes,10,2.50%,0.00%,2.65
Weighted Average Life Tables,142,"Class B-1A, B-1AR and B-1AI",B-1AR,,To Early Redemption Date,yes,15,2.50%,0.00%,2.91
Weighted Average Life Tables,142,"Class B-1A, B-1AR and B-1AI",B-1AR,,To Early Redemption Date,yes,25,2.50%,0.00%,3.90
Weighted Average Life Tables,142,"Class B-1A, B-1AR and B-1AI",B-1AR,,To Early Redemption Date,yes,35,2.50%,0.00%,4.86
Weighted Average Life Tables,142,"Class B-1A, B-1AR and B-1AI",B-1AI,,To Scheduled Maturity Date,no,0,2.50%,0.00%,2.31
Weighted Average Life Tables,142,"Class B-1A, B-1AR and B-1AI",B-1AI,,To Scheduled Maturity Date,no,5,2.50%,0.00%,2.46
Weighted Average Life Tables,142,"Class B-1A, B-1AR and B-1AI",B-1AI,,To Scheduled Maturity Date,no,10,2.50%,0.00%,2.65
Weighted Average Life Tables,142,"Class B-1A, B-1AR and B-1AI",B-1AI,,To Scheduled Maturity Date,no,15,2.50%,0.00%,2.91
Weighted Average Life Tables,142,"Class B-1A, B-1AR and B-1AI",B-1AI,,To Scheduled Maturity Date,no,25,2.50%,0.00%,3.90
Weighted Average Life Tables,142,"Class B-1A, B-1AR and B-1AI",B-1AI,,To Scheduled Maturity Date,no,35,2.50%,0.00%,8.36
Weighted Average Life Tables,142,"Class B-1A, B-1AR and B-1AI",B-1AI,,To Early Redemption Date,yes,0,2.50%,0.00%,2.31
Weighted Average Life Tables,142,"Class B-1A, B-1AR and B-1AI",B-1AI,,To Early Redemption Date,yes,5,2.50%,0.00%,2.46
Weighted Average Life Tables,142,"Class B-1A, B-1AR and B-1AI",B-1AI,,To Early Redemption Date,yes,10,2.50%,0.00%,2.65
Weighted Average Life Tables,142,"Class B-1A, B-1AR and B-1AI",B-1AI,,To Early Redemption Date,yes,15,2.50%,0.00%,2.91
Weighted Average Life Tables,142,"Class B-1A, B-1AR and B-1AI",B-1AI,,To Early Redemption Date,yes,25,2.50%,0.00%,3.90
Weighted Average Life Tables,142,"Class B-1A, B-1AR and B-1AI",B-1AI,,To Early Redemption Date,yes,35,2.50%,0.00%,4.86
Weighted Average Life Tables,142,"Class B-1A, B-1AR and B-1AI",B-1A,,To Scheduled Maturity Date,no,0,3.00%,0.00%,1.91
Weighted Average Life Tables,142,"Class B-1A, B-1AR and B-1AI",B-1A,,To Scheduled Maturity Date,no,5,3.00%,0.00%,2.01
Weighted Average Life Tables,142,"Class B-1A, B-1AR and B-1AI",B-1A,,To Scheduled Maturity Date,no,10,3.00%,0.00%,2.14
Weighted Average Life Tables,142,"Class B-1A, B-1AR and B-1AI",B-1A,,To Scheduled Maturity Date,no,15,3.00%,0.00%,2.30
Weighted Average Life Tables,142,"Class B-1A, B-1AR and B-1AI",B-1A,,To Scheduled Maturity Date,no,25,3.00%,0.00%,2.81
Weighted Average Life Tables,142,"Class B-1A, B-1AR and B-1AI",B-1A,,To Scheduled Maturity Date,no,35,3.00%,0.00%,4.34
Weighted Average Life Tables,142,"Class B-1A, B-1AR and B-1AI",B-1A,,To Early Redemption Date,yes,0,3.00%,0.00%,1.91
Weighted Average Life Tables,142,"Class B-1A, B-1AR and B-1AI",B-1A,,To Early Redemption Date,yes,5,3.00%,0.00%,2.01
Weighted Average Life Tables,142,"Class B-1A, B-1AR and B-1AI",B-1A,,To Early Redemption Date,yes,10,3.00%,0.00%,2.14
Weighted Average Life Tables,142,"Class B-1A, B-1AR and B-1AI",B-1A,,To Early Redemption Date,yes,15,3.00%,0.00%,2.30
Weighted Average Life Tables,142,"Class B-1A, B-1AR and B-1AI",B-1A,,To Early Redemption Date,yes,25,3.00%,0.00%,2.81
Weighted Average Life Tables,142,"Class B-1A, B-1AR and B-1AI",B-1A,,To Early Redemption Date,yes,35,3.00%,0.00%,4.17
Weighted Average Life Tables,142,"Class B-1A, B-1AR and B-1AI",B-1AR,,To Scheduled Maturity Date,no,0,3.00%,0.00%,1.91
Weighted Average Life Tables,142,"Class B-1A, B-1AR and B-1AI",B-1AR,,To Scheduled Maturity Date,no,5,3.00%,0.00%,2.01
Weighted Average Life Tables,142,"Class B-1A, B-1AR and B-1AI",B-1AR,,To Scheduled Maturity Date,no,10,3.00%,0.00%,2.14
Weighted Average Life Tables,142,"Class B-1A, B-1AR and B-1AI",B-1AR,,To Scheduled Maturity Date,no,15,3.00%,0.00%,2.30
Weighted Average Life Tables,142,"Class B-1A, B-1AR and B-1AI",B-1AR,,To Scheduled Maturity Date,no,25,3.00%,0.00%,2.81
Weighted Average Life Tables,142,"Class B-1A, B-1AR and B-1AI",B-1AR,,To Scheduled Maturity Date,no,35,3.00%,0.00%,4.34
Weighted Average Life Tables,142,"Class B-1A, B-1AR and B-1AI",B-1AR,,To Early Redemption Date,yes,0,3.00%,0.00%,1.91
Weighted Average Life Tables,142,"Class B-1A, B-1AR and B-1AI",B-1AR,,To Early Redemption Date,yes,5,3.00%,0.00%,2.01
Weighted Average Life Tables,142,"Class B-1A, B-1AR and B-1AI",B-1AR,,To Early Redemption Date,yes,10,3.00%,0.00%,2.14
Weighted Average Life Tables,142,"Class B-1A, B-1AR and B-1AI",B-1AR,,To Early Redemption Date,yes,15,3.00%,0.00%,2.30
Weighted Average Life Tables,142,"Class B-1A, B-1AR and B-1AI",B-1AR,,To Early Redemption Date,yes,25,3.00%,0.00%,2.81
Weighted Average Life Tables,142,"Class B-1A, B-1AR and B-1AI",B-1AR,,To Early Redemption Date,yes,35,3.00%,0.00%,4.17
Weighted Average Life Tables,142,"Class B-1A, B-1AR and B-1AI",B-1AI,,To Scheduled Maturity Date,no,0,3.00%,0.00%,1.91
Weighted Average Life Tables,142,"Class B-1A, B-1AR and B-1AI",B-1AI,,To Scheduled Maturity Date,no,5,3.00%,0.00%,2.01
Weighted Average Life Tables,142,"Class B-1A, B-1AR and B-1AI",B-1AI,,To Scheduled Maturity Date,no,10,3.00%,0.00%,2.14
Weighted Average Life Tables,142,"Class B-1A, B-1AR and B-1AI",B-1AI,,To Scheduled Maturity Date,no,15,3.00%,0.00%,2.30
Weighted Average Life Tables,142,"Class B-1A, B-1AR and B-1AI",B-1AI,,To Scheduled Maturity Date,no,25,3.00%,0.00%,2.81
Weighted Average Life Tables,142,"Class B-1A, B-1AR and B-1AI",B-1AI,,To Scheduled Maturity Date,no,35,3.00%,0.00%,4.34
Weighted Average Life Tables,142,"Class B-1A, B-1AR and B-1AI",B-1AI,,To Early Redemption Date,yes,0,3.00%,0.00%,1.91
Weighted Average Life Tables,142,"Class B-1A, B-1AR and B-1AI",B-1AI,,To Early Redemption Date,yes,5,3.00%,0.00%,2.01
Weighted Average Life Tables,142,"Class B-1A, B-1AR and B-1AI",B-1AI,,To Early Redemption Date,yes,10,3.00%,0.00%,2.14
Weighted Average Life Tables,142,"Class B-1A, B-1AR and B-1AI",B-1AI,,To Early Redemption Date,yes,15,3.00%,0.00%,2.30
Weighted Average Life Tables,142,"Class B-1A, B-1AR and B-1AI",B-1AI,,To Early Redemption Date,yes,25,3.00%,0.00%,2.81
Weighted Average Life Tables,142,"Class B-1A, B-1AR and B-1AI",B-1AI,,To Early Redemption Date,yes,35,3.00%,0.00%,4.17
Weighted Average Life Tables,142,"Class B-1A, B-1AR and B-1AI",B-1A,,To Scheduled Maturity Date,no,0,5.00%,0.00%,1.12
Weighted Average Life Tables,142,"Class B-1A, B-1AR and B-1AI",B-1A,,To Scheduled Maturity Date,no,5,5.00%,0.00%,1.15
Weighted Average Life Tables,142,"Class B-1A, B-1AR and B-1AI",B-1A,,To Scheduled Maturity Date,no,10,5.00%,0.00%,1.19
Weighted Average Life Tables,142,"Class B-1A, B-1AR and B-1AI",B-1A,,To Scheduled Maturity Date,no,15,5.00%,0.00%,1.24
Weighted Average Life Tables,142,"Class B-1A, B-1AR and B-1AI",B-1A,,To Scheduled Maturity Date,no,25,5.00%,0.00%,1.35
Weighted Average Life Tables,142,"Class B-1A, B-1AR and B-1AI",B-1A,,To Scheduled Maturity Date,no,35,5.00%,0.00%,1.54
Weighted Average Life Tables,142,"Class B-1A, B-1AR and B-1AI",B-1A,,To Early Redemption Date,yes,0,5.00%,0.00%,1.12
Weighted Average Life Tables,142,"Class B-1A, B-1AR and B-1AI",B-1A,,To Early Redemption Date,yes,5,5.00%,0.00%,1.15
Weighted Average Life Tables,142,"Class B-1A, B-1AR and B-1AI",B-1A,,To Early Redemption Date,yes,10,5.00%,0.00%,1.19
Weighted Average Life Tables,142,"Class B-1A, B-1AR and B-1AI",B-1A,,To Early Redemption Date,yes,15,5.00%,0.00%,1.24
Weighted Average Life Tables,142,"Class B-1A, B-1AR and B-1AI",B-1A,,To Early Redemption Date,yes,25,5.00%,0.00%,1.35
Weighted Average Life Tables,142,"Class B-1A, B-1AR and B-1AI",B-1A,,To Early Redemption Date,yes,35,5.00%,0.00%,1.54
Weighted Average Life Tables,142,"Class B-1A, B-1AR and B-1AI",B-1AR,,To Scheduled Maturity Date,no,0,5.00%,0.00%,1.12
Weighted Average Life Tables,142,"Class B-1A, B-1AR and B-1AI",B-1AR,,To Scheduled Maturity Date,no,5,5.00%,0.00%,1.15
Weighted Average Life Tables,142,"Class B-1A, B-1AR and B-1AI",B-1AR,,To Scheduled Maturity Date,no,10,5.00%,0.00%,1.19
Weighted Average Life Tables,142,"Class B-1A, B-1AR and B-1AI",B-1AR,,To Scheduled Maturity Date,no,15,5.00%,0.00%,1.24
Weighted Average Life Tables,142,"Class B-1A, B-1AR and B-1AI",B-1AR,,To Scheduled Maturity Date,no,25,5.00%,0.00%,1.35
Weighted Average Life Tables,142,"Class B-1A, B-1AR and B-1AI",B-1AR,,To Scheduled Maturity Date,no,35,5.00%,0.00%,1.54
Weighted Average Life Tables,142,"Class B-1A, B-1AR and B-1AI",B-1AR,,To Early Redemption Date,yes,0,5.00%,0.00%,1.12
Weighted Average Life Tables,142,"Class B-1A, B-1AR and B-1AI",B-1AR,,To Early Redemption Date,yes,5,5.00%,0.00%,1.15
Weighted Average Life Tables,142,"Class B-1A, B-1AR and B-1AI",B-1AR,,To Early Redemption Date,yes,10,5.00%,0.00%,1.19
Weighted Average Life Tables,142,"Class B-1A, B-1AR and B-1AI",B-1AR,,To Early Redemption Date,yes,15,5.00%,0.00%,1.24
Weighted Average Life Tables,142,"Class B-1A, B-1AR and B-1AI",B-1AR,,To Early Redemption Date,yes,25,5.00%,0.00%,1.35
Weighted Average Life Tables,142,"Class B-1A, B-1AR and B-1AI",B-1AR,,To Early Redemption Date,yes,35,5.00%,0.00%,1.54
Weighted Average Life Tables,142,"Class B-1A, B-1AR and B-1AI",B-1AI,,To Scheduled Maturity Date,no,0,5.00%,0.00%,1.12
Weighted Average Life Tables,142,"Class B-1A, B-1AR and B-1AI",B-1AI,,To Scheduled Maturity Date,no,5,5.00%,0.00%,1.15
Weighted Average Life Tables,142,"Class B-1A, B-1AR and B-1AI",B-1AI,,To Scheduled Maturity Date,no,10,5.00%,0.00%,1.19
Weighted Average Life Tables,142,"Class B-1A, B-1AR and B-1AI",B-1AI,,To Scheduled Maturity Date,no,15,5.00%,0.00%,1.24
Weighted Average Life Tables,142,"Class B-1A, B-1AR and B-1AI",B-1AI,,To Scheduled Maturity Date,no,25,5.00%,0.00%,1.35
Weighted Average Life Tables,142,"Class B-1A, B-1AR and B-1AI",B-1AI,,To Scheduled Maturity Date,no,35,5.00%,0.00%,1.54
Weighted Average Life Tables,142,"Class B-1A, B-1AR and B-1AI",B-1AI,,To Early Redemption Date,yes,0,5.00%,0.00%,1.12
Weighted Average Life Tables,142,"Class B-1A, B-1AR and B-1AI",B-1AI,,To Early Redemption Date,yes,5,5.00%,0.00%,1.15
Weighted Average Life Tables,142,"Class B-1A, B-1AR and B-1AI",B-1AI,,To Early Redemption Date,yes,10,5.00%,0.00%,1.19
Weighted Average Life Tables,142,"Class B-1A, B-1AR and B-1AI",B-1AI,,To Early Redemption Date,yes,15,5.00%,0.00%,1.24
Weighted Average Life Tables,142,"Class B-1A, B-1AR and B-1AI",B-1AI,,To Early Redemption Date,yes,25,5.00%,0.00%,1.35
Weighted Average Life Tables,142,"Class B-1A, B-1AR and B-1AI",B-1AI,,To Early Redemption Date,yes,35,5.00%,0.00%,1.54
Weighted Average Life Tables,142,"Class B-1A, B-1AR and B-1AI",B-1A,,To Scheduled Maturity Date,no,0,0.00%,0.01%,20.02
Weighted Average Life Tables,142,"Class B-1A, B-1AR and B-1AI",B-1A,,To Scheduled Maturity Date,no,5,0.00%,0.01%,11.69
Weighted Average Life Tables,142,"Class B-1A, B-1AR and B-1AI",B-1A,,To Scheduled Maturity Date,no,10,0.00%,0.01%,6.61
Weighted Average Life Tables,142,"Class B-1A, B-1AR and B-1AI",B-1A,,To Scheduled Maturity Date,no,15,0.00%,0.01%,4.45
Weighted Average Life Tables,142,"Class B-1A, B-1AR and B-1AI",B-1A,,To Scheduled Maturity Date,no,25,0.00%,0.01%,2.60
Weighted Average Life Tables,142,"Class B-1A, B-1AR and B-1AI",B-1A,,To Scheduled Maturity Date,no,35,0.00%,0.01%,1.78
Weighted Average Life Tables,142,"Class B-1A, B-1AR and B-1AI",B-1A,,To Early Redemption Date,yes,0,0.00%,0.01%,5.02
Weighted Average Life Tables,142,"Class B-1A, B-1AR and B-1AI",B-1A,,To Early Redemption Date,yes,5,0.00%,0.01%,5.02
Weighted Average Life Tables,142,"Class B-1A, B-1AR and B-1AI",B-1A,,To Early Redemption Date,yes,10,0.00%,0.01%,5.02
Weighted Average Life Tables,142,"Class B-1A, B-1AR and B-1AI",B-1A,,To Early Redemption Date,yes,15,0.00%,0.01%,4.45
Weighted Average Life Tables,142,"Class B-1A, B-1AR and B-1AI",B-1A,,To Early Redemption Date,yes,25,0.00%,0.01%,2.60
Weighted Average Life Tables,142,"Class B-1A, B-1AR and B-1AI",B-1A,,To Early Redemption Date,yes,35,0.00%,0.01%,1.78
Weighted Average Life Tables,142,"Class B-1A, B-1AR and B-1AI",B-1AR,,To Scheduled Maturity Date,no,0,0.00%,0.01%,20.02
Weighted Average Life Tables,142,"Class B-1A, B-1AR and B-1AI",B-1AR,,To Scheduled Maturity Date,no,5,0.00%,0.01%,11.69
Weighted Average Life Tables,142,"Class B-1A, B-1AR and B-1AI",B-1AR,,To Scheduled Maturity Date,no,10,0.00%,0.01%,6.61
Weighted Average Life Tables,142,"Class B-1A, B-1AR and B-1AI",B-1AR,,To Scheduled Maturity Date,no,15,0.00%,0.01%,4.45
Weighted Average Life Tables,142,"Class B-1A, B-1AR and B-1AI",B-1AR,,To Scheduled Maturity Date,no,25,0.00%,0.01%,2.60
Weighted Average Life Tables,142,"Class B-1A, B-1AR and B-1AI",B-1AR,,To Scheduled Maturity Date,no,35,0.00%,0.01%,1.78
Weighted Average Life Tables,142,"Class B-1A, B-1AR and B-1AI",B-1AR,,To Early Redemption Date,yes,0,0.00%,0.01%,5.02
Weighted Average Life Tables,142,"Class B-1A, B-1AR and B-1AI",B-1AR,,To Early Redemption Date,yes,5,0.00%,0.01%,5.02
Weighted Average Life Tables,142,"Class B-1A, B-1AR and B-1AI",B-1AR,,To Early Redemption Date,yes,10,0.00%,0.01%,5.02
Weighted Average Life Tables,142,"Class B-1A, B-1AR and B-1AI",B-1AR,,To Early Redemption Date,yes,15,0.00%,0.01%,4.45
Weighted Average Life Tables,142,"Class B-1A, B-1AR and B-1AI",B-1AR,,To Early Redemption Date,yes,25,0.00%,0.01%,2.60
Weighted Average Life Tables,142,"Class B-1A, B-1AR and B-1AI",B-1AR,,To Early Redemption Date,yes,35,0.00%,0.01%,1.78
Weighted Average Life Tables,142,"Class B-1A, B-1AR and B-1AI",B-1AI,,To Scheduled Maturity Date,no,0,0.00%,0.01%,20.02
Weighted Average Life Tables,142,"Class B-1A, B-1AR and B-1AI",B-1AI,,To Scheduled Maturity Date,no,5,0.00%,0.01%,11.69
Weighted Average Life Tables,142,"Class B-1A, B-1AR and B-1AI",B-1AI,,To Scheduled Maturity Date,no,10,0.00%,0.01%,6.61
Weighted Average Life Tables,142,"Class B-1A, B-1AR and B-1AI",B-1AI,,To Scheduled Maturity Date,no,15,0.00%,0.01%,4.45
Weighted Average Life Tables,142,"Class B-1A, B-1AR and B-1AI",B-1AI,,To Scheduled Maturity Date,no,25,0.00%,0.01%,2.60
Weighted Average Life Tables,142,"Class B-1A, B-1AR and B-1AI",B-1AI,,To Scheduled Maturity Date,no,35,0.00%,0.01%,1.78
Weighted Average Life Tables,142,"Class B-1A, B-1AR and B-1AI",B-1AI,,To Early Redemption Date,yes,0,0.00%,0.01%,5.02
Weighted Average Life Tables,142,"Class B-1A, B-1AR and B-1AI",B-1AI,,To Early Redemption Date,yes,5,0.00%,0.01%,5.02
Weighted Average Life Tables,142,"Class B-1A, B-1AR and B-1AI",B-1AI,,To Early Redemption Date,yes,10,0.00%,0.01%,5.02
Weighted Average Life Tables,142,"Class B-1A, B-1AR and B-1AI",B-1AI,,To Early Redemption Date,yes,15,0.00%,0.01%,4.45
Weighted Average Life Tables,142,"Class B-1A, B-1AR and B-1AI",B-1AI,,To Early Redemption Date,yes,25,0.00%,0.01%,2.60
Weighted Average Life Tables,142,"Class B-1A, B-1AR and B-1AI",B-1AI,,To Early Redemption Date,yes,35,0.00%,0.01%,1.78
Weighted Average Life Tables,142,"Class B-1A, B-1AR and B-1AI",B-1A,,To Scheduled Maturity Date,no,0,0.50%,0.03%,11.79
Weighted Average Life Tables,142,"Class B-1A, B-1AR and B-1AI",B-1A,,To Scheduled Maturity Date,no,5,0.50%,0.03%,19.48
Weighted Average Life Tables,142,"Class B-1A, B-1AR and B-1AI",B-1A,,To Scheduled Maturity Date,no,10,0.50%,0.03%,13.01
Weighted Average Life Tables,142,"Class B-1A, B-1AR and B-1AI",B-1A,,To Scheduled Maturity Date,no,15,0.50%,0.03%,7.60
Weighted Average Life Tables,142,"Class B-1A, B-1AR and B-1AI",B-1A,,To Scheduled Maturity Date,no,25,0.50%,0.03%,4.02
Weighted Average Life Tables,142,"Class B-1A, B-1AR and B-1AI",B-1A,,To Scheduled Maturity Date,no,35,0.50%,0.03%,2.59
Weighted Average Life Tables,142,"Class B-1A, B-1AR and B-1AI",B-1A,,To Early Redemption Date,yes,0,0.50%,0.03%,5.02
Weighted Average Life Tables,142,"Class B-1A, B-1AR and B-1AI",B-1A,,To Early Redemption Date,yes,5,0.50%,0.03%,5.02
Weighted Average Life Tables,142,"Class B-1A, B-1AR and B-1AI",B-1A,,To Early Redemption Date,yes,10,0.50%,0.03%,5.02
Weighted Average Life Tables,142,"Class B-1A, B-1AR and B-1AI",B-1A,,To Early Redemption Date,yes,15,0.50%,0.03%,5.02
Weighted Average Life Tables,142,"Class B-1A, B-1AR and B-1AI",B-1A,,To Early Redemption Date,yes,25,0.50%,0.03%,4.02
Weighted Average Life Tables,142,"Class B-1A, B-1AR and B-1AI",B-1A,,To Early Redemption Date,yes,35,0.50%,0.03%,2.59
Weighted Average Life Tables,142,"Class B-1A, B-1AR and B-1AI",B-1AR,,To Scheduled Maturity Date,no,0,0.50%,0.03%,11.79
Weighted Average Life Tables,142,"Class B-1A, B-1AR and B-1AI",B-1AR,,To Scheduled Maturity Date,no,5,0.50%,0.03%,19.48
Weighted Average Life Tables,142,"Class B-1A, B-1AR and B-1AI",B-1AR,,To Scheduled Maturity Date,no,10,0.50%,0.03%,13.01
Weighted Average Life Tables,142,"Class B-1A, B-1AR and B-1AI",B-1AR,,To Scheduled Maturity Date,no,15,0.50%,0.03%,7.60
Weighted Average Life Tables,142,"Class B-1A, B-1AR and B-1AI",B-1AR,,To Scheduled Maturity Date,no,25,0.50%,0.03%,4.02
Weighted Average Life Tables,142,"Class B-1A, B-1AR and B-1AI",B-1AR,,To Scheduled Maturity Date,no,35,0.50%,0.03%,2.59
Weighted Average Life Tables,142,"Class B-1A, B-1AR and B-1AI",B-1AR,,To Early Redemption Date,yes,0,0.50%,0.03%,5.02
Weighted Average Life Tables,142,"Class B-1A, B-1AR and B-1AI",B-1AR,,To Early Redemption Date,yes,5,0.50%,0.03%,5.02
Weighted Average Life Tables,142,"Class B-1A, B-1AR and B-1AI",B-1AR,,To Early Redemption Date,yes,10,0.50%,0.03%,5.02
Weighted Average Life Tables,142,"Class B-1A, B-1AR and B-1AI",B-1AR,,To Early Redemption Date,yes,15,0.50%,0.03%,5.02
Weighted Average Life Tables,142,"Class B-1A, B-1AR and B-1AI",B-1AR,,To Early Redemption Date,yes,25,0.50%,0.03%,4.02
Weighted Average Life Tables,142,"Class B-1A, B-1AR and B-1AI",B-1AR,,To Early Redemption Date,yes,35,0.50%,0.03%,2.59
Weighted Average Life Tables,142,"Class B-1A, B-1AR and B-1AI",B-1AI,,To Scheduled Maturity Date,no,0,0.50%,0.03%,11.79
Weighted Average Life Tables,142,"Class B-1A, B-1AR and B-1AI",B-1AI,,To Scheduled Maturity Date,no,5,0.50%,0.03%,19.48
Weighted Average Life Tables,142,"Class B-1A, B-1AR and B-1AI",B-1AI,,To Scheduled Maturity Date,no,10,0.50%,0.03%,13.01
Weighted Average Life Tables,142,"Class B-1A, B-1AR and B-1AI",B-1AI,,To Scheduled Maturity Date,no,15,0.50%,0.03%,7.60
Weighted Average Life Tables,142,"Class B-1A, B-1AR and B-1AI",B-1AI,,To Scheduled Maturity Date,no,25,0.50%,0.03%,4.02
Weighted Average Life Tables,142,"Class B-1A, B-1AR and B-1AI",B-1AI,,To Scheduled Maturity Date,no,35,0.50%,0.03%,2.59
Weighted Average Life Tables,142,"Class B-1A, B-1AR and B-1AI",B-1AI,,To Early Redemption Date,yes,0,0.50%,0.03%,5.02
Weighted Average Life Tables,142,"Class B-1A, B-1AR and B-1AI",B-1AI,,To Early Redemption Date,yes,5,0.50%,0.03%,5.02
Weighted Average Life Tables,142,"Class B-1A, B-1AR and B-1AI",B-1AI,,To Early Redemption Date,yes,10,0.50%,0.03%,5.02
Weighted Average Life Tables,142,"Class B-1A, B-1AR and B-1AI",B-1AI,,To Early Redemption Date,yes,15,0.50%,0.03%,5.02
Weighted Average Life Tables,142,"Class B-1A, B-1AR and B-1AI",B-1AI,,To Early Redemption Date,yes,25,0.50%,0.03%,4.02
Weighted Average Life Tables,142,"Class B-1A, B-1AR and B-1AI",B-1AI,,To Early Redemption Date,yes,35,0.50%,0.03%,2.59
Weighted Average Life Tables,142,"Class B-1A, B-1AR and B-1AI",B-1A,,To Scheduled Maturity Date,no,0,1.00%,0.10%,4.58
Weighted Average Life Tables,142,"Class B-1A, B-1AR and B-1AI",B-1A,,To Scheduled Maturity Date,no,5,1.00%,0.10%,5.32
Weighted Average Life Tables,142,"Class B-1A, B-1AR and B-1AI",B-1A,,To Scheduled Maturity Date,no,10,1.00%,0.10%,6.63
Weighted Average Life Tables,142,"Class B-1A, B-1AR and B-1AI",B-1A,,To Scheduled Maturity Date,no,15,1.00%,0.10%,11.62
Weighted Average Life Tables,142,"Class B-1A, B-1AR and B-1AI",B-1A,,To Scheduled Maturity Date,no,25,1.00%,0.10%,8.19
Weighted Average Life Tables,142,"Class B-1A, B-1AR and B-1AI",B-1A,,To Scheduled Maturity Date,no,35,1.00%,0.10%,5.40
Weighted Average Life Tables,142,"Class B-1A, B-1AR and B-1AI",B-1A,,To Early Redemption Date,yes,0,1.00%,0.10%,4.58
Weighted Average Life Tables,142,"Class B-1A, B-1AR and B-1AI",B-1A,,To Early Redemption Date,yes,5,1.00%,0.10%,4.98
Weighted Average Life Tables,142,"Class B-1A, B-1AR and B-1AI",B-1A,,To Early Redemption Date,yes,10,1.00%,0.10%,5.02
Weighted Average Life Tables,142,"Class B-1A, B-1AR and B-1AI",B-1A,,To Early Redemption Date,yes,15,1.00%,0.10%,5.02
Weighted Average Life Tables,142,"Class B-1A, B-1AR and B-1AI",B-1A,,To Early Redemption Date,yes,25,1.00%,0.10%,5.02
Weighted Average Life Tables,142,"Class B-1A, B-1AR and B-1AI",B-1A,,To Early Redemption Date,yes,35,1.00%,0.10%,5.02
Weighted Average Life Tables,142,"Class B-1A, B-1AR and B-1AI",B-1AR,,To Scheduled Maturity Date,no,0,1.00%,0.10%,4.58
Weighted Average Life Tables,142,"Class B-1A, B-1AR and B-1AI",B-1AR,,To Scheduled Maturity Date,no,5,1.00%,0.10%,5.32
Weighted Average Life Tables,142,"Class B-1A, B-1AR and B-1AI",B-1AR,,To Scheduled Maturity Date,no,10,1.00%,0.10%,6.63
Weighted Average Life Tables,142,"Class B-1A, B-1AR and B-1AI",B-1AR,,To Scheduled Maturity Date,no,15,1.00%,0.10%,11.62
Weighted Average Life Tables,142,"Class B-1A, B-1AR and B-1AI",B-1AR,,To Scheduled Maturity Date,no,25,1.00%,0.10%,8.19
Weighted Average Life Tables,142,"Class B-1A, B-1AR and B-1AI",B-1AR,,To Scheduled Maturity Date,no,35,1.00%,0.10%,5.40
Weighted Average Life Tables,142,"Class B-1A, B-1AR and B-1AI",B-1AR,,To Early Redemption Date,yes,0,1.00%,0.10%,4.58
Weighted Average Life Tables,142,"Class B-1A, B-1AR and B-1AI",B-1AR,,To Early Redemption Date,yes,5,1.00%,0.10%,4.98
Weighted Average Life Tables,142,"Class B-1A, B-1AR and B-1AI",B-1AR,,To Early Redemption Date,yes,10,1.00%,0.10%,5.02
Weighted Average Life Tables,142,"Class B-1A, B-1AR and B-1AI",B-1AR,,To Early Redemption Date,yes,15,1.00%,0.10%,5.02
Weighted Average Life Tables,142,"Class B-1A, B-1AR and B-1AI",B-1AR,,To Early Redemption Date,yes,25,1.00%,0.10%,5.02
Weighted Average Life Tables,142,"Class B-1A, B-1AR and B-1AI",B-1AR,,To Early Redemption Date,yes,35,1.00%,0.10%,5.02
Weighted Average Life Tables,142,"Class B-1A, B-1AR and B-1AI",B-1AI,,To Scheduled Maturity Date,no,0,1.00%,0.10%,4.58
Weighted Average Life Tables,142,"Class B-1A, B-1AR and B-1AI",B-1AI,,To Scheduled Maturity Date,no,5,1.00%,0.10%,5.32
Weighted Average Life Tables,142,"Class B-1A, B-1AR and B-1AI",B-1AI,,To Scheduled Maturity Date,no,10,1.00%,0.10%,6.63
Weighted Average Life Tables,142,"Class B-1A, B-1AR and B-1AI",B-1AI,,To Scheduled Maturity Date,no,15,1.00%,0.10%,11.62
Weighted Average Life Tables,142,"Class B-1A, B-1AR and B-1AI",B-1AI,,To Scheduled Maturity Date,no,25,1.00%,0.10%,8.19
Weighted Average Life Tables,142,"Class B-1A, B-1AR and B-1AI",B-1AI,,To Scheduled Maturity Date,no,35,1.00%,0.10%,5.40
Weighted Average Life Tables,142,"Class B-1A, B-1AR and B-1AI",B-1AI,,To Early Redemption Date,yes,0,1.00%,0.10%,4.58
Weighted Average Life Tables,142,"Class B-1A, B-1AR and B-1AI",B-1AI,,To Early Redemption Date,yes,5,1.00%,0.10%,4.98
Weighted Average Life Tables,142,"Class B-1A, B-1AR and B-1AI",B-1AI,,To Early Redemption Date,yes,10,1.00%,0.10%,5.02
Weighted Average Life Tables,142,"Class B-1A, B-1AR and B-1AI",B-1AI,,To Early Redemption Date,yes,15,1.00%,0.10%,5.02
Weighted Average Life Tables,142,"Class B-1A, B-1AR and B-1AI",B-1AI,,To Early Redemption Date,yes,25,1.00%,0.10%,5.02
Weighted Average Life Tables,142,"Class B-1A, B-1AR and B-1AI",B-1AI,,To Early Redemption Date,yes,35,1.00%,0.10%,5.02
Weighted Average Life Tables,143,Class B-1B,B-1B,,To Scheduled Maturity Date,no,0,0.00%,0.00%,20.02
Weighted Average Life Tables,143,Class B-1B,B-1B,,To Scheduled Maturity Date,no,5,0.00%,0.00%,13.53
Weighted Average Life Tables,143,Class B-1B,B-1B,,To Scheduled Maturity Date,no,10,0.00%,0.00%,8.03
Weighted Average Life Tables,143,Class B-1B,B-1B,,To Scheduled Maturity Date,no,15,0.00%,0.00%,5.50
Weighted Average Life Tables,143,Class B-1B,B-1B,,To Scheduled Maturity Date,no,25,0.00%,0.00%,3.22
Weighted Average Life Tables,143,Class B-1B,B-1B,,To Scheduled Maturity Date,no,35,0.00%,0.00%,2.18
Weighted Average Life Tables,143,Class B-1B,B-1B,,To Early Redemption Date,yes,0,0.00%,0.00%,5.02
Weighted Average Life Tables,143,Class B-1B,B-1B,,To Early Redemption Date,yes,5,0.00%,0.00%,5.02
Weighted Average Life Tables,143,Class B-1B,B-1B,,To Early Redemption Date,yes,10,0.00%,0.00%,5.02
Weighted Average Life Tables,143,Class B-1B,B-1B,,To Early Redemption Date,yes,15,0.00%,0.00%,5.01
Weighted Average Life Tables,143,Class B-1B,B-1B,,To Early Redemption Date,yes,25,0.00%,0.00%,3.22
Weighted Average Life Tables,143,Class B-1B,B-1B,,To Early Redemption Date,yes,35,0.00%,0.00%,2.18
Weighted Average Life Tables,143,Class B-1B,B-1B,,To Scheduled Maturity Date,no,0,0.25%,0.00%,20.02
Weighted Average Life Tables,143,Class B-1B,B-1B,,To Scheduled Maturity Date,no,5,0.25%,0.00%,19.90
Weighted Average Life Tables,143,Class B-1B,B-1B,,To Scheduled Maturity Date,no,10,0.25%,0.00%,11.01
Weighted Average Life Tables,143,Class B-1B,B-1B,,To Scheduled Maturity Date,no,15,0.25%,0.00%,6.81
Weighted Average Life Tables,143,Class B-1B,B-1B,,To Scheduled Maturity Date,no,25,0.25%,0.00%,3.66
Weighted Average Life Tables,143,Class B-1B,B-1B,,To Scheduled Maturity Date,no,35,0.25%,0.00%,2.42
Weighted Average Life Tables,143,Class B-1B,B-1B,,To Early Redemption Date,yes,0,0.25%,0.00%,5.02
Weighted Average Life Tables,143,Class B-1B,B-1B,,To Early Redemption Date,yes,5,0.25%,0.00%,5.02
Weighted Average Life Tables,143,Class B-1B,B-1B,,To Early Redemption Date,yes,10,0.25%,0.00%,5.02
Weighted Average Life Tables,143,Class B-1B,B-1B,,To Early Redemption Date,yes,15,0.25%,0.00%,5.02
Weighted Average Life Tables,143,Class B-1B,B-1B,,To Early Redemption Date,yes,25,0.25%,0.00%,3.66
Weighted Average Life Tables,143,Class B-1B,B-1B,,To Early Redemption Date,yes,35,0.25%,0.00%,2.42
Weighted Average Life Tables,143,Class B-1B,B-1B,,To Scheduled Maturity Date,no,0,0.50%,0.00%,9.97
Weighted Average Life Tables,143,Class B-1B,B-1B,,To Scheduled Maturity Date,no,5,0.50%,0.00%,14.95
Weighted Average Life Tables,143,Class B-1B,B-1B,,To Scheduled Maturity Date,no,10,0.50%,0.00%,17.97
Weighted Average Life Tables,143,Class B-1B,B-1B,,To Scheduled Maturity Date,no,15,0.50%,0.00%,9.05
Weighted Average Life Tables,143,Class B-1B,B-1B,,To Scheduled Maturity Date,no,25,0.50%,0.00%,4.20
Weighted Average Life Tables,143,Class B-1B,B-1B,,To Scheduled Maturity Date,no,35,0.50%,0.00%,2.61
Weighted Average Life Tables,143,Class B-1B,B-1B,,To Early Redemption Date,yes,0,0.50%,0.00%,5.02
Weighted Average Life Tables,143,Class B-1B,B-1B,,To Early Redemption Date,yes,5,0.50%,0.00%,5.02
Weighted Average Life Tables,143,Class B-1B,B-1B,,To Early Redemption Date,yes,10,0.50%,0.00%,5.02
Weighted Average Life Tables,143,Class B-1B,B-1B,,To Early Redemption Date,yes,15,0.50%,0.00%,5.02
Weighted Average Life Tables,143,Class B-1B,B-1B,,To Early Redemption Date,yes,25,0.50%,0.00%,4.20
Weighted Average Life Tables,143,Class B-1B,B-1B,,To Early Redemption Date,yes,35,0.50%,0.00%,2.61
Weighted Average Life Tables,143,Class B-1B,B-1B,,To Scheduled Maturity Date,no,0,1.00%,0.00%,4.75
Weighted Average Life Tables,143,Class B-1B,B-1B,,To Scheduled Maturity Date,no,5,1.00%,0.00%,5.49
Weighted Average Life Tables,143,Class B-1B,B-1B,,To Scheduled Maturity Date,no,10,1.00%,0.00%,6.75
Weighted Average Life Tables,143,Class B-1B,B-1B,,To Scheduled Maturity Date,no,15,1.00%,0.00%,10.22
Weighted Average Life Tables,143,Class B-1B,B-1B,,To Scheduled Maturity Date,no,25,1.00%,0.00%,9.73
Weighted Average Life Tables,143,Class B-1B,B-1B,,To Scheduled Maturity Date,no,35,1.00%,0.00%,6.13
Weighted Average Life Tables,143,Class B-1B,B-1B,,To Early Redemption Date,yes,0,1.00%,0.00%,4.71
Weighted Average Life Tables,143,Class B-1B,B-1B,,To Early Redemption Date,yes,5,1.00%,0.00%,4.98
Weighted Average Life Tables,143,Class B-1B,B-1B,,To Early Redemption Date,yes,10,1.00%,0.00%,5.02
Weighted Average Life Tables,143,Class B-1B,B-1B,,To Early Redemption Date,yes,15,1.00%,0.00%,5.02
Weighted Average Life Tables,143,Class B-1B,B-1B,,To Early Redemption Date,yes,25,1.00%,0.00%,5.02
Weighted Average Life Tables,143,Class B-1B,B-1B,,To Early Redemption Date,yes,35,1.00%,0.00%,5.02
Weighted Average Life Tables,143,Class B-1B,B-1B,,To Scheduled Maturity Date,no,0,1.50%,0.00%,3.12
Weighted Average Life Tables,143,Class B-1B,B-1B,,To Scheduled Maturity Date,no,5,1.50%,0.00%,3.41
Weighted Average Life Tables,143,Class B-1B,B-1B,,To Scheduled Maturity Date,no,10,1.50%,0.00%,3.81
Weighted Average Life Tables,143,Class B-1B,B-1B,,To Scheduled Maturity Date,no,15,1.50%,0.00%,4.42
Weighted Average Life Tables,143,Class B-1B,B-1B,,To Scheduled Maturity Date,no,25,1.50%,0.00%,10.08
Weighted Average Life Tables,143,Class B-1B,B-1B,,To Scheduled Maturity Date,no,35,1.50%,0.00%,7.87
Weighted Average Life Tables,143,Class B-1B,B-1B,,To Early Redemption Date,yes,0,1.50%,0.00%,3.12
Weighted Average Life Tables,143,Class B-1B,B-1B,,To Early Redemption Date,yes,5,1.50%,0.00%,3.41
Weighted Average Life Tables,143,Class B-1B,B-1B,,To Early Redemption Date,yes,10,1.50%,0.00%,3.81
Weighted Average Life Tables,143,Class B-1B,B-1B,,To Early Redemption Date,yes,15,1.50%,0.00%,4.40
Weighted Average Life Tables,143,Class B-1B,B-1B,,To Early Redemption Date,yes,25,1.50%,0.00%,5.02
Weighted Average Life Tables,143,Class B-1B,B-1B,,To Early Redemption Date,yes,35,1.50%,0.00%,5.02
Weighted Average Life Tables,143,Class B-1B,B-1B,,To Scheduled Maturity Date,no,0,2.50%,0.00%,1.84
Weighted Average Life Tables,143,Class B-1B,B-1B,,To Scheduled Maturity Date,no,5,2.50%,0.00%,1.93
Weighted Average Life Tables,143,Class B-1B,B-1B,,To Scheduled Maturity Date,no,10,2.50%,0.00%,2.05
Weighted Average Life Tables,143,Class B-1B,B-1B,,To Scheduled Maturity Date,no,15,2.50%,0.00%,2.19
Weighted Average Life Tables,143,Class B-1B,B-1B,,To Scheduled Maturity Date,no,25,2.50%,0.00%,2.64
Weighted Average Life Tables,143,Class B-1B,B-1B,,To Scheduled Maturity Date,no,35,2.50%,0.00%,3.86
Weighted Average Life Tables,143,Class B-1B,B-1B,,To Early Redemption Date,yes,0,2.50%,0.00%,1.84
Weighted Average Life Tables,143,Class B-1B,B-1B,,To Early Redemption Date,yes,5,2.50%,0.00%,1.93
Weighted Average Life Tables,143,Class B-1B,B-1B,,To Early Redemption Date,yes,10,2.50%,0.00%,2.05
Weighted Average Life Tables,143,Class B-1B,B-1B,,To Early Redemption Date,yes,15,2.50%,0.00%,2.19
Weighted Average Life Tables,143,Class B-1B,B-1B,,To Early Redemption Date,yes,25,2.50%,0.00%,2.64
Weighted Average Life Tables,143,Class B-1B,B-1B,,To Early Redemption Date,yes,35,2.50%,0.00%,3.81
Weighted Average Life Tables,143,Class B-1B,B-1B,,To Scheduled Maturity Date,no,0,3.00%,0.00%,1.52
Weighted Average Life Tables,143,Class B-1B,B-1B,,To Scheduled Maturity Date,no,5,3.00%,0.00%,1.59
Weighted Average Life Tables,143,Class B-1B,B-1B,,To Scheduled Maturity Date,no,10,3.00%,0.00%,1.66
Weighted Average Life Tables,143,Class B-1B,B-1B,,To Scheduled Maturity Date,no,15,3.00%,0.00%,1.75
Weighted Average Life Tables,143,Class B-1B,B-1B,,To Scheduled Maturity Date,no,25,3.00%,0.00%,2.01
Weighted Average Life Tables,143,Class B-1B,B-1B,,To Scheduled Maturity Date,no,35,3.00%,0.00%,2.51
Weighted Average Life Tables,143,Class B-1B,B-1B,,To Early Redemption Date,yes,0,3.00%,0.00%,1.52
Weighted Average Life Tables,143,Class B-1B,B-1B,,To Early Redemption Date,yes,5,3.00%,0.00%,1.59
Weighted Average Life Tables,143,Class B-1B,B-1B,,To Early Redemption Date,yes,10,3.00%,0.00%,1.66
Weighted Average Life Tables,143,Class B-1B,B-1B,,To Early Redemption Date,yes,15,3.00%,0.00%,1.75
Weighted Average Life Tables,143,Class B-1B,B-1B,,To Early Redemption Date,yes,25,3.00%,0.00%,2.01
Weighted Average Life Tables,143,Class B-1B,B-1B,,To Early Redemption Date,yes,35,3.00%,0.00%,2.51
Weighted Average Life Tables,143,Class B-1B,B-1B,,To Scheduled Maturity Date,no,0,5.00%,0.00%,0.89
Weighted Average Life Tables,143,Class B-1B,B-1B,,To Scheduled Maturity Date,no,5,5.00%,0.00%,0.91
Weighted Average Life Tables,143,Class B-1B,B-1B,,To Scheduled Maturity Date,no,10,5.00%,0.00%,0.94
Weighted Average Life Tables,143,Class B-1B,B-1B,,To Scheduled Maturity Date,no,15,5.00%,0.00%,0.96
Weighted Average Life Tables,143,Class B-1B,B-1B,,To Scheduled Maturity Date,no,25,5.00%,0.00%,1.03
Weighted Average Life Tables,143,Class B-1B,B-1B,,To Scheduled Maturity Date,no,35,5.00%,0.00%,1.12
Weighted Average Life Tables,143,Class B-1B,B-1B,,To Early Redemption Date,yes,0,5.00%,0.00%,0.89
Weighted Average Life Tables,143,Class B-1B,B-1B,,To Early Redemption Date,yes,5,5.00%,0.00%,0.91
Weighted Average Life Tables,143,Class B-1B,B-1B,,To Early Redemption Date,yes,10,5.00%,0.00%,0.94
Weighted Average Life Tables,143,Class B-1B,B-1B,,To Early Redemption Date,yes,15,5.00%,0.00%,0.96
Weighted Average Life Tables,143,Class B-1B,B-1B,,To Early Redemption Date,yes,25,5.00%,0.00%,1.03
Weighted Average Life Tables,143,Class B-1B,B-1B,,To Early Redemption Date,yes,35,5.00%,0.00%,1.12
Weighted Average Life Tables,143,Class B-1B,B-1B,,To Scheduled Maturity Date,no,0,0.00%,0.01%,20.02
Weighted Average Life Tables,143,Class B-1B,B-1B,,To Scheduled Maturity Date,no,5,0.00%,0.01%,14.52
Weighted Average Life Tables,143,Class B-1B,B-1B,,To Scheduled Maturity Date,no,10,0.00%,0.01%,8.44
Weighted Average Life Tables,143,Class B-1B,B-1B,,To Scheduled Maturity Date,no,15,0.00%,0.01%,5.73
Weighted Average Life Tables,143,Class B-1B,B-1B,,To Scheduled Maturity Date,no,25,0.00%,0.01%,3.33
Weighted Average Life Tables,143,Class B-1B,B-1B,,To Scheduled Maturity Date,no,35,0.00%,0.01%,2.27
Weighted Average Life Tables,143,Class B-1B,B-1B,,To Early Redemption Date,yes,0,0.00%,0.01%,5.02
Weighted Average Life Tables,143,Class B-1B,B-1B,,To Early Redemption Date,yes,5,0.00%,0.01%,5.02
Weighted Average Life Tables,143,Class B-1B,B-1B,,To Early Redemption Date,yes,10,0.00%,0.01%,5.02
Weighted Average Life Tables,143,Class B-1B,B-1B,,To Early Redemption Date,yes,15,0.00%,0.01%,5.02
Weighted Average Life Tables,143,Class B-1B,B-1B,,To Early Redemption Date,yes,25,0.00%,0.01%,3.33
Weighted Average Life Tables,143,Class B-1B,B-1B,,To Early Redemption Date,yes,35,0.00%,0.01%,2.27
Weighted Average Life Tables,143,Class B-1B,B-1B,,To Scheduled Maturity Date,no,0,0.50%,0.03%,9.21
Weighted Average Life Tables,143,Class B-1B,B-1B,,To Scheduled Maturity Date,no,5,0.50%,0.03%,13.38
Weighted Average Life Tables,143,Class B-1B,B-1B,,To Scheduled Maturity Date,no,10,0.50%,0.03%,18.79
Weighted Average Life Tables,143,Class B-1B,B-1B,,To Scheduled Maturity Date,no,15,0.50%,0.03%,9.90
Weighted Average Life Tables,143,Class B-1B,B-1B,,To Scheduled Maturity Date,no,25,0.50%,0.03%,5.03
Weighted Average Life Tables,143,Class B-1B,B-1B,,To Scheduled Maturity Date,no,35,0.50%,0.03%,3.20
Weighted Average Life Tables,143,Class B-1B,B-1B,,To Early Redemption Date,yes,0,0.50%,0.03%,5.02
Weighted Average Life Tables,143,Class B-1B,B-1B,,To Early Redemption Date,yes,5,0.50%,0.03%,5.02
Weighted Average Life Tables,143,Class B-1B,B-1B,,To Early Redemption Date,yes,10,0.50%,0.03%,5.02
Weighted Average Life Tables,143,Class B-1B,B-1B,,To Early Redemption Date,yes,15,0.50%,0.03%,5.02
Weighted Average Life Tables,143,Class B-1B,B-1B,,To Early Redemption Date,yes,25,0.50%,0.03%,4.88
Weighted Average Life Tables,143,Class B-1B,B-1B,,To Early Redemption Date,yes,35,0.50%,0.03%,3.20
Weighted Average Life Tables,143,Class B-1B,B-1B,,To Scheduled Maturity Date,no,0,1.00%,0.10%,3.67
Weighted Average Life Tables,143,Class B-1B,B-1B,,To Scheduled Maturity Date,no,5,1.00%,0.10%,4.12
Weighted Average Life Tables,143,Class B-1B,B-1B,,To Scheduled Maturity Date,no,10,1.00%,0.10%,4.82
Weighted Average Life Tables,143,Class B-1B,B-1B,,To Scheduled Maturity Date,no,15,1.00%,0.10%,6.27
Weighted Average Life Tables,143,Class B-1B,B-1B,,To Scheduled Maturity Date,no,25,1.00%,0.10%,10.56
Weighted Average Life Tables,143,Class B-1B,B-1B,,To Scheduled Maturity Date,no,35,1.00%,0.10%,6.33
Weighted Average Life Tables,143,Class B-1B,B-1B,,To Early Redemption Date,yes,0,1.00%,0.10%,3.67
Weighted Average Life Tables,143,Class B-1B,B-1B,,To Early Redemption Date,yes,5,1.00%,0.10%,4.12
Weighted Average Life Tables,143,Class B-1B,B-1B,,To Early Redemption Date,yes,10,1.00%,0.10%,4.70
Weighted Average Life Tables,143,Class B-1B,B-1B,,To Early Redemption Date,yes,15,1.00%,0.10%,5.01
Weighted Average Life Tables,143,Class B-1B,B-1B,,To Early Redemption Date,yes,25,1.00%,0.10%,5.02
Weighted Average Life Tables,143,Class B-1B,B-1B,,To Early Redemption Date,yes,35,1.00%,0.10%,5.02
